date,time,stationid,,,,,,,,,,,,,,,,,,,
2018/3/15,12:25:00,G1101,154,202,248,257,262,260,248,312,324,296,328,51,337,70,104,26,52,356,292
2018/3/15,12:25:00,G1102,180,195,241,247,282,258,243,306,325,290,324,323,23,45,334,8,58,7,339
2018/3/15,12:25:00,G1103,190,203,225,247,245,264,254,323,315,297,323,325,21,8,261,29,43,24,246
2018/3/15,12:25:00,G1104,176,213,208,238,230,260,253,318,309,300,323,335,114,262,235,29,42,4,289
2018/3/15,12:25:00,G1105,154,225,236,247,217,261,251,311,312,310,321,317,33,24,355,4,50,51,23
2018/3/15,12:25:00,G1106,168,187,230,224,217,260,251,313,311,317,323,329,310,28,112,25,46,32,36
2018/3/15,12:25:00,G1107,195,253,113,168,207,243,253,309,312,313,314,325,302,245,344,181,25,19,37
2018/3/15,12:25:00,G1108,190,265,107,148,174,252,253,309,309,306,315,322,332,1,327,124,22,38,39
2018/3/15,12:25:00,G1109,207,237,94,125,109,247,258,313,298,310,322,327,335,342,340,337,22,31,23
2018/3/15,12:25:00,G1110,200,244,89,112,141,235,253,311,292,304,322,319,305,322,326,350,244,115,32
2018/3/15,12:25:00,G1111,205,271,135,126,157,225,247,297,294,301,316,304,291,275,272,206,173,13,329
2018/3/15,12:25:00,G1112,186,286,162,135,165,230,249,299,307,305,315,309,296,259,281,216,180,12,338
2018/3/15,12:25:00,G1113,200,211,231,130,173,219,247,299,303,299,308,306,289,262,258,220,179,104,123
2018/4/14,19:30:00,G1101,140,188,155,167,152,45,90,34,350,336,333,347,14,348,341,338,37,332,312
2018/4/14,19:30:00,G1102,194,207,146,152,145,295,73,32,272,331,328,25,99,343,343,290,36,130,310
2018/4/14,19:30:00,G1103,158,185,161,158,157,149,67,29,239,344,346,354,38,341,346,128,9,32,322
2018/4/14,19:30:00,G1104,158,168,162,147,151,132,71,34,240,334,342,47,99,339,345,190,55,32,345
2018/4/14,19:30:00,G1105,168,176,169,203,183,102,90,27,34,322,345,2,353,344,339,285,19,44,126
2018/4/14,19:30:00,G1106,163,171,173,204,190,109,111,44,73,335,343,214,306,342,332,335,223,41,6
2018/4/14,19:30:00,G1107,165,171,179,185,163,128,133,80,73,339,337,345,139,328,335,322,327,138,340
2018/4/14,19:30:00,G1108,165,178,180,190,179,139,146,102,77,339,344,341,36,305,337,321,333,190,340
2018/4/14,19:30:00,G1109,166,184,182,190,185,143,163,127,120,339,343,30,54,76,337,304,324,354,327
2018/4/14,19:30:00,G1110,163,190,174,180,165,130,150,147,146,157,47,62,75,20,337,356,301,331,316
2018/4/14,19:30:00,G1111,175,194,177,186,152,144,148,150,153,42,118,95,86,52,23,45,299,318,306
2018/4/14,19:30:00,G1112,182,197,181,201,164,151,159,155,156,62,118,100,84,65,38,50,309,318,309
2018/4/14,19:30:00,G1113,198,211,190,225,160,175,157,151,158,130,11,105,95,80,24,299,314,314,303
2018/5/3,14:25:00,G1101,155,334,318,293,204,108,85,84,151,191,222,124,95,124,107,102,109,111,122
2018/5/3,14:25:00,G1102,142,15,328,291,190,135,76,74,133,191,195,127,92,103,91,102,101,113,114
2018/5/3,14:25:00,G1103,105,113,13,314,219,139,98,76,129,196,209,152,138,112,100,111,120,123,123
2018/5/3,14:25:00,G1104,85,92,317,315,237,135,101,74,130,186,195,150,140,106,96,125,111,123,118
2018/5/3,14:25:00,G1105,104,67,360,319,233,134,99,99,134,198,224,150,129,109,106,133,130,133,131
2018/5/3,14:25:00,G1106,97,63,325,316,192,141,95,103,139,206,219,150,138,106,107,141,138,135,133
2018/5/3,14:25:00,G1107,70,228,20,322,281,143,135,89,140,193,206,182,151,122,118,150,173,148,135
2018/5/3,14:25:00,G1108,66,343,14,318,239,73,126,96,141,196,213,185,152,121,119,154,170,147,140
2018/5/3,14:25:00,G1109,41,69,356,324,175,138,125,92,152,202,202,179,160,123,122,147,159,145,148
2018/5/3,14:25:00,G1110,49,58,353,318,109,148,130,78,158,200,177,174,145,121,128,158,174,142,146
2018/5/3,14:25:00,G1111,66,19,305,334,96,83,171,81,158,208,162,179,132,120,135,166,179,151,136
2018/5/3,14:25:00,G1112,75,48,320,327,246,100,154,83,159,214,174,187,137,128,140,162,171,157,141
2018/5/3,14:25:00,G1113,77,41,244,316,233,84,152,87,167,218,185,193,139,130,149,161,201,166,142
2018/5/7,20:25:00,G1101,194,200,148,176,213,282,340,100,344,57,334,338,355,10,312,321,77,203,96
2018/5/7,20:25:00,G1102,173,193,130,167,221,251,345,2,53,38,342,330,251,84,339,333,72,164,93
2018/5/7,20:25:00,G1103,160,182,164,173,212,218,352,72,177,48,232,261,20,254,1,341,81,275,27
2018/5/7,20:25:00,G1104,154,182,162,190,199,207,4,34,174,38,134,32,344,354,351,320,65,298,2
2018/5/7,20:25:00,G1105,171,183,179,173,185,227,333,351,360,32,37,39,323,140,325,315,70,305,337
2018/5/7,20:25:00,G1106,181,199,184,174,204,218,59,357,305,32,98,49,206,120,79,315,78,304,5
2018/5/7,20:25:00,G1107,187,201,198,184,205,235,322,346,352,29,35,18,30,359,348,317,37,311,341
2018/5/7,20:25:00,G1108,189,199,192,189,202,237,7,343,4,26,41,28,24,105,171,313,31,313,90
2018/5/7,20:25:00,G1109,195,194,204,199,226,243,155,339,61,23,43,29,19,198,360,314,34,323,18
2018/5/7,20:25:00,G1110,198,186,180,204,214,238,257,340,359,28,42,27,305,7,331,310,261,316,187
2018/5/7,20:25:00,G1111,202,189,196,198,227,224,231,337,186,27,45,41,20,217,331,315,167,313,310
2018/5/7,20:25:00,G1112,199,200,204,201,222,232,247,327,160,23,37,57,183,315,339,319,322,318,166
2018/5/7,20:25:00,G1113,209,207,209,210,214,238,251,357,348,32,20,75,20,45,342,323,135,330,21
2018/6/1,13:25:00,G1101,273,232,249,240,225,223,304,353,24,43,39,114,35,55,50,52,60,105,79
2018/6/1,13:25:00,G1102,245,261,240,241,234,230,276,16,33,41,32,196,36,51,47,42,67,66,73
2018/6/1,13:25:00,G1103,252,262,233,244,237,233,248,192,36,48,32,97,35,54,59,52,83,80,74
2018/6/1,13:25:00,G1104,248,252,228,237,237,232,245,202,34,39,31,30,32,47,51,45,79,66,90
2018/6/1,13:25:00,G1105,251,247,236,232,233,238,265,23,46,36,36,32,43,50,58,51,93,57,96
2018/6/1,13:25:00,G1106,248,247,234,228,230,241,266,15,37,35,34,31,39,43,61,57,76,37,84
2018/6/1,13:25:00,G1107,251,233,236,228,238,238,256,19,50,32,33,36,41,40,55,59,70,69,93
2018/6/1,13:25:00,G1108,248,233,243,227,240,235,280,25,48,41,35,38,44,47,55,59,74,71,90
2018/6/1,13:25:00,G1109,247,229,243,241,239,237,251,39,46,37,40,36,46,54,55,61,73,66,91
2018/6/1,13:25:00,G1110,240,239,240,238,225,240,235,143,41,33,40,22,39,54,50,56,61,61,83
2018/6/1,13:25:00,G1111,239,231,239,218,226,239,228,320,38,26,48,38,36,44,45,57,57,70,78
2018/6/1,13:25:00,G1112,238,241,244,219,219,244,230,334,40,9,66,48,45,50,48,56,67,70,75
2018/6/1,13:25:00,G1113,241,239,249,226,224,250,238,321,41,33,73,59,51,51,48,57,71,76,78
2018/6/12,9:30:00,G1101,108,145,160,134,143,142,152,241,226,201,244,253,228,240,230,147,157,219,126
2018/6/12,9:30:00,G1102,110,129,152,138,137,128,140,251,223,210,252,242,246,236,213,174,134,231,121
2018/6/12,9:30:00,G1103,113,122,157,142,134,142,138,241,224,224,255,242,249,250,208,232,155,245,186
2018/6/12,9:30:00,G1104,106,113,143,133,124,131,133,231,222,217,247,249,247,241,228,179,209,238,180
2018/6/12,9:30:00,G1105,107,110,141,136,125,125,133,227,222,217,236,246,244,232,230,239,228,243,188
2018/6/12,9:30:00,G1106,97,111,133,128,119,123,138,226,221,206,231,240,239,226,224,238,243,229,196
2018/6/12,9:30:00,G1107,97,116,128,128,119,127,145,220,222,196,229,238,238,233,222,223,241,218,172
2018/6/12,9:30:00,G1108,90,119,131,129,119,124,145,219,216,202,231,239,239,231,220,219,234,213,168
2018/6/12,9:30:00,G1109,103,118,129,130,118,131,150,220,211,198,217,226,227,222,219,209,216,197,175
2018/6/12,9:30:00,G1110,103,117,119,127,121,136,154,205,219,196,202,233,225,202,217,195,191,179,167
2018/6/12,9:30:00,G1111,115,121,122,119,128,144,155,204,208,187,180,218,211,180,202,190,171,181,149
2018/6/12,9:30:00,G1112,123,129,128,129,137,151,163,218,214,189,188,219,213,182,205,192,174,178,150
2018/6/12,9:30:00,G1113,131,140,138,134,145,157,178,224,204,171,183,215,203,181,212,187,164,180,146
2018/6/19,13:40:00,G1101,177,180,173,186,177,211,246,234,231,203,242,225,224,143,117,216,113,159,177
2018/6/19,13:40:00,G1102,173,174,157,170,190,201,230,247,204,238,236,233,213,194,151,221,115,165,182
2018/6/19,13:40:00,G1103,196,175,157,181,170,190,227,237,216,234,231,244,191,194,176,165,147,176,183
2018/6/19,13:40:00,G1104,178,173,159,164,167,137,248,230,210,235,224,247,204,193,157,160,139,206,178
2018/6/19,13:40:00,G1105,180,188,172,180,175,162,263,230,226,232,231,238,245,203,182,155,154,147,178
2018/6/19,13:40:00,G1106,181,184,178,182,174,174,259,226,228,225,232,239,237,206,188,137,182,167,177
2018/6/19,13:40:00,G1107,186,192,181,191,184,193,254,230,228,237,226,240,225,217,194,162,204,196,164
2018/6/19,13:40:00,G1108,189,195,185,193,183,193,249,230,225,237,223,241,227,218,201,160,207,196,159
2018/6/19,13:40:00,G1109,200,200,190,195,190,203,251,234,229,239,233,247,235,230,214,182,205,202,174
2018/6/19,13:40:00,G1110,194,193,179,192,188,195,233,230,226,233,235,240,235,224,207,212,197,199,173
2018/6/19,13:40:00,G1111,199,192,189,193,192,205,240,225,230,233,239,230,236,225,218,217,207,195,201
2018/6/19,13:40:00,G1112,207,197,194,198,200,209,244,230,236,246,245,234,236,230,221,226,214,199,200
2018/6/19,13:40:00,G1113,209,203,198,200,205,217,247,230,241,249,247,236,241,235,226,228,221,204,206
2018/6/20,16:20:00,G1101,213,208,190,205,206,179,209,250,223,221,225,216,213,195,194,168,168,156,187
2018/6/20,16:20:00,G1102,208,209,205,211,220,171,211,244,237,208,213,211,215,194,180,171,157,159,184
2018/6/20,16:20:00,G1103,202,211,230,213,189,210,211,263,248,217,213,217,221,204,186,168,161,157,173
2018/6/20,16:20:00,G1104,189,211,224,212,209,214,197,260,245,203,199,214,219,188,170,166,159,166,173
2018/6/20,16:20:00,G1105,181,203,218,211,210,238,219,254,238,216,202,213,220,202,181,165,161,167,167
2018/6/20,16:20:00,G1106,178,190,217,207,204,221,218,248,235,209,205,209,208,193,185,164,165,171,172
2018/6/20,16:20:00,G1107,187,193,218,207,200,220,219,242,236,198,204,208,203,197,185,173,176,173,174
2018/6/20,16:20:00,G1108,187,195,211,206,199,219,219,242,236,198,207,206,206,190,185,173,173,174,176
2018/6/20,16:20:00,G1109,182,187,208,202,198,216,226,240,240,204,211,202,208,195,192,189,193,192,184
2018/6/20,16:20:00,G1110,190,190,192,201,195,213,223,236,225,204,202,196,199,194,195,193,194,190,188
2018/6/20,16:20:00,G1111,166,171,180,189,203,203,218,232,230,193,202,209,203,190,192,196,206,195,192
2018/6/20,16:20:00,G1112,166,170,183,190,197,211,221,232,233,188,208,213,208,191,198,197,213,206,209
2018/6/20,16:20:00,G1113,169,171,187,194,206,209,227,238,229,200,213,219,212,200,202,199,213,213,213
2018/6/21,16:35:00,G1101,190,178,205,212,206,238,216,253,305,268,211,209,180,235,238,56,78,103,189
2018/6/21,16:35:00,G1102,198,173,205,219,208,207,202,290,304,266,218,202,185,214,244,51,78,105,162
2018/6/21,16:35:00,G1103,190,175,213,223,206,210,215,292,295,274,236,192,190,228,245,52,83,154,173
2018/6/21,16:35:00,G1104,188,175,194,223,202,218,209,289,285,266,241,174,184,224,241,253,81,191,188
2018/6/21,16:35:00,G1105,202,165,183,242,218,224,214,288,279,262,255,198,187,228,248,225,97,204,212
2018/6/21,16:35:00,G1106,204,169,154,223,212,215,225,288,275,263,247,216,188,221,247,229,130,205,218
2018/6/21,16:35:00,G1107,207,181,181,238,209,214,233,280,259,257,258,216,201,215,233,239,194,199,219
2018/6/21,16:35:00,G1108,205,181,184,232,211,213,233,282,258,254,258,213,204,213,234,239,195,201,223
2018/6/21,16:35:00,G1109,186,189,193,217,210,215,231,282,251,260,259,218,211,209,238,235,207,225,236
2018/6/21,16:35:00,G1110,191,185,186,226,203,213,236,278,244,251,247,209,211,209,230,223,202,225,230
2018/6/21,16:35:00,G1111,163,193,204,213,206,207,232,261,252,244,249,219,222,210,225,219,213,222,230
2018/6/21,16:35:00,G1112,186,199,201,220,206,212,233,265,253,247,252,226,225,215,230,224,221,230,236
2018/6/21,16:35:00,G1113,181,202,209,222,204,212,231,257,252,248,246,238,236,219,225,227,230,236,242
2018/6/22,11:40:00,G1101,233,213,202,215,202,212,192,224,232,183,233,196,192,204,211,174,153,165,142
2018/6/22,11:40:00,G1102,231,199,213,206,204,206,221,226,230,230,249,205,198,203,206,163,156,164,143
2018/6/22,11:40:00,G1103,201,215,232,199,200,221,236,224,241,226,233,218,209,215,202,202,163,179,137
2018/6/22,11:40:00,G1104,181,211,206,176,213,225,232,210,239,222,206,208,206,192,197,189,161,175,133
2018/6/22,11:40:00,G1105,187,215,202,182,220,209,219,230,240,214,197,235,204,191,213,215,167,173,148
2018/6/22,11:40:00,G1106,173,218,196,194,214,217,214,230,236,220,206,209,197,183,205,209,174,172,160
2018/6/22,11:40:00,G1107,225,210,196,200,227,219,222,226,231,220,220,202,196,190,212,185,189,174,172
2018/6/22,11:40:00,G1108,210,209,197,204,228,224,226,225,235,220,218,205,196,189,224,184,186,175,172
2018/6/22,11:40:00,G1109,212,208,200,206,227,218,225,226,226,217,212,204,194,192,217,191,191,175,179
2018/6/22,11:40:00,G1110,208,202,203,219,228,218,218,220,226,223,218,197,187,188,207,196,188,183,171
2018/6/22,11:40:00,G1111,200,199,202,213,221,208,219,212,230,222,211,199,188,179,195,199,183,188,197
2018/6/22,11:40:00,G1112,202,194,207,216,225,215,221,219,232,226,216,206,192,187,203,202,189,193,189
2018/6/22,11:40:00,G1113,203,197,215,219,228,215,221,226,237,225,217,210,192,196,203,199,192,207,206
2018/6/23,10:45:00,G1101,54,53,32,59,38,22,293,242,290,235,256,281,286,265,180,170,303,153,133
2018/6/23,10:45:00,G1102,51,74,33,53,29,339,294,239,287,257,254,277,279,282,169,159,231,142,109
2018/6/23,10:45:00,G1103,59,80,64,57,47,37,284,247,283,253,267,268,268,269,206,205,327,156,125
2018/6/23,10:45:00,G1104,74,69,65,62,50,39,265,248,278,252,253,261,266,263,208,201,248,195,139
2018/6/23,10:45:00,G1105,127,156,100,80,79,95,266,249,280,261,247,243,257,254,239,204,237,194,201
2018/6/23,10:45:00,G1106,142,154,95,89,102,91,228,248,271,266,247,249,251,256,249,214,269,212,218
2018/6/23,10:45:00,G1107,145,139,158,138,152,145,228,260,272,261,250,239,251,264,243,226,244,241,229
2018/6/23,10:45:00,G1108,151,144,154,130,155,152,223,260,270,260,251,235,250,261,246,225,254,239,227
2018/6/23,10:45:00,G1109,188,192,177,157,165,170,220,266,270,259,259,247,254,259,245,233,251,237,230
2018/6/23,10:45:00,G1110,181,190,182,156,169,197,202,261,264,260,258,237,247,250,236,235,247,248,231
2018/6/23,10:45:00,G1111,192,195,174,155,172,198,201,257,258,263,250,230,247,247,236,241,247,235,237
2018/6/23,10:45:00,G1112,195,204,200,186,185,201,206,265,264,266,257,234,253,253,241,247,253,241,242
2018/6/23,10:45:00,G1113,200,207,209,172,193,215,215,268,267,264,258,236,247,253,245,253,258,245,246
2018/6/25,10:20:00,G1101,123,135,121,124,114,144,149,239,170,176,162,172,211,207,168,156,197,178,181
2018/6/25,10:20:00,G1102,136,143,122,127,105,151,150,218,165,196,193,177,210,194,171,153,180,168,165
2018/6/25,10:20:00,G1103,126,128,127,127,113,155,164,213,170,192,194,186,220,202,164,158,171,163,171
2018/6/25,10:20:00,G1104,105,123,112,118,106,147,152,203,173,185,181,184,206,194,166,150,150,158,175
2018/6/25,10:20:00,G1105,109,117,107,124,108,151,148,193,170,171,157,204,195,177,163,168,200,161,167
2018/6/25,10:20:00,G1106,109,134,109,98,107,146,151,188,169,161,165,204,188,170,180,160,151,151,157
2018/6/25,10:20:00,G1107,121,125,118,104,112,149,147,188,168,141,168,182,174,170,151,155,149,148,161
2018/6/25,10:20:00,G1108,123,134,120,109,113,150,143,178,164,145,167,183,176,165,148,155,147,159,161
2018/6/25,10:20:00,G1109,126,137,120,110,132,148,140,144,157,146,159,168,172,165,151,155,155,150,160
2018/6/25,10:20:00,G1110,124,135,117,114,127,148,140,128,151,132,154,160,162,153,148,151,152,140,154
2018/6/25,10:20:00,G1111,123,134,123,129,136,142,138,137,147,133,145,143,149,142,148,141,140,134,149
2018/6/25,10:20:00,G1112,134,135,126,134,150,142,143,135,147,134,152,145,151,146,151,142,143,145,145
2018/6/25,10:20:00,G1113,137,144,134,133,150,147,141,127,135,140,156,147,157,153,149,147,148,140,144
2018/6/25,11:30:00,G1101,168,156,197,178,181,137,151,179,216,215,199,210,144,131,138,137,141,165,163
2018/6/25,11:30:00,G1102,171,153,180,168,165,132,144,188,211,209,189,207,147,104,139,152,173,156,168
2018/6/25,11:30:00,G1103,164,158,171,163,171,126,143,190,219,196,179,203,128,104,137,129,151,164,159
2018/6/25,11:30:00,G1104,166,150,150,158,175,122,133,201,197,190,177,199,150,96,114,123,148,154,156
2018/6/25,11:30:00,G1105,163,168,200,161,167,120,159,215,205,197,186,186,143,108,117,137,138,149,146
2018/6/25,11:30:00,G1106,180,160,151,151,157,114,143,204,203,190,186,175,145,108,132,129,142,144,144
2018/6/25,11:30:00,G1107,151,155,149,148,161,124,140,196,193,188,174,167,143,123,133,136,146,142,140
2018/6/25,11:30:00,G1108,148,155,147,159,161,126,143,197,190,189,184,174,143,122,135,140,148,140,140
2018/6/25,11:30:00,G1109,151,155,155,150,160,133,148,202,194,194,166,178,142,136,139,146,151,140,142
2018/6/25,11:30:00,G1110,148,151,152,140,154,134,153,197,185,173,166,165,140,140,138,151,148,132,136
2018/6/25,11:30:00,G1111,148,141,140,134,149,136,151,206,187,169,166,157,140,141,141,156,150,134,140
2018/6/25,11:30:00,G1112,151,142,143,145,145,140,160,204,187,172,172,159,144,149,153,157,155,137,148
2018/6/25,11:30:00,G1113,149,147,148,140,144,145,166,213,192,174,178,164,147,157,162,164,157,140,154
2018/6/25,17:05:00,G1101,147,143,125,123,109,138,130,188,180,187,246,299,133,319,323,258,52,247,81
2018/6/25,17:05:00,G1102,131,123,128,118,110,143,138,157,195,183,241,299,133,311,311,258,261,211,92
2018/6/25,17:05:00,G1103,125,125,142,119,119,145,141,155,190,190,236,271,163,300,265,238,183,194,138
2018/6/25,17:05:00,G1104,123,122,133,118,118,143,135,149,185,185,230,248,158,289,242,228,199,192,146
2018/6/25,17:05:00,G1105,123,134,129,120,121,131,137,149,186,191,232,210,162,249,185,192,181,196,194
2018/6/25,17:05:00,G1106,127,125,119,126,137,133,136,144,191,190,226,203,180,233,187,199,191,215,208
2018/6/25,17:05:00,G1107,125,135,127,130,147,126,128,140,186,191,214,184,173,218,188,193,203,212,207
2018/6/25,17:05:00,G1108,121,135,131,131,138,119,130,139,189,192,213,188,174,217,187,197,202,212,205
2018/6/25,17:05:00,G1109,131,135,132,130,131,129,134,138,185,186,204,195,195,209,167,182,199,204,195
2018/6/25,17:05:00,G1110,128,134,129,120,128,128,128,142,176,186,201,186,184,199,172,175,180,180,175
2018/6/25,17:05:00,G1111,122,136,128,119,128,119,131,144,175,177,198,171,170,192,172,173,162,169,154
2018/6/25,17:05:00,G1112,131,143,135,134,131,131,136,146,181,183,210,184,175,188,173,174,164,168,157
2018/6/25,17:05:00,G1113,149,149,142,135,140,140,138,151,181,182,206,199,181,188,162,175,169,168,163
2018/6/30,13:55:00,G1101,210,207,181,204,204,217,214,264,261,209,252,254,265,230,157,131,168,75,100
2018/6/30,13:55:00,G1102,196,195,190,201,211,214,205,262,251,247,269,242,261,201,158,113,168,77,86
2018/6/30,13:55:00,G1103,191,189,199,211,205,220,203,253,250,246,237,253,250,229,190,166,171,80,84
2018/6/30,13:55:00,G1104,180,183,196,198,197,204,212,255,247,238,230,261,254,228,187,190,168,76,97
2018/6/30,13:55:00,G1105,181,186,199,197,198,197,243,254,251,238,232,247,247,238,213,202,177,140,157
2018/6/30,13:55:00,G1106,175,184,189,194,208,205,213,251,247,239,228,247,247,235,209,198,185,138,160
2018/6/30,13:55:00,G1107,198,186,195,195,197,209,197,245,239,230,240,249,247,213,204,193,190,182,181
2018/6/30,13:55:00,G1108,181,186,193,194,198,210,198,245,238,230,241,248,247,213,201,193,197,181,180
2018/6/30,13:55:00,G1109,182,185,190,204,197,204,212,247,245,231,240,251,236,206,187,196,192,190,183
2018/6/30,13:55:00,G1110,170,182,179,195,188,202,208,237,232,222,230,247,220,192,177,202,184,175,181
2018/6/30,13:55:00,G1111,177,181,173,181,189,200,209,241,228,221,232,244,214,196,193,205,189,175,185
2018/6/30,13:55:00,G1112,187,186,180,185,191,207,214,245,230,228,233,248,219,207,202,213,196,184,196
2018/6/30,13:55:00,G1113,197,188,180,183,199,208,220,245,230,231,232,252,219,213,208,213,201,196,201
2018/7/1,14:15:00,G1101,214,212,152,219,205,186,196,229,254,257,270,283,290,317,170,143,98,104,100
2018/7/1,14:15:00,G1102,216,208,156,210,205,188,204,233,237,257,258,279,260,277,176,158,261,102,107
2018/7/1,14:15:00,G1103,203,209,178,203,197,183,218,239,268,255,254,267,263,251,216,226,260,91,108
2018/7/1,14:15:00,G1104,209,201,184,202,193,182,238,239,266,254,255,270,248,248,228,231,250,93,114
2018/7/1,14:15:00,G1105,196,209,209,207,202,186,227,248,258,259,272,254,252,267,246,252,242,92,136
2018/7/1,14:15:00,G1106,185,202,201,203,198,191,201,244,255,258,258,253,248,264,251,240,237,93,136
2018/7/1,14:15:00,G1107,162,200,200,189,197,194,215,250,249,256,247,249,250,264,251,246,254,98,132
2018/7/1,14:15:00,G1108,161,196,195,194,197,195,218,250,249,258,247,246,247,263,250,247,250,98,136
2018/7/1,14:15:00,G1109,175,196,196,199,198,202,224,249,251,258,247,256,248,264,247,246,247,110,193
2018/7/1,14:15:00,G1110,159,193,203,188,194,200,218,245,243,247,241,244,253,256,242,241,236,129,212
2018/7/1,14:15:00,G1111,183,192,185,187,191,191,213,234,241,247,239,253,253,252,247,247,230,233,219
2018/7/1,14:15:00,G1112,183,199,189,195,196,199,215,240,244,247,243,258,258,258,254,252,236,245,225
2018/7/1,14:15:00,G1113,204,195,195,200,198,202,219,242,245,241,247,258,261,262,258,250,236,247,225
2018/7/3,9:45:00,G1101,101,129,198,197,182,191,197,193,192,226,237,217,140,159,133,132,120,129,118
2018/7/3,9:45:00,G1102,92,209,207,184,196,199,196,193,190,232,246,243,157,158,126,124,124,136,110
2018/7/3,9:45:00,G1103,111,233,182,195,198,197,195,196,209,247,226,250,164,164,136,145,131,143,114
2018/7/3,9:45:00,G1104,100,289,168,195,197,190,190,202,221,242,228,227,173,155,136,135,139,135,110
2018/7/3,9:45:00,G1105,241,178,196,206,200,175,189,198,211,229,239,194,197,157,148,160,155,154,113
2018/7/3,9:45:00,G1106,219,204,196,202,208,168,195,196,219,234,241,207,222,156,151,192,163,141,129
2018/7/3,9:45:00,G1107,221,231,187,208,216,209,200,198,231,235,222,218,219,163,158,213,180,158,150
2018/7/3,9:45:00,G1108,221,216,190,205,217,209,200,200,230,238,223,218,217,160,159,218,189,165,150
2018/7/3,9:45:00,G1109,220,206,199,213,227,208,200,211,224,243,223,218,215,196,176,208,190,198,173
2018/7/3,9:45:00,G1110,219,214,196,197,227,204,194,210,224,233,218,217,201,194,179,215,218,200,200
2018/7/3,9:45:00,G1111,216,216,203,212,224,213,195,220,221,229,225,220,206,202,200,213,198,205,204
2018/7/3,9:45:00,G1112,222,218,212,216,226,215,204,225,226,228,230,228,211,206,208,215,214,218,210
2018/7/3,9:45:00,G1113,231,221,216,213,230,229,204,220,229,230,230,226,216,210,211,213,208,220,212
2018/7/5,12:35:00,G1101,161,182,NaN,NaN,NaN,NaN,214,244,252,198,225,204,239,241,206,230,206,191,270
2018/7/5,12:35:00,G1102,180,178,185,161,156,204,191,251,243,202,219,197,228,220,220,206,213,191,275
2018/7/5,12:35:00,G1103,184,193,218,162,170,190,209,236,237,220,229,185,209,230,220,211,211,213,271
2018/7/5,12:35:00,G1104,178,190,195,170,178,185,194,232,235,205,229,150,215,232,197,212,228,214,256
2018/7/5,12:35:00,G1105,182,193,216,192,186,199,191,239,232,212,234,213,224,237,213,233,221,226,256
2018/7/5,12:35:00,G1106,183,191,215,204,186,203,193,235,227,225,229,218,225,238,213,233,223,241,256
2018/7/5,12:35:00,G1107,185,188,215,190,181,208,197,239,225,225,224,216,217,240,214,231,223,238,259
2018/7/5,12:35:00,G1108,190,187,217,190,181,202,201,240,226,228,221,216,225,239,217,236,226,232,264
2018/7/5,12:35:00,G1109,197,199,NaN,NaN,NaN,NaN,206,245,226,228,218,228,228,241,228,234,225,239,263
2018/7/5,12:35:00,G1110,197,200,208,198,189,207,202,237,219,235,219,230,227,240,227,235,225,233,258
2018/7/5,12:35:00,G1111,197,209,196,206,214,214,207,234,219,228,218,222,231,240,230,236,230,226,257
2018/7/5,12:35:00,G1112,221,218,189,212,218,217,213,233,220,228,219,214,234,242,237,240,236,227,259
2018/7/5,12:35:00,G1113,218,224,194,214,232,215,215,225,224,232,220,217,239,247,241,241,236,224,256
2018/7/7,17:25:00,G1101,121,136,214,289,292,343,324,338,339,348,15,33,36,38,32,25,322,12,28
2018/7/7,17:25:00,G1102,98,116,137,281,286,286,298,344,344,344,347,40,38,36,45,36,218,16,41
2018/7/7,17:25:00,G1103,107,119,133,151,315,45,81,33,9,349,105,34,309,41,40,201,31,264,15
2018/7/7,17:25:00,G1104,98,100,129,191,354,36,270,346,321,340,283,176,258,38,35,255,30,240,233
2018/7/7,17:25:00,G1105,95,112,112,79,67,41,37,356,347,353,360,355,346,37,39,34,41,17,36
2018/7/7,17:25:00,G1106,99,106,103,90,70,36,43,341,339,321,98,112,96,34,31,29,43,56,40
2018/7/7,17:25:00,G1107,106,101,100,84,78,17,46,225,338,338,331,127,57,38,30,32,44,41,46
2018/7/7,17:25:00,G1108,108,106,109,84,78,22,43,171,341,340,346,148,159,35,33,33,46,40,47
2018/7/7,17:25:00,G1109,118,111,131,87,56,333,12,219,350,337,338,290,158,31,31,38,26,54,48
2018/7/7,17:25:00,G1110,127,98,140,81,45,340,53,340,315,332,339,349,206,185,29,41,24,45,42
2018/7/7,17:25:00,G1111,153,149,147,90,50,16,38,323,176,332,330,339,21,29,262,38,32,32,42
2018/7/7,17:25:00,G1112,177,177,177,84,296,263,351,351,159,341,339,345,21,32,25,38,46,38,41
2018/7/7,17:25:00,G1113,191,205,222,240,245,299,106,335,18,6,343,343,163,323,52,45,50,43,19
2018/7/8,10:15:00,G1101,123,117,135,146,143,167,161,142,152,130,144,213,115,111,127,139,235,169,159
2018/7/8,10:15:00,G1102,114,114,124,136,135,172,161,173,147,123,120,165,115,106,119,131,223,191,173
2018/7/8,10:15:00,G1103,103,116,116,145,135,176,154,149,153,130,135,156,119,105,100,127,233,201,143
2018/7/8,10:15:00,G1104,108,112,110,133,125,173,152,138,149,131,126,144,105,95,100,123,203,174,119
2018/7/8,10:15:00,G1105,109,112,115,126,127,145,157,143,147,128,128,144,102,93,100,123,192,179,148
2018/7/8,10:15:00,G1106,104,109,106,117,119,163,154,135,145,121,128,151,103,101,100,123,203,182,149
2018/7/8,10:15:00,G1107,125,112,106,123,120,134,152,146,146,128,140,141,109,119,112,143,174,152,144
2018/7/8,10:15:00,G1108,126,112,106,118,121,128,148,142,146,128,140,142,112,117,112,151,159,151,140
2018/7/8,10:15:00,G1109,127,111,106,123,119,132,148,140,140,127,145,151,113,130,123,144,150,145,141
2018/7/8,10:15:00,G1110,120,113,101,114,118,134,120,137,134,120,140,134,111,138,151,138,134,143,132
2018/7/8,10:15:00,G1111,119,108,96,113,118,128,145,134,132,113,135,144,131,137,135,124,142,134,146
2018/7/8,10:15:00,G1112,123,121,101,121,116,135,155,138,134,120,140,150,139,150,116,132,148,140,152
2018/7/8,10:15:00,G1113,125,122,104,125,115,114,146,136,135,122,144,149,147,152,144,141,150,141,154
2018/7/8,12:40:00,G1101,157,145,165,185,235,244,177,145,204,265,275,271,266,240,277,287,252,127,139
2018/7/8,12:40:00,G1102,162,165,154,197,224,246,183,138,194,250,270,264,232,249,301,281,238,5,145
2018/7/8,12:40:00,G1103,164,157,159,171,224,230,196,132,180,234,241,252,251,287,256,286,234,113,167
2018/7/8,12:40:00,G1104,152,151,151,164,215,219,183,131,167,229,231,237,256,286,271,270,226,121,168
2018/7/8,12:40:00,G1105,162,151,151,160,214,219,173,130,177,217,226,238,247,240,264,233,144,133,174
2018/7/8,12:40:00,G1106,154,147,157,166,208,216,183,128,192,207,212,223,236,226,259,241,156,135,183
2018/7/8,12:40:00,G1107,153,151,158,171,225,207,178,123,185,206,202,221,230,237,242,200,185,153,173
2018/7/8,12:40:00,G1108,153,151,157,172,223,204,181,123,182,204,196,220,228,237,220,187,182,149,164
2018/7/8,12:40:00,G1109,151,148,163,183,211,208,181,126,173,199,196,218,226,234,168,126,169,166,148
2018/7/8,12:40:00,G1110,157,145,157,169,208,211,156,109,161,166,197,202,190,211,173,161,155,138,139
2018/7/8,12:40:00,G1111,156,142,159,169,211,208,154,110,151,163,183,202,179,159,133,181,146,150,140
2018/7/8,12:40:00,G1112,154,146,168,175,210,200,157,118,161,172,181,201,180,166,138,155,150,152,134
2018/7/8,12:40:00,G1113,157,147,172,176,216,191,164,121,165,164,176,210,169,164,137,156,157,151,141
2018/7/13,0:50:00,G1101,80,51,70,76,52,74,74,95,91,62,81,81,72,62,83,96,89,72,86
2018/7/13,0:50:00,G1102,61,68,39,81,69,50,78,87,84,62,77,74,82,78,56,70,61,71,68
2018/7/13,0:50:00,G1103,64,74,58,65,68,68,73,96,89,64,74,77,86,81,63,74,64,69,74
2018/7/13,0:50:00,G1104,56,74,58,53,69,55,69,94,82,60,71,74,78,79,59,71,68,64,74
2018/7/13,0:50:00,G1105,44,65,78,70,60,69,63,93,80,65,72,85,80,74,57,67,72,67,71
2018/7/13,0:50:00,G1106,51,71,59,72,63,66,69,91,75,66,78,80,76,74,62,71,72,62,76
2018/7/13,0:50:00,G1107,67,64,65,72,57,70,84,91,60,71,78,82,79,75,57,67,71,72,73
2018/7/13,0:50:00,G1108,65,61,66,70,59,71,82,88,63,75,81,84,81,75,61,70,78,74,71
2018/7/13,0:50:00,G1109,71,69,68,80,70,84,88,97,74,74,85,84,85,81,74,73,76,78,76
2018/7/13,0:50:00,G1110,69,71,72,87,75,81,82,91,68,74,69,84,84,80,64,74,71,78,85
2018/7/13,0:50:00,G1111,83,84,77,94,88,89,91,90,67,71,88,84,84,85,75,84,78,78,79
2018/7/13,0:50:00,G1112,88,90,85,101,91,94,100,93,72,73,90,90,88,90,78,89,84,84,84
2018/7/13,0:50:00,G1113,116,95,91,91,87,106,99,101,81,76,95,99,95,101,92,95,97,89,93
2018/7/14,12:40:00,G1101,95,112,112,132,91,120,116,142,142,170,129,127,127,126,114,130,123,73,109
2018/7/14,12:40:00,G1102,83,117,94,128,99,111,125,133,142,149,143,123,136,125,109,133,109,88,105
2018/7/14,12:40:00,G1103,89,95,93,129,95,124,129,129,150,152,140,126,125,128,128,138,142,99,107
2018/7/14,12:40:00,G1104,88,95,83,122,92,118,117,125,142,119,139,120,109,128,117,115,145,96,102
2018/7/14,12:40:00,G1105,85,76,90,110,93,104,114,113,140,119,136,121,131,121,121,104,113,102,106
2018/7/14,12:40:00,G1106,85,69,89,104,103,108,115,111,138,121,140,121,128,121,117,105,112,104,106
2018/7/14,12:40:00,G1107,81,69,87,96,104,99,122,106,122,145,135,124,120,120,111,104,106,108,107
2018/7/14,12:40:00,G1108,89,75,84,103,99,103,114,102,125,143,143,127,125,124,112,99,113,109,104
2018/7/14,12:40:00,G1109,94,93,93,100,96,105,118,90,125,142,126,127,118,119,111,108,102,107,110
2018/7/14,12:40:00,G1110,91,86,93,91,76,101,111,81,105,114,119,127,106,108,103,97,99,91,100
2018/7/14,12:40:00,G1111,81,96,115,93,79,107,111,79,96,109,114,112,106,106,98,91,94,92,94
2018/7/14,12:40:00,G1112,83,107,127,94,88,106,109,92,104,112,117,116,112,112,101,96,97,97,99
2018/7/14,12:40:00,G1113,91,107,125,88,89,107,119,101,104,114,122,114,109,111,101,101,99,98,100
2018/7/14,21:25:00,G1101,74,84,75,79,93,78,111,125,93,86,100,106,85,93,77,97,93,79,64
2018/7/14,21:25:00,G1102,75,76,79,86,82,83,99,125,100,92,111,108,107,87,88,109,76,70,69
2018/7/14,21:25:00,G1103,67,79,75,89,82,98,100,127,99,94,110,106,92,89,82,100,98,72,62
2018/7/14,21:25:00,G1104,69,76,65,82,82,94,100,118,97,88,109,95,81,83,81,93,93,72,57
2018/7/14,21:25:00,G1105,69,81,69,74,83,90,105,115,93,91,90,97,76,88,87,88,90,62,61
2018/7/14,21:25:00,G1106,65,77,73,78,82,92,104,110,74,95,80,100,78,93,83,83,91,66,72
2018/7/14,21:25:00,G1107,81,90,67,84,87,92,106,102,77,98,103,95,74,97,95,91,80,76,80
2018/7/14,21:25:00,G1108,80,92,69,86,85,90,111,109,88,105,107,98,79,96,99,98,83,80,85
2018/7/14,21:25:00,G1109,87,85,78,105,96,90,100,97,97,97,105,93,73,92,89,94,90,73,74
2018/7/14,21:25:00,G1110,86,84,82,87,90,91,88,100,97,91,97,93,72,96,84,91,84,76,63
2018/7/14,21:25:00,G1111,85,83,84,85,84,88,85,102,93,86,95,86,83,95,94,94,85,77,66
2018/7/14,21:25:00,G1112,85,88,87,87,86,92,95,108,101,93,101,92,82,98,95,100,89,76,84
2018/7/14,21:25:00,G1113,88,91,94,90,96,100,95,110,102,100,104,96,77,98,101,105,94,88,81
2018/7/15,13:35:00,G1101,90,91,69,99,76,67,75,73,91,117,107,87,102,98,101,121,118,81,117
2018/7/15,13:35:00,G1102,77,86,73,90,89,69,74,71,92,94,94,89,99,96,94,125,109,59,101
2018/7/15,13:35:00,G1103,54,85,84,79,94,78,76,76,91,98,102,93,101,91,104,121,103,78,97
2018/7/15,13:35:00,G1104,55,84,76,80,82,76,73,72,86,95,87,90,88,90,98,109,98,73,96
2018/7/15,13:35:00,G1105,73,80,82,61,75,84,78,77,83,96,78,87,101,90,95,84,99,79,91
2018/7/15,13:35:00,G1106,74,77,86,66,71,86,76,78,95,91,84,80,104,101,96,89,100,86,89
2018/7/15,13:35:00,G1107,84,80,82,79,73,76,74,87,96,88,82,83,87,93,89,87,95,84,81
2018/7/15,13:35:00,G1108,90,81,79,86,76,78,76,83,97,89,82,84,90,93,88,88,90,81,86
2018/7/15,13:35:00,G1109,104,75,76,81,67,72,78,92,96,90,83,85,83,85,88,83,89,78,82
2018/7/15,13:35:00,G1110,107,74,68,63,74,71,81,91,91,86,88,90,85,86,83,87,78,80,79
2018/7/15,13:35:00,G1111,100,80,59,92,66,67,77,95,88,84,86,87,89,84,85,94,78,83,70
2018/7/15,13:35:00,G1112,88,74,66,97,67,73,78,97,91,85,93,95,82,90,88,95,84,86,76
2018/7/15,13:35:00,G1113,71,66,70,94,61,73,87,101,92,90,101,96,88,95,91,98,83,90,71
2018/7/17,18:35:00,G1101,20,343,340,62,3,35,47,34,36,39,174,183,207,291,284,309,137,196,275
2018/7/17,18:35:00,G1102,24,323,41,8,69,35,53,38,34,38,181,196,185,280,168,78,137,193,275
2018/7/17,18:35:00,G1103,40,214,29,292,50,29,52,38,40,32,156,157,140,291,60,78,157,170,328
2018/7/17,18:35:00,G1104,32,215,145,352,159,22,42,37,44,34,142,135,157,326,348,76,174,137,330
2018/7/17,18:35:00,G1105,44,10,8,308,177,35,42,40,46,46,148,105,336,3,27,29,219,350,352
2018/7/17,18:35:00,G1106,42,78,21,27,68,17,39,40,45,41,206,83,24,244,106,3,319,281,127
2018/7/17,18:35:00,G1107,33,21,30,43,31,29,38,37,38,42,292,38,209,348,340,109,49,34,36
2018/7/17,18:35:00,G1108,39,12,29,351,32,29,38,38,39,44,353,35,163,6,206,238,39,37,39
2018/7/17,18:35:00,G1109,34,29,28,20,30,33,35,45,39,44,313,30,42,191,159,31,31,34,34
2018/7/17,18:35:00,G1110,34,26,31,179,34,28,31,36,30,41,5,31,16,306,168,21,37,33,18
2018/7/17,18:35:00,G1111,31,18,26,33,20,36,26,35,28,38,27,15,73,105,19,24,20,24,14
2018/7/17,18:35:00,G1112,37,23,39,47,271,40,28,38,32,41,262,49,181,86,27,29,31,28,41
2018/7/17,18:35:00,G1113,30,26,39,5,19,42,26,36,32,41,54,17,29,19,26,23,25,20,25
2018/7/17,22:55:00,G1101,112,114,105,114,98,121,124,140,114,123,125,113,112,94,116,104,118,133,94
2018/7/17,22:55:00,G1102,133,119,99,95,100,106,116,133,115,121,131,106,98,99,116,104,92,128,87
2018/7/17,22:55:00,G1103,131,114,122,95,108,102,109,125,113,123,130,97,117,100,99,122,103,133,88
2018/7/17,22:55:00,G1104,105,121,114,90,97,103,116,125,107,114,127,99,113,100,102,127,98,118,83
2018/7/17,22:55:00,G1105,104,107,94,88,87,90,105,121,100,113,122,110,103,91,129,87,104,107,79
2018/7/17,22:55:00,G1106,106,105,96,87,91,93,109,116,98,110,102,118,98,84,95,112,103,106,81
2018/7/17,22:55:00,G1107,103,95,104,92,88,79,101,110,97,116,95,105,97,83,93,97,87,106,78
2018/7/17,22:55:00,G1108,106,97,104,90,89,81,102,112,97,118,93,107,96,85,95,102,88,102,72
2018/7/17,22:55:00,G1109,106,96,102,85,90,87,98,106,97,115,106,106,95,85,93,99,88,106,85
2018/7/17,22:55:00,G1110,99,94,100,86,80,95,98,101,100,97,99,101,88,88,87,88,84,95,84
2018/7/17,22:55:00,G1111,95,90,91,81,92,91,95,101,95,94,95,100,93,86,87,79,84,81,83
2018/7/17,22:55:00,G1112,100,90,95,83,95,91,101,106,101,97,103,102,93,90,91,83,91,69,88
2018/7/17,22:55:00,G1113,101,90,95,88,90,94,105,106,101,100,106,105,95,93,98,95,94,78,92
2018/8/3,11:50:00,G1101,175,220,237,235,207,209,223,203,190,213,204,191,198,160,230,206,204,122,136
2018/8/3,11:50:00,G1102,194,248,216,237,230,236,231,195,190,220,199,185,194,178,192,202,205,129,149
2018/8/3,11:50:00,G1103,242,210,230,233,231,248,236,231,201,202,190,191,164,166,215,240,214,133,182
2018/8/3,11:50:00,G1104,247,206,225,223,228,244,240,225,187,198,188,192,161,157,194,236,227,237,192
2018/8/3,11:50:00,G1105,240,228,224,205,227,233,230,218,192,198,187,195,166,173,207,216,218,178,189
2018/8/3,11:50:00,G1106,237,259,214,209,231,231,232,213,202,196,188,196,168,183,205,214,200,197,198
2018/8/3,11:50:00,G1107,244,203,229,228,228,227,232,220,207,203,215,200,180,179,194,219,208,200,199
2018/8/3,11:50:00,G1108,233,221,223,219,225,219,224,209,212,189,206,207,171,190,198,219,208,198,199
2018/8/3,11:50:00,G1109,233,219,224,225,226,218,231,209,213,197,224,212,188,185,208,223,213,202,198
2018/8/3,11:50:00,G1110,243,226,230,213,226,228,222,218,219,205,216,215,192,180,202,219,218,202,202
2018/8/3,11:50:00,G1111,217,180,222,231,230,215,214,207,201,217,224,209,194,180,210,216,210,201,213
2018/8/3,11:50:00,G1112,223,197,225,230,231,219,224,223,199,225,230,215,202,185,216,219,213,214,219
2018/8/3,11:50:00,G1113,232,225,230,226,234,224,230,234,214,220,235,213,204,183,226,230,219,219,224
2018/8/3,16:05:00,G1101,169,166,166,144,143,167,318,349,315,322,321,63,172,172,117,137,126,111,90
2018/8/3,16:05:00,G1102,183,158,183,138,147,148,298,319,11,322,337,48,188,171,137,116,131,110,92
2018/8/3,16:05:00,G1103,178,192,181,164,172,218,323,351,26,328,352,51,160,149,138,140,118,93,119
2018/8/3,16:05:00,G1104,175,194,185,157,168,216,319,344,235,323,354,50,160,147,134,128,116,91,114
2018/8/3,16:05:00,G1105,181,189,196,149,184,199,320,231,306,315,322,49,186,151,128,111,123,91,109
2018/8/3,16:05:00,G1106,185,196,217,227,199,184,323,358,302,311,57,46,180,151,113,115,110,106,97
2018/8/3,16:05:00,G1107,188,200,226,226,165,204,285,332,320,309,306,94,153,140,182,135,143,140,123
2018/8/3,16:05:00,G1108,193,198,206,179,195,203,344,334,320,293,360,58,105,150,163,118,109,128,118
2018/8/3,16:05:00,G1109,200,197,205,186,203,208,343,322,316,289,312,57,135,193,119,254,111,123,128
2018/8/3,16:05:00,G1110,196,180,202,209,191,192,241,335,307,294,311,109,11,154,222,247,264,123,221
2018/8/3,16:05:00,G1111,233,204,222,204,193,213,19,318,316,305,224,52,150,188,315,242,174,219,289
2018/8/3,16:05:00,G1112,229,213,228,213,210,219,14,325,194,295,121,45,85,171,294,254,244,228,244
2018/8/3,16:05:00,G1113,242,211,218,218,231,232,154,312,264,309,161,79,122,163,296,243,251,213,324
2018/8/6,14:20:00,G1101,328,343,66,349,35,347,344,137,198,195,215,227,227,256,265,228,117,136,148
2018/8/6,14:20:00,G1102,316,67,340,350,131,332,40,152,169,192,166,222,242,251,269,262,113,128,152
2018/8/6,14:20:00,G1103,353,355,58,84,325,350,21,143,187,212,198,260,239,259,254,248,169,192,175
2018/8/6,14:20:00,G1104,74,313,237,29,78,359,92,136,186,211,203,247,243,256,253,249,207,212,192
2018/8/6,14:20:00,G1105,305,7,65,292,117,343,25,143,186,208,202,226,236,248,262,251,224,236,213
2018/8/6,14:20:00,G1106,70,24,66,28,240,19,20,135,186,211,203,228,241,243,241,260,242,237,219
2018/8/6,14:20:00,G1107,313,149,26,289,334,81,142,50,158,200,211,239,232,252,275,298,266,245,205
2018/8/6,14:20:00,G1108,216,357,32,27,286,128,28,134,169,218,213,236,243,254,294,103,219,253,208
2018/8/6,14:20:00,G1109,150,18,172,2,186,238,35,139,126,208,210,247,235,259,322,130,216,285,217
2018/8/6,14:20:00,G1110,28,149,158,31,32,7,35,65,134,158,208,235,220,260,237,74,75,232,208
2018/8/6,14:20:00,G1111,32,21,18,17,333,1,50,101,105,172,202,235,243,244,196,98,145,181,206
2018/8/6,14:20:00,G1112,30,39,41,29,320,30,360,84,100,198,212,256,284,246,75,78,141,185,213
2018/8/6,14:20:00,G1113,29,21,344,42,259,30,360,125,107,208,205,266,202,228,78,100,157,173,211
2018/8/7,12:40:00,G1101,310,346,346,262,41,5,106,209,206,212,224,74,53,71,74,234,149,245,272
2018/8/7,12:40:00,G1102,305,331,43,344,360,133,62,204,191,197,217,67,61,54,58,230,121,239,278
2018/8/7,12:40:00,G1103,322,342,19,6,8,261,84,220,208,211,228,71,55,61,66,129,148,226,314
2018/8/7,12:40:00,G1104,318,356,50,353,171,314,79,218,202,209,229,83,55,62,60,66,150,196,356
2018/8/7,12:40:00,G1105,341,355,1,355,12,258,43,225,211,213,233,81,52,67,62,59,109,145,98
2018/8/7,12:40:00,G1106,356,142,355,341,54,293,53,236,204,211,233,82,53,61,71,54,107,184,139
2018/8/7,12:40:00,G1107,295,327,10,189,173,183,32,139,194,202,227,283,36,71,52,62,21,120,71
2018/8/7,12:40:00,G1108,331,351,334,330,7,48,46,285,196,197,261,74,61,65,64,51,42,171,125
2018/8/7,12:40:00,G1109,6,42,1,339,310,46,46,294,201,193,246,88,62,63,67,56,61,157,126
2018/8/7,12:40:00,G1110,266,102,342,10,229,19,27,97,208,190,240,330,48,61,55,62,58,74,100
2018/8/7,12:40:00,G1111,332,219,353,4,339,41,49,167,209,222,221,77,53,57,67,54,65,82,119
2018/8/7,12:40:00,G1112,18,215,12,343,335,29,52,192,231,225,225,77,57,60,72,56,62,105,103
2018/8/7,12:40:00,G1113,28,25,3,339,338,22,48,10,249,236,249,71,70,64,76,57,71,88,113
2018/8/10,2:40:00,G1101,61,49,60,52,70,69,111,116,139,127,120,123,109,58,72,107,107,123,109
2018/8/10,2:40:00,G1102,59,50,50,58,67,64,118,116,127,111,113,106,84,69,72,106,103,129,121
2018/8/10,2:40:00,G1103,68,51,63,74,78,67,126,114,124,114,100,75,62,56,70,106,99,112,104
2018/8/10,2:40:00,G1104,70,47,62,66,49,64,114,113,111,95,89,71,61,54,69,101,108,114,104
2018/8/10,2:40:00,G1105,61,50,56,69,54,67,108,126,108,84,81,67,59,63,74,100,109,109,92
2018/8/10,2:40:00,G1106,63,62,57,67,55,65,105,120,104,84,81,61,69,60,64,102,108,111,105
2018/8/10,2:40:00,G1107,81,49,66,52,52,70,91,124,114,78,81,75,68,67,69,100,96,98,98
2018/8/10,2:40:00,G1108,65,68,59,66,63,80,101,116,101,87,74,65,55,59,67,83,99,110,94
2018/8/10,2:40:00,G1109,65,66,64,66,68,98,102,114,95,82,69,67,66,63,70,93,97,103,85
2018/8/10,2:40:00,G1110,47,60,55,58,61,76,95,110,107,72,70,70,80,82,63,97,107,103,93
2018/8/10,2:40:00,G1111,50,59,57,60,71,80,90,103,90,72,71,74,78,71,64,90,99,89,82
2018/8/10,2:40:00,G1112,68,67,61,69,79,83,90,97,89,71,83,82,84,77,65,95,105,90,90
2018/8/10,2:40:00,G1113,62,71,70,67,81,90,92,98,89,78,84,90,85,82,66,95,102,92,95
2018/8/10,17:10:00,G1101,109,112,98,140,135,133,112,135,118,109,126,81,73,101,71,337,303,286,319
2018/8/10,17:10:00,G1102,96,108,116,129,125,133,110,122,114,108,111,80,78,101,123,55,309,299,36
2018/8/10,17:10:00,G1103,100,106,85,131,131,121,121,130,113,96,102,73,89,93,95,316,337,303,354
2018/8/10,17:10:00,G1104,90,102,89,124,131,122,111,126,110,89,89,69,90,87,58,19,36,331,48
2018/8/10,17:10:00,G1105,88,105,85,100,130,117,104,116,114,97,94,71,91,87,84,85,83,75,84
2018/8/10,17:10:00,G1106,88,100,81,99,116,110,107,116,112,97,96,81,92,88,79,88,87,77,79
2018/8/10,17:10:00,G1107,97,85,98,126,104,112,116,120,119,84,104,83,95,95,88,95,83,80,86
2018/8/10,17:10:00,G1108,87,88,101,97,103,112,117,119,111,90,96,97,100,90,86,102,79,81,109
2018/8/10,17:10:00,G1109,88,91,106,89,105,107,112,119,106,83,98,103,102,96,91,122,100,104,108
2018/8/10,17:10:00,G1110,79,101,105,111,111,101,105,114,112,85,106,95,101,100,93,99,91,97,99
2018/8/10,17:10:00,G1111,88,93,108,92,94,104,115,107,98,97,104,103,98,101,90,94,94,90,101
2018/8/10,17:10:00,G1112,102,107,117,82,100,112,121,112,103,98,107,110,106,105,95,106,104,105,106
2018/8/10,17:10:00,G1113,102,108,116,81,106,112,124,115,112,106,109,112,112,112,104,109,105,109,112
2018/8/14,16:35:00,G1101,119,125,85,137,111,117,118,115,131,132,132,117,91,78,92,70,47,49,67
2018/8/14,16:35:00,G1102,95,109,81,56,116,97,112,119,126,123,101,109,88,86,85,73,59,85,69
2018/8/14,16:35:00,G1103,74,123,91,71,130,127,110,108,128,113,104,99,93,89,86,69,74,89,74
2018/8/14,16:35:00,G1104,44,115,94,80,124,118,104,98,122,107,98,95,88,87,86,67,74,81,77
2018/8/14,16:35:00,G1105,131,111,85,74,133,108,106,97,123,95,90,94,79,88,79,63,74,77,86
2018/8/14,16:35:00,G1106,126,117,83,89,140,112,109,95,120,96,90,95,86,84,74,69,75,72,74
2018/8/14,16:35:00,G1107,93,72,51,84,104,112,89,90,86,101,90,93,91,78,78,58,57,71,79
2018/8/14,16:35:00,G1108,108,75,79,77,123,109,107,90,118,93,89,95,84,72,75,68,77,69,82
2018/8/14,16:35:00,G1109,97,83,46,81,97,79,109,91,114,85,90,95,80,76,74,72,89,67,88
2018/8/14,16:35:00,G1110,68,70,58,68,54,59,103,84,72,87,90,86,90,70,64,75,81,82,73
2018/8/14,16:35:00,G1111,78,73,57,79,95,51,100,77,104,83,90,90,84,74,67,71,85,97,89
2018/8/14,16:35:00,G1112,81,74,59,91,88,50,98,79,106,84,94,90,84,83,75,72,86,98,88
2018/8/14,16:35:00,G1113,87,65,68,80,77,103,101,84,112,90,91,94,88,86,82,82,100,86,79
2018/8/19,17:15:00,G1101,202,241,218,209,215,222,277,278,298,256,260,272,250,228,209,171,209,205,213
2018/8/19,17:15:00,G1102,194,224,225,210,212,236,240,274,289,262,250,273,264,229,217,189,229,209,220
2018/8/19,17:15:00,G1103,207,206,222,230,238,238,264,286,287,268,275,264,280,250,237,219,232,225,236
2018/8/19,17:15:00,G1104,216,209,223,227,225,233,268,285,283,266,268,266,267,249,235,215,232,222,239
2018/8/19,17:15:00,G1105,214,214,226,229,220,224,271,276,284,259,266,276,259,247,248,220,240,240,247
2018/8/19,17:15:00,G1106,207,228,227,230,214,223,271,275,284,258,273,273,264,261,257,220,232,239,249
2018/8/19,17:15:00,G1107,219,219,216,230,219,228,236,275,290,276,270,285,282,284,258,263,239,237,252
2018/8/19,17:15:00,G1108,213,230,225,227,215,225,272,284,278,272,270,273,278,285,270,257,243,247,253
2018/8/19,17:15:00,G1109,220,230,227,220,221,227,271,282,277,281,280,283,286,291,285,274,253,255,263
2018/8/19,17:15:00,G1110,219,229,224,225,210,228,262,283,277,283,279,285,289,300,283,281,273,247,258
2018/8/19,17:15:00,G1111,229,225,215,219,218,228,266,282,276,277,275,282,286,305,277,291,266,253,269
2018/8/19,17:15:00,G1112,236,234,221,227,225,232,269,286,284,279,284,286,294,311,288,291,269,258,272
2018/8/19,17:15:00,G1113,235,233,221,227,225,240,275,284,287,283,278,285,298,306,293,288,267,263,264
2018/8/20,19:00:00,G1101,260,281,270,269,276,279,298,303,287,257,282,206,242,219,172,125,280,170,206
2018/8/20,19:00:00,G1102,253,265,264,264,276,286,303,286,290,279,268,201,224,216,193,161,255,192,195
2018/8/20,19:00:00,G1103,253,263,273,262,254,286,318,297,285,262,259,208,213,230,175,213,285,190,197
2018/8/20,19:00:00,G1104,248,262,266,259,249,281,319,304,280,259,252,214,223,227,162,181,243,203,190
2018/8/20,19:00:00,G1105,230,256,261,253,241,273,314,298,282,258,258,235,223,226,199,173,211,196,192
2018/8/20,19:00:00,G1106,236,257,249,252,240,271,315,298,284,256,258,241,227,227,218,171,196,207,202
2018/8/20,19:00:00,G1107,232,241,237,251,227,274,288,302,297,273,270,246,239,223,227,190,201,203,213
2018/8/20,19:00:00,G1108,236,233,233,243,240,271,325,293,278,267,264,247,231,231,220,175,200,200,208
2018/8/20,19:00:00,G1109,216,222,233,248,233,269,318,305,287,271,270,246,237,234,225,199,205,213,217
2018/8/20,19:00:00,G1110,212,213,228,247,236,265,306,306,295,265,273,252,236,237,224,206,204,200,219
2018/8/20,19:00:00,G1111,209,202,227,232,236,260,286,318,306,283,278,249,238,245,230,217,213,211,230
2018/8/20,19:00:00,G1112,212,211,232,242,241,271,299,334,305,305,279,257,245,254,241,230,224,240,239
2018/8/20,19:00:00,G1113,213,208,226,239,241,266,308,340,299,303,269,261,255,255,240,225,231,247,241
2018/9/7,14:00:00,G1101,194,168,270,187,159,179,188,127,132,119,128,128,123,116,119,150,112,105,91
2018/9/7,14:00:00,G1102,136,196,228,164,193,202,171,118,125,107,100,117,131,109,112,130,128,95,75
2018/9/7,14:00:00,G1103,166,203,200,176,182,208,188,114,113,116,99,102,127,135,107,127,133,97,76
2018/9/7,14:00:00,G1104,180,177,210,176,194,204,186,116,107,112,93,103,127,124,106,125,111,93,78
2018/9/7,14:00:00,G1105,215,190,205,196,231,204,194,124,117,116,112,99,145,136,122,129,124,100,84
2018/9/7,14:00:00,G1106,217,185,260,173,216,194,198,125,110,115,111,107,148,135,120,128,127,109,103
2018/9/7,14:00:00,G1107,193,196,229,188,205,194,198,130,123,126,127,127,165,164,150,150,164,134,124
2018/9/7,14:00:00,G1108,216,227,253,186,206,206,186,136,125,129,136,124,164,163,166,168,164,137,125
2018/9/7,14:00:00,G1109,212,220,253,195,215,221,196,144,139,136,151,154,167,179,173,185,179,154,148
2018/9/7,14:00:00,G1110,210,211,216,185,182,203,161,147,149,138,149,164,180,188,185,185,175,171,152
2018/9/7,14:00:00,G1111,215,219,235,190,196,211,174,197,167,150,162,178,186,193,188,191,184,173,151
2018/9/7,14:00:00,G1112,214,222,221,196,183,223,173,207,178,150,162,183,194,200,196,198,190,183,157
2018/9/7,14:00:00,G1113,216,219,225,200,169,208,174,211,186,176,175,189,195,200,199,205,197,184,164
2018/9/14,17:35:00,G1101,347,360,348,348,336,343,308,284,212,217,217,223,220,216,222,212,242,206,208
2018/9/14,17:35:00,G1102,328,289,328,5,7,347,340,303,211,210,214,218,213,213,214,231,231,226,207
2018/9/14,17:35:00,G1103,202,332,274,254,337,331,281,45,215,219,221,226,225,219,219,230,241,230,211
2018/9/14,17:35:00,G1104,158,313,204,174,320,219,184,117,219,217,221,225,220,220,219,230,239,227,218
2018/9/14,17:35:00,G1105,28,35,30,14,341,22,311,351,237,231,225,225,225,225,225,230,239,229,223
2018/9/14,17:35:00,G1106,34,69,32,81,165,108,260,61,308,231,228,225,221,223,222,229,237,228,219
2018/9/14,17:35:00,G1107,24,359,33,166,98,242,17,8,33,236,238,235,220,221,219,230,238,227,219
2018/9/14,17:35:00,G1108,34,223,28,178,205,178,216,62,39,235,239,238,225,223,217,229,239,230,218
2018/9/14,17:35:00,G1109,31,171,43,188,199,159,276,26,53,217,231,249,233,211,212,216,214,224,221
2018/9/14,17:35:00,G1110,26,287,132,24,310,204,301,60,33,58,213,271,259,139,156,196,318,112,180
2018/9/14,17:35:00,G1111,9,20,3,21,44,360,19,196,47,35,113,41,325,98,86,37,38,48,123
2018/9/14,17:35:00,G1112,28,8,204,29,100,58,22,206,49,16,99,36,325,99,40,46,48,42,131
2018/9/14,17:35:00,G1113,26,22,21,31,19,35,28,52,40,41,25,28,54,100,26,22,55,56,58
2018/9/16,3:20:00,G1101,343,13,20,31,16,345,349,233,206,340,343,3,62,9,8,340,7,3,352
2018/9/16,3:20:00,G1102,346,18,331,153,50,7,276,314,12,310,98,351,322,41,304,353,341,253,353
2018/9/16,3:20:00,G1103,24,117,102,282,319,343,228,3,104,118,13,65,308,270,344,265,255,266,280
2018/9/16,3:20:00,G1104,353,102,142,313,88,24,58,358,141,228,233,256,73,6,183,335,246,243,55
2018/9/16,3:20:00,G1105,15,14,259,33,18,31,15,127,87,343,53,27,302,9,1,22,13,347,349
2018/9/16,3:20:00,G1106,21,355,95,24,30,299,27,25,349,321,34,4,30,356,32,140,158,299,27
2018/9/16,3:20:00,G1107,10,118,35,24,41,15,20,13,343,224,21,20,24,4,211,127,274,5,5
2018/9/16,3:20:00,G1108,19,217,30,308,14,55,268,57,31,27,30,2,38,301,203,169,171,179,281
2018/9/16,3:20:00,G1109,17,58,6,338,29,30,57,200,24,9,27,87,5,267,128,201,211,27,86
2018/9/16,3:20:00,G1110,351,16,2,212,16,21,100,270,13,345,18,88,358,3,314,180,276,77,293
2018/9/16,3:20:00,G1111,17,27,16,17,23,24,205,19,17,35,15,23,26,349,13,335,347,31,11
2018/9/16,3:20:00,G1112,18,360,15,24,26,31,269,34,21,164,71,87,321,301,81,165,42,116,41
2018/9/16,3:20:00,G1113,22,26,32,27,24,27,20,22,23,20,19,22,60,27,21,20,22,356,24
2018/9/16,5:50:00,G1101,37,354,41,44,16,349,336,21,360,19,25,14,336,8,14,355,353,25,30
2018/9/16,5:50:00,G1102,10,34,27,31,41,6,33,348,5,39,298,14,93,318,36,330,96,198,165
2018/9/16,5:50:00,G1103,62,29,37,45,33,48,37,18,182,40,36,24,93,38,20,71,57,93,194
2018/9/16,5:50:00,G1104,135,26,36,34,31,348,38,41,353,34,28,33,197,34,353,146,16,3,70
2018/9/16,5:50:00,G1105,22,12,14,26,24,24,39,28,76,31,29,14,26,29,18,46,25,328,12
2018/9/16,5:50:00,G1106,22,25,22,36,8,22,44,18,44,31,21,29,24,32,25,16,24,337,21
2018/9/16,5:50:00,G1107,18,29,32,26,335,21,39,295,30,33,33,18,5,38,21,41,26,19,27
2018/9/16,5:50:00,G1108,29,28,33,26,341,31,33,27,16,40,33,29,43,29,33,15,29,28,25
2018/9/16,5:50:00,G1109,32,30,32,29,27,31,29,321,26,40,23,26,43,27,34,18,23,27,27
2018/9/16,5:50:00,G1110,31,35,34,33,360,29,28,24,35,28,350,48,37,24,26,34,6,31,28
2018/9/16,5:50:00,G1111,23,31,26,37,31,23,24,20,31,41,2,16,37,23,23,27,20,24,29
2018/9/16,5:50:00,G1112,24,35,22,34,43,30,27,27,37,31,26,23,41,33,30,35,28,34,23
2018/9/16,5:50:00,G1113,31,31,28,37,15,32,29,23,36,342,29,23,46,31,36,28,24,36,27
2019/2/18,11:45:00,G1101,118,118,131,91,317,326,317,6,335,37,342,336,334,28,335,334,26,28,47
2019/2/18,11:45:00,G1102,113,102,126,105,309,335,325,23,340,11,18,334,37,303,332,350,285,339,36
2019/2/18,11:45:00,G1103,121,102,122,89,315,320,237,339,337,86,343,351,316,43,3,358,40,52,41
2019/2/18,11:45:00,G1104,124,99,117,83,314,320,278,1,333,360,339,351,150,14,328,343,29,234,34
2019/2/18,11:45:00,G1105,116,97,107,81,282,319,5,322,328,264,330,354,6,38,322,339,3,34,18
2019/2/18,11:45:00,G1106,111,94,111,85,285,304,146,328,337,338,338,254,31,1,329,351,33,23,14
2019/2/18,11:45:00,G1107,106,101,112,86,305,314,321,314,333,331,341,335,326,109,339,338,31,29,24
2019/2/18,11:45:00,G1108,108,106,111,88,307,323,8,316,331,333,332,337,331,54,334,344,10,7,32
2019/2/18,11:45:00,G1109,110,104,111,104,354,304,265,317,330,327,330,339,12,304,335,338,40,191,157
2019/2/18,11:45:00,G1110,122,109,116,110,290,336,28,316,323,327,328,342,337,157,330,334,202,41,96
2019/2/18,11:45:00,G1111,118,110,117,108,260,343,335,314,330,326,325,334,334,295,331,333,331,334,19
2019/2/18,11:45:00,G1112,127,123,123,113,249,8,349,319,342,323,324,340,339,353,336,334,327,338,200
2019/2/18,11:45:00,G1113,130,126,131,126,268,27,152,322,344,320,322,334,335,345,337,331,323,338,337
2019/3/3,6:35:00,G1101,311,318,33,45,107,312,295,342,337,345,331,328,344,336,341,355,337,1,36
2019/3/3,6:35:00,G1102,290,121,47,65,109,106,292,337,338,348,337,346,337,17,334,329,334,228,8
2019/3/3,6:35:00,G1103,219,116,67,89,112,127,151,350,340,343,339,346,352,5,346,339,35,340,255
2019/3/3,6:35:00,G1104,129,106,73,90,106,106,131,348,336,339,339,17,344,246,341,346,343,167,316
2019/3/3,6:35:00,G1105,134,112,93,93,116,118,128,58,333,346,321,325,345,4,327,331,353,356,13
2019/3/3,6:35:00,G1106,135,121,102,97,123,122,137,65,334,336,329,337,309,57,339,334,339,313,356
2019/3/3,6:35:00,G1107,174,153,119,115,133,141,158,81,339,331,328,330,341,21,336,341,344,222,18
2019/3/3,6:35:00,G1108,174,161,125,129,136,151,161,101,358,334,328,345,339,344,338,338,291,326,22
2019/3/3,6:35:00,G1109,171,158,139,155,155,171,197,129,349,337,331,348,355,197,353,322,179,209,253
2019/3/3,6:35:00,G1110,174,170,159,180,183,183,188,196,341,334,327,334,337,342,342,341,173,175,185
2019/3/3,6:35:00,G1111,187,176,173,185,190,190,202,210,26,330,323,333,332,352,333,332,332,128,299
2019/3/3,6:35:00,G1112,195,190,185,190,196,200,204,218,226,336,330,340,347,321,348,341,341,100,148
2019/3/3,6:35:00,G1113,196,199,198,190,191,202,213,220,9,333,332,335,343,347,347,346,340,355,355
2019/4/11,21:15:00,G1101,63,54,65,69,62,61,259,267,89,105,79,87,325,347,357,41,35,44,47
2019/4/11,21:15:00,G1102,61,56,64,65,55,54,248,271,89,215,70,93,330,351,342,19,45,57,53
2019/4/11,21:15:00,G1103,58,63,73,70,55,63,251,270,84,58,83,85,330,346,157,358,53,63,58
2019/4/11,21:15:00,G1104,57,60,69,64,50,62,242,258,74,347,82,100,319,341,282,41,51,65,55
2019/4/11,21:15:00,G1105,56,56,60,64,61,62,245,260,80,79,83,132,325,358,354,8,54,59,64
2019/4/11,21:15:00,G1106,59,56,59,62,64,65,229,259,86,82,84,123,325,8,129,27,50,55,64
2019/4/11,21:15:00,G1107,57,64,64,65,73,82,201,264,196,85,86,154,327,32,245,26,47,51,56
2019/4/11,21:15:00,G1108,56,67,63,69,79,81,199,263,196,83,84,150,327,277,203,25,47,55,60
2019/4/11,21:15:00,G1109,63,61,75,84,84,96,205,258,202,89,72,159,318,255,163,35,50,60,60
2019/4/11,21:15:00,G1110,57,72,86,89,100,99,218,259,213,123,83,151,327,131,114,37,48,54,60
2019/4/11,21:15:00,G1111,60,84,89,100,95,109,207,256,197,100,152,162,311,142,24,36,46,50,56
2019/4/11,21:15:00,G1112,68,88,101,103,113,114,214,259,202,114,163,170,314,358,11,38,49,56,60
2019/4/11,21:15:00,G1113,87,86,118,111,122,125,214,260,205,174,166,223,310,342,23,37,55,61,61
2019/4/19,12:00:00,G1101,213,197,233,227,229,350,338,29,34,11,22,37,11,339,14,21,351,24,38
2019/4/19,12:00:00,G1102,210,220,192,217,263,353,326,41,39,39,287,307,244,215,275,22,126,268,37
2019/4/19,12:00:00,G1103,213,208,200,212,207,334,84,233,346,30,191,226,322,301,111,273,233,348,45
2019/4/19,12:00:00,G1104,204,201,188,211,203,328,58,43,326,38,201,46,22,254,337,29,245,36,39
2019/4/19,12:00:00,G1105,215,196,201,202,191,157,26,68,40,21,35,20,26,356,17,24,11,26,1
2019/4/19,12:00:00,G1106,208,186,197,198,190,207,345,5,27,24,31,24,25,21,25,27,5,18,26
2019/4/19,12:00:00,G1107,182,173,199,183,179,152,339,328,26,70,33,21,26,27,23,24,241,33,36
2019/4/19,12:00:00,G1108,190,183,206,188,179,155,336,186,75,334,36,93,29,175,28,27,141,39,32
2019/4/19,12:00:00,G1109,195,196,199,194,189,171,326,313,33,26,38,20,28,238,27,24,24,23,26
2019/4/19,12:00:00,G1110,167,189,189,202,189,190,346,157,30,29,26,343,8,62,15,26,266,309,23
2019/4/19,12:00:00,G1111,178,183,194,180,201,178,68,348,19,23,16,18,14,17,15,22,16,17,17
2019/4/19,12:00:00,G1112,183,186,194,174,207,183,89,194,25,24,22,23,59,12,17,27,43,24,31
2019/4/19,12:00:00,G1113,196,190,198,177,195,201,219,31,26,26,20,20,17,22,22,27,18,22,23
2019/4/20,13:10:00,G1101,121,150,190,168,105,24,345,359,343,310,332,311,312,346,323,310,300,311,302
2019/4/20,13:10:00,G1102,138,141,176,159,96,17,354,39,343,314,333,311,302,348,330,323,306,310,294
2019/4/20,13:10:00,G1103,142,152,143,131,105,40,7,12,340,322,329,307,310,349,348,330,315,314,316
2019/4/20,13:10:00,G1104,128,138,159,114,84,45,336,130,337,323,324,307,307,1,336,328,312,310,312
2019/4/20,13:10:00,G1105,123,133,131,126,93,57,344,317,335,319,319,310,345,356,356,321,315,320,325
2019/4/20,13:10:00,G1106,124,121,128,119,102,75,331,332,328,323,317,313,342,334,337,328,320,323,327
2019/4/20,13:10:00,G1107,126,124,126,130,119,103,335,339,323,315,316,319,335,333,331,323,325,329,325
2019/4/20,13:10:00,G1108,129,130,127,135,130,102,338,345,321,314,316,320,337,340,330,322,326,332,334
2019/4/20,13:10:00,G1109,135,139,136,141,144,131,329,344,327,315,315,320,334,336,331,326,330,337,339
2019/4/20,13:10:00,G1110,149,151,145,155,165,165,339,337,329,309,309,318,329,335,328,323,330,339,333
2019/4/20,13:10:00,G1111,146,157,148,157,174,175,327,3,323,303,310,315,326,331,330,325,331,336,334
2019/4/20,13:10:00,G1112,152,165,162,171,179,188,346,336,327,311,315,320,330,334,334,332,336,344,341
2019/4/20,13:10:00,G1113,170,173,167,180,183,190,339,346,327,315,315,320,334,336,340,337,340,344,342
2019/4/27,1:40:00,G1101,38,46,51,66,70,48,348,283,50,355,23,17,355,41,30,24,35,43,37
2019/4/27,1:40:00,G1102,124,46,47,68,71,34,17,312,67,25,28,42,33,357,16,302,35,31,44
2019/4/27,1:40:00,G1103,261,45,49,67,70,40,103,355,356,32,45,297,44,299,23,2,45,43,62
2019/4/27,1:40:00,G1104,124,60,49,67,71,34,95,73,263,10,26,319,44,36,30,35,39,36,57
2019/4/27,1:40:00,G1105,36,59,44,65,52,45,335,68,4,1,12,6,31,45,38,39,34,39,66
2019/4/27,1:40:00,G1106,22,53,66,67,52,48,345,11,22,25,21,25,40,43,27,29,33,42,72
2019/4/27,1:40:00,G1107,42,56,56,56,48,41,139,354,29,22,25,30,41,50,42,41,43,53,44
2019/4/27,1:40:00,G1108,49,56,58,57,44,50,346,33,29,130,28,31,44,42,45,53,46,54,50
2019/4/27,1:40:00,G1109,52,55,60,56,50,50,7,24,142,32,33,36,51,44,51,44,50,56,44
2019/4/27,1:40:00,G1110,54,56,52,56,50,45,22,22,25,55,29,38,45,46,35,44,50,55,41
2019/4/27,1:40:00,G1111,62,50,51,56,50,41,23,26,19,29,23,38,43,46,50,44,54,56,42
2019/4/27,1:40:00,G1112,63,56,60,61,57,48,25,30,15,39,29,43,46,50,52,50,59,61,50
2019/4/27,1:40:00,G1113,63,55,60,64,61,51,27,30,325,57,37,45,50,52,60,56,56,61,60
2019/4/27,15:35:00,G1101,127,118,160,166,183,271,248,282,295,303,292,265,310,32,119,101,92,110,92
2019/4/27,15:35:00,G1102,114,123,146,132,200,256,272,294,302,301,302,265,303,22,111,103,84,111,96
2019/4/27,15:35:00,G1103,117,125,142,121,154,212,266,303,305,294,297,278,304,297,124,112,88,101,97
2019/4/27,15:35:00,G1104,114,117,137,122,142,211,267,298,308,286,290,273,302,318,123,106,84,96,93
2019/4/27,15:35:00,G1105,113,116,121,134,138,216,273,296,308,304,271,271,286,307,121,106,87,98,92
2019/4/27,15:35:00,G1106,112,114,114,130,122,206,271,296,311,306,267,264,289,309,109,102,84,98,88
2019/4/27,15:35:00,G1107,106,98,116,120,100,159,279,296,298,308,260,276,285,306,122,98,79,91,89
2019/4/27,15:35:00,G1108,110,95,106,118,112,152,272,294,302,310,250,276,286,305,118,103,79,95,90
2019/4/27,15:35:00,G1109,106,108,116,124,126,138,280,293,298,287,274,270,285,300,94,99,70,97,91
2019/4/27,15:35:00,G1110,105,100,100,119,130,115,272,286,295,282,254,263,275,292,253,337,84,99,85
2019/4/27,15:35:00,G1111,96,93,108,104,114,104,270,286,293,282,267,260,270,273,280,180,118,118,93
2019/4/27,15:35:00,G1112,95,94,113,107,115,127,275,292,302,283,275,263,268,277,275,219,140,135,101
2019/4/27,15:35:00,G1113,99,87,112,110,111,121,275,286,299,282,276,255,264,271,230,240,221,135,95
2019/4/30,11:00:00,G1101,205,189,198,215,188,204,264,261,276,278,247,126,107,249,148,206,227,218,217
2019/4/30,11:00:00,G1102,197,201,192,204,195,209,255,274,280,292,255,149,117,300,154,220,229,223,248
2019/4/30,11:00:00,G1103,200,206,209,197,198,207,259,251,287,290,261,203,13,214,162,217,253,255,246
2019/4/30,11:00:00,G1104,199,205,207,199,199,193,255,255,284,285,256,243,277,254,194,253,256,258,248
2019/4/30,11:00:00,G1105,211,207,200,188,197,199,256,268,274,278,260,263,257,259,219,262,268,252,252
2019/4/30,11:00:00,G1106,202,198,183,191,204,192,255,264,280,277,257,254,269,264,231,257,266,254,243
2019/4/30,11:00:00,G1107,192,198,168,199,209,205,262,272,279,276,265,259,270,259,236,258,247,244,264
2019/4/30,11:00:00,G1108,189,197,169,197,210,207,260,259,290,277,258,263,270,267,237,257,257,256,263
2019/4/30,11:00:00,G1109,196,203,176,198,213,215,262,271,279,279,270,268,268,268,237,251,253,259,247
2019/4/30,11:00:00,G1110,216,202,185,196,212,203,258,264,278,270,256,260,255,267,260,249,242,251,252
2019/4/30,11:00:00,G1111,214,203,177,190,214,204,258,265,270,273,258,254,259,256,257,247,243,248,256
2019/4/30,11:00:00,G1112,215,202,181,204,215,211,261,271,275,278,265,264,264,259,258,253,247,257,258
2019/4/30,11:00:00,G1113,212,203,187,206,219,214,258,275,275,275,264,265,264,260,258,253,252,260,258
2019/5/20,11:55:00,G1101,228,209,254,128,232,163,37,26,349,348,10,19,340,31,40,21,21,348,335
2019/5/20,11:55:00,G1102,238,215,273,129,221,209,29,50,337,97,39,31,33,310,74,36,6,25,353
2019/5/20,11:55:00,G1103,247,231,225,145,247,252,40,345,341,355,35,54,346,167,227,37,349,265,308
2019/5/20,11:55:00,G1104,249,213,246,195,236,204,50,343,341,100,33,36,188,226,214,20,210,52,134
2019/5/20,11:55:00,G1105,249,255,233,211,236,236,333,348,344,339,22,34,29,31,336,357,17,103,14
2019/5/20,11:55:00,G1106,241,268,254,239,242,206,228,335,346,351,28,32,39,34,331,36,42,29,142
2019/5/20,11:55:00,G1107,215,257,225,242,254,167,346,339,334,38,320,26,308,107,199,29,20,27,31
2019/5/20,11:55:00,G1108,218,257,229,245,250,182,317,339,331,192,208,31,292,263,199,344,224,8,32
2019/5/20,11:55:00,G1109,221,254,242,250,249,168,16,339,336,340,331,76,118,205,204,78,164,50,17
2019/5/20,11:55:00,G1110,239,245,244,264,241,153,359,336,331,337,13,296,165,169,180,197,254,94,18
2019/5/20,11:55:00,G1111,233,241,249,264,260,223,133,337,330,329,332,356,336,100,322,5,353,337,34
2019/5/20,11:55:00,G1112,254,249,271,263,259,227,251,336,336,345,341,306,341,328,338,341,4,353,201
2019/5/20,11:55:00,G1113,263,245,267,276,290,251,251,342,329,339,339,346,344,339,331,341,351,348,6
2019/5/20,20:45:00,G1101,124,111,110,118,108,353,11,32,42,41,27,327,30,56,85,314,35,57,65
2019/5/20,20:45:00,G1102,123,98,106,118,98,239,45,40,48,55,53,338,37,63,79,313,38,43,49
2019/5/20,20:45:00,G1103,128,113,106,106,96,39,71,35,50,72,57,297,36,56,77,314,61,47,91
2019/5/20,20:45:00,G1104,125,113,106,107,103,46,31,43,48,64,48,318,37,50,67,308,59,60,165
2019/5/20,20:45:00,G1105,136,126,119,118,112,60,44,35,41,53,57,288,35,49,57,314,41,43,27
2019/5/20,20:45:00,G1106,140,136,129,124,123,62,50,28,45,56,56,6,37,45,57,352,52,40,30
2019/5/20,20:45:00,G1107,150,139,135,140,129,56,56,30,41,51,44,354,40,45,48,348,46,38,32
2019/5/20,20:45:00,G1108,149,140,129,135,135,56,56,29,42,53,50,44,35,44,41,81,50,38,38
2019/5/20,20:45:00,G1109,146,137,127,135,133,61,65,40,37,49,61,49,41,40,33,13,50,43,45
2019/5/20,20:45:00,G1110,131,124,122,129,123,78,62,34,34,46,65,41,37,28,32,28,41,40,48
2019/5/20,20:45:00,G1111,123,123,118,118,101,78,67,33,35,40,61,42,35,23,32,30,52,39,50
2019/5/20,20:45:00,G1112,129,123,118,120,103,82,73,40,27,50,59,48,38,27,30,41,46,50,56
2019/5/20,20:45:00,G1113,129,129,118,121,106,84,78,38,40,45,61,49,33,29,39,32,50,50,56
2019/5/25,14:55:00,G1101,101,134,135,118,110,113,120,99,91,80,83,83,100,118,99,100,107,114,145
2019/5/25,14:55:00,G1102,106,121,104,118,111,104,121,96,80,72,84,94,92,108,97,108,97,115,144
2019/5/25,14:55:00,G1103,131,110,105,111,106,109,128,98,88,84,84,99,111,111,131,117,108,104,129
2019/5/25,14:55:00,G1104,132,114,100,120,104,106,132,95,85,81,84,92,109,102,131,115,109,109,119
2019/5/25,14:55:00,G1105,128,144,113,133,98,102,139,106,83,86,100,106,107,118,116,106,102,99,120
2019/5/25,14:55:00,G1106,124,153,112,129,116,102,135,109,84,92,100,110,105,104,110,97,102,105,122
2019/5/25,14:55:00,G1107,130,121,125,130,101,113,127,119,110,90,123,102,112,104,106,103,101,109,106
2019/5/25,14:55:00,G1108,131,127,139,139,112,117,136,98,108,97,105,106,106,107,112,103,106,111,109
2019/5/25,14:55:00,G1109,130,139,120,143,110,118,135,128,111,93,109,107,110,111,114,113,111,114,112
2019/5/25,14:55:00,G1110,127,149,118,129,105,103,127,120,99,108,102,108,112,112,118,110,112,120,112
2019/5/25,14:55:00,G1111,135,135,120,139,102,112,124,121,95,117,102,107,109,118,118,114,110,122,112
2019/5/25,14:55:00,G1112,138,143,128,133,107,118,122,123,103,119,109,111,118,123,123,123,118,128,118
2019/5/25,14:55:00,G1113,150,154,137,131,108,117,129,126,108,128,115,112,120,133,131,133,124,129,123
2019/6/2,14:30:00,G1101,142,178,184,156,188,192,155,194,183,183,231,195,210,165,188,180,147,174,180
2019/6/2,14:30:00,G1102,178,181,172,162,184,181,169,174,177,184,233,239,205,190,163,194,162,189,183
2019/6/2,14:30:00,G1103,171,191,196,183,194,175,194,181,184,173,242,210,223,183,186,200,167,185,190
2019/6/2,14:30:00,G1104,176,190,207,179,202,171,192,179,178,174,226,185,225,191,187,195,174,186,192
2019/6/2,14:30:00,G1105,195,195,194,190,183,187,190,186,179,188,234,178,210,195,194,196,190,196,188
2019/6/2,14:30:00,G1106,197,192,197,192,171,181,196,182,190,191,228,182,188,196,195,192,194,200,194
2019/6/2,14:30:00,G1107,202,192,195,190,169,189,195,195,195,209,230,189,204,200,209,202,194,198,194
2019/6/2,14:30:00,G1108,195,195,195,192,163,186,194,195,193,211,228,198,195,197,209,204,194,196,193
2019/6/2,14:30:00,G1109,200,200,196,188,188,189,198,186,194,217,232,207,202,208,210,212,204,210,199
2019/6/2,14:30:00,G1110,202,197,196,193,188,193,199,195,192,214,232,206,202,212,210,206,202,213,202
2019/6/2,14:30:00,G1111,203,195,196,192,188,197,196,189,191,208,234,208,208,213,217,205,203,219,207
2019/6/2,14:30:00,G1112,202,201,205,210,196,204,201,198,197,210,241,213,218,221,220,211,213,219,213
2019/6/2,14:30:00,G1113,206,202,208,208,198,206,209,209,196,220,238,214,219,227,222,214,219,225,221
2019/6/3,5:20:00,G1101,175,168,168,124,106,123,181,167,164,180,185,149,195,194,179,194,166,167,174
2019/6/3,5:20:00,G1102,174,159,157,129,151,132,181,176,185,185,199,141,188,205,183,212,185,169,163
2019/6/3,5:20:00,G1103,191,169,163,142,191,156,175,168,176,193,188,168,194,219,201,196,185,169,189
2019/6/3,5:20:00,G1104,183,180,171,151,173,171,171,166,176,198,185,155,190,193,204,190,182,183,171
2019/6/3,5:20:00,G1105,186,187,192,174,183,176,169,176,182,181,197,220,225,202,202,203,174,181,170
2019/6/3,5:20:00,G1106,189,190,195,188,186,179,182,188,172,201,203,214,214,202,208,199,176,188,159
2019/6/3,5:20:00,G1107,203,201,199,197,194,189,187,179,183,197,208,210,203,218,192,178,185,188,180
2019/6/3,5:20:00,G1108,204,202,196,193,195,188,191,185,182,192,208,204,205,230,198,185,185,186,184
2019/6/3,5:20:00,G1109,213,212,208,200,198,198,187,167,189,199,209,214,214,232,209,197,177,202,185
2019/6/3,5:20:00,G1110,218,207,205,201,194,193,190,167,188,186,212,209,205,209,199,196,183,193,178
2019/6/3,5:20:00,G1111,214,213,217,208,196,193,182,171,189,202,214,211,204,199,191,189,188,184,185
2019/6/3,5:20:00,G1112,220,216,224,213,202,202,190,181,196,208,217,211,221,197,204,197,195,194,198
2019/6/3,5:20:00,G1113,225,219,221,217,210,208,196,188,201,211,219,209,224,202,209,204,201,201,202
2019/6/10,17:25:00,G1101,207,169,175,175,198,173,263,292,275,310,329,323,19,358,351,58,34,39,72
2019/6/10,17:25:00,G1102,183,172,185,189,201,197,260,287,245,307,333,323,45,98,339,59,39,42,53
2019/6/10,17:25:00,G1103,207,200,168,164,186,218,260,291,263,313,303,323,351,288,344,53,33,44,51
2019/6/10,17:25:00,G1104,205,188,167,171,186,188,256,287,269,308,308,321,341,65,11,48,27,32,52
2019/6/10,17:25:00,G1105,177,187,187,206,188,200,255,288,274,312,326,320,345,350,358,25,30,356,326
2019/6/10,17:25:00,G1106,180,193,194,203,192,198,250,288,267,308,332,325,348,331,329,28,340,71,316
2019/6/10,17:25:00,G1107,183,195,191,199,198,203,231,284,274,301,320,315,338,333,329,315,326,328,288
2019/6/10,17:25:00,G1108,179,191,196,208,197,205,237,284,275,301,322,318,337,332,321,314,323,332,291
2019/6/10,17:25:00,G1109,182,202,206,207,202,211,233,284,280,303,334,327,336,319,319,310,304,319,290
2019/6/10,17:25:00,G1110,197,205,204,207,203,205,228,276,270,299,319,348,320,300,310,311,296,308,293
2019/6/10,17:25:00,G1111,198,207,205,202,210,213,225,277,278,307,319,330,312,296,305,296,291,304,286
2019/6/10,17:25:00,G1112,202,212,207,198,209,218,231,280,290,324,327,333,319,301,304,299,296,312,298
2019/6/10,17:25:00,G1113,208,213,210,203,215,220,231,281,288,318,325,332,323,310,310,306,295,306,298
2019/6/11,9:25:00,G1101,324,340,349,73,3,324,323,302,280,270,102,59,345,318,289,136,123,104,37
2019/6/11,9:25:00,G1102,335,343,360,22,348,338,319,294,277,253,120,67,334,325,298,265,145,106,44
2019/6/11,9:25:00,G1103,334,344,320,320,337,335,323,295,261,279,147,77,331,325,289,273,213,127,61
2019/6/11,9:25:00,G1104,340,325,28,35,230,336,320,287,266,273,110,84,329,318,297,270,237,174,348
2019/6/11,9:25:00,G1105,11,16,36,34,350,335,321,292,258,281,114,289,320,297,285,277,270,286,316
2019/6/11,9:25:00,G1106,78,45,42,51,146,337,329,287,255,270,235,269,318,298,277,269,279,280,302
2019/6/11,9:25:00,G1107,61,71,63,83,56,36,332,284,240,242,239,271,312,289,286,281,274,268,290
2019/6/11,9:25:00,G1108,84,78,78,89,62,33,345,284,239,247,244,258,313,288,285,284,272,250,288
2019/6/11,9:25:00,G1109,123,123,107,114,101,67,28,275,249,263,226,251,314,286,279,292,276,269,289
2019/6/11,9:25:00,G1110,147,157,133,172,112,112,45,271,257,256,216,233,287,288,275,282,263,270,278
2019/6/11,9:25:00,G1111,225,236,225,230,256,146,334,268,259,246,219,246,286,285,276,266,266,268,270
2019/6/11,9:25:00,G1112,230,236,230,236,270,281,326,269,265,264,228,250,286,289,281,264,272,270,272
2019/6/11,9:25:00,G1113,226,230,236,236,253,263,320,269,268,272,242,258,281,294,286,267,275,262,270
2019/6/11,16:30:00,G1101,167,140,148,194,189,157,266,286,283,305,319,108,76,101,129,137,126,106,131
2019/6/11,16:30:00,G1102,173,154,151,194,194,156,237,285,271,304,309,107,75,91,127,136,126,117,127
2019/6/11,16:30:00,G1103,163,139,146,185,172,159,254,289,278,318,317,261,78,101,134,136,130,124,124
2019/6/11,16:30:00,G1104,151,141,139,176,163,152,252,288,275,316,304,268,73,112,139,143,137,122,118
2019/6/11,16:30:00,G1105,161,146,133,174,174,157,252,274,276,304,304,271,78,142,152,173,138,132,117
2019/6/11,16:30:00,G1106,167,119,135,174,160,152,249,275,274,295,301,281,94,201,136,165,135,130,119
2019/6/11,16:30:00,G1107,152,151,144,166,174,158,256,269,297,293,303,281,36,245,149,178,162,133,142
2019/6/11,16:30:00,G1108,164,148,151,167,166,160,258,270,291,293,306,282,311,251,164,178,165,135,142
2019/6/11,16:30:00,G1109,183,157,140,170,168,166,258,271,292,296,305,287,304,261,212,206,186,163,150
2019/6/11,16:30:00,G1110,168,157,151,169,168,166,255,266,292,299,283,283,286,277,232,216,203,195,174
2019/6/11,16:30:00,G1111,171,170,158,177,177,179,247,262,289,288,271,276,275,285,258,230,232,188,185
2019/6/11,16:30:00,G1112,183,173,165,185,185,185,251,265,296,295,275,276,276,292,266,248,241,198,194
2019/6/11,16:30:00,G1113,185,175,173,187,199,192,249,266,292,280,277,276,282,292,264,256,247,210,204
2019/6/13,7:55:00,G1101,158,133,147,151,114,163,295,175,123,229,154,147,148,84,304,231,174,135,141
2019/6/13,7:55:00,G1102,141,129,148,146,119,139,298,178,121,233,188,154,137,80,296,218,181,140,137
2019/6/13,7:55:00,G1103,135,124,136,139,109,124,296,186,124,236,193,143,136,249,243,215,192,157,142
2019/6/13,7:55:00,G1104,123,120,124,127,114,123,289,169,122,235,189,171,141,220,237,213,190,162,148
2019/6/13,7:55:00,G1105,114,116,124,133,118,122,278,180,126,234,196,168,156,178,225,220,193,172,192
2019/6/13,7:55:00,G1106,119,119,121,126,122,118,258,184,123,234,195,159,148,185,227,213,214,187,198
2019/6/13,7:55:00,G1107,150,131,140,138,140,130,188,179,131,230,200,178,159,199,221,226,219,214,208
2019/6/13,7:55:00,G1108,151,135,146,141,140,134,139,187,135,237,204,165,168,211,218,224,215,213,211
2019/6/13,7:55:00,G1109,164,151,156,164,162,150,138,182,153,242,212,158,158,204,219,225,225,219,209
2019/6/13,7:55:00,G1110,175,157,164,167,162,163,143,191,162,236,206,178,179,203,225,226,229,221,203
2019/6/13,7:55:00,G1111,175,176,171,176,166,169,152,192,173,235,213,178,174,208,225,230,225,219,208
2019/6/13,7:55:00,G1112,186,182,182,185,174,178,170,195,188,236,218,184,197,218,236,234,230,224,216
2019/6/13,7:55:00,G1113,192,183,185,189,175,190,161,199,166,241,221,191,206,222,236,233,233,225,219
2019/6/13,15:00:00,G1101,159,182,198,194,188,194,189,186,234,182,216,209,219,155,169,203,170,156,161
2019/6/13,15:00:00,G1102,186,196,217,188,185,188,187,168,214,185,202,204,215,180,172,144,158,161,160
2019/6/13,15:00:00,G1103,214,177,189,181,203,190,193,182,220,204,202,211,199,175,178,206,187,165,172
2019/6/13,15:00:00,G1104,198,186,185,171,209,193,200,179,258,201,208,214,202,175,180,213,193,173,203
2019/6/13,15:00:00,G1105,193,187,181,182,204,201,209,184,207,202,196,217,209,185,184,209,216,181,173
2019/6/13,15:00:00,G1106,205,185,192,190,202,200,205,180,195,201,206,203,211,189,197,216,218,189,192
2019/6/13,15:00:00,G1107,190,195,187,202,181,204,214,193,236,201,204,198,202,206,209,214,204,195,201
2019/6/13,15:00:00,G1108,185,192,186,193,180,203,217,190,227,200,208,201,205,208,208,209,211,198,195
2019/6/13,15:00:00,G1109,194,196,198,202,185,199,219,198,210,212,213,207,204,211,221,217,223,207,204
2019/6/13,15:00:00,G1110,183,195,188,196,189,198,206,194,208,209,207,204,202,206,221,220,220,204,198
2019/6/13,15:00:00,G1111,196,186,183,193,186,188,206,199,210,220,209,206,196,200,223,220,219,199,202
2019/6/13,15:00:00,G1112,202,195,187,185,195,195,216,212,221,225,213,211,202,202,228,230,222,213,202
2019/6/13,15:00:00,G1113,204,196,200,206,208,198,222,209,225,230,213,218,208,202,228,230,227,208,209
2019/6/18,10:20:00,G1101,174,175,169,154,135,124,157,145,151,129,168,168,124,138,137,168,164,158,176
2019/6/18,10:20:00,G1102,167,159,174,163,164,134,143,153,140,131,155,173,121,134,142,168,165,175,150
2019/6/18,10:20:00,G1103,159,171,175,179,162,152,130,153,141,141,159,168,136,144,147,164,171,164,158
2019/6/18,10:20:00,G1104,156,165,168,189,154,140,137,151,138,140,146,164,135,148,138,159,163,203,156
2019/6/18,10:20:00,G1105,147,157,159,147,151,144,151,152,143,146,148,155,128,148,146,152,153,171,156
2019/6/18,10:20:00,G1106,144,156,168,146,152,148,149,141,144,144,150,143,126,145,159,154,141,150,152
2019/6/18,10:20:00,G1107,136,145,157,139,148,148,148,146,146,160,162,133,151,150,151,155,138,152,151
2019/6/18,10:20:00,G1108,137,147,163,145,149,152,151,146,148,157,164,138,153,151,151,155,144,156,158
2019/6/18,10:20:00,G1109,147,150,167,157,157,155,151,157,150,157,163,147,159,144,145,143,149,156,156
2019/6/18,10:20:00,G1110,159,152,154,155,148,155,148,151,151,152,157,158,147,143,141,135,134,162,156
2019/6/18,10:20:00,G1111,160,147,146,158,150,159,140,144,151,147,150,154,149,137,132,126,140,148,143
2019/6/18,10:20:00,G1112,173,153,151,161,157,163,150,154,156,157,157,158,152,140,141,134,149,171,160
2019/6/18,10:20:00,G1113,178,156,154,168,160,168,153,164,157,159,157,166,157,148,146,142,157,166,183
2019/6/24,12:55:00,G1101,150,161,158,169,135,145,184,348,25,42,38,39,50,58,62,317,30,31,344
2019/6/24,12:55:00,G1102,169,172,172,191,174,147,184,311,260,229,5,40,34,56,13,317,72,110,332
2019/6/24,12:55:00,G1103,183,175,181,185,189,180,169,335,13,166,219,48,45,38,41,324,220,58,242
2019/6/24,12:55:00,G1104,177,178,184,179,182,169,185,354,308,330,56,38,36,43,49,325,308,95,295
2019/6/24,12:55:00,G1105,191,185,181,184,190,176,165,331,327,8,8,44,44,55,44,323,31,27,38
2019/6/24,12:55:00,G1106,196,188,181,184,185,179,175,129,88,337,17,46,45,54,50,38,37,29,3
2019/6/24,12:55:00,G1107,190,178,177,193,194,175,176,213,21,127,4,48,55,77,74,52,48,56,351
2019/6/24,12:55:00,G1108,197,164,181,189,194,186,187,214,57,144,265,48,70,81,82,53,57,53,45
2019/6/24,12:55:00,G1109,195,184,176,195,208,190,198,204,317,41,57,221,78,81,127,102,86,104,198
2019/6/24,12:55:00,G1110,187,187,161,179,190,193,190,209,197,161,133,119,102,144,156,131,168,189,165
2019/6/24,12:55:00,G1111,190,201,188,189,187,190,200,209,203,215,172,168,127,171,177,173,186,186,168
2019/6/24,12:55:00,G1112,197,201,195,197,192,196,202,221,204,220,169,163,141,161,177,189,193,189,192
2019/6/24,12:55:00,G1113,202,208,210,201,200,193,208,208,224,211,213,157,168,190,178,195,201,200,189
2019/6/29,10:45:00,G1101,211,158,152,188,197,191,201,247,239,261,294,270,264,230,232,193,198,142,142
2019/6/29,10:45:00,G1102,196,156,169,183,195,194,192,240,245,239,276,258,258,233,211,206,169,152,147
2019/6/29,10:45:00,G1103,149,170,171,189,200,200,189,241,267,219,146,263,252,221,214,211,166,151,184
2019/6/29,10:45:00,G1104,147,180,168,192,197,192,195,242,258,214,252,257,251,220,229,204,166,164,197
2019/6/29,10:45:00,G1105,174,216,165,190,195,216,205,245,254,232,231,248,247,217,230,225,210,190,195
2019/6/29,10:45:00,G1106,188,217,155,188,200,213,193,245,258,226,230,247,241,220,229,240,182,198,208
2019/6/29,10:45:00,G1107,191,198,175,187,196,212,194,240,237,221,236,241,236,223,228,223,221,214,207
2019/6/29,10:45:00,G1108,189,200,190,192,197,213,191,245,234,215,236,241,236,224,230,223,220,215,206
2019/6/29,10:45:00,G1109,193,202,180,216,207,215,199,230,238,228,241,247,232,223,229,217,222,219,204
2019/6/29,10:45:00,G1110,194,204,182,216,215,209,205,227,230,219,236,237,225,227,227,221,217,222,208
2019/6/29,10:45:00,G1111,210,225,204,208,206,210,226,223,228,219,241,236,225,NaN,NaN,NaN,NaN,NaN,NaN
2019/6/29,10:45:00,G1112,NaN,NaN,NaN,NaN,NaN,209,NaN,NaN,NaN,NaN,NaN,NaN,230,NaN,NaN,NaN,225,214,213
2019/6/29,10:45:00,G1113,159,176,153,154,157,158,173,169,168,168,185,177,174,174,173,168,166,154,162
2019/6/30,3:05:00,G1101,28,57,338,341,338,349,306,165,150,171,249,118,96,71,53,52,55,21,19
2019/6/30,3:05:00,G1102,56,67,61,343,337,337,331,159,154,178,252,113,89,76,62,68,51,38,279
2019/6/30,3:05:00,G1103,209,163,343,331,331,327,324,158,157,185,247,114,110,83,67,68,51,17,4
2019/6/30,3:05:00,G1104,205,213,261,322,326,322,315,193,157,185,241,108,102,76,67,67,46,236,344
2019/6/30,3:05:00,G1105,230,208,241,321,298,321,309,202,151,193,234,122,135,140,79,67,39,7,322
2019/6/30,3:05:00,G1106,NaN,240,275,340,NaN,356,334,NaN,187,224,262,139,170,NaN,133,101,67,351,343
2019/6/30,3:05:00,G1107,215,208,NaN,257,284,308,268,NaN,151,196,221,NaN,NaN,191,NaN,61,260,NaN,285
2019/6/30,3:05:00,G1108,NaN,NaN,NaN,NaN,286,NaN,285,NaN,162,202,NaN,NaN,168,NaN,196,NaN,NaN,NaN,280
2019/6/30,3:05:00,G1109,217,NaN,246,NaN,296,NaN,277,224,172,202,NaN,112,171,196,186,53,253,NaN,244
2019/6/30,3:05:00,G1110,224,202,235,264,291,299,275,240,184,202,206,186,180,196,161,143,230,240,240
2019/6/30,3:05:00,G1111,NaN,NaN,NaN,267,284,303,273,NaN,201,196,198,155,180,NaN,160,139,225,NaN,NaN
2019/6/30,3:05:00,G1112,220,NaN,246,264,NaN,309,NaN,NaN,215,NaN,NaN,171,NaN,NaN,180,155,NaN,NaN,NaN
2019/6/30,3:05:00,G1113,166,162,183,204,223,243,218,168,165,154,145,120,135,157,129,108,174,174,168
2019/6/30,10:20:00,G1101,121,163,109,209,168,260,181,195,233,194,233,207,212,212,193,143,143,NaN,NaN
2019/6/30,10:20:00,G1102,134,147,135,192,139,237,186,191,208,194,242,233,215,306,307,NaN,132,137,128
2019/6/30,10:20:00,G1103,140,129,158,158,166,337,333,NaN,229,209,247,239,211,211,198,143,161,142,163
2019/6/30,10:20:00,G1104,NaN,NaN,NaN,NaN,149,234,215,217,233,209,241,232,219,209,202,144,150,142,176
2019/6/30,10:20:00,G1105,129,112,160,191,174,229,235,211,226,218,247,225,219,225,219,187,176,163,177
2019/6/30,10:20:00,G1106,180,NaN,193,204,229,266,256,247,254,NaN,281,258,NaN,258,NaN,NaN,221,214,195
2019/6/30,10:20:00,G1107,NaN,136,174,152,188,NaN,NaN,NaN,213,222,248,NaN,224,220,218,NaN,200,186,185
2019/6/30,10:20:00,G1108,208,NaN,NaN,172,NaN,NaN,217,NaN,NaN,NaN,NaN,NaN,NaN,NaN,NaN,NaN,NaN,NaN,NaN
2019/6/30,10:20:00,G1109,187,156,178,228,NaN,207,206,208,219,NaN,NaN,241,226,230,NaN,219,NaN,219,202
2019/6/30,10:20:00,G1110,179,174,193,232,207,199,205,206,219,243,258,236,230,241,246,219,213,201,213
2019/6/30,10:20:00,G1111,220,214,205,NaN,187,211,203,NaN,219,NaN,261,226,NaN,NaN,NaN,216,210,223,213
2019/6/30,10:20:00,G1112,NaN,258,215,NaN,NaN,NaN,NaN,NaN,NaN,258,265,NaN,NaN,NaN,NaN,219,213,227,NaN
2019/6/30,10:20:00,G1113,170,123,166,188,162,145,155,158,169,196,207,199,179,186,185,159,157,158,151
2019/6/30,14:25:00,G1101,150,153,116,173,255,282,61,340,65,87,69,96,123,149,168,171,133,118,97
2019/6/30,14:25:00,G1102,150,148,145,213,254,265,58,12,59,75,72,89,112,149,160,174,137,117,89
2019/6/30,14:25:00,G1103,164,164,147,225,248,263,75,302,84,78,78,93,128,151,168,176,150,123,105
2019/6/30,14:25:00,G1104,166,166,161,216,249,259,78,36,101,72,73,86,126,147,170,172,153,119,100
2019/6/30,14:25:00,G1105,167,177,218,241,259,251,90,43,99,67,72,102,127,143,176,182,172,123,97
2019/6/30,14:25:00,G1106,203,NaN,271,275,289,278,87,33,NaN,98,103,130,166,183,221,220,223,164,134
2019/6/30,14:25:00,G1107,173,NaN,215,NaN,249,NaN,227,39,89,67,72,NaN,135,169,190,196,196,NaN,101
2019/6/30,14:25:00,G1108,NaN,NaN,NaN,NaN,NaN,NaN,NaN,53,84,73,79,NaN,158,178,196,NaN,197,NaN,NaN
2019/6/30,14:25:00,G1109,211,217,223,NaN,258,NaN,NaN,48,73,73,75,118,162,175,202,NaN,191,147,NaN
2019/6/30,14:25:00,G1110,200,199,206,245,246,232,219,54,75,67,80,130,201,186,213,202,193,154,141
2019/6/30,14:25:00,G1111,214,213,198,241,NaN,NaN,229,NaN,37,74,71,132,215,206,218,NaN,198,157,153
2019/6/30,14:25:00,G1112,NaN,NaN,NaN,NaN,NaN,NaN,244,57,46,76,72,140,NaN,210,NaN,219,NaN,160,164
2019/6/30,14:25:00,G1113,163,166,155,202,191,178,173,356,353,20,26,91,148,155,174,159,151,99,109
2019/7/3,15:05:00,G1101,112,136,116,153,108,133,117,129,138,139,126,147,123,123,133,135,123,126,118
2019/7/3,15:05:00,G1102,90,111,96,119,117,117,114,137,145,136,119,133,118,120,126,135,119,116,116
2019/7/3,15:05:00,G1103,105,98,100,111,121,122,131,128,144,129,127,123,125,133,132,116,121,123,121
2019/7/3,15:05:00,G1104,100,102,96,106,110,114,126,119,151,124,115,119,140,123,134,116,127,114,115
2019/7/3,15:05:00,G1105,113,101,95,108,112,98,122,123,156,134,119,123,145,126,130,116,117,111,113
2019/7/3,15:05:00,G1106,146,135,134,140,140,137,134,171,178,158,145,150,158,150,141,155,152,146,149
2019/7/3,15:05:00,G1107,104,108,92,NaN,NaN,95,NaN,NaN,NaN,130,130,NaN,136,130,NaN,133,107,129,NaN
2019/7/3,15:05:00,G1108,109,NaN,106,NaN,NaN,104,NaN,140,151,135,NaN,126,139,131,NaN,133,NaN,136,NaN
2019/7/3,15:05:00,G1109,105,94,NaN,104,118,101,NaN,140,NaN,133,126,132,128,135,119,131,121,137,NaN
2019/7/3,15:05:00,G1110,104,103,96,100,105,96,114,140,156,142,131,129,133,133,133,135,122,138,128
2019/7/3,15:05:00,G1111,113,105,102,116,105,NaN,NaN,140,153,147,129,131,134,136,140,133,136,139,133
2019/7/3,15:05:00,G1112,123,117,NaN,NaN,NaN,122,NaN,NaN,157,147,137,NaN,138,142,149,NaN,NaN,148,NaN
2019/7/3,15:05:00,G1113,65,61,60,69,67,67,60,97,101,96,81,90,83,84,94,91,92,91,95
2019/7/4,17:15:00,G1101,118,134,145,148,151,145,133,158,160,161,166,165,186,188,151,143,134,132,137
2019/7/4,17:15:00,G1102,124,142,152,140,144,126,133,159,148,167,167,176,166,164,156,131,117,124,114
2019/7/4,17:15:00,G1103,147,129,131,132,145,137,146,168,175,159,169,179,153,172,161,159,131,122,114
2019/7/4,17:15:00,G1104,133,123,128,124,139,128,138,163,172,150,175,176,154,152,161,154,121,122,109
2019/7/4,17:15:00,G1105,129,127,138,147,137,135,156,162,175,148,164,159,151,159,161,148,134,127,128
2019/7/4,17:15:00,G1106,133,134,135,143,135,138,153,158,169,147,166,155,NaN,159,165,144,136,129,121
2019/7/4,17:15:00,G1107,NaN,132,137,NaN,136,133,152,157,NaN,171,173,159,158,157,168,133,132,131,136
2019/7/4,17:15:00,G1108,140,136,NaN,145,136,140,NaN,157,168,NaN,176,NaN,164,164,NaN,NaN,137,NaN,NaN
2019/7/4,17:15:00,G1109,133,138,139,137,134,145,143,157,167,172,170,NaN,159,165,173,138,136,146,150
2019/7/4,17:15:00,G1110,128,136,140,141,135,148,145,152,164,172,173,162,159,165,172,145,139,157,153
2019/7/4,17:15:00,G1111,128,NaN,141,141,134,134,147,152,170,168,173,164,158,172,170,145,154,NaN,151
2019/7/4,17:15:00,G1112,135,NaN,150,NaN,142,143,NaN,NaN,179,175,180,172,166,179,177,149,155,166,159
2019/7/4,17:15:00,G1113,140,157,152,151,142,140,151,157,171,172,177,183,174,181,171,148,206,173,153
2019/7/10,6:20:00,G1101,242,198,192,277,286,294,268,238,253,281,280,328,324,328,339,340,61,50,41
2019/7/10,6:20:00,G1102,190,229,203,274,288,299,261,232,256,280,275,321,323,306,332,3,93,39,40
2019/7/10,6:20:00,G1103,183,222,201,283,308,292,269,237,257,284,278,320,310,313,325,334,331,135,39
2019/7/10,6:20:00,G1104,184,220,206,283,297,289,261,242,258,276,275,314,304,306,324,327,300,322,16
2019/7/10,6:20:00,G1105,195,214,214,290,300,308,261,250,259,271,282,304,293,291,311,325,289,341,318
2019/7/10,6:20:00,G1106,204,222,215,289,NaN,294,263,243,262,NaN,277,NaN,287,285,296,316,285,283,303
2019/7/10,6:20:00,G1107,NaN,223,221,285,NaN,289,270,224,242,264,254,NaN,283,277,NaN,296,264,249,247
2019/7/10,6:20:00,G1108,NaN,NaN,221,NaN,NaN,NaN,271,NaN,NaN,270,NaN,NaN,NaN,NaN,NaN,NaN,266,NaN,NaN
2019/7/10,6:20:00,G1109,233,225,231,287,275,285,266,223,247,266,262,295,277,273,286,NaN,243,242,240
2019/7/10,6:20:00,G1110,226,233,231,291,272,245,258,224,248,266,260,276,270,273,273,243,237,233,231
2019/7/10,6:20:00,G1111,NaN,NaN,NaN,282,276,NaN,NaN,NaN,244,269,NaN,265,261,270,272,NaN,223,NaN,NaN
2019/7/10,6:20:00,G1112,NaN,NaN,NaN,289,NaN,256,266,NaN,NaN,NaN,NaN,263,269,270,273,NaN,NaN,NaN,NaN
2019/7/10,6:20:00,G1113,NaN,242,241,286,276,255,264,NaN,245,274,247,255,269,270,269,230,NaN,236,242
2019/7/14,13:25:00,G1101,207,169,204,202,145,207,165,286,210,157,143,148,188,147,111,197,200,156,118
2019/7/14,13:25:00,G1102,195,192,195,197,187,178,203,270,200,182,165,168,179,152,119,212,200,158,130
2019/7/14,13:25:00,G1103,197,226,205,201,188,199,224,258,214,189,164,180,194,159,143,193,208,170,143
2019/7/14,13:25:00,G1104,187,243,209,187,199,200,199,242,242,252,166,168,198,162,136,167,210,170,152
2019/7/14,13:25:00,G1105,194,204,198,196,200,197,223,226,233,226,164,191,211,174,162,203,199,157,149
2019/7/14,13:25:00,G1106,199,206,208,NaN,211,NaN,208,226,222,NaN,185,203,210,188,166,202,200,168,153
2019/7/14,13:25:00,G1107,196,202,180,207,216,203,223,223,217,223,194,205,NaN,190,170,203,201,166,168
2019/7/14,13:25:00,G1108,NaN,NaN,NaN,NaN,NaN,NaN,NaN,NaN,NaN,NaN,NaN,NaN,NaN,NaN,177,NaN,NaN,172,173
2019/7/14,13:25:00,G1109,195,NaN,183,NaN,211,208,NaN,216,223,NaN,NaN,220,NaN,NaN,199,NaN,203,177,178
2019/7/14,13:25:00,G1110,197,206,196,212,209,203,216,208,225,223,210,220,221,211,201,210,202,181,191
2019/7/14,13:25:00,G1111,209,NaN,NaN,NaN,NaN,NaN,218,218,227,220,209,NaN,NaN,219,NaN,213,NaN,196,200
2019/7/14,13:25:00,G1112,NaN,NaN,NaN,221,217,NaN,NaN,NaN,NaN,NaN,214,NaN,NaN,NaN,219,NaN,222,NaN,NaN
2019/7/14,13:25:00,G1113,213,208,202,222,217,215,223,225,NaN,230,226,236,NaN,226,225,226,NaN,206,213
2019/7/18,17:10:00,G1101,235,187,216,252,181,226,283,297,271,249,230,197,232,39,162,166,154,113,147
2019/7/18,17:10:00,G1102,235,185,211,243,207,244,288,296,275,248,239,211,231,31,166,166,118,100,136
2019/7/18,17:10:00,G1103,226,183,205,234,227,247,282,297,277,243,255,221,215,154,174,156,107,129,134
2019/7/18,17:10:00,G1104,233,216,207,226,201,239,279,288,274,236,244,216,224,171,165,144,127,118,129
2019/7/18,17:10:00,G1105,226,202,203,192,219,239,264,286,267,252,238,211,209,207,168,144,127,127,136
2019/7/18,17:10:00,G1106,NaN,196,205,226,NaN,NaN,266,271,264,247,NaN,213,NaN,207,173,140,126,135,135
2019/7/18,17:10:00,G1107,207,203,NaN,NaN,213,249,260,280,254,NaN,NaN,211,204,NaN,179,152,162,157,150
2019/7/18,17:10:00,G1108,NaN,NaN,NaN,NaN,NaN,NaN,NaN,283,NaN,NaN,NaN,NaN,215,NaN,NaN,157,165,164,157
2019/7/18,17:10:00,G1109,198,210,NaN,NaN,215,NaN,256,282,258,NaN,NaN,213,215,204,190,164,162,185,168
2019/7/18,17:10:00,G1110,196,202,195,202,209,232,258,274,234,241,233,201,201,202,193,178,197,199,191
2019/7/18,17:10:00,G1111,196,206,191,199,NaN,NaN,256,281,NaN,NaN,226,NaN,213,NaN,NaN,196,212,NaN,218
2019/7/18,17:10:00,G1112,NaN,NaN,197,NaN,NaN,NaN,258,NaN,NaN,NaN,235,218,218,220,NaN,NaN,217,NaN,NaN
2019/7/18,17:10:00,G1113,207,214,196,201,NaN,247,259,267,244,249,NaN,215,230,240,210,206,219,218,230
2019/7/19,12:25:00,G1101,253,234,242,278,273,285,264,284,296,281,306,313,309,295,259,91,34,58,20
2019/7/19,12:25:00,G1102,252,233,225,264,266,280,263,293,305,298,308,307,291,309,283,88,33,44,12
2019/7/19,12:25:00,G1103,244,212,246,273,266,277,272,301,299,292,313,305,290,310,304,61,39,50,19
2019/7/19,12:25:00,G1104,244,227,241,274,264,263,279,294,290,290,309,285,285,295,296,75,42,35,47
2019/7/19,12:25:00,G1105,258,241,267,270,271,270,280,299,297,303,300,296,291,279,286,342,259,37,37
2019/7/19,12:25:00,G1106,254,NaN,264,271,268,272,286,291,299,288,299,297,NaN,290,296,301,337,NaN,26
2019/7/19,12:25:00,G1107,NaN,NaN,267,273,268,269,271,NaN,294,301,NaN,299,282,274,287,293,335,32,1
2019/7/19,12:25:00,G1108,261,NaN,270,NaN,273,NaN,NaN,NaN,299,307,NaN,NaN,NaN,281,NaN,NaN,318,NaN,48
2019/7/19,12:25:00,G1109,259,249,270,275,270,270,263,NaN,294,301,291,294,286,281,283,292,NaN,299,NaN
2019/7/19,12:25:00,G1110,260,239,270,271,286,268,270,289,292,298,290,279,287,272,274,289,287,290,290
2019/7/19,12:25:00,G1111,261,252,265,281,284,279,277,NaN,290,299,289,290,282,283,272,NaN,288,NaN,295
2019/7/19,12:25:00,G1112,270,NaN,274,NaN,NaN,286,NaN,NaN,NaN,306,296,NaN,287,290,280,NaN,NaN,NaN,NaN
2019/7/19,12:25:00,G1113,276,267,271,297,289,298,288,295,295,309,300,NaN,290,287,275,286,295,298,299
2019/7/25,10:20:00,G1101,231,237,206,231,225,233,193,155,178,147,168,206,165,208,202,220,199,193,232
2019/7/25,10:20:00,G1102,246,229,221,227,212,219,174,157,177,139,160,195,147,218,196,209,194,199,208
2019/7/25,10:20:00,G1103,241,238,232,241,274,222,193,168,185,162,175,206,196,167,227,217,220,209,225
2019/7/25,10:20:00,G1104,247,232,230,230,234,216,193,172,183,177,176,213,200,175,232,199,189,213,226
2019/7/25,10:20:00,G1105,238,230,230,236,241,219,199,173,186,185,176,195,203,193,231,203,186,207,228
2019/7/25,10:20:00,G1106,NaN,226,NaN,NaN,254,219,199,171,182,179,183,194,201,193,229,218,NaN,204,NaN
2019/7/25,10:20:00,G1107,NaN,229,225,NaN,245,212,194,172,183,179,188,NaN,203,202,220,209,190,214,221
2019/7/25,10:20:00,G1108,NaN,NaN,NaN,NaN,NaN,NaN,NaN,175,NaN,189,NaN,NaN,NaN,215,225,NaN,NaN,216,221
2019/7/25,10:20:00,G1109,228,229,229,NaN,229,217,196,177,182,186,185,195,NaN,NaN,214,212,213,NaN,215
2019/7/25,10:20:00,G1110,230,231,225,227,238,212,192,168,181,190,178,195,208,200,220,216,203,231,219
2019/7/25,10:20:00,G1111,NaN,228,NaN,230,232,NaN,NaN,178,177,188,175,197,201,199,219,NaN,219,NaN,NaN
2019/7/25,10:20:00,G1112,NaN,NaN,NaN,NaN,NaN,214,NaN,NaN,NaN,196,185,NaN,NaN,NaN,NaN,NaN,227,NaN,NaN
2019/7/25,10:20:00,G1113,NaN,NaN,NaN,241,225,211,212,188,187,201,190,NaN,209,206,228,225,221,251,226
2019/7/29,17:10:00,G1101,71,86,84,91,83,30,67,40,46,72,51,67,40,63,102,67,26,34,53
2019/7/29,17:10:00,G1102,71,85,84,80,NaN,48,75,61,48,46,55,57,47,64,NaN,72,27,22,49
2019/7/29,17:10:00,G1103,66,77,79,85,64,44,64,61,46,57,53,60,64,67,92,69,67,31,54
2019/7/29,17:10:00,G1104,72,80,80,83,67,43,60,62,55,61,48,64,65,70,89,66,43,41,58
2019/7/29,17:10:00,G1105,NaN,67,NaN,NaN,65,48,41,55,62,NaN,47,NaN,64,76,64,NaN,37,42,54
2019/7/29,17:10:00,G1106,69,71,79,69,73,44,58,59,66,62,51,65,71,76,70,70,54,47,56
2019/7/29,17:10:00,G1107,63,72,68,66,57,46,45,59,61,60,56,66,73,71,87,65,68,51,56
2019/7/29,17:10:00,G1108,62,67,NaN,67,76,NaN,45,NaN,61,57,NaN,63,NaN,71,84,NaN,67,51,NaN
2019/7/29,17:10:00,G1109,65,69,55,78,75,49,50,61,65,61,61,68,78,68,88,80,65,68,61
2019/7/29,17:10:00,G1110,60,64,64,75,64,52,44,56,63,57,56,64,78,67,71,73,61,62,56
2019/7/29,17:10:00,G1111,58,47,77,72,67,54,48,61,60,56,56,67,78,72,78,61,53,60,50
2019/7/29,17:10:00,G1112,67,50,83,78,74,62,54,67,67,64,67,73,84,80,81,75,61,67,61
2019/7/29,17:10:00,G1113,73,62,91,78,77,60,51,67,67,63,66,73,80,80,97,75,61,67,58
2019/8/8,17:40:00,G1101,45,312,331,36,334,340,140,287,291,271,264,261,247,247,225,239,222,223,187
2019/8/8,17:40:00,G1102,48,342,NaN,NaN,337,338,348,303,NaN,270,264,258,247,NaN,213,NaN,244,219,NaN
2019/8/8,17:40:00,G1103,21,95,253,45,352,342,43,360,261,275,264,258,255,250,249,250,247,221,221
2019/8/8,17:40:00,G1104,13,294,139,38,2,340,280,349,349,286,276,254,254,252,241,248,241,227,243
2019/8/8,17:40:00,G1105,29,31,330,NaN,354,350,29,NaN,353,NaN,270,NaN,NaN,246,NaN,244,NaN,NaN,NaN
2019/8/8,17:40:00,G1106,10,351,24,27,5,57,344,346,304,282,275,258,258,258,238,250,241,241,241
2019/8/8,17:40:00,G1107,20,5,32,353,360,359,38,332,12,319,281,264,280,256,251,248,245,245,241
2019/8/8,17:40:00,G1108,17,17,34,4,NaN,324,25,NaN,10,NaN,275,NaN,NaN,NaN,NaN,NaN,NaN,NaN,NaN
2019/8/8,17:40:00,G1109,35,36,33,30,3,16,33,343,336,327,293,276,293,258,237,259,251,256,246
2019/8/8,17:40:00,G1110,5,44,28,29,354,358,178,320,344,312,283,272,294,256,254,268,251,267,259
2019/8/8,17:40:00,G1111,8,26,5,19,30,360,7,325,321,320,275,308,NaN,266,245,NaN,250,261,270
2019/8/8,17:40:00,G1112,5,31,39,354,17,51,351,349,332,324,286,317,309,280,285,265,268,279,280
2019/8/8,17:40:00,G1113,338,12,29,336,14,26,343,351,325,329,294,315,309,279,293,255,283,274,277
2019/8/8,21:05:00,G1101,206,191,174,186,185,183,7,17,42,61,58,52,52,232,289,319,316,1,90
2019/8/8,21:05:00,G1102,202,173,172,177,186,196,43,51,50,52,59,56,52,234,274,313,305,18,196
2019/8/8,21:05:00,G1103,203,188,172,188,200,NaN,56,42,43,56,55,50,48,229,258,320,301,328,350
2019/8/8,21:05:00,G1104,209,184,172,192,216,209,58,41,48,56,62,45,45,234,258,320,311,312,349
2019/8/8,21:05:00,G1105,NaN,200,NaN,NaN,NaN,NaN,NaN,41,39,44,46,NaN,347,NaN,NaN,311,312,319,347
2019/8/8,21:05:00,G1106,207,207,186,225,211,216,112,45,43,48,53,35,49,253,253,317,315,334,344
2019/8/8,21:05:00,G1107,219,205,207,210,219,215,220,41,44,50,50,18,5,243,258,276,312,339,346
2019/8/8,21:05:00,G1108,NaN,NaN,NaN,NaN,NaN,NaN,NaN,39,40,43,48,NaN,4,NaN,NaN,272,NaN,325,NaN
2019/8/8,21:05:00,G1109,211,219,218,226,219,226,258,43,43,50,48,359,23,258,270,274,313,6,2
2019/8/8,21:05:00,G1110,219,230,216,230,228,220,254,33,39,41,27,225,34,257,267,270,310,326,3
2019/8/8,21:05:00,G1111,NaN,NaN,226,NaN,NaN,230,NaN,25,38,43,19,32,1,249,270,270,270,323,332
2019/8/8,21:05:00,G1112,237,249,242,247,241,245,255,37,43,46,19,15,350,257,275,277,253,317,342
2019/8/8,21:05:00,G1113,235,247,241,241,241,252,260,33,39,36,27,19,326,249,275,275,251,339,323
2019/8/17,12:00:00,G1101,195,153,161,173,207,210,218,206,199,240,232,248,239,286,296,220,125,117,139
2019/8/17,12:00:00,G1102,192,148,160,NaN,202,NaN,NaN,202,218,NaN,244,258,NaN,282,303,270,122,116,136
2019/8/17,12:00:00,G1103,194,159,154,172,204,223,210,201,209,197,240,254,252,280,290,287,113,118,123
2019/8/17,12:00:00,G1104,194,167,157,169,212,222,208,208,211,211,244,258,259,286,290,302,126,146,116
2019/8/17,12:00:00,G1105,198,178,161,162,NaN,NaN,183,197,NaN,214,NaN,NaN,NaN,NaN,291,NaN,270,191,140
2019/8/17,12:00:00,G1106,187,187,168,174,227,215,204,209,221,232,241,247,253,288,295,289,329,45,191
2019/8/17,12:00:00,G1107,206,209,180,185,228,221,211,206,227,234,241,241,257,281,296,277,303,258,219
2019/8/17,12:00:00,G1108,NaN,NaN,174,NaN,NaN,NaN,NaN,NaN,224,NaN,NaN,NaN,NaN,NaN,292,269,NaN,NaN,NaN
2019/8/17,12:00:00,G1109,209,209,204,209,233,226,213,208,230,238,245,247,264,286,292,269,272,253,242
2019/8/17,12:00:00,G1110,220,220,208,210,233,209,201,204,219,229,239,242,253,282,289,241,286,241,213
2019/8/17,12:00:00,G1111,NaN,216,NaN,202,NaN,216,NaN,NaN,NaN,224,NaN,NaN,247,272,275,NaN,197,NaN,215
2019/8/17,12:00:00,G1112,220,227,219,218,244,222,219,219,219,237,242,247,258,273,275,230,218,206,229
2019/8/17,12:00:00,G1113,222,223,219,216,239,220,216,219,219,230,239,247,258,273,271,211,220,212,215
2019/8/18,12:50:00,G1101,187,178,211,178,191,201,171,169,177,214,202,205,181,180,141,201,204,174,173
2019/8/18,12:50:00,G1102,184,NaN,NaN,184,200,NaN,163,201,187,NaN,NaN,NaN,207,198,147,179,209,190,174
2019/8/18,12:50:00,G1103,188,190,188,190,211,197,170,217,174,191,205,244,189,184,154,172,196,177,176
2019/8/18,12:50:00,G1104,182,191,189,197,218,211,180,231,175,199,201,237,229,186,161,163,196,187,194
2019/8/18,12:50:00,G1105,NaN,NaN,NaN,188,NaN,206,NaN,221,NaN,207,NaN,208,NaN,199,174,145,NaN,NaN,150
2019/8/18,12:50:00,G1106,201,194,190,201,216,211,225,224,220,211,217,209,209,209,183,160,168,188,178
2019/8/18,12:50:00,G1107,206,194,198,195,224,211,237,221,227,223,221,209,217,205,185,150,190,196,193
2019/8/18,12:50:00,G1108,200,NaN,NaN,192,225,NaN,NaN,218,NaN,219,216,NaN,NaN,203,186,NaN,185,190,NaN
2019/8/18,12:50:00,G1109,208,202,196,193,215,223,234,219,226,221,224,231,232,207,192,176,193,199,201
2019/8/18,12:50:00,G1110,199,195,194,198,212,218,224,221,224,216,224,220,220,201,191,189,199,202,207
2019/8/18,12:50:00,G1111,185,196,188,199,206,219,217,222,228,215,230,232,220,NaN,NaN,194,196,209,213
2019/8/18,12:50:00,G1112,195,207,196,208,216,227,224,230,240,226,241,241,231,213,213,207,206,219,223
2019/8/18,12:50:00,G1113,200,202,198,208,215,223,219,228,247,225,241,241,231,214,211,214,208,221,225
2019/8/18,15:00:00,G1101,136,185,160,129,138,148,233,280,226,234,237,232,240,257,248,249,247,193,213
2019/8/18,15:00:00,G1102,142,156,149,133,123,162,232,274,248,251,235,246,NaN,247,251,NaN,247,229,215
2019/8/18,15:00:00,G1103,152,168,153,147,123,160,225,273,235,245,246,254,260,254,250,234,247,242,270
2019/8/18,15:00:00,G1104,148,151,155,148,134,159,237,275,235,257,250,260,268,259,251,242,252,252,265
2019/8/18,15:00:00,G1105,163,157,163,187,149,164,206,263,NaN,NaN,262,NaN,263,NaN,NaN,NaN,NaN,256,247
2019/8/18,15:00:00,G1106,168,161,182,153,163,189,212,269,231,234,263,270,258,256,247,249,253,254,249
2019/8/18,15:00:00,G1107,186,163,199,177,186,188,213,266,251,247,258,270,268,253,241,247,256,248,257
2019/8/18,15:00:00,G1108,172,161,NaN,NaN,179,193,218,NaN,NaN,NaN,NaN,NaN,266,NaN,NaN,NaN,NaN,NaN,NaN
2019/8/18,15:00:00,G1109,187,177,194,190,185,201,235,254,252,256,258,270,266,257,247,254,258,257,254
2019/8/18,15:00:00,G1110,194,201,178,197,182,192,215,244,239,251,245,262,258,247,247,261,255,241,249
2019/8/18,15:00:00,G1111,198,193,181,193,NaN,197,NaN,241,241,NaN,NaN,261,253,247,247,257,NaN,NaN,NaN
2019/8/18,15:00:00,G1112,209,206,188,204,198,210,221,252,252,264,261,269,264,258,258,270,266,256,259
2019/8/18,15:00:00,G1113,215,216,204,208,205,214,225,248,250,263,261,264,258,258,258,270,265,260,257
2019/8/19,17:55:00,G1101,223,196,227,195,187,168,163,104,95,98,90,126,97,76,129,219,183,154,152
2019/8/19,17:55:00,G1102,NaN,NaN,222,188,165,171,162,113,NaN,94,92,128,80,65,59,213,170,154,149
2019/8/19,17:55:00,G1103,237,236,223,213,187,172,167,114,82,89,90,126,75,75,54,290,144,150,137
2019/8/19,17:55:00,G1104,242,238,220,218,185,173,160,114,85,93,92,115,72,83,56,64,134,149,134
2019/8/19,17:55:00,G1105,NaN,214,NaN,192,NaN,169,171,NaN,86,83,84,101,62,NaN,46,NaN,NaN,135,NaN
2019/8/19,17:55:00,G1106,231,219,208,201,192,171,156,98,88,88,90,102,71,66,58,64,96,128,120
2019/8/19,17:55:00,G1107,227,219,202,199,197,173,169,98,85,89,97,88,70,61,61,65,109,114,123
2019/8/19,17:55:00,G1108,NaN,NaN,200,195,NaN,171,162,94,90,89,NaN,85,67,NaN,61,66,NaN,NaN,NaN
2019/8/19,17:55:00,G1109,233,222,208,202,179,180,154,100,90,91,108,95,78,67,60,67,110,121,118
2019/8/19,17:55:00,G1110,230,219,206,192,174,169,144,95,86,96,106,88,71,66,56,68,106,121,117
2019/8/19,17:55:00,G1111,NaN,219,NaN,NaN,174,183,153,94,99,101,106,90,71,66,NaN,73,NaN,NaN,118
2019/8/19,17:55:00,G1112,247,230,213,206,188,190,162,97,105,103,115,99,77,74,67,78,93,123,129
2019/8/19,17:55:00,G1113,239,231,217,202,187,184,158,100,101,104,121,94,78,74,71,83,85,119,129
2019/8/20,16:40:00,G1101,166,NaN,169,196,185,173,122,110,151,219,252,235,202,214,224,256,229,222,150
2019/8/20,16:40:00,G1102,180,188,202,188,209,175,NaN,94,163,213,NaN,231,NaN,226,NaN,NaN,234,205,192
2019/8/20,16:40:00,G1103,185,194,194,210,202,178,106,103,177,215,246,241,238,233,232,232,216,219,198
2019/8/20,16:40:00,G1104,187,200,202,197,197,178,107,108,180,218,247,241,243,223,230,240,215,191,181
2019/8/20,16:40:00,G1105,NaN,190,185,NaN,202,176,101,NaN,185,NaN,NaN,NaN,NaN,NaN,220,NaN,212,192,194
2019/8/20,16:40:00,G1106,183,188,194,207,209,187,106,129,185,209,230,209,216,203,217,221,209,177,193
2019/8/20,16:40:00,G1107,182,193,196,200,199,173,105,143,179,198,215,207,202,202,208,193,196,174,179
2019/8/20,16:40:00,G1108,175,NaN,NaN,200,NaN,175,NaN,141,176,NaN,218,NaN,NaN,202,NaN,NaN,195,171,NaN
2019/8/20,16:40:00,G1109,191,195,196,207,205,167,112,159,178,200,208,206,188,183,203,195,188,175,171
2019/8/20,16:40:00,G1110,176,172,191,205,183,166,109,160,174,196,197,189,181,153,142,173,184,169,168
2019/8/20,16:40:00,G1111,175,172,186,NaN,183,161,108,154,155,194,NaN,NaN,171,146,135,174,188,167,171
2019/8/20,16:40:00,G1112,189,186,190,195,191,163,119,157,161,181,198,198,176,150,163,186,187,178,179
2019/8/20,16:40:00,G1113,190,189,183,200,189,165,118,157,158,201,199,197,178,170,166,183,176,180,174
2019/8/23,11:00:00,G1101,282,304,93,52,354,337,213,230,244,217,233,238,192,209,209,247,226,242,220
2019/8/23,11:00:00,G1102,290,NaN,82,21,105,2,184,225,241,224,NaN,NaN,NaN,203,NaN,231,NaN,NaN,218
2019/8/23,11:00:00,G1103,321,335,65,334,343,109,197,227,NaN,224,236,230,231,233,239,NaN,230,258,256
2019/8/23,11:00:00,G1104,336,340,88,337,346,24,207,217,247,229,NaN,232,235,228,243,257,240,239,251
2019/8/23,11:00:00,G1105,303,344,64,NaN,333,8,NaN,NaN,NaN,NaN,NaN,231,195,195,NaN,NaN,216,NaN,NaN
2019/8/23,11:00:00,G1106,317,2,178,348,50,33,169,239,247,226,229,248,204,197,251,256,233,254,256
2019/8/23,11:00:00,G1107,313,62,64,2,7,21,282,246,247,247,236,247,190,206,264,250,246,246,223
2019/8/23,11:00:00,G1108,NaN,NaN,NaN,NaN,341,NaN,220,NaN,NaN,NaN,NaN,NaN,NaN,209,NaN,NaN,NaN,NaN,NaN
2019/8/23,11:00:00,G1109,320,51,234,58,346,32,295,236,247,241,235,253,213,235,271,263,249,249,234
2019/8/23,11:00:00,G1110,323,52,349,353,335,19,288,239,245,247,247,261,225,236,270,256,239,237,241
2019/8/23,11:00:00,G1111,NaN,65,281,328,360,332,323,NaN,NaN,247,251,269,NaN,NaN,270,260,246,241,246
2019/8/23,11:00:00,G1112,11,73,7,340,1,121,326,246,261,260,265,276,248,269,286,275,256,254,257
2019/8/23,11:00:00,G1113,58,83,326,346,342,355,325,288,249,256,272,265,258,274,289,269,251,253,249
2019/8/25,1:00:00,G1101,304,287,307,300,314,301,306,41,61,58,44,5,26,277,264,244,164,169,178
2019/8/25,1:00:00,G1102,NaN,NaN,295,299,294,283,322,44,NaN,60,47,28,37,278,262,241,189,176,171
2019/8/25,1:00:00,G1103,281,295,284,296,289,293,325,48,62,49,46,47,46,60,251,231,192,154,183
2019/8/25,1:00:00,G1104,284,292,289,300,291,286,309,56,63,47,52,51,47,51,242,229,206,176,171
2019/8/25,1:00:00,G1105,NaN,284,285,288,281,NaN,NaN,58,53,28,44,47,29,23,NaN,NaN,NaN,217,NaN
2019/8/25,1:00:00,G1106,302,287,301,289,281,287,292,58,67,54,55,55,29,43,59,126,211,222,171
2019/8/25,1:00:00,G1107,311,291,295,293,292,306,307,60,52,51,49,46,175,10,50,133,314,303,283
2019/8/25,1:00:00,G1108,NaN,286,NaN,NaN,NaN,NaN,NaN,57,NaN,NaN,45,45,NaN,116,NaN,133,NaN,310,NaN
2019/8/25,1:00:00,G1109,314,305,308,298,287,302,310,59,70,53,48,50,26,160,62,235,317,322,312
2019/8/25,1:00:00,G1110,307,309,304,302,286,296,292,65,55,53,34,40,334,324,338,315,324,315,315
2019/8/25,1:00:00,G1111,299,291,NaN,307,288,293,302,63,51,NaN,25,7,329,320,328,328,325,312,309
2019/8/25,1:00:00,G1112,310,306,311,307,298,303,315,71,57,60,33,15,341,324,334,335,327,320,320
2019/8/25,1:00:00,G1113,303,295,313,314,302,315,316,65,50,55,24,15,338,326,337,333,327,315,315
2019/8/26,15:40:00,G1101,140,139,164,138,155,124,250,250,271,247,71,33,94,67,129,69,86,126,102
2019/8/26,15:40:00,G1102,135,141,161,145,155,113,NaN,265,268,NaN,355,21,301,339,37,57,90,96,98
2019/8/26,15:40:00,G1103,151,124,161,147,153,119,255,270,251,241,343,26,334,5,26,112,96,105,107
2019/8/26,15:40:00,G1104,153,122,154,133,150,121,266,275,249,244,352,63,337,104,40,122,107,109,110
2019/8/26,15:40:00,G1105,158,110,131,132,143,NaN,NaN,261,NaN,NaN,91,20,32,37,NaN,132,116,98,NaN
2019/8/26,15:40:00,G1106,162,133,133,151,149,138,246,271,226,233,117,16,336,2,170,135,127,118,112
2019/8/26,15:40:00,G1107,164,136,121,157,146,152,256,278,219,230,208,122,184,230,244,189,154,145,132
2019/8/26,15:40:00,G1108,154,NaN,NaN,160,NaN,NaN,NaN,NaN,NaN,NaN,156,NaN,NaN,NaN,NaN,216,174,NaN,133
2019/8/26,15:40:00,G1109,164,155,141,165,137,156,260,271,219,221,216,178,254,264,253,241,219,168,174
2019/8/26,15:40:00,G1110,178,151,149,158,129,163,246,258,214,201,230,302,254,270,256,251,248,229,203
2019/8/26,15:40:00,G1111,187,136,159,168,127,162,NaN,245,219,208,NaN,NaN,247,241,NaN,NaN,224,202,199
2019/8/26,15:40:00,G1112,202,148,186,183,174,177,261,243,229,225,248,241,258,244,247,241,231,204,191
2019/8/26,15:40:00,G1113,201,145,184,195,177,178,262,238,230,224,247,241,258,241,241,235,213,187,188
2019/8/29,15:40:00,G1101,104,129,133,126,128,118,103,135,146,119,126,130,121,94,117,60,75,106,137
2019/8/29,15:40:00,G1102,NaN,NaN,132,118,118,112,101,121,134,112,115,120,NaN,90,90,63,75,71,118
2019/8/29,15:40:00,G1103,103,96,123,113,115,126,95,123,123,106,106,120,102,79,92,70,66,82,96
2019/8/29,15:40:00,G1104,104,105,127,109,116,119,95,123,124,104,110,119,105,83,93,77,64,86,104
2019/8/29,15:40:00,G1105,95,NaN,118,NaN,NaN,NaN,85,NaN,NaN,99,99,97,89,66,81,77,70,81,99
2019/8/29,15:40:00,G1106,105,126,114,122,119,121,93,128,109,106,105,102,91,82,84,81,89,96,106
2019/8/29,15:40:00,G1107,112,113,108,129,91,115,100,128,107,107,102,101,94,81,84,81,90,98,97
2019/8/29,15:40:00,G1108,NaN,NaN,NaN,NaN,92,NaN,NaN,128,NaN,110,NaN,NaN,92,82,84,77,90,96,95
2019/8/29,15:40:00,G1109,104,112,106,103,103,118,102,135,108,114,110,95,95,92,84,82,95,105,110
2019/8/29,15:40:00,G1110,110,112,92,98,97,107,114,134,99,112,103,94,89,85,89,83,100,103,112
2019/8/29,15:40:00,G1111,108,111,106,89,105,96,NaN,125,NaN,106,105,90,90,90,85,84,100,106,NaN
2019/8/29,15:40:00,G1112,121,118,110,106,110,102,110,133,119,114,108,95,96,97,95,89,111,112,124
2019/8/29,15:40:00,G1113,133,113,106,101,113,100,117,134,117,113,112,101,100,101,95,90,112,118,124
2019/8/31,15:40:00,G1101,162,39,19,50,337,351,359,337,21,47,343,42,142,356,325,220,327,283,292
2019/8/31,15:40:00,G1102,161,47,NaN,50,NaN,186,NaN,231,86,330,130,23,358,70,34,NaN,318,286,290
2019/8/31,15:40:00,G1103,161,42,330,56,22,133,22,351,210,217,201,13,160,11,41,258,297,299,289
2019/8/31,15:40:00,G1104,157,47,43,58,148,191,229,30,245,252,NaN,34,272,162,44,354,133,292,292
2019/8/31,15:40:00,G1105,146,45,NaN,26,44,32,NaN,35,NaN,NaN,17,26,22,NaN,32,5,NaN,280,NaN
2019/8/31,15:40:00,G1106,145,57,267,29,211,12,222,41,20,321,28,24,167,36,31,242,116,270,286
2019/8/31,15:40:00,G1107,137,53,175,68,41,39,17,50,21,29,35,36,61,43,39,32,10,312,273
2019/8/31,15:40:00,G1108,135,NaN,152,84,45,39,13,126,17,27,36,39,50,NaN,NaN,NaN,NaN,312,NaN
2019/8/31,15:40:00,G1109,122,41,119,92,90,57,14,258,36,43,46,40,46,36,40,43,40,39,301
2019/8/31,15:40:00,G1110,125,143,58,95,116,34,19,315,27,45,43,34,40,39,49,54,44,43,20
2019/8/31,15:40:00,G1111,137,NaN,80,129,NaN,60,30,355,33,41,45,26,49,41,48,54,50,38,45
2019/8/31,15:40:00,G1112,151,118,81,128,128,70,46,57,48,68,46,31,60,59,53,53,62,51,50
2019/8/31,15:40:00,G1113,141,98,62,126,108,73,101,153,50,56,49,43,70,52,50,67,112,49,55
2019/9/1,13:25:00,G1101,41,55,83,71,51,38,360,342,1,43,18,334,129,343,331,360,354,39,63
2019/9/1,13:25:00,G1102,39,63,89,67,46,NaN,150,339,51,46,192,345,336,357,339,323,98,29,57
2019/9/1,13:25:00,G1103,47,68,107,63,39,349,48,343,203,46,48,74,43,344,348,340,51,41,93
2019/9/1,13:25:00,G1104,62,67,106,65,37,354,137,353,174,46,28,117,27,3,336,341,158,46,79
2019/9/1,13:25:00,G1105,NaN,44,NaN,NaN,NaN,NaN,354,3,354,36,316,20,NaN,NaN,359,354,39,40,25
2019/9/1,13:25:00,G1106,75,67,90,49,40,27,33,347,36,48,31,30,34,41,230,286,52,48,31
2019/9/1,13:25:00,G1107,86,57,130,59,67,31,13,301,119,53,22,39,35,40,9,11,50,45,40
2019/9/1,13:25:00,G1108,NaN,NaN,NaN,61,NaN,27,33,NaN,NaN,58,NaN,38,37,38,9,136,45,41,39
2019/9/1,13:25:00,G1109,74,66,36,60,26,28,348,206,294,59,34,44,36,38,26,332,50,49,47
2019/9/1,13:25:00,G1110,67,57,334,55,38,29,48,18,182,57,27,53,33,37,36,29,50,47,45
2019/9/1,13:25:00,G1111,NaN,41,13,53,18,27,19,24,357,55,33,67,40,38,40,39,49,43,46
2019/9/1,13:25:00,G1112,56,51,62,62,49,38,36,34,16,65,41,71,49,48,50,50,56,51,54
2019/9/1,13:25:00,G1113,56,53,55,50,40,31,25,26,26,65,49,67,53,51,52,47,56,50,53
2019/9/2,13:30:00,G1101,90,88,98,86,109,80,115,84,98,121,146,173,135,95,97,91,76,43,34
2019/9/2,13:30:00,G1102,86,83,95,84,107,69,NaN,71,98,134,152,168,129,103,96,89,66,NaN,357
2019/9/2,13:30:00,G1103,81,83,93,80,90,72,102,83,99,125,152,154,123,97,98,89,61,38,33
2019/9/2,13:30:00,G1104,80,88,95,85,94,83,102,78,104,119,150,150,125,98,102,100,59,44,39
2019/9/2,13:30:00,G1105,79,77,77,84,NaN,87,92,71,NaN,NaN,135,138,120,NaN,94,92,39,39,46
2019/9/2,13:30:00,G1106,83,79,77,90,73,97,93,83,101,114,137,152,120,100,111,102,47,49,62
2019/9/2,13:30:00,G1107,77,89,86,93,76,91,84,97,98,113,138,152,105,103,115,104,51,69,64
2019/9/2,13:30:00,G1108,76,85,81,84,73,93,84,NaN,93,NaN,134,NaN,105,NaN,NaN,103,NaN,74,66
2019/9/2,13:30:00,G1109,82,92,82,98,80,79,84,89,97,116,127,138,112,106,116,112,60,77,79
2019/9/2,13:30:00,G1110,83,89,74,92,83,61,86,82,85,101,124,127,112,103,117,112,57,80,84
2019/9/2,13:30:00,G1111,78,91,81,86,84,65,89,83,90,90,106,NaN,106,106,NaN,104,53,70,91
2019/9/2,13:30:00,G1112,84,97,88,96,91,78,102,89,91,93,106,109,110,113,118,112,81,80,95
2019/9/2,13:30:00,G1113,84,98,90,98,94,83,100,90,91,87,100,115,107,112,112,109,82,95,96
2019/9/3,15:55:00,G1101,7,28,29,55,41,59,36,111,100,73,114,48,82,338,30,29,41,35,22
2019/9/3,15:55:00,G1102,298,34,29,34,29,278,25,NaN,107,70,87,48,1,16,38,40,40,49,27
2019/9/3,15:55:00,G1103,200,35,31,39,17,358,76,78,120,74,88,77,22,229,41,44,64,52,35
2019/9/3,15:55:00,G1104,178,27,26,35,342,47,29,60,164,68,88,62,43,358,47,53,64,55,37
2019/9/3,15:55:00,G1105,NaN,27,7,NaN,48,352,7,45,178,53,79,NaN,NaN,23,NaN,57,NaN,50,39
2019/9/3,15:55:00,G1106,45,9,10,34,26,260,29,51,164,69,85,43,86,34,67,77,65,56,39
2019/9/3,15:55:00,G1107,121,15,219,27,38,31,29,56,149,60,78,50,22,51,78,72,67,64,47
2019/9/3,15:55:00,G1108,47,NaN,50,27,5,NaN,23,NaN,143,63,NaN,48,NaN,NaN,78,69,65,NaN,45
2019/9/3,15:55:00,G1109,30,31,36,17,332,32,32,61,130,66,81,49,38,65,78,68,67,67,50
2019/9/3,15:55:00,G1110,20,31,39,24,17,9,30,59,132,63,78,41,38,64,64,60,61,67,50
2019/9/3,15:55:00,G1111,26,36,40,19,18,19,26,57,115,64,60,43,NaN,72,64,51,61,61,50
2019/9/3,15:55:00,G1112,33,42,39,27,29,40,35,64,127,67,68,47,59,78,69,58,67,67,61
2019/9/3,15:55:00,G1113,31,41,182,22,22,15,33,60,117,63,67,44,61,80,64,51,66,61,61
2019/9/4,15:05:00,G1101,74,78,35,49,57,78,35,58,47,32,47,44,32,328,85,358,18,33,1
2019/9/4,15:05:00,G1102,68,65,38,48,63,73,43,54,NaN,26,34,54,27,303,13,80,16,291,15
2019/9/4,15:05:00,G1103,60,67,50,47,60,57,52,50,42,33,33,45,36,234,340,336,272,296,326
2019/9/4,15:05:00,G1104,65,67,62,48,62,68,53,50,45,36,38,43,33,290,328,305,266,200,351
2019/9/4,15:05:00,G1105,43,NaN,NaN,52,NaN,69,56,36,38,28,NaN,44,27,22,60,343,26,334,359
2019/9/4,15:05:00,G1106,50,59,68,63,68,79,64,NaN,NaN,NaN,NaN,NaN,NaN,NaN,NaN,NaN,NaN,NaN,NaN
2019/9/4,15:05:00,G1107,55,41,63,62,69,78,61,48,42,35,36,51,47,44,33,26,32,34,39
2019/9/4,15:05:00,G1108,NaN,44,NaN,NaN,70,NaN,NaN,NaN,34,28,14,NaN,50,43,35,10,32,NaN,52
2019/9/4,15:05:00,G1109,53,44,64,58,67,83,60,55,41,38,43,51,58,56,45,32,48,48,52
2019/9/4,15:05:00,G1110,56,47,51,53,54,69,58,55,47,38,29,49,56,51,41,39,47,47,55
2019/9/4,15:05:00,G1111,66,62,61,53,63,62,60,56,50,37,40,53,63,NaN,45,44,NaN,50,59
2019/9/4,15:05:00,G1112,78,70,75,59,73,68,67,64,58,41,48,56,67,61,61,56,67,62,66
2019/9/4,15:05:00,G1113,87,66,74,68,69,65,66,60,58,43,47,58,65,57,60,61,70,62,67
2019/9/5,14:10:00,G1101,70,66,49,72,37,56,33,85,113,73,102,126,137,148,134,146,128,127,130
2019/9/5,14:10:00,G1102,69,58,45,52,NaN,37,349,77,103,96,105,116,131,112,137,131,121,128,109
2019/9/5,14:10:00,G1103,68,57,45,37,53,46,39,78,107,90,98,121,145,130,118,110,104,NaN,110
2019/9/5,14:10:00,G1104,76,58,49,357,56,35,45,81,110,88,101,115,140,125,113,111,102,120,113
2019/9/5,14:10:00,G1105,71,NaN,NaN,NaN,NaN,NaN,44,96,84,92,84,83,NaN,93,NaN,101,95,105,106
2019/9/5,14:10:00,G1106,74,61,57,34,60,75,57,82,93,95,90,91,133,85,101,106,101,110,112
2019/9/5,14:10:00,G1107,74,57,57,48,50,36,58,68,94,80,53,61,97,81,103,100,101,106,99
2019/9/5,14:10:00,G1108,77,NaN,NaN,NaN,50,NaN,NaN,72,92,78,NaN,67,NaN,83,104,NaN,NaN,106,97
2019/9/5,14:10:00,G1109,79,64,59,53,74,40,58,84,91,82,59,67,88,58,99,95,101,110,101
2019/9/5,14:10:00,G1110,72,59,60,53,66,50,53,55,87,66,52,69,68,51,79,95,100,99,88
2019/9/5,14:10:00,G1111,68,59,52,NaN,32,41,54,63,86,67,60,60,80,54,75,85,93,100,83
2019/9/5,14:10:00,G1112,80,69,62,62,44,43,63,78,95,77,64,64,85,58,82,84,100,101,93
2019/9/5,14:10:00,G1113,74,72,48,60,54,54,55,68,91,80,75,67,86,55,78,81,101,96,92
2019/9/11,21:05:00,G1101,150,164,165,101,40,54,60,85,143,100,106,53,339,7,321,318,350,121,208
2019/9/11,21:05:00,G1102,118,NaN,103,98,55,52,51,83,132,NaN,98,320,74,NaN,128,318,NaN,184,208
2019/9/11,21:05:00,G1103,100,101,96,91,65,58,65,88,140,120,106,115,330,16,337,350,221,230,341
2019/9/11,21:05:00,G1104,104,97,105,96,70,60,68,91,145,123,110,106,20,336,211,357,170,315,54
2019/9/11,21:05:00,G1105,NaN,101,NaN,85,59,52,NaN,NaN,143,144,NaN,NaN,107,NaN,2,354,60,NaN,330
2019/9/11,21:05:00,G1106,116,111,115,100,73,61,74,111,144,149,123,123,118,98,23,295,123,199,345
2019/9/11,21:05:00,G1107,141,134,129,112,85,66,83,116,131,153,126,130,123,78,343,340,331,180,201
2019/9/11,21:05:00,G1108,141,134,132,NaN,88,63,78,NaN,NaN,NaN,NaN,135,123,73,357,NaN,312,NaN,NaN
2019/9/11,21:05:00,G1109,151,152,136,123,99,62,79,123,144,141,130,140,127,68,29,334,22,194,158
2019/9/11,21:05:00,G1110,151,151,134,126,96,65,78,112,151,124,129,152,125,67,29,350,31,143,45
2019/9/11,21:05:00,G1111,142,150,142,129,105,79,85,106,140,114,136,NaN,128,106,343,307,360,50,27
2019/9/11,21:05:00,G1112,140,157,151,140,117,95,98,119,148,113,143,128,132,134,329,225,151,73,56
2019/9/11,21:05:00,G1113,143,153,147,136,115,101,105,119,147,116,144,127,129,154,146,225,166,101,90
2019/9/14,19:10:00,G1101,228,216,190,231,190,179,134,141,138,134,157,147,75,133,110,139,81,61,111
2019/9/14,19:10:00,G1102,229,NaN,200,NaN,200,NaN,116,129,135,133,148,NaN,76,95,101,117,75,67,102
2019/9/14,19:10:00,G1103,219,195,206,247,221,197,110,122,129,131,145,125,77,96,103,103,73,85,90
2019/9/14,19:10:00,G1104,221,198,208,242,225,202,113,123,129,131,147,128,77,105,98,119,78,80,96
2019/9/14,19:10:00,G1105,215,NaN,NaN,NaN,NaN,NaN,106,NaN,NaN,130,140,138,79,109,NaN,141,NaN,NaN,95
2019/9/14,19:10:00,G1106,210,209,210,222,216,188,110,120,126,133,146,153,86,121,130,163,160,100,128
2019/9/14,19:10:00,G1107,223,213,209,214,213,192,120,128,135,135,157,150,88,143,154,154,194,181,140
2019/9/14,19:10:00,G1108,NaN,207,NaN,NaN,NaN,NaN,NaN,131,NaN,136,156,158,91,137,NaN,171,191,NaN,NaN
2019/9/14,19:10:00,G1109,230,208,213,218,196,190,181,125,140,147,166,163,109,165,188,186,195,212,188
2019/9/14,19:10:00,G1110,235,210,212,224,188,186,191,135,128,143,166,162,142,173,195,202,208,204,202
2019/9/14,19:10:00,G1111,NaN,213,213,218,197,188,188,152,138,140,166,NaN,157,188,196,NaN,218,208,202
2019/9/14,19:10:00,G1112,245,218,223,224,207,196,199,133,155,158,180,165,160,204,211,217,224,221,218
2019/9/14,19:10:00,G1113,240,213,219,228,210,193,207,158,151,154,177,157,174,200,213,229,219,215,216
2019/9/15,3:05:00,G1101,320,320,337,45,333,353,349,351,290,296,280,294,290,338,236,104,58,38,347
2019/9/15,3:05:00,G1102,317,337,351,122,352,NaN,342,341,NaN,292,278,285,NaN,24,227,162,85,90,39
2019/9/15,3:05:00,G1103,332,350,131,111,16,87,340,334,315,284,283,280,282,319,253,206,165,136,112
2019/9/15,3:05:00,G1104,330,12,203,77,122,240,340,42,311,288,284,286,281,305,253,240,196,120,112
2019/9/15,3:05:00,G1105,322,336,352,347,10,15,325,NaN,314,NaN,272,NaN,NaN,275,NaN,160,123,NaN,NaN
2019/9/15,3:05:00,G1106,336,200,164,38,350,74,19,40,330,285,270,290,290,285,223,128,112,90,106
2019/9/15,3:05:00,G1107,330,150,30,29,25,57,29,43,289,163,257,39,21,73,56,64,90,116,112
2019/9/15,3:05:00,G1108,168,175,30,NaN,25,21,32,35,NaN,NaN,NaN,40,NaN,68,NaN,64,90,NaN,NaN
2019/9/15,3:05:00,G1109,32,36,36,32,29,37,35,44,228,175,31,65,53,50,67,84,112,114,120
2019/9/15,3:05:00,G1110,44,32,30,20,31,37,33,59,208,260,115,77,45,50,77,78,112,112,117
2019/9/15,3:05:00,G1111,64,66,37,19,36,NaN,58,87,162,NaN,216,60,67,51,76,84,106,106,108
2019/9/15,3:05:00,G1112,80,77,48,33,50,50,76,84,165,175,138,55,94,62,92,95,122,119,118
2019/9/15,3:05:00,G1113,88,91,51,42,49,56,78,69,148,134,119,70,98,58,88,116,118,112,118
2019/9/16,17:10:00,G1101,269,202,223,238,232,191,146,121,104,124,157,185,286,127,189,189,206,186,112
2019/9/16,17:10:00,G1102,278,191,NaN,NaN,229,204,139,97,97,129,153,198,255,NaN,176,NaN,185,168,105
2019/9/16,17:10:00,G1103,276,210,242,NaN,212,239,142,90,102,117,151,179,280,121,211,188,181,160,101
2019/9/16,17:10:00,G1104,280,211,244,240,227,230,141,93,103,117,149,194,284,119,222,197,183,155,108
2019/9/16,17:10:00,G1105,NaN,NaN,NaN,NaN,NaN,NaN,NaN,88,91,106,132,NaN,NaN,NaN,199,NaN,163,151,102
2019/9/16,17:10:00,G1106,265,274,252,238,232,216,140,95,96,110,122,118,273,128,219,153,174,165,119
2019/9/16,17:10:00,G1107,270,268,247,235,225,221,152,104,95,110,92,106,331,124,178,147,167,156,105
2019/9/16,17:10:00,G1108,NaN,260,NaN,NaN,219,NaN,156,105,95,NaN,89,NaN,NaN,NaN,NaN,133,162,NaN,NaN
2019/9/16,17:10:00,G1109,275,264,249,254,236,226,158,107,98,114,92,89,335,135,114,119,150,126,95
2019/9/16,17:10:00,G1110,270,257,251,251,240,229,147,104,95,98,93,68,110,110,102,98,117,105,62
2019/9/16,17:10:00,G1111,270,NaN,252,NaN,247,NaN,NaN,106,95,89,87,40,90,112,99,98,87,72,52
2019/9/16,17:10:00,G1112,276,263,258,258,259,253,173,113,102,94,95,54,117,111,100,102,80,79,67
2019/9/16,17:10:00,G1113,269,264,255,260,257,251,179,116,106,81,93,71,104,93,96,95,68,78,61
2019/9/17,15:40:00,G1101,311,285,316,345,296,33,293,237,162,145,144,143,139,NaN,122,130,130,130,132
2019/9/17,15:40:00,G1102,NaN,NaN,NaN,NaN,NaN,NaN,NaN,NaN,NaN,NaN,NaN,NaN,NaN,NaN,NaN,NaN,128,116,112
2019/9/17,15:40:00,G1103,301,11,313,344,314,45,297,270,204,136,134,127,142,125,109,113,123,109,114
2019/9/17,15:40:00,G1104,307,2,310,350,319,23,286,273,201,142,131,131,144,113,114,120,126,111,114
2019/9/17,15:40:00,G1105,314,353,301,336,NaN,299,316,NaN,NaN,139,131,133,140,NaN,109,NaN,NaN,113,120
2019/9/17,15:40:00,G1106,316,324,327,348,263,310,351,275,141,147,135,138,145,133,122,122,123,121,126
2019/9/17,15:40:00,G1107,360,311,325,351,280,293,317,266,140,141,141,140,141,148,149,142,136,127,140
2019/9/17,15:40:00,G1108,353,NaN,NaN,3,NaN,NaN,308,223,NaN,140,137,NaN,NaN,NaN,NaN,NaN,133,132,138
2019/9/17,15:40:00,G1109,337,316,134,346,337,335,309,247,152,148,155,142,142,141,154,168,153,145,147
2019/9/17,15:40:00,G1110,331,313,16,344,32,333,278,253,131,146,157,139,143,145,153,157,163,154,159
2019/9/17,15:40:00,G1111,314,309,324,26,1,NaN,299,NaN,156,159,153,145,136,153,161,157,NaN,174,171
2019/9/17,15:40:00,G1112,329,26,90,342,30,1,287,249,165,182,169,165,166,164,171,162,187,185,185
2019/9/17,15:40:00,G1113,310,325,34,1,41,332,277,225,97,213,160,162,169,169,165,166,182,202,188
2019/9/17,17:15:00,G1101,116,126,131,133,126,132,102,93,75,85,52,253,107,169,197,131,145,115,129
2019/9/17,17:15:00,G1102,119,NaN,127,NaN,115,113,102,84,69,81,16,268,NaN,173,207,128,132,NaN,NaN
2019/9/17,17:15:00,G1103,124,115,123,116,117,117,108,83,65,72,345,296,117,164,200,130,120,124,120
2019/9/17,17:15:00,G1104,121,118,128,119,124,121,111,82,70,76,359,293,131,168,204,121,112,127,125
2019/9/17,17:15:00,G1105,NaN,NaN,NaN,NaN,NaN,NaN,91,76,60,66,353,NaN,128,162,194,168,139,120,NaN
2019/9/17,17:15:00,G1106,123,118,127,125,126,123,107,87,67,75,6,220,117,162,182,172,144,138,133
2019/9/17,17:15:00,G1107,134,134,134,139,134,123,106,95,68,71,3,105,120,151,177,184,169,151,155
2019/9/17,17:15:00,G1108,136,NaN,135,139,133,126,NaN,NaN,67,77,10,NaN,NaN,151,162,177,NaN,NaN,156
2019/9/17,17:15:00,G1109,147,143,142,150,156,138,114,98,67,76,353,83,126,135,83,160,140,137,143
2019/9/17,17:15:00,G1110,152,160,157,149,157,136,107,91,60,64,338,64,95,90,68,141,119,114,131
2019/9/17,17:15:00,G1111,164,162,165,159,158,142,112,82,52,54,22,60,61,60,65,126,109,109,121
2019/9/17,17:15:00,G1112,181,174,180,176,168,153,129,94,71,59,25,70,67,67,67,115,110,114,125
2019/9/17,17:15:00,G1113,186,172,181,181,168,157,130,102,68,42,23,64,60,56,70,105,91,101,123
2019/9/26,17:45:00,G1101,346,336,183,1,342,331,52,100,103,117,135,130,128,118,121,100,122,130,127
2019/9/26,17:45:00,G1102,285,NaN,153,262,355,41,48,99,109,103,127,112,NaN,112,102,100,120,115,119
2019/9/26,17:45:00,G1103,173,346,147,253,193,239,55,95,110,109,131,112,123,119,116,114,114,118,123
2019/9/26,17:45:00,G1104,193,337,228,126,256,214,55,97,111,114,126,117,129,119,119,106,112,119,123
2019/9/26,17:45:00,G1105,174,271,NaN,NaN,306,NaN,34,100,101,125,NaN,109,NaN,NaN,NaN,NaN,NaN,NaN,NaN
2019/9/26,17:45:00,G1106,13,80,36,351,252,35,34,115,107,135,123,116,129,125,116,110,124,123,124
2019/9/26,17:45:00,G1107,31,53,31,30,29,34,38,115,116,165,123,124,131,131,123,123,129,131,129
2019/9/26,17:45:00,G1108,31,20,24,27,31,34,38,NaN,NaN,NaN,NaN,NaN,129,NaN,NaN,123,NaN,134,NaN
2019/9/26,17:45:00,G1109,26,37,27,33,34,38,38,122,142,159,128,125,157,135,129,135,141,140,140
2019/9/26,17:45:00,G1110,38,25,31,29,31,44,67,133,164,132,135,141,150,135,131,140,145,131,129
2019/9/26,17:45:00,G1111,23,30,26,28,22,39,51,96,99,154,136,135,164,151,141,137,152,159,135
2019/9/26,17:45:00,G1112,34,32,39,39,48,48,36,111,153,145,150,154,173,142,160,154,173,170,140
2019/9/26,17:45:00,G1113,NaN,33,36,33,46,40,48,147,174,149,166,159,155,161,152,157,162,170,146
2019/10/6,14:55:00,G1101,139,144,133,123,135,124,117,124,132,143,125,142,112,116,113,115,128,104,107
2019/10/6,14:55:00,G1102,126,131,132,114,128,124,122,NaN,124,139,114,115,109,118,123,121,128,98,102
2019/10/6,14:55:00,G1103,147,135,123,107,120,120,117,122,119,118,116,102,114,113,113,121,114,95,115
2019/10/6,14:55:00,G1104,145,134,121,110,121,112,122,125,117,120,114,102,118,123,112,126,111,92,107
2019/10/6,14:55:00,G1105,132,NaN,107,108,116,109,NaN,119,109,NaN,NaN,NaN,109,NaN,NaN,NaN,NaN,97,99
2019/10/6,14:55:00,G1106,135,130,112,121,106,116,104,117,115,115,114,107,109,119,108,116,111,97,103
2019/10/6,14:55:00,G1107,133,131,117,105,119,114,99,108,112,117,106,106,112,119,115,113,103,84,102
2019/10/6,14:55:00,G1108,NaN,129,NaN,105,NaN,106,95,106,NaN,NaN,NaN,106,NaN,NaN,NaN,NaN,NaN,NaN,NaN
2019/10/6,14:55:00,G1109,127,130,114,106,111,114,105,113,118,121,106,106,106,113,112,112,105,95,111
2019/10/6,14:55:00,G1110,119,122,112,112,106,106,105,106,111,106,101,95,101,106,101,106,92,85,104
2019/10/6,14:55:00,G1111,NaN,118,110,103,105,100,106,106,NaN,NaN,95,86,95,101,NaN,101,90,82,101
2019/10/6,14:55:00,G1112,112,125,118,112,112,106,114,116,111,106,101,97,106,110,109,106,95,86,104
2019/10/6,14:55:00,G1113,112,122,118,108,112,102,114,119,109,105,101,95,101,102,102,101,95,93,101
2019/10/13,2:55:00,G1101,287,301,294,289,293,325,310,322,327,336,343,101,37,42,35,42,42,358,43
2019/10/13,2:55:00,G1102,288,284,288,290,287,316,279,325,317,336,250,NaN,45,47,41,3,36,15,37
2019/10/13,2:55:00,G1103,300,280,286,284,282,284,282,315,340,333,299,15,42,37,38,258,44,35,15
2019/10/13,2:55:00,G1104,292,283,280,296,285,280,275,314,343,336,32,60,49,39,45,45,44,36,37
2019/10/13,2:55:00,G1105,NaN,NaN,276,NaN,NaN,NaN,262,NaN,339,339,NaN,51,46,32,34,34,33,33,39
2019/10/13,2:55:00,G1106,287,279,279,270,248,265,266,319,341,339,13,245,37,38,40,42,36,40,44
2019/10/13,2:55:00,G1107,276,277,276,254,266,255,265,307,341,342,9,27,38,47,46,44,16,45,46
2019/10/13,2:55:00,G1108,276,273,273,NaN,261,NaN,NaN,NaN,336,337,19,29,38,41,45,41,39,40,43
2019/10/13,2:55:00,G1109,285,275,278,264,258,261,262,313,338,9,27,36,37,42,40,41,18,43,45
2019/10/13,2:55:00,G1110,285,282,255,261,258,251,258,305,332,360,11,29,31,36,31,36,28,35,50
2019/10/13,2:55:00,G1111,316,NaN,265,NaN,260,243,NaN,303,317,NaN,22,26,26,26,28,33,30,33,33
2019/10/13,2:55:00,G1112,319,297,284,249,273,253,265,315,322,121,32,37,37,41,40,43,45,40,45
2019/10/13,2:55:00,G1113,311,296,265,248,261,244,271,311,316,342,27,34,31,35,36,38,37,34,42
2019/10/14,4:10:00,G1101,21,31,31,47,40,36,339,37,72,29,47,325,1,357,44,36,7,72,327
2019/10/14,4:10:00,G1102,33,41,41,41,25,31,319,46,30,329,48,340,321,6,301,54,311,90,308
2019/10/14,4:10:00,G1103,38,342,354,36,30,37,46,27,236,109,329,14,164,280,33,34,131,328,148
2019/10/14,4:10:00,G1104,51,34,12,37,36,38,47,37,36,15,356,19,25,19,35,350,191,154,88
2019/10/14,4:10:00,G1105,NaN,NaN,27,NaN,32,30,44,26,32,20,30,23,20,NaN,32,30,2,NaN,NaN
2019/10/14,4:10:00,G1106,55,33,34,36,36,38,27,38,34,36,40,23,91,29,33,35,27,14,31
2019/10/14,4:10:00,G1107,57,44,42,50,46,44,41,43,44,42,44,41,40,41,31,42,34,17,40
2019/10/14,4:10:00,G1108,NaN,45,40,46,40,40,38,39,44,41,31,38,40,37,37,41,31,31,36
2019/10/14,4:10:00,G1109,61,50,54,49,55,50,41,46,47,47,39,39,24,39,41,45,39,39,46
2019/10/14,4:10:00,G1110,52,47,45,42,47,38,38,42,46,40,34,40,30,39,39,39,39,39,45
2019/10/14,4:10:00,G1111,50,47,36,44,46,39,40,38,34,39,39,39,38,39,39,39,39,39,39
2019/10/14,4:10:00,G1112,60,58,45,51,55,51,52,49,47,50,49,50,45,50,48,46,50,50,50
2019/10/14,4:10:00,G1113,56,53,52,49,53,48,53,50,45,48,47,45,45,45,45,45,46,45,50
2020/2/15,23:10:00,G1101,336,9,345,24,358,47,356,341,347,343,39,356,55,354,336,349,356,345,331
2020/2/15,23:10:00,G1102,341,315,345,350,65,307,318,231,354,336,359,3,222,158,342,349,15,349,326
2020/2/15,23:10:00,G1103,55,339,341,237,303,203,195,224,281,338,344,354,11,342,353,329,326,347,337
2020/2/15,23:10:00,G1104,12,340,198,348,198,179,149,244,348,340,315,344,15,336,234,355,183,6,338
2020/2/15,23:10:00,G1105,331,324,346,333,341,32,6,317,315,333,354,345,13,342,347,20,340,353,334
2020/2/15,23:10:00,G1106,342,350,23,158,42,354,180,336,344,353,337,344,323,208,317,333,87,355,339
2020/2/15,23:10:00,G1107,147,195,162,187,217,163,160,357,342,156,309,119,204,151,236,141,167,96,336
2020/2/15,23:10:00,G1108,180,150,181,201,202,166,164,123,210,171,303,180,62,180,203,133,330,155,334
2020/2/15,23:10:00,G1109,216,194,163,207,149,250,151,195,213,193,139,206,178,164,165,209,202,206,324
2020/2/15,23:10:00,G1110,41,152,169,145,83,23,230,256,52,259,175,173,142,199,153,179,133,264,346
2020/2/15,23:10:00,G1111,75,158,67,118,340,15,9,15,17,23,20,41,79,16,28,15,18,357,307
2020/2/15,23:10:00,G1112,30,348,148,209,190,1,80,27,29,39,33,100,83,28,73,30,31,166,198
2020/2/15,23:10:00,G1113,14,13,15,20,17,18,22,19,28,30,22,19,18,20,19,20,22,10,17
2020/5/10,15:40:00,G1101,NaN,149,201,179,NaN,196,258,281,295,307,324,301,319,331,NaN,95,203,177,238
2020/5/10,15:40:00,G1102,240,171,199,181,208,211,247,279,288,310,322,307,333,325,NaN,145,202,158,73
2020/5/10,15:40:00,G1103,213,189,197,178,214,198,241,266,279,307,313,319,338,194,47,35,94,126,23
2020/5/10,15:40:00,G1104,220,NaN,196,NaN,225,NaN,NaN,264,NaN,NaN,NaN,NaN,NaN,NaN,NaN,6,NaN,104,NaN
2020/5/10,15:40:00,G1105,223,216,182,179,218,228,244,259,275,310,316,318,332,53,39,32,33,78,37
2020/5/10,15:40:00,G1106,227,197,190,190,215,223,245,261,280,313,322,323,337,262,36,31,40,58,300
2020/5/10,15:40:00,G1107,233,186,191,202,226,224,248,262,286,322,324,322,341,89,33,26,37,38,19
2020/5/10,15:40:00,G1108,235,175,203,198,225,221,239,259,281,316,320,317,337,305,30,24,33,31,207
2020/5/10,15:40:00,G1109,245,172,214,197,241,222,200,258,281,321,322,328,341,357,22,195,11,197,189
2020/5/10,15:40:00,G1110,253,194,213,206,251,231,227,256,280,317,326,333,336,343,20,141,195,234,329
2020/5/10,15:40:00,G1111,NaN,182,216,226,251,NaN,224,248,275,308,329,333,333,331,15,352,27,193,317
2020/5/10,15:40:00,G1112,261,203,219,235,247,246,234,258,286,316,339,335,342,343,42,178,299,199,318
2020/5/10,15:40:00,G1113,269,210,210,228,246,241,222,258,286,308,336,333,339,341,11,343,13,340,312
2020/5/11,20:55:00,G1101,236,NaN,205,215,NaN,283,323,319,323,287,325,319,330,305,316,330,NaN,319,308
2020/5/11,20:55:00,G1102,232,NaN,206,201,240,246,324,316,321,308,321,321,317,322,329,327,NaN,322,312
2020/5/11,20:55:00,G1103,237,215,196,195,229,264,309,314,318,309,322,316,306,316,319,316,322,320,308
2020/5/11,20:55:00,G1104,237,NaN,202,NaN,NaN,NaN,NaN,NaN,NaN,NaN,321,NaN,316,NaN,314,NaN,322,NaN,326
2020/5/11,20:55:00,G1105,219,222,202,216,228,247,301,311,315,306,313,312,306,311,315,311,318,314,324
2020/5/11,20:55:00,G1106,222,228,208,225,230,247,303,316,322,294,307,315,322,317,318,315,327,319,327
2020/5/11,20:55:00,G1107,225,230,216,223,233,253,298,316,313,301,322,326,323,315,313,320,313,327,324
2020/5/11,20:55:00,G1108,219,226,216,219,233,247,293,311,307,301,319,321,311,307,308,316,306,321,319
2020/5/11,20:55:00,G1109,216,231,213,218,239,247,296,311,312,306,317,328,317,313,306,320,305,322,310
2020/5/11,20:55:00,G1110,211,221,211,210,240,239,292,312,303,318,312,316,313,305,308,316,301,314,311
2020/5/11,20:55:00,G1111,211,219,210,213,NaN,230,286,306,304,319,309,311,314,298,310,315,310,308,313
2020/5/11,20:55:00,G1112,216,227,219,216,236,236,296,315,315,322,315,315,318,308,318,320,315,315,315
2020/5/11,20:55:00,G1113,219,218,219,213,236,231,292,312,310,317,312,313,311,304,314,314,309,314,309
2020/5/18,2:10:00,G1101,112,163,164,NaN,135,NaN,180,176,212,247,NaN,276,NaN,315,94,111,87,NaN,NaN
2020/5/18,2:10:00,G1102,128,162,166,136,122,142,198,176,207,245,263,272,239,308,100,100,95,NaN,88
2020/5/18,2:10:00,G1103,164,156,186,135,137,175,208,174,201,228,249,258,247,303,97,83,93,69,95
2020/5/18,2:10:00,G1104,NaN,175,NaN,NaN,157,NaN,213,NaN,207,NaN,251,NaN,264,NaN,101,NaN,NaN,NaN,101
2020/5/18,2:10:00,G1105,211,198,223,196,214,225,224,179,208,217,253,NaN,256,296,151,73,105,56,109
2020/5/18,2:10:00,G1106,222,215,221,200,227,218,226,194,213,224,256,258,245,279,168,219,115,303,156
2020/5/18,2:10:00,G1107,275,271,264,204,251,320,253,197,226,231,254,257,249,281,246,264,219,294,286
2020/5/18,2:10:00,G1108,266,270,270,236,292,326,298,193,229,225,251,253,247,275,255,264,210,292,286
2020/5/18,2:10:00,G1109,278,318,315,41,9,35,39,196,235,252,242,255,253,281,275,284,282,292,278
2020/5/18,2:10:00,G1110,308,321,303,314,319,267,42,195,228,248,241,254,259,281,276,292,258,281,264
2020/5/18,2:10:00,G1111,306,281,276,272,325,320,348,194,237,247,233,248,259,281,270,287,NaN,266,253
2020/5/18,2:10:00,G1112,309,290,287,285,309,337,16,204,220,251,244,258,265,287,272,288,241,268,253
2020/5/18,2:10:00,G1113,293,279,275,286,285,306,247,195,185,247,241,258,270,283,265,283,230,258,240
2020/5/20,13:10:00,G1101,132,128,146,140,144,137,134,140,36,328,39,79,66,80,NaN,84,120,107,107
2020/5/20,13:10:00,G1102,128,119,140,138,137,142,135,136,81,330,39,77,69,71,NaN,84,103,102,119
2020/5/20,13:10:00,G1103,118,139,126,132,137,145,136,140,86,341,39,75,67,73,78,87,95,94,128
2020/5/20,13:10:00,G1104,113,NaN,130,NaN,129,NaN,138,NaN,91,NaN,45,80,75,NaN,81,97,97,NaN,109
2020/5/20,13:10:00,G1105,115,125,128,135,123,129,136,136,95,37,38,84,80,86,78,91,97,101,96
2020/5/20,13:10:00,G1106,127,131,135,128,126,136,143,135,98,34,87,90,87,93,86,100,104,101,99
2020/5/20,13:10:00,G1107,127,136,145,135,139,134,151,130,109,51,93,104,111,99,98,113,110,106,106
2020/5/20,13:10:00,G1108,123,136,141,132,135,129,143,123,106,39,88,106,106,99,94,109,106,103,103
2020/5/20,13:10:00,G1109,128,137,142,139,136,137,151,124,119,61,100,121,110,106,117,117,111,113,108
2020/5/20,13:10:00,G1110,132,139,148,138,141,166,146,124,135,95,97,120,116,110,106,115,118,117,117
2020/5/20,13:10:00,G1111,130,139,143,149,144,162,144,121,135,120,124,132,NaN,112,116,116,122,118,123
2020/5/20,13:10:00,G1112,138,148,155,160,151,167,152,146,145,134,136,140,135,122,129,128,128,131,130
2020/5/20,13:10:00,G1113,137,151,159,162,157,164,164,151,157,145,154,152,138,133,133,137,134,135,137
2020/5/21,15:25:00,G1101,157,NaN,163,170,160,180,172,NaN,187,NaN,190,NaN,167,NaN,223,177,201,203,152
2020/5/21,15:25:00,G1102,139,NaN,141,160,150,196,176,NaN,184,NaN,188,NaN,169,227,234,176,216,205,151
2020/5/21,15:25:00,G1103,138,152,146,150,170,193,189,NaN,187,NaN,176,140,172,223,244,212,239,185,151
2020/5/21,15:25:00,G1104,140,NaN,NaN,NaN,172,NaN,NaN,NaN,NaN,NaN,NaN,NaN,NaN,NaN,253,NaN,223,NaN,166
2020/5/21,15:25:00,G1105,124,178,156,145,181,197,183,NaN,192,227,188,154,194,231,257,219,225,194,173
2020/5/21,15:25:00,G1106,134,174,161,168,177,193,192,170,193,242,201,165,210,235,258,230,227,199,183
2020/5/21,15:25:00,G1107,176,175,156,170,178,194,168,177,193,247,224,175,215,238,240,232,227,205,209
2020/5/21,15:25:00,G1108,173,171,153,164,174,190,161,178,194,242,218,178,200,236,233,236,225,207,209
2020/5/21,15:25:00,G1109,167,163,168,180,179,178,151,195,195,247,216,226,214,246,233,236,225,215,216
2020/5/21,15:25:00,G1110,162,175,176,159,166,173,159,213,195,240,242,199,218,241,239,226,228,214,222
2020/5/21,15:25:00,G1111,157,NaN,178,160,173,172,149,NaN,195,230,224,197,217,238,NaN,215,220,216,227
2020/5/21,15:25:00,G1112,164,187,185,168,176,182,153,231,203,240,227,211,226,248,249,227,231,226,231
2020/5/21,15:25:00,G1113,167,189,192,159,170,189,153,234,202,NaN,217,219,227,259,247,236,231,222,236
2020/5/22,20:15:00,G1101,154,135,194,202,NaN,345,1,303,13,2,341,NaN,46,47,107,NaN,84,116,126
2020/5/22,20:15:00,G1102,174,145,178,196,245,323,9,202,332,66,176,124,44,47,105,90,73,111,109
2020/5/22,20:15:00,G1103,172,150,175,191,231,306,175,196,230,360,148,102,32,68,101,59,67,106,94
2020/5/22,20:15:00,G1104,NaN,164,NaN,210,NaN,NaN,NaN,198,NaN,50,NaN,347,NaN,69,NaN,59,NaN,104,NaN
2020/5/22,20:15:00,G1105,222,187,191,213,236,276,21,24,9,349,14,7,34,56,56,52,66,83,89
2020/5/22,20:15:00,G1106,238,200,208,219,241,275,37,25,26,263,22,28,39,52,56,50,68,94,90
2020/5/22,20:15:00,G1107,256,241,236,241,247,280,26,25,260,17,27,29,38,50,50,50,67,99,98
2020/5/22,20:15:00,G1108,250,241,234,241,245,270,152,21,216,123,24,28,35,39,45,45,63,96,95
2020/5/22,20:15:00,G1109,271,253,249,254,253,275,27,27,98,30,27,26,33,36,45,45,65,105,83
2020/5/22,20:15:00,G1110,258,232,253,259,264,281,28,22,81,24,25,27,24,26,39,45,62,95,78
2020/5/22,20:15:00,G1111,NaN,180,213,249,NaN,276,20,19,16,15,14,16,18,21,39,39,64,89,67
2020/5/22,20:15:00,G1112,175,182,207,249,246,287,43,29,27,25,25,27,42,32,45,45,71,97,78
2020/5/22,20:15:00,G1113,157,137,239,186,243,273,37,28,12,25,25,24,18,29,45,45,73,95,79
2020/6/2,13:20:00,G1101,223,197,196,NaN,216,177,166,277,264,240,282,296,214,NaN,217,183,184,174,158
2020/6/2,13:20:00,G1102,211,214,206,192,213,183,205,277,266,257,291,284,214,315,225,141,180,192,161
2020/6/2,13:20:00,G1103,201,204,193,186,197,228,219,276,272,252,284,270,297,228,228,166,184,190,150
2020/6/2,13:20:00,G1104,202,207,203,193,205,245,222,292,277,254,283,278,270,242,218,180,187,199,153
2020/6/2,13:20:00,G1105,193,182,185,195,201,223,211,299,276,257,275,262,229,252,229,181,201,202,151
2020/6/2,13:20:00,G1106,196,184,187,202,206,218,205,286,286,270,275,262,234,250,244,197,214,215,184
2020/6/2,13:20:00,G1107,199,203,197,207,207,218,216,278,288,274,275,263,256,247,243,218,226,218,202
2020/6/2,13:20:00,G1108,195,199,190,202,201,210,207,276,282,269,270,259,233,247,237,217,219,211,204
2020/6/2,13:20:00,G1109,199,210,200,206,202,216,215,280,297,272,274,264,231,247,233,230,214,213,224
2020/6/2,13:20:00,G1110,202,204,207,205,208,204,205,279,280,266,270,264,230,236,232,224,218,225,241
2020/6/2,13:20:00,G1111,202,195,207,211,210,198,200,271,292,265,266,270,225,226,227,219,218,226,230
2020/6/2,13:20:00,G1112,211,203,223,217,214,199,215,267,290,271,265,272,230,237,236,229,222,232,230
2020/6/2,13:20:00,G1113,208,204,236,214,215,189,229,267,289,266,260,269,230,235,236,224,220,234,230
2020/6/5,17:55:00,G1101,197,203,197,188,167,206,201,204,219,185,208,184,213,214,164,125,100,109,72
2020/6/5,17:55:00,G1102,180,204,197,185,187,202,198,216,204,182,203,183,227,230,211,127,108,107,93
2020/6/5,17:55:00,G1103,175,201,191,172,169,196,203,207,190,200,151,195,206,222,219,124,113,107,115
2020/6/5,17:55:00,G1104,196,203,194,180,208,205,204,213,177,204,222,207,192,215,219,127,125,112,105
2020/6/5,17:55:00,G1105,194,200,193,192,199,203,181,218,228,229,237,193,202,218,223,178,134,138,108
2020/6/5,17:55:00,G1106,215,202,199,186,204,214,195,222,225,224,216,203,211,225,225,219,135,142,113
2020/6/5,17:55:00,G1107,212,209,202,179,204,203,199,216,226,216,230,202,219,236,232,225,164,155,151
2020/6/5,17:55:00,G1108,212,208,196,184,201,200,196,217,229,213,225,201,219,234,228,222,160,157,132
2020/6/5,17:55:00,G1109,206,210,204,220,202,201,197,213,236,213,230,215,227,242,237,233,195,155,169
2020/6/5,17:55:00,G1110,188,215,199,202,202,199,195,215,238,219,225,218,229,246,241,230,214,214,227
2020/6/5,17:55:00,G1111,197,204,201,202,210,206,206,216,230,225,225,225,230,241,NaN,219,220,226,222
2020/6/5,17:55:00,G1112,210,211,209,210,210,213,213,216,236,232,230,230,236,247,241,225,228,235,230
2020/6/5,17:55:00,G1113,210,196,207,207,208,213,209,216,236,231,230,229,236,247,241,225,228,236,225
2020/6/6,0:10:00,G1101,198,162,181,156,168,183,192,201,195,168,NaN,230,240,219,220,147,206,153,225
2020/6/6,0:10:00,G1102,195,170,184,176,179,190,199,214,211,194,210,214,252,221,230,174,228,144,230
2020/6/6,0:10:00,G1103,186,170,173,177,169,194,183,210,221,186,201,184,241,218,220,245,216,144,206
2020/6/6,0:10:00,G1104,190,164,188,179,169,197,198,214,234,203,191,185,229,229,230,215,231,150,196
2020/6/6,0:10:00,G1105,178,163,176,173,160,179,197,195,214,196,158,204,219,240,227,257,209,196,189
2020/6/6,0:10:00,G1106,179,159,183,178,172,170,201,203,201,188,164,206,220,246,229,209,232,223,186
2020/6/6,0:10:00,G1107,186,172,196,176,192,198,203,220,200,185,168,189,216,217,210,194,216,213,183
2020/6/6,0:10:00,G1108,188,168,194,173,184,189,199,217,197,194,176,190,213,215,201,197,201,190,181
2020/6/6,0:10:00,G1109,180,174,190,180,201,197,205,218,207,194,197,193,214,210,197,194,209,180,200
2020/6/6,0:10:00,G1110,179,170,186,181,193,195,205,219,202,201,179,193,212,208,192,203,194,180,197
2020/6/6,0:10:00,G1111,183,184,185,195,193,NaN,204,220,203,NaN,196,197,206,196,188,195,187,190,199
2020/6/6,0:10:00,G1112,188,199,193,195,200,207,211,224,208,209,201,203,208,198,196,196,198,196,213
2020/6/6,0:10:00,G1113,193,186,200,197,196,206,211,218,200,208,199,200,200,197,195,193,203,199,208
2020/6/8,4:45:00,G1101,167,165,190,177,189,162,175,195,211,NaN,170,202,198,181,257,159,211,264,234
2020/6/8,4:45:00,G1102,175,185,195,193,196,172,174,225,230,213,184,202,196,200,256,216,192,223,212
2020/6/8,4:45:00,G1103,192,176,194,169,179,169,167,237,221,205,176,194,173,229,223,216,224,212,231
2020/6/8,4:45:00,G1104,189,185,204,173,176,177,165,241,223,206,182,200,181,236,233,216,207,221,230
2020/6/8,4:45:00,G1105,193,179,192,175,172,172,169,235,227,203,194,194,204,238,220,220,220,226,228
2020/6/8,4:45:00,G1106,188,185,194,182,177,175,164,222,230,216,200,203,205,244,226,219,224,226,232
2020/6/8,4:45:00,G1107,187,194,197,192,188,188,171,221,230,219,207,207,223,229,229,226,231,231,232
2020/6/8,4:45:00,G1108,181,184,189,187,182,181,175,217,222,214,204,203,222,222,224,222,228,226,229
2020/6/8,4:45:00,G1109,189,196,187,196,193,165,176,222,225,210,208,209,214,220,223,222,234,230,217
2020/6/8,4:45:00,G1110,189,186,183,196,182,181,190,218,222,198,206,215,221,212,219,222,230,225,207
2020/6/8,4:45:00,G1111,190,194,189,182,185,177,181,209,226,194,NaN,214,NaN,220,221,222,224,221,210
2020/6/8,4:45:00,G1112,188,197,196,189,188,186,186,217,230,200,214,214,224,222,230,228,224,227,220
2020/6/8,4:45:00,G1113,195,197,201,191,188,186,173,217,223,202,217,212,224,225,229,225,219,215,214
2020/6/8,11:45:00,G1101,133,179,145,181,240,247,254,234,258,144,243,240,NaN,198,204,260,230,247,226
2020/6/8,11:45:00,G1102,145,178,158,192,219,259,235,242,246,200,221,235,238,213,220,252,231,217,236
2020/6/8,11:45:00,G1103,123,194,156,191,206,212,206,220,217,217,237,246,240,224,221,238,230,242,248
2020/6/8,11:45:00,G1104,136,215,164,208,214,217,226,226,223,220,265,249,247,223,224,238,233,230,244
2020/6/8,11:45:00,G1105,136,218,191,211,216,232,223,223,232,216,259,247,237,217,223,228,229,234,219
2020/6/8,11:45:00,G1106,166,214,192,207,228,230,222,231,237,203,260,253,233,233,227,234,239,227,230
2020/6/8,11:45:00,G1107,220,209,202,210,235,230,219,239,231,223,260,261,236,242,233,245,231,229,229
2020/6/8,11:45:00,G1108,215,207,205,206,229,223,217,239,225,232,250,262,240,239,231,239,223,225,221
2020/6/8,11:45:00,G1109,212,209,214,216,229,222,223,237,215,235,251,250,234,236,239,241,227,225,222
2020/6/8,11:45:00,G1110,214,227,210,211,227,225,229,227,202,237,248,236,238,216,227,228,223,215,219
2020/6/8,11:45:00,G1111,215,218,203,218,NaN,225,225,225,196,244,252,NaN,241,224,220,NaN,222,216,219
2020/6/8,11:45:00,G1112,221,219,204,219,229,230,230,230,207,251,256,244,244,240,224,228,225,225,225
2020/6/8,11:45:00,G1113,219,215,214,224,222,230,226,228,208,238,253,241,239,227,223,231,225,224,223
2020/6/9,20:45:00,G1101,188,204,211,200,178,128,356,315,329,11,326,29,33,53,48,29,336,349,319
2020/6/9,20:45:00,G1102,205,215,210,194,182,145,178,346,337,45,326,37,36,72,50,36,122,60,1
2020/6/9,20:45:00,G1103,212,211,198,195,191,176,332,327,2,360,321,35,33,57,68,36,253,160,276
2020/6/9,20:45:00,G1104,231,202,204,201,191,182,339,330,352,358,331,34,35,54,66,38,14,171,148
2020/6/9,20:45:00,G1105,199,209,197,195,193,175,357,320,327,338,323,29,23,46,39,32,20,114,29
2020/6/9,20:45:00,G1106,203,205,196,198,206,178,23,327,332,343,320,39,25,47,45,36,19,32,36
2020/6/9,20:45:00,G1107,216,205,194,213,207,204,60,327,335,172,333,23,36,48,5,150,328,71,38
2020/6/9,20:45:00,G1108,211,201,190,211,198,207,103,323,330,337,330,5,322,41,353,131,325,100,16
2020/6/9,20:45:00,G1109,219,204,208,219,211,198,161,323,335,338,333,349,329,228,298,316,303,234,34
2020/6/9,20:45:00,G1110,214,210,209,200,210,203,203,320,334,332,306,323,315,271,260,270,270,318,312
2020/6/9,20:45:00,G1111,227,218,209,202,219,199,178,315,329,320,291,301,283,253,252,258,275,238,241
2020/6/9,20:45:00,G1112,225,217,213,215,225,209,NaN,325,332,313,300,300,285,259,260,NaN,281,248,NaN
2020/6/9,20:45:00,G1113,229,208,219,223,212,213,195,319,331,308,298,291,279,253,258,254,270,253,256
2020/6/13,10:25:00,G1101,60,30,43,39,76,21,34,63,80,88,66,62,114,162,89,69,309,69,335
2020/6/13,10:25:00,G1102,55,33,58,51,51,4,330,59,73,74,63,61,102,119,75,63,42,129,57
2020/6/13,10:25:00,G1103,46,50,63,39,22,77,278,55,72,66,69,66,89,114,74,68,66,49,32
2020/6/13,10:25:00,G1104,51,49,73,75,33,52,193,67,76,58,69,70,89,89,73,78,63,52,107
2020/6/13,10:25:00,G1105,52,35,40,4,46,35,30,73,72,57,61,67,76,81,62,60,60,39,47
2020/6/13,10:25:00,G1106,55,36,42,15,51,177,12,74,76,65,68,76,75,79,59,54,58,45,50
2020/6/13,10:25:00,G1107,56,35,41,46,56,40,36,56,82,67,73,80,67,89,62,21,58,48,43
2020/6/13,10:25:00,G1108,53,36,7,49,50,39,31,51,78,64,71,78,55,86,58,34,56,359,56
2020/6/13,10:25:00,G1109,49,50,12,37,59,36,53,43,67,61,74,76,59,67,64,49,56,39,39
2020/6/13,10:25:00,G1110,42,54,37,36,45,54,67,38,60,57,68,80,78,69,53,48,46,56,175
2020/6/13,10:25:00,G1111,48,59,44,51,56,46,67,38,49,61,71,83,81,62,61,57,51,50,64
2020/6/13,10:25:00,G1112,49,67,51,47,58,55,69,43,62,67,80,89,84,67,61,64,63,61,64
2020/6/13,10:25:00,G1113,50,70,58,47,63,64,66,41,59,67,73,88,82,67,61,65,66,67,65
2020/6/14,15:45:00,G1101,141,144,123,136,129,122,136,167,180,209,186,215,220,209,191,157,123,103,124
2020/6/14,15:45:00,G1102,138,133,131,144,127,129,135,165,199,217,195,186,221,214,190,155,135,118,67
2020/6/14,15:45:00,G1103,135,127,129,134,109,125,140,158,185,196,197,199,217,188,172,194,134,123,118
2020/6/14,15:45:00,G1104,137,126,111,134,119,119,139,161,195,197,198,205,200,185,174,148,146,120,116
2020/6/14,15:45:00,G1105,133,119,130,112,110,101,129,166,151,171,193,182,181,173,157,156,121,116,100
2020/6/14,15:45:00,G1106,137,127,141,119,116,112,133,171,154,146,185,170,180,166,158,152,118,118,115
2020/6/14,15:45:00,G1107,156,135,141,122,129,124,136,173,174,143,161,171,161,156,146,140,114,123,114
2020/6/14,15:45:00,G1108,153,132,138,125,128,124,134,173,158,143,150,162,157,154,142,135,115,121,113
2020/6/14,15:45:00,G1109,149,136,137,138,137,130,140,172,150,155,150,159,156,150,142,137,129,125,109
2020/6/14,15:45:00,G1110,140,133,127,152,140,135,146,170,147,146,146,157,149,143,140,136,122,122,117
2020/6/14,15:45:00,G1111,131,135,137,168,141,132,151,174,137,148,141,151,142,136,134,133,127,118,NaN
2020/6/14,15:45:00,G1112,137,142,149,175,146,136,163,179,146,152,145,157,150,140,139,147,139,134,134
2020/6/14,15:45:00,G1113,137,151,148,171,145,135,164,177,144,145,142,153,141,142,136,141,133,139,142
2020/6/14,17:25:00,G1101,52,76,115,144,128,122,108,154,161,116,110,114,114,134,132,107,132,155,123
2020/6/14,17:25:00,G1102,50,109,113,134,134,131,116,148,165,123,115,105,120,120,130,115,137,167,132
2020/6/14,17:25:00,G1103,98,114,114,125,133,135,109,156,159,118,104,116,125,133,125,134,114,149,134
2020/6/14,17:25:00,G1104,96,121,110,119,133,127,113,158,156,118,116,122,130,126,131,137,117,135,138
2020/6/14,17:25:00,G1105,147,126,108,117,130,109,122,157,150,111,135,130,132,132,126,132,121,165,133
2020/6/14,17:25:00,G1106,134,128,123,129,127,117,131,160,154,134,135,141,136,140,151,145,121,151,134
2020/6/14,17:25:00,G1107,124,126,130,130,138,127,135,171,160,148,143,143,152,161,157,151,142,165,138
2020/6/14,17:25:00,G1108,120,125,134,132,134,130,136,173,162,146,139,140,152,160,156,145,141,162,135
2020/6/14,17:25:00,G1109,118,132,126,129,132,138,136,180,169,175,147,151,152,161,159,156,152,165,137
2020/6/14,17:25:00,G1110,127,133,123,129,136,137,139,184,172,182,146,154,155,166,158,178,136,176,147
2020/6/14,17:25:00,G1111,127,132,129,129,138,132,134,186,174,175,151,171,169,182,164,176,136,161,152
2020/6/14,17:25:00,G1112,127,139,128,134,146,141,134,191,179,177,162,176,186,187,178,184,152,171,164
2020/6/14,17:25:00,G1113,118,140,131,135,144,142,132,193,173,172,160,171,193,179,156,164,147,173,165
2020/6/16,11:05:00,G1101,NaN,191,177,211,208,216,244,270,277,269,NaN,259,250,239,152,238,247,246,228
2020/6/16,11:05:00,G1102,223,196,194,200,214,221,237,268,274,273,277,256,234,226,184,239,247,237,257
2020/6/16,11:05:00,G1103,241,204,201,194,207,248,240,265,273,265,256,246,234,214,229,231,245,246,252
2020/6/16,11:05:00,G1104,241,217,198,196,221,237,244,262,269,266,251,247,236,229,223,234,235,254,248
2020/6/16,11:05:00,G1105,226,198,198,192,216,218,234,260,250,263,239,242,219,236,209,186,206,235,225
2020/6/16,11:05:00,G1106,223,201,200,198,217,224,237,269,264,269,241,239,232,257,211,208,220,234,218
2020/6/16,11:05:00,G1107,227,208,213,204,217,227,220,261,258,266,242,237,226,235,229,239,208,225,217
2020/6/16,11:05:00,G1108,220,209,208,202,215,225,213,255,252,261,238,236,222,221,221,225,204,218,214
2020/6/16,11:05:00,G1109,219,210,204,210,217,219,218,257,253,257,241,230,220,221,226,217,201,208,219
2020/6/16,11:05:00,G1110,213,230,197,210,205,207,220,252,253,264,233,237,218,219,223,214,205,204,202
2020/6/16,11:05:00,G1111,212,197,185,210,213,195,218,253,254,244,NaN,NaN,218,219,224,219,208,209,193
2020/6/16,11:05:00,G1112,187,196,198,213,218,201,227,265,260,248,235,242,219,219,228,230,213,211,196
2020/6/16,11:05:00,G1113,173,195,209,210,218,199,218,262,257,243,233,236,219,217,226,226,212,202,186
2020/6/17,18:00:00,G1101,182,180,145,171,188,175,203,238,248,276,255,191,203,215,204,168,181,167,209
2020/6/17,18:00:00,G1102,187,179,190,186,192,184,220,241,255,264,249,192,175,214,182,178,173,164,205
2020/6/17,18:00:00,G1103,193,173,157,189,197,180,224,235,247,246,242,195,189,182,176,186,180,166,183
2020/6/17,18:00:00,G1104,199,181,151,189,203,182,227,239,245,247,239,193,186,191,194,170,180,163,190
2020/6/17,18:00:00,G1105,186,172,203,192,177,180,221,227,228,229,220,182,180,184,189,156,195,170,174
2020/6/17,18:00:00,G1106,196,175,197,197,178,185,216,228,230,226,216,188,184,187,193,165,198,172,176
2020/6/17,18:00:00,G1107,197,184,196,186,207,189,218,226,223,203,207,186,185,187,175,179,181,177,174
2020/6/17,18:00:00,G1108,193,180,194,181,202,185,213,219,212,201,198,183,173,180,171,171,174,180,168
2020/6/17,18:00:00,G1109,193,188,207,193,193,187,211,217,211,201,193,192,179,171,181,178,171,175,183
2020/6/17,18:00:00,G1110,184,191,211,203,200,185,223,218,207,188,190,188,177,160,183,167,167,178,176
2020/6/17,18:00:00,G1111,184,197,196,197,195,186,225,217,205,187,193,195,173,168,189,176,185,160,184
2020/6/17,18:00:00,G1112,190,200,201,205,200,193,227,220,204,196,196,204,178,182,188,183,185,178,192
2020/6/17,18:00:00,G1113,180,200,207,203,196,192,224,213,195,193,198,196,174,189,194,180,182,175,185
2020/6/28,5:40:00,G1101,131,164,110,115,123,160,285,246,277,258,257,227,NaN,202,183,176,177,170,150
2020/6/28,5:40:00,G1102,141,163,137,132,124,152,248,250,279,256,247,236,199,192,187,174,174,167,128
2020/6/28,5:40:00,G1103,154,174,142,149,135,157,288,269,269,250,228,226,207,194,176,177,185,174,148
2020/6/28,5:40:00,G1104,168,176,143,143,139,157,301,264,269,247,228,219,209,196,177,181,188,174,150
2020/6/28,5:40:00,G1105,164,186,136,159,140,155,290,253,253,230,227,232,195,195,178,178,181,172,148
2020/6/28,5:40:00,G1106,161,196,137,178,149,159,289,247,253,234,224,229,190,199,185,197,185,174,160
2020/6/28,5:40:00,G1107,182,202,174,190,161,166,282,217,249,227,227,203,199,191,192,199,206,182,176
2020/6/28,5:40:00,G1108,177,193,168,172,157,157,275,213,248,223,223,197,193,184,183,198,203,175,174
2020/6/28,5:40:00,G1109,175,184,179,188,162,164,272,218,244,227,218,194,189,182,194,200,202,175,184
2020/6/28,5:40:00,G1110,178,192,185,191,162,155,264,215,231,219,209,193,181,183,193,203,194,168,185
2020/6/28,5:40:00,G1111,185,202,177,185,182,159,267,NaN,223,222,206,186,180,179,201,208,194,188,193
2020/6/28,5:40:00,G1112,196,209,191,192,187,171,274,238,243,227,207,196,188,204,205,216,200,198,194
2020/6/28,5:40:00,G1113,180,205,197,195,174,184,267,227,247,213,205,197,192,NaN,207,212,201,197,205
2020/7/1,12:00:00,G1101,217,171,202,226,300,261,183,164,164,143,148,169,182,237,245,38,49,273,303
2020/7/1,12:00:00,G1102,237,176,199,198,212,269,181,169,161,152,147,174,180,219,224,135,117,275,292
2020/7/1,12:00:00,G1103,219,204,247,205,216,220,193,173,179,150,164,172,169,184,161,100,117,145,NaN
2020/7/1,12:00:00,G1104,NaN,NaN,NaN,189,210,228,196,178,171,147,166,173,161,180,154,109,86,84,NaN
2020/7/1,12:00:00,G1105,231,211,210,185,218,225,196,182,180,138,153,175,159,148,124,86,78,80,NaN
2020/7/1,12:00:00,G1106,216,180,215,196,228,251,206,194,193,158,158,184,168,147,112,82,91,89,NaN
2020/7/1,12:00:00,G1107,230,225,181,243,263,240,210,196,191,165,163,182,159,131,102,102,112,127,NaN
2020/7/1,12:00:00,G1108,223,214,197,228,240,237,215,194,185,156,158,178,151,128,96,98,135,135,NaN
2020/7/1,12:00:00,G1109,206,206,184,219,194,236,221,194,186,169,162,176,157,135,102,136,148,146,NaN
2020/7/1,12:00:00,G1110,252,188,165,148,156,201,229,199,182,164,163,158,164,132,107,140,140,157,NaN
2020/7/1,12:00:00,G1111,212,152,93,153,177,189,227,202,176,161,165,154,166,135,116,137,140,145,NaN
2020/7/1,12:00:00,G1112,141,163,102,160,187,163,231,214,186,170,174,160,168,135,123,140,140,150,NaN
2020/7/1,12:00:00,G1113,85,83,24,114,150,195,231,207,183,168,174,152,168,144,127,140,NaN,139,NaN
2020/7/2,12:10:00,G1101,187,162,147,166,186,206,198,201,177,216,174,166,171,185,173,189,189,188,201
2020/7/2,12:10:00,G1102,156,158,159,184,187,203,171,196,149,188,163,170,166,184,181,193,192,187,223
2020/7/2,12:10:00,G1103,153,167,181,192,188,199,161,169,178,190,163,160,164,181,168,159,183,192,213
2020/7/2,12:10:00,G1104,168,179,192,205,194,201,160,164,179,187,175,169,168,184,176,173,186,195,210
2020/7/2,12:10:00,G1105,174,170,181,192,190,199,185,167,179,182,190,181,162,170,154,166,177,196,218
2020/7/2,12:10:00,G1106,182,180,191,183,196,210,197,173,179,190,198,197,165,172,173,169,187,204,211
2020/7/2,12:10:00,G1107,197,189,199,173,199,210,201,183,175,196,192,204,167,178,173,196,204,208,201
2020/7/2,12:10:00,G1108,197,190,163,170,197,203,191,176,172,188,196,201,169,172,170,183,200,204,202
2020/7/2,12:10:00,G1109,186,169,156,195,205,203,194,180,172,196,204,191,186,176,173,189,195,206,198
2020/7/2,12:10:00,G1110,188,148,163,196,201,202,185,179,166,201,189,175,170,177,179,163,187,205,190
2020/7/2,12:10:00,G1111,178,191,169,191,196,202,186,178,158,188,176,176,171,175,183,NaN,182,203,195
2020/7/2,12:10:00,G1112,186,198,174,198,202,209,193,184,169,200,184,185,182,186,195,205,189,204,201
2020/7/2,12:10:00,G1113,188,193,185,200,196,204,189,181,163,195,183,185,176,195,199,194,188,203,198
2020/7/2,14:40:00,G1101,201,198,195,186,191,204,175,164,152,144,130,99,93,124,116,135,135,146,142
2020/7/2,14:40:00,G1102,217,203,201,212,209,239,178,168,160,146,135,105,111,126,114,130,144,152,132
2020/7/2,14:40:00,G1103,231,217,197,195,228,211,200,166,169,143,141,109,113,128,127,133,141,139,136
2020/7/2,14:40:00,G1104,234,219,182,195,221,189,207,170,156,141,153,113,117,137,133,137,136,149,142
2020/7/2,14:40:00,G1105,224,209,193,195,199,NaN,202,169,144,140,163,135,112,135,128,142,144,152,153
2020/7/2,14:40:00,G1106,222,213,204,200,212,NaN,202,170,153,146,151,146,119,148,150,155,155,162,167
2020/7/2,14:40:00,G1107,214,213,207,203,216,220,210,171,169,162,163,163,136,165,169,175,178,182,183
2020/7/2,14:40:00,G1108,203,207,202,205,212,216,204,168,166,161,161,160,146,162,165,174,173,176,173
2020/7/2,14:40:00,G1109,199,207,207,210,212,211,206,171,172,164,171,169,158,175,174,184,185,183,172
2020/7/2,14:40:00,G1110,184,203,207,203,217,209,205,183,187,169,181,178,164,174,175,182,177,179,174
2020/7/2,14:40:00,G1111,184,192,200,NaN,200,NaN,200,183,191,166,184,180,174,173,178,181,180,181,181
2020/7/2,14:40:00,G1112,193,196,199,210,204,216,209,189,196,175,192,187,185,185,187,187,189,186,189
2020/7/2,14:40:00,G1113,198,196,200,200,205,211,205,200,196,177,187,186,182,185,190,188,188,188,192
2020/7/4,13:40:00,G1101,217,183,170,203,170,201,220,288,267,257,247,243,224,247,220,209,204,157,239
2020/7/4,13:40:00,G1102,210,211,182,186,191,181,213,274,269,249,250,250,235,247,230,211,217,161,218
2020/7/4,13:40:00,G1103,209,209,197,210,194,200,228,256,268,255,252,246,235,245,239,204,168,186,221
2020/7/4,13:40:00,G1104,231,217,198,227,198,223,228,260,269,260,250,246,236,247,232,205,171,205,212
2020/7/4,13:40:00,G1105,241,210,209,236,204,225,225,255,257,262,231,240,233,238,223,198,188,196,194
2020/7/4,13:40:00,G1106,231,217,209,236,209,220,230,264,257,259,242,240,242,240,225,219,197,196,184
2020/7/4,13:40:00,G1107,221,232,209,238,223,225,225,264,260,261,238,242,254,236,232,245,207,204,206
2020/7/4,13:40:00,G1108,217,225,200,237,217,218,221,255,250,258,231,238,250,233,227,232,203,196,203
2020/7/4,13:40:00,G1109,214,218,208,219,226,223,226,251,249,241,231,240,249,232,238,230,201,193,211
2020/7/4,13:40:00,G1110,205,225,194,206,237,215,232,244,250,231,218,236,243,229,233,234,205,194,201
2020/7/4,13:40:00,G1111,196,194,196,200,NaN,NaN,229,248,224,216,217,NaN,245,223,224,223,201,185,209
2020/7/4,13:40:00,G1112,210,197,202,203,240,214,242,231,219,221,220,241,245,229,226,221,212,191,211
2020/7/4,13:40:00,G1113,209,205,205,205,239,216,235,232,202,209,214,241,225,225,219,210,209,188,200
2020/7/7,9:20:00,G1101,180,178,206,186,176,209,222,276,230,263,224,165,180,150,155,NaN,198,193,192
2020/7/7,9:20:00,G1102,228,194,174,199,185,202,252,243,236,270,205,188,178,166,157,183,249,196,192
2020/7/7,9:20:00,G1103,218,166,161,183,183,199,251,243,233,237,224,238,190,147,176,178,169,225,185
2020/7/7,9:20:00,G1104,220,200,161,191,187,214,257,245,234,232,223,NaN,178,195,229,184,164,227,185
2020/7/7,9:20:00,G1105,212,180,185,194,149,228,253,239,249,233,215,192,189,213,209,236,203,244,184
2020/7/7,9:20:00,G1106,219,214,198,199,193,227,260,238,256,229,219,219,201,241,203,205,235,255,194
2020/7/7,9:20:00,G1107,209,211,210,201,200,222,254,237,252,224,219,228,223,218,227,222,209,243,209
2020/7/7,9:20:00,G1108,186,205,NaN,197,189,217,248,231,247,219,219,227,219,215,231,226,199,235,210
2020/7/7,9:20:00,G1109,202,215,216,192,195,221,218,231,243,225,219,223,226,215,215,226,203,226,205
2020/7/7,9:20:00,G1110,205,219,221,194,196,219,218,230,241,230,219,217,219,205,203,206,204,208,217
2020/7/7,9:20:00,G1111,200,222,215,196,196,219,213,NaN,243,230,219,219,218,212,195,202,213,204,218
2020/7/7,9:20:00,G1112,215,229,234,200,207,223,219,235,247,236,225,226,220,211,198,212,219,208,233
2020/7/7,9:20:00,G1113,217,223,220,207,213,220,213,236,243,230,229,222,208,209,206,215,219,206,229
2020/7/20,7:10:00,G1101,192,179,192,215,172,170,246,NaN,198,159,210,169,174,193,157,191,162,138,118
2020/7/20,7:10:00,G1102,200,180,196,208,201,173,238,235,197,159,202,172,177,181,157,186,147,149,111
2020/7/20,7:10:00,G1103,201,200,207,219,192,199,237,235,214,207,199,173,188,187,172,178,163,165,185
2020/7/20,7:10:00,G1104,196,206,207,214,193,199,235,235,199,209,205,176,173,193,167,175,167,170,156
2020/7/20,7:10:00,G1105,194,187,191,212,198,174,202,215,222,202,203,174,174,185,163,160,166,151,134
2020/7/20,7:10:00,G1106,195,183,215,219,203,186,210,214,232,206,201,178,176,190,185,166,168,167,162
2020/7/20,7:10:00,G1107,212,185,217,217,213,180,236,219,206,201,191,179,169,192,184,167,192,190,182
2020/7/20,7:10:00,G1108,207,181,213,213,203,177,231,212,208,200,182,178,173,190,178,170,183,183,182
2020/7/20,7:10:00,G1109,214,185,210,209,202,190,242,211,208,198,190,188,181,191,192,184,196,199,192
2020/7/20,7:10:00,G1110,196,195,204,200,203,192,237,206,206,195,179,178,189,196,179,189,195,189,195
2020/7/20,7:10:00,G1111,188,189,208,195,192,192,240,209,199,202,180,179,199,196,188,193,197,196,198
2020/7/20,7:10:00,G1112,200,199,217,207,202,202,243,218,206,208,195,188,213,202,196,200,207,205,208
2020/7/20,7:10:00,G1113,195,203,205,193,202,203,230,214,202,208,205,188,208,201,197,199,204,202,202
2020/7/21,13:25:00,G1101,255,256,NaN,238,263,NaN,193,193,117,113,102,108,184,157,70,54,107,303,298
2020/7/21,13:25:00,G1102,242,263,274,244,247,223,224,186,123,106,115,114,178,156,74,53,113,264,270
2020/7/21,13:25:00,G1103,243,255,253,242,228,235,228,187,128,100,116,115,155,160,76,62,123,218,237
2020/7/21,13:25:00,G1104,246,251,255,234,219,234,228,185,120,104,113,118,147,159,78,59,114,143,271
2020/7/21,13:25:00,G1105,242,237,246,249,235,216,218,177,131,109,105,118,150,144,61,88,114,226,221
2020/7/21,13:25:00,G1106,243,243,204,243,241,220,218,181,121,117,101,126,159,146,74,97,166,226,198
2020/7/21,13:25:00,G1107,231,247,214,217,243,243,237,181,134,130,109,124,174,159,107,106,213,243,217
2020/7/21,13:25:00,G1108,229,237,213,209,236,241,230,187,129,142,106,115,171,156,107,118,191,243,216
2020/7/21,13:25:00,G1109,230,233,220,213,230,240,219,201,133,120,112,123,173,174,125,142,207,242,212
2020/7/21,13:25:00,G1110,220,226,222,220,230,237,239,193,150,96,118,141,174,184,158,170,210,235,199
2020/7/21,13:25:00,G1111,NaN,226,244,222,220,223,206,204,164,100,105,161,176,161,164,164,198,NaN,196
2020/7/21,13:25:00,G1112,209,227,229,230,226,226,211,200,194,123,110,180,190,155,155,160,197,227,203
2020/7/21,13:25:00,G1113,214,227,222,219,225,221,206,198,199,168,154,183,197,157,175,180,162,218,202
2020/7/29,13:15:00,G1101,NaN,123,136,188,172,313,191,170,152,152,159,164,145,136,135,341,287,212,135
2020/7/29,13:15:00,G1102,116,117,135,173,176,251,189,170,157,147,148,149,147,130,131,88,287,190,136
2020/7/29,13:15:00,G1103,149,117,145,181,186,214,182,169,159,138,159,152,151,135,134,82,214,183,143
2020/7/29,13:15:00,G1104,154,110,129,206,196,215,182,165,160,137,160,153,153,136,129,75,267,196,146
2020/7/29,13:15:00,G1105,173,87,196,219,205,255,205,163,167,142,155,145,160,136,135,88,107,205,148
2020/7/29,13:15:00,G1106,211,108,208,212,210,235,222,167,168,153,157,159,164,147,148,102,112,200,153
2020/7/29,13:15:00,G1107,251,149,238,240,218,239,267,164,166,194,164,185,168,157,157,148,160,200,151
2020/7/29,13:15:00,G1108,225,128,236,241,211,240,266,160,159,190,172,191,161,149,151,149,144,197,146
2020/7/29,13:15:00,G1109,245,141,240,247,219,260,216,178,177,177,166,206,162,156,164,151,220,214,148
2020/7/29,13:15:00,G1110,232,173,238,232,214,250,25,209,195,192,164,201,157,160,171,160,224,206,150
2020/7/29,13:15:00,G1111,NaN,NaN,NaN,249,NaN,221,233,216,217,196,172,193,178,184,NaN,166,233,200,141
2020/7/29,13:15:00,G1112,214,218,255,234,228,231,241,222,227,212,167,209,192,185,170,170,231,209,152
2020/7/29,13:15:00,G1113,208,201,240,217,230,224,257,216,221,219,166,233,200,178,NaN,164,211,215,150
2020/7/30,13:15:00,G1101,NaN,110,125,122,107,118,124,137,130,121,106,90,99,96,91,76,108,95,106
2020/7/30,13:15:00,G1102,86,113,113,121,106,128,106,132,122,119,96,94,101,95,90,87,107,102,109
2020/7/30,13:15:00,G1103,86,110,109,115,94,113,99,116,115,91,89,96,104,88,84,77,98,89,100
2020/7/30,13:15:00,G1104,87,105,115,122,95,108,86,114,113,91,91,101,100,89,86,74,101,101,106
2020/7/30,13:15:00,G1105,83,88,97,105,90,96,75,103,99,80,94,103,83,84,84,90,88,89,104
2020/7/30,13:15:00,G1106,85,94,104,96,100,105,78,112,102,105,87,100,87,90,98,102,105,100,108
2020/7/30,13:15:00,G1107,84,87,101,104,87,100,87,113,101,84,95,99,93,103,117,112,112,104,106
2020/7/30,13:15:00,G1108,80,83,100,105,88,96,84,112,97,81,92,95,96,105,112,107,110,102,105
2020/7/30,13:15:00,G1109,84,85,95,97,97,97,85,106,97,82,90,94,94,107,112,102,105,108,107
2020/7/30,13:15:00,G1110,85,96,91,96,90,98,93,102,96,80,93,92,91,112,109,106,101,102,107
2020/7/30,13:15:00,G1111,83,95,85,100,91,97,92,94,90,81,90,95,94,111,104,106,93,105,106
2020/7/30,13:15:00,G1112,84,101,101,104,95,103,98,100,96,88,96,98,97,112,106,107,101,110,108
2020/7/30,13:15:00,G1113,89,102,114,92,88,98,92,98,96,92,97,99,100,117,106,105,101,112,108
2020/8/1,13:05:00,G1101,100,113,126,81,97,95,85,93,100,118,111,124,149,103,138,130,157,145,131
2020/8/1,13:05:00,G1102,104,107,123,82,92,90,85,115,108,95,116,96,131,126,129,122,156,146,124
2020/8/1,13:05:00,G1103,96,108,110,83,89,86,84,100,104,109,112,103,140,109,122,140,150,140,124
2020/8/1,13:05:00,G1104,96,106,109,83,83,88,83,103,104,110,109,103,131,111,120,138,157,137,121
2020/8/1,13:05:00,G1105,99,101,89,84,81,80,82,92,103,91,105,89,111,87,107,141,137,126,101
2020/8/1,13:05:00,G1106,96,98,101,97,84,91,89,98,110,97,108,97,119,92,115,150,139,129,110
2020/8/1,13:05:00,G1107,102,103,106,78,94,93,99,109,108,100,98,106,104,105,112,135,139,129,107
2020/8/1,13:05:00,G1108,98,105,100,78,93,96,95,104,101,94,98,104,98,100,98,132,141,123,110
2020/8/1,13:05:00,G1109,106,107,99,79,108,101,95,103,87,91,95,99,102,99,117,127,142,123,105
2020/8/1,13:05:00,G1110,97,97,100,76,109,103,98,102,83,79,96,97,103,101,112,127,137,127,114
2020/8/1,13:05:00,G1111,85,98,107,73,93,106,103,100,92,87,92,86,106,100,106,113,137,117,105
2020/8/1,13:05:00,G1112,89,95,106,78,100,111,109,106,99,89,97,97,109,108,114,118,137,120,109
2020/8/1,13:05:00,G1113,91,94,102,85,98,106,98,95,91,84,97,96,101,106,111,111,135,109,113
2020/8/3,13:55:00,G1101,39,343,319,200,24,78,123,112,122,141,155,122,132,140,126,175,144,142,157
2020/8/3,13:55:00,G1102,40,351,334,180,236,74,118,121,121,132,124,126,127,132,134,142,144,154,159
2020/8/3,13:55:00,G1103,4,4,272,183,26,81,103,124,118,128,120,113,127,131,141,140,148,155,146
2020/8/3,13:55:00,G1104,40,243,296,285,30,68,101,126,133,125,125,108,127,130,139,141,133,148,147
2020/8/3,13:55:00,G1105,31,20,44,345,43,59,98,113,112,118,112,103,109,124,123,132,123,136,131
2020/8/3,13:55:00,G1106,38,38,306,35,51,67,105,112,118,120,119,111,119,133,134,122,123,131,132
2020/8/3,13:55:00,G1107,77,34,57,67,79,83,108,111,112,112,112,112,112,130,123,123,118,122,113
2020/8/3,13:55:00,G1108,84,33,56,61,107,87,96,104,106,106,111,108,109,125,123,118,112,116,108
2020/8/3,13:55:00,G1109,86,66,75,17,111,82,102,110,106,101,106,112,112,121,128,118,118,113,106
2020/8/3,13:55:00,G1110,91,73,74,54,118,78,96,106,105,100,101,106,109,113,128,118,112,112,108
2020/8/3,13:55:00,G1111,98,60,91,102,107,73,104,91,103,101,101,105,101,106,123,117,115,112,112
2020/8/3,13:55:00,G1112,104,72,109,64,124,84,115,99,106,107,104,106,106,112,129,118,120,123,118
2020/8/3,13:55:00,G1113,90,73,105,82,127,83,112,103,101,103,101,106,101,111,122,112,118,118,120
2020/8/4,11:05:00,G1101,208,153,155,167,210,165,166,175,185,240,253,209,307,313,328,324,329,321,319
2020/8/4,11:05:00,G1102,151,159,153,153,197,216,163,188,190,242,247,191,2,324,326,317,331,309,298
2020/8/4,11:05:00,G1103,150,149,156,174,217,232,158,195,188,235,236,164,58,319,331,323,331,307,321
2020/8/4,11:05:00,G1104,149,159,144,175,222,198,145,189,184,236,236,129,68,316,329,325,330,325,337
2020/8/4,11:05:00,G1105,139,167,131,176,260,100,126,172,165,219,213,108,34,299,298,322,308,303,315
2020/8/4,11:05:00,G1106,181,163,136,188,177,79,137,162,174,222,220,90,49,288,115,207,302,316,309
2020/8/4,11:05:00,G1107,170,163,152,191,216,176,142,154,175,222,208,79,99,159,136,123,128,253,44
2020/8/4,11:05:00,G1108,174,167,157,180,208,180,135,152,169,209,208,100,105,139,128,112,129,118,78
2020/8/4,11:05:00,G1109,163,186,165,209,227,6,127,148,141,201,202,75,118,136,135,112,111,112,104
2020/8/4,11:05:00,G1110,166,189,174,240,264,209,128,119,150,173,202,101,137,134,124,126,118,120,106
2020/8/4,11:05:00,G1111,175,NaN,176,247,270,184,258,178,229,152,185,73,127,135,123,NaN,125,126,129
2020/8/4,11:05:00,G1112,186,206,170,245,286,192,76,181,218,177,139,80,136,137,121,136,135,138,123
2020/8/4,11:05:00,G1113,184,200,194,247,287,236,119,219,300,159,140,78,135,134,123,129,132,130,123
2020/8/4,13:35:00,G1101,145,162,146,186,175,186,189,151,112,150,147,135,140,107,125,142,137,99,90
2020/8/4,13:35:00,G1102,151,167,149,207,193,182,174,150,114,142,134,127,132,124,120,114,115,87,98
2020/8/4,13:35:00,G1103,157,175,175,187,172,196,169,151,120,131,126,123,131,123,125,120,119,106,81
2020/8/4,13:35:00,G1104,168,173,169,201,172,207,184,152,118,128,124,123,131,122,125,120,120,110,81
2020/8/4,13:35:00,G1105,157,183,154,175,203,196,181,144,105,123,112,129,125,110,118,113,112,106,84
2020/8/4,13:35:00,G1106,153,194,168,210,199,180,183,151,117,127,122,134,134,122,124,123,120,112,95
2020/8/4,13:35:00,G1107,168,169,NaN,186,216,191,180,157,126,132,124,133,133,124,128,130,122,119,106
2020/8/4,13:35:00,G1108,168,171,NaN,175,210,184,174,157,123,129,123,129,129,123,123,131,121,117,104
2020/8/4,13:35:00,G1109,141,168,NaN,177,227,208,174,156,124,121,127,129,133,122,130,137,124,122,106
2020/8/4,13:35:00,G1110,143,148,226,202,227,182,167,159,119,123,118,123,134,123,134,135,129,123,107
2020/8/4,13:35:00,G1111,131,172,187,195,203,182,167,159,118,122,113,119,129,127,140,128,132,127,112
2020/8/4,13:35:00,G1112,137,175,199,201,200,162,177,176,128,121,122,124,129,133,146,136,134,134,124
2020/8/4,13:35:00,G1113,137,174,178,188,196,144,173,168,128,121,117,127,122,127,138,131,129,138,124
2020/8/5,15:55:00,G1101,152,156,150,168,159,140,151,205,229,251,NaN,NaN,231,231,240,178,242,198,145
2020/8/5,15:55:00,G1102,149,154,151,156,152,144,149,219,239,246,246,230,238,235,245,193,238,197,210
2020/8/5,15:55:00,G1103,146,136,155,151,NaN,144,160,218,208,240,237,241,216,236,239,198,231,183,186
2020/8/5,15:55:00,G1104,154,134,155,153,NaN,135,157,222,198,242,243,243,213,237,245,196,233,199,189
2020/8/5,15:55:00,G1105,147,135,134,132,NaN,148,157,205,225,234,238,241,213,219,226,205,227,199,194
2020/8/5,15:55:00,G1106,151,149,144,135,152,148,155,203,221,237,240,245,222,221,213,218,224,204,225
2020/8/5,15:55:00,G1107,150,148,150,160,152,155,169,216,227,240,240,231,217,230,222,212,232,219,231
2020/8/5,15:55:00,G1108,140,144,151,156,NaN,154,161,213,227,235,234,224,214,227,223,208,226,201,226
2020/8/5,15:55:00,G1109,139,145,152,162,148,142,165,216,232,239,235,232,218,229,232,208,221,212,220
2020/8/5,15:55:00,G1110,145,151,150,163,NaN,149,167,216,226,232,223,236,224,226,218,204,213,203,217
2020/8/5,15:55:00,G1111,147,148,144,158,150,153,169,213,224,230,213,235,212,223,220,206,210,204,218
2020/8/5,15:55:00,G1112,152,151,147,166,NaN,163,169,220,233,230,217,241,214,226,229,208,213,219,225
2020/8/5,15:55:00,G1113,150,150,145,160,NaN,151,177,212,226,218,219,243,210,220,220,201,212,217,222
2020/8/6,13:30:00,G1101,134,173,132,113,132,136,142,142,180,194,194,216,211,214,252,203,NaN,191,165
2020/8/6,13:30:00,G1102,120,178,131,109,120,132,146,140,187,199,185,220,209,214,239,214,211,230,207
2020/8/6,13:30:00,G1103,136,136,107,108,125,130,139,123,197,207,214,222,206,207,161,210,218,206,219
2020/8/6,13:30:00,G1104,128,123,98,109,121,124,142,125,204,209,223,223,209,196,189,221,203,209,226
2020/8/6,13:30:00,G1105,108,96,95,100,116,119,123,127,193,196,202,188,193,184,171,178,195,211,214
2020/8/6,13:30:00,G1106,105,77,104,106,117,105,121,133,196,195,204,192,171,188,180,177,194,215,215
2020/8/6,13:30:00,G1107,126,100,131,116,117,118,126,133,204,193,206,161,164,178,185,185,195,225,208
2020/8/6,13:30:00,G1108,122,96,118,106,113,113,121,130,202,186,191,156,151,170,173,181,191,231,196
2020/8/6,13:30:00,G1109,105,98,113,113,119,122,123,128,199,186,202,154,147,165,160,172,178,235,178
2020/8/6,13:30:00,G1110,107,101,104,123,107,130,123,123,197,178,155,154,150,150,152,158,157,214,176
2020/8/6,13:30:00,G1111,85,94,96,115,NaN,113,118,120,184,159,148,122,128,135,143,150,140,214,158
2020/8/6,13:30:00,G1112,80,104,101,128,112,119,124,128,196,162,160,122,131,141,144,148,148,199,154
2020/8/6,13:30:00,G1113,94,108,112,118,121,119,125,123,157,166,129,129,137,136,140,146,151,154,131
2020/8/8,16:15:00,G1101,NaN,245,224,216,228,171,NaN,47,87,67,75,100,55,72,354,53,78,100,60
2020/8/8,16:15:00,G1102,243,243,237,223,224,170,214,61,60,67,79,102,64,68,39,45,67,70,66
2020/8/8,16:15:00,G1103,244,234,231,227,228,203,202,66,60,73,88,257,85,95,44,111,84,78,94
2020/8/8,16:15:00,G1104,245,244,240,233,230,209,206,71,68,69,98,236,271,117,69,84,99,74,185
2020/8/8,16:15:00,G1105,241,237,238,233,236,217,179,62,64,63,70,219,198,152,180,212,219,126,205
2020/8/8,16:15:00,G1106,248,240,240,228,240,228,207,73,75,65,66,190,225,217,220,236,208,168,219
2020/8/8,16:15:00,G1107,253,249,244,237,236,259,241,30,81,63,107,197,247,228,239,220,214,207,213
2020/8/8,16:15:00,G1108,246,242,232,228,233,240,219,32,80,60,103,215,243,219,241,216,215,207,211
2020/8/8,16:15:00,G1109,247,239,232,233,227,233,235,299,84,47,108,229,237,227,236,223,224,208,219
2020/8/8,16:15:00,G1110,242,230,240,233,222,225,233,191,109,105,139,221,232,220,239,227,205,202,219
2020/8/8,16:15:00,G1111,NaN,NaN,NaN,229,218,226,NaN,NaN,114,137,167,133,223,NaN,NaN,217,187,198,218
2020/8/8,16:15:00,G1112,248,237,237,235,222,223,246,71,122,155,176,126,230,241,245,207,198,197,216
2020/8/8,16:15:00,G1113,241,234,227,225,220,226,241,235,121,118,186,151,226,237,235,206,179,195,203
2020/8/11,8:25:00,G1101,144,138,195,218,200,222,207,269,238,200,201,232,258,263,200,207,203,98,106
2020/8/11,8:25:00,G1102,135,138,193,214,189,198,215,260,236,190,175,234,265,269,215,212,172,115,114
2020/8/11,8:25:00,G1103,136,136,173,197,186,192,219,243,258,186,195,223,260,262,231,204,181,157,118
2020/8/11,8:25:00,G1104,152,138,170,197,181,191,229,234,254,180,218,226,261,258,234,224,193,138,112
2020/8/11,8:25:00,G1105,149,137,179,195,176,200,240,222,248,205,228,215,257,235,240,212,188,151,128
2020/8/11,8:25:00,G1106,143,187,205,188,181,191,241,225,247,219,212,215,256,237,230,219,228,145,150
2020/8/11,8:25:00,G1107,143,157,190,192,181,199,239,231,250,228,202,212,246,234,242,234,206,212,141
2020/8/11,8:25:00,G1108,147,151,209,195,176,196,233,229,246,218,200,212,240,226,228,227,203,216,140
2020/8/11,8:25:00,G1109,183,160,203,200,184,200,235,241,235,242,210,219,231,239,219,214,204,224,162
2020/8/11,8:25:00,G1110,180,148,202,202,190,191,231,223,236,227,197,225,229,227,220,209,195,218,176
2020/8/11,8:25:00,G1111,161,158,205,208,191,196,NaN,229,NaN,229,200,219,230,209,214,208,205,NaN,NaN
2020/8/11,8:25:00,G1112,163,170,216,211,202,204,232,238,240,234,211,226,234,215,218,217,222,240,251
2020/8/11,8:25:00,G1113,153,172,210,209,188,198,230,233,238,217,212,225,229,212,213,213,219,227,223
2020/8/12,5:50:00,G1101,182,144,248,266,241,189,196,132,125,141,161,187,202,86,79,129,337,331,316
2020/8/12,5:50:00,G1102,157,143,241,270,242,194,200,120,119,139,145,195,185,164,106,66,68,343,322
2020/8/12,5:50:00,G1103,135,132,200,247,237,199,197,120,108,146,150,186,177,167,133,72,324,315,319
2020/8/12,5:50:00,G1104,129,129,177,219,231,204,196,115,113,147,157,186,182,165,139,99,316,170,331
2020/8/12,5:50:00,G1105,115,111,147,171,226,204,162,115,117,140,160,173,185,152,128,65,16,30,354
2020/8/12,5:50:00,G1106,118,112,138,152,230,205,151,123,123,146,164,174,188,152,137,98,45,38,338
2020/8/12,5:50:00,G1107,112,107,112,146,240,202,154,132,136,165,173,185,185,163,151,124,90,61,225
2020/8/12,5:50:00,G1108,109,106,112,145,239,207,136,131,135,160,171,182,179,159,150,130,95,67,215
2020/8/12,5:50:00,G1109,130,106,119,123,206,203,130,135,139,168,175,185,177,163,161,145,139,145,222
2020/8/12,5:50:00,G1110,124,110,123,118,174,123,127,142,140,164,170,180,177,167,164,158,184,202,225
2020/8/12,5:50:00,G1111,125,123,139,125,142,106,119,134,135,173,163,180,172,166,166,174,196,208,202
2020/8/12,5:50:00,G1112,114,130,150,128,142,122,123,141,145,183,169,190,184,177,177,187,207,214,213
2020/8/12,5:50:00,G1113,123,129,162,142,125,138,124,144,146,178,168,194,188,181,175,193,202,207,209
2020/8/12,12:00:00,G1101,110,NaN,216,NaN,226,177,148,127,98,120,111,79,66,91,121,130,114,132,124
2020/8/12,12:00:00,G1102,121,211,212,227,226,195,150,126,112,115,110,84,69,92,129,108,118,125,106
2020/8/12,12:00:00,G1103,249,211,220,223,228,198,167,121,106,123,108,82,72,93,115,111,121,124,101
2020/8/12,12:00:00,G1104,165,219,224,221,225,195,164,121,104,126,112,85,80,97,103,112,116,125,98
2020/8/12,12:00:00,G1105,141,200,220,235,217,184,161,116,107,122,119,83,78,98,105,112,131,112,95
2020/8/12,12:00:00,G1106,158,227,220,219,218,186,171,126,117,127,130,97,91,112,113,120,141,125,101
2020/8/12,12:00:00,G1107,219,238,223,248,239,184,169,124,149,144,140,110,118,135,138,135,153,129,118
2020/8/12,12:00:00,G1108,15,235,216,245,235,174,169,124,148,143,141,117,119,135,142,136,151,128,113
2020/8/12,12:00:00,G1109,355,239,227,227,242,178,167,136,159,144,157,128,140,149,157,142,157,137,114
2020/8/12,12:00:00,G1110,220,223,209,231,220,198,164,129,160,149,152,138,153,159,164,157,164,136,123
2020/8/12,12:00:00,G1111,195,208,203,250,213,202,154,135,185,146,137,150,153,157,163,157,166,129,127
2020/8/12,12:00:00,G1112,187,217,205,243,217,219,167,158,191,145,148,161,161,167,178,165,177,135,139
2020/8/12,12:00:00,G1113,223,219,203,241,223,223,164,163,175,147,153,163,169,168,179,169,174,140,144
2020/8/13,11:20:00,G1101,120,156,157,125,148,166,180,183,215,243,343,16,112,NaN,100,67,101,103,104
2020/8/13,11:20:00,G1102,117,188,156,122,131,162,182,181,240,248,241,59,99,115,120,103,95,92,83
2020/8/13,11:20:00,G1103,120,204,146,126,138,143,163,168,245,203,247,54,78,112,108,107,90,91,68
2020/8/13,11:20:00,G1104,130,180,145,123,137,146,165,165,NaN,224,247,66,82,117,110,125,91,103,77
2020/8/13,11:20:00,G1105,124,155,146,111,134,136,160,151,210,210,237,188,121,113,139,92,86,80,77
2020/8/13,11:20:00,G1106,137,159,119,125,143,150,159,154,220,221,226,201,168,185,145,85,96,90,79
2020/8/13,11:20:00,G1107,153,162,121,127,128,149,170,166,205,214,230,221,143,190,171,105,108,99,68
2020/8/13,11:20:00,G1108,153,157,119,125,128,142,166,164,205,214,232,212,135,192,166,93,106,102,67
2020/8/13,11:20:00,G1109,158,150,122,132,126,147,175,165,195,215,218,211,184,195,175,154,110,105,73
2020/8/13,11:20:00,G1110,NaN,NaN,NaN,NaN,NaN,NaN,162,174,182,202,200,211,185,178,159,141,112,106,95
2020/8/13,11:20:00,G1111,136,111,137,136,128,146,159,182,183,198,202,192,185,173,146,136,114,113,116
2020/8/13,11:20:00,G1112,141,121,133,139,138,146,167,199,190,200,NaN,200,NaN,175,148,144,NaN,129,129
2020/8/13,11:20:00,G1113,147,112,143,140,148,156,170,187,195,200,201,202,194,172,151,148,127,134,135
2020/8/13,15:25:00,G1101,115,104,155,140,155,102,153,117,122,117,128,137,133,NaN,120,103,115,128,NaN
2020/8/13,15:25:00,G1102,116,121,154,122,129,111,147,109,121,134,117,135,157,112,110,108,100,108,113
2020/8/13,15:25:00,G1103,129,145,147,134,142,117,145,107,141,153,129,117,115,139,110,103,106,117,108
2020/8/13,15:25:00,G1104,173,136,152,131,102,116,139,106,136,147,130,115,112,151,109,102,110,121,113
2020/8/13,15:25:00,G1105,121,132,129,131,124,115,136,102,150,138,124,98,93,113,105,102,106,114,106
2020/8/13,15:25:00,G1106,145,146,129,140,122,121,122,112,138,149,131,106,107,134,112,111,112,115,120
2020/8/13,15:25:00,G1107,164,139,129,141,120,138,127,125,159,158,129,115,135,142,129,123,125,121,124
2020/8/13,15:25:00,G1108,152,120,124,136,137,135,129,121,156,153,125,126,127,116,129,121,122,119,115
2020/8/13,15:25:00,G1109,147,118,120,135,138,118,139,134,155,147,136,133,134,113,135,125,123,127,106
2020/8/13,15:25:00,G1110,144,105,144,121,146,118,140,130,143,147,132,132,137,106,133,135,129,118,98
2020/8/13,15:25:00,G1111,119,138,137,126,118,137,140,134,140,141,133,129,134,115,141,133,135,125,100
2020/8/13,15:25:00,G1112,138,125,139,135,124,145,NaN,NaN,147,145,135,136,140,125,151,136,139,135,NaN
2020/8/13,15:25:00,G1113,158,134,140,139,131,156,157,143,150,145,138,140,140,127,141,144,140,140,136
2020/8/16,14:50:00,G1101,246,277,223,245,204,217,221,168,150,196,212,338,332,305,309,328,319,320,320
2020/8/16,14:50:00,G1102,255,268,211,253,205,222,228,167,158,200,221,330,338,310,323,332,326,325,302
2020/8/16,14:50:00,G1103,250,251,251,252,203,214,214,183,181,195,199,322,329,311,319,338,323,332,338
2020/8/16,14:50:00,G1104,255,258,272,252,194,213,209,184,166,194,191,329,314,305,325,339,331,321,337
2020/8/16,14:50:00,G1105,280,253,261,225,205,226,201,211,199,180,161,346,302,292,303,317,316,310,303
2020/8/16,14:50:00,G1106,280,272,265,230,238,230,215,212,195,176,164,337,301,289,303,299,320,314,291
2020/8/16,14:50:00,G1107,267,226,242,243,224,232,235,203,193,173,165,159,260,234,282,288,215,291,275
2020/8/16,14:50:00,G1108,269,231,271,228,216,226,228,201,191,161,156,157,225,229,270,334,244,275,305
2020/8/16,14:50:00,G1109,255,247,243,240,235,233,237,205,178,159,150,153,206,216,272,52,240,223,247
2020/8/16,14:50:00,G1110,233,217,237,217,253,242,237,205,166,160,137,144,193,161,142,145,201,188,197
2020/8/16,14:50:00,G1111,233,226,278,225,256,245,NaN,212,191,161,135,NaN,153,151,139,143,176,175,187
2020/8/16,14:50:00,G1112,NaN,NaN,275,NaN,252,NaN,NaN,218,NaN,163,140,125,159,163,145,151,174,181,NaN
2020/8/16,14:50:00,G1113,228,276,321,240,259,248,249,218,187,174,144,121,159,150,146,149,166,174,177
2020/8/17,14:25:00,G1101,237,196,291,276,280,228,170,199,211,170,173,157,344,355,127,85,187,105,298
2020/8/17,14:25:00,G1102,233,241,293,284,275,219,173,208,204,197,144,150,151,49,110,69,185,100,129
2020/8/17,14:25:00,G1103,228,249,296,293,269,286,171,178,194,182,133,161,133,85,102,70,140,113,105
2020/8/17,14:25:00,G1104,213,257,303,300,261,266,171,177,203,181,129,169,145,81,99,78,92,107,84
2020/8/17,14:25:00,G1105,162,245,280,281,262,247,172,150,193,154,124,151,137,83,105,94,99,84,79
2020/8/17,14:25:00,G1106,130,214,269,272,264,238,180,151,189,154,144,157,140,100,114,108,103,81,84
2020/8/17,14:25:00,G1107,106,209,274,282,272,172,178,178,189,157,151,152,141,107,103,96,87,91,83
2020/8/17,14:25:00,G1108,104,186,253,302,274,133,182,178,185,158,148,151,135,110,95,94,82,91,86
2020/8/17,14:25:00,G1109,76,103,147,266,196,98,163,179,176,174,149,146,123,97,96,95,84,92,88
2020/8/17,14:25:00,G1110,78,82,51,65,126,91,158,194,183,162,139,146,113,90,91,88,84,79,98
2020/8/17,14:25:00,G1111,90,84,64,74,111,101,153,187,157,116,130,147,112,90,94,93,92,84,112
2020/8/17,14:25:00,G1112,96,95,84,85,111,111,166,NaN,NaN,135,139,149,NaN,95,101,96,94,90,118
2020/8/17,14:25:00,G1113,103,101,87,90,118,98,158,204,95,92,131,153,117,100,105,105,102,99,125
2020/8/18,15:00:00,G1101,192,182,165,199,199,149,92,59,20,66,230,245,270,305,285,278,261,291,43
2020/8/18,15:00:00,G1102,200,155,171,211,197,154,88,70,32,58,223,243,280,289,292,284,275,293,33
2020/8/18,15:00:00,G1103,196,177,173,199,182,164,95,72,48,41,250,248,18,312,289,291,286,318,4
2020/8/18,15:00:00,G1104,197,180,173,179,159,162,96,72,51,48,251,255,57,22,287,288,288,324,6
2020/8/18,15:00:00,G1105,188,171,166,179,180,152,90,62,41,39,282,250,34,39,302,300,297,318,328
2020/8/18,15:00:00,G1106,193,NaN,176,193,170,154,95,64,47,48,281,42,72,39,359,311,316,343,189
2020/8/18,15:00:00,G1107,191,NaN,181,179,178,157,95,60,47,70,286,64,67,57,34,324,34,25,27
2020/8/18,15:00:00,G1108,189,NaN,180,183,174,163,95,56,46,70,327,64,63,57,34,14,36,307,32
2020/8/18,15:00:00,G1109,185,NaN,151,179,158,152,90,52,43,62,108,60,59,50,51,34,50,45,50
2020/8/18,15:00:00,G1110,190,NaN,142,125,144,134,86,55,45,54,63,61,55,51,50,56,56,61,56
2020/8/18,15:00:00,G1111,140,NaN,146,102,123,108,90,56,46,53,47,56,55,48,54,56,57,61,64
2020/8/18,15:00:00,G1112,155,NaN,143,112,114,112,92,NaN,53,69,61,64,61,56,61,64,64,66,67
2020/8/18,15:00:00,G1113,154,NaN,100,112,68,106,92,66,57,76,67,65,56,56,67,67,71,63,67
2020/8/22,11:05:00,G1101,45,69,126,313,77,66,310,264,248,220,276,274,274,264,267,269,266,268,222
2020/8/22,11:05:00,G1102,52,52,88,332,71,65,350,246,252,264,273,273,271,263,273,240,265,271,230
2020/8/22,11:05:00,G1103,44,71,89,2,59,80,274,255,258,261,270,270,272,243,262,228,256,262,231
2020/8/22,11:05:00,G1104,64,70,77,207,64,66,274,258,259,265,265,275,270,246,269,238,258,261,242
2020/8/22,11:05:00,G1105,62,41,54,163,62,49,212,256,249,280,259,258,270,260,243,227,250,263,274
2020/8/22,11:05:00,G1106,81,28,61,321,61,63,209,259,258,274,268,260,272,258,250,227,249,264,276
2020/8/22,11:05:00,G1107,69,36,351,55,73,61,257,247,263,268,264,250,259,261,258,248,240,265,258
2020/8/22,11:05:00,G1108,40,35,36,29,64,42,295,277,269,265,258,248,253,259,259,247,238,266,269
2020/8/22,11:05:00,G1109,296,27,46,17,38,219,279,246,261,258,255,240,244,257,260,247,267,256,262
2020/8/22,11:05:00,G1110,11,4,34,317,28,59,357,201,268,250,245,237,240,232,247,241,228,254,254
2020/8/22,11:05:00,G1111,23,358,37,42,360,74,347,247,267,245,NaN,256,218,247,231,240,215,250,267
2020/8/22,11:05:00,G1112,164,357,17,44,346,339,351,NaN,261,248,NaN,258,254,151,189,245,NaN,NaN,264
2020/8/22,11:05:00,G1113,8,15,20,346,305,324,39,252,268,239,246,267,236,89,152,227,244,233,146
2020/8/22,12:30:00,G1101,268,222,225,230,232,216,281,317,324,40,27,39,70,75,76,276,277,132,140
2020/8/22,12:30:00,G1102,271,230,242,229,240,216,268,313,327,275,225,36,54,71,71,276,273,133,143
2020/8/22,12:30:00,G1103,262,231,229,229,241,248,266,312,318,148,339,39,57,74,71,281,268,231,169
2020/8/22,12:30:00,G1104,261,242,232,225,244,250,270,307,308,225,344,36,54,77,78,286,269,238,171
2020/8/22,12:30:00,G1105,263,274,246,231,251,247,260,303,304,7,327,268,46,75,98,283,270,247,191
2020/8/22,12:30:00,G1106,264,276,251,240,254,256,262,303,313,255,327,168,341,78,104,284,273,259,202
2020/8/22,12:30:00,G1107,265,258,262,263,265,248,288,304,307,338,322,334,32,63,107,271,281,255,225
2020/8/22,12:30:00,G1108,266,269,263,262,264,250,291,302,306,324,322,327,34,56,102,272,281,255,222
2020/8/22,12:30:00,G1109,256,262,270,261,272,274,271,289,309,339,308,307,171,39,100,272,279,253,213
2020/8/22,12:30:00,G1110,254,254,269,258,274,297,260,272,298,301,310,295,30,29,144,283,268,223,202
2020/8/22,12:30:00,G1111,250,267,256,260,270,280,268,273,282,297,296,308,39,11,220,290,289,241,158
2020/8/22,12:30:00,G1112,NaN,264,258,275,272,279,276,283,286,310,NaN,309,24,17,201,NaN,289,NaN,175
2020/8/22,12:30:00,G1113,233,146,NaN,278,259,276,281,276,278,310,287,314,308,355,211,289,274,250,186
2020/8/26,20:15:00,G1101,204,NaN,182,209,260,246,310,300,308,326,315,336,310,326,343,325,338,328,332
2020/8/26,20:15:00,G1102,193,202,201,219,258,215,296,304,308,325,309,349,328,186,49,22,338,332,344
2020/8/26,20:15:00,G1103,232,222,221,225,235,235,287,303,304,326,308,145,329,351,147,360,341,353,341
2020/8/26,20:15:00,G1104,228,223,236,232,234,242,279,306,315,319,315,327,328,16,94,31,337,356,12
2020/8/26,20:15:00,G1105,225,228,255,230,253,242,274,291,315,304,316,314,307,338,20,64,360,346,334
2020/8/26,20:15:00,G1106,234,230,258,241,261,235,272,303,323,307,315,324,315,218,120,180,276,1,240
2020/8/26,20:15:00,G1107,222,217,246,239,253,248,281,308,312,328,323,329,331,255,48,353,156,348,329
2020/8/26,20:15:00,G1108,216,211,244,241,248,242,275,305,313,321,322,330,333,53,264,222,171,348,326
2020/8/26,20:15:00,G1109,226,217,220,246,245,253,269,306,314,316,323,322,330,334,232,168,327,321,245
2020/8/26,20:15:00,G1110,221,220,223,238,236,235,264,304,299,305,319,314,343,329,342,65,337,333,338
2020/8/26,20:15:00,G1111,233,224,234,239,NaN,NaN,257,303,296,302,317,314,325,331,353,286,330,330,333
2020/8/26,20:15:00,G1112,NaN,NaN,245,244,NaN,235,259,313,NaN,308,320,320,334,337,329,343,336,335,333
2020/8/26,20:15:00,G1113,239,231,246,246,237,235,265,310,306,309,315,315,335,337,343,344,337,336,333
2020/8/28,17:10:00,G1101,78,115,97,81,101,198,172,197,180,184,196,198,204,186,166,169,151,187,186
2020/8/28,17:10:00,G1102,93,109,91,83,84,112,143,173,188,179,192,192,196,183,165,151,149,188,189
2020/8/28,17:10:00,G1103,66,99,78,83,75,89,124,156,178,191,188,192,198,184,153,159,143,158,169
2020/8/28,17:10:00,G1104,NaN,NaN,NaN,NaN,NaN,NaN,NaN,NaN,NaN,NaN,NaN,NaN,NaN,NaN,NaN,NaN,NaN,NaN,NaN
2020/8/28,17:10:00,G1105,61,78,80,80,84,112,61,135,169,193,185,191,189,177,161,158,149,155,152
2020/8/28,17:10:00,G1106,67,83,80,84,96,107,70,132,170,188,197,196,199,181,161,163,162,159,159
2020/8/28,17:10:00,G1107,68,82,91,90,98,119,85,123,175,188,196,195,201,177,163,168,157,158,157
2020/8/28,17:10:00,G1108,67,84,91,90,91,101,80,127,172,186,195,190,195,174,159,160,149,151,152
2020/8/28,17:10:00,G1109,67,84,84,95,96,92,81,117,158,191,196,187,197,171,160,157,144,146,151
2020/8/28,17:10:00,G1110,68,90,85,89,83,70,76,122,144,184,195,171,189,163,157,155,141,135,145
2020/8/28,17:10:00,G1111,67,83,82,84,85,74,82,108,146,189,190,161,191,156,158,154,143,134,145
2020/8/28,17:10:00,G1112,73,84,83,85,91,78,96,114,157,188,191,159,191,157,163,159,NaN,137,151
2020/8/28,17:10:00,G1113,76,90,89,89,90,81,101,118,158,183,174,159,178,165,169,154,149,144,156
2020/8/30,11:30:00,G1101,304,41,34,29,276,227,139,136,103,133,136,150,239,141,139,102,175,222,86
2020/8/30,11:30:00,G1102,48,41,5,33,73,180,139,123,105,NaN,130,149,195,154,121,108,182,209,127
2020/8/30,11:30:00,G1103,299,32,107,32,33,298,90,130,136,NaN,139,156,187,163,137,124,162,189,105
2020/8/30,11:30:00,G1104,244,34,152,35,353,349,81,136,146,NaN,138,151,186,153,131,136,146,199,121
2020/8/30,11:30:00,G1105,293,345,346,24,26,290,72,120,129,129,134,163,172,173,149,150,157,190,134
2020/8/30,11:30:00,G1106,315,74,298,25,27,328,70,124,143,124,139,174,187,186,154,169,171,202,140
2020/8/30,11:30:00,G1107,308,7,257,20,329,38,24,137,144,164,167,185,201,207,188,190,202,203,178
2020/8/30,11:30:00,G1108,298,355,278,21,310,39,355,141,140,164,165,182,197,211,181,187,194,200,187
2020/8/30,11:30:00,G1109,305,360,281,28,324,36,58,173,140,167,172,186,197,204,181,174,187,199,210
2020/8/30,11:30:00,G1110,302,335,139,16,331,28,43,154,144,165,171,174,198,174,172,163,159,178,205
2020/8/30,11:30:00,G1111,302,326,357,2,13,63,18,156,152,172,169,177,196,181,170,137,157,161,197
2020/8/30,11:30:00,G1112,318,337,16,NaN,20,90,13,157,160,178,186,189,NaN,193,183,148,154,158,NaN
2020/8/30,11:30:00,G1113,319,349,207,NaN,17,32,58,158,160,167,200,194,213,196,188,165,173,163,190
2020/9/1,0:05:00,G1101,NaN,259,344,288,44,33,19,360,295,304,310,327,15,73,114,62,138,197,114
2020/9/1,0:05:00,G1102,NaN,205,28,272,44,34,310,337,306,304,308,312,314,82,130,67,135,123,106
2020/9/1,0:05:00,G1103,242,225,239,264,45,35,138,344,308,302,307,299,298,33,134,141,221,NaN,112
2020/9/1,0:05:00,G1104,247,223,230,260,45,35,192,344,307,299,318,294,286,332,140,202,236,140,110
2020/9/1,0:05:00,G1105,235,220,225,249,36,28,8,333,299,303,312,294,280,273,275,275,228,213,212
2020/9/1,0:05:00,G1106,236,230,230,258,46,25,175,340,305,304,329,313,288,263,264,289,236,213,202
2020/9/1,0:05:00,G1107,247,233,236,253,45,28,199,334,298,313,334,4,324,263,140,263,175,225,217
2020/9/1,0:05:00,G1108,242,238,231,244,27,31,194,330,289,310,331,340,313,304,135,275,211,220,212
2020/9/1,0:05:00,G1109,242,241,225,241,130,33,174,323,286,312,323,328,47,110,132,125,222,206,219
2020/9/1,0:05:00,G1110,241,234,236,230,191,16,46,334,283,301,348,37,67,129,195,221,223,213,209
2020/9/1,0:05:00,G1111,NaN,238,220,224,179,19,2,328,282,286,342,33,NaN,184,210,226,219,219,204
2020/9/1,0:05:00,G1112,NaN,246,225,228,182,28,345,327,286,277,334,44,180,195,NaN,NaN,NaN,225,217
2020/9/1,0:05:00,G1113,278,246,224,229,204,26,19,327,287,272,345,85,228,211,219,240,231,225,219
2020/9/1,16:45:00,G1101,222,223,NaN,235,276,294,296,319,132,340,261,163,266,249,217,302,163,198,82
2020/9/1,16:45:00,G1102,236,226,241,249,264,304,296,316,49,353,252,165,269,257,215,281,225,175,83
2020/9/1,16:45:00,G1103,224,221,241,226,259,312,296,301,331,350,35,194,264,257,202,258,196,193,85
2020/9/1,16:45:00,G1104,231,228,240,227,263,312,293,299,128,347,27,205,264,260,215,236,216,198,94
2020/9/1,16:45:00,G1105,220,235,241,225,263,309,296,297,326,346,312,212,255,247,227,212,196,197,99
2020/9/1,16:45:00,G1106,230,231,244,231,262,305,293,295,323,356,330,226,260,257,242,198,197,194,128
2020/9/1,16:45:00,G1107,237,237,252,236,264,304,303,294,314,327,347,251,260,253,248,210,197,199,172
2020/9/1,16:45:00,G1108,241,232,247,233,262,301,301,292,306,330,330,251,263,246,247,210,193,197,192
2020/9/1,16:45:00,G1109,237,231,247,240,262,306,297,285,301,342,360,254,269,261,268,224,201,201,208
2020/9/1,16:45:00,G1110,238,224,249,238,263,303,292,278,298,330,9,273,264,268,281,235,201,197,217
2020/9/1,16:45:00,G1111,247,223,247,246,266,302,275,270,289,320,27,274,267,270,285,257,200,202,213
2020/9/1,16:45:00,G1112,NaN,NaN,255,249,275,303,281,282,NaN,317,36,290,280,284,294,NaN,NaN,211,219
2020/9/1,16:45:00,G1113,254,264,253,259,278,304,280,278,301,326,42,299,283,292,301,269,213,213,219
2020/9/2,15:50:00,G1101,290,293,9,296,348,278,NaN,230,234,NaN,230,222,221,247,188,186,181,154,200
2020/9/2,15:50:00,G1102,283,312,324,215,106,281,249,224,230,241,226,225,237,246,184,210,178,167,169
2020/9/2,15:50:00,G1103,264,316,321,284,341,6,246,225,218,237,230,233,229,228,196,202,200,173,200
2020/9/2,15:50:00,G1104,266,312,347,11,195,56,262,232,221,229,233,236,234,225,198,205,195,179,184
2020/9/2,15:50:00,G1105,263,301,348,287,321,345,249,240,230,239,230,231,226,205,202,185,193,177,172
2020/9/2,15:50:00,G1106,285,322,338,284,194,300,271,269,240,247,240,235,235,216,198,202,196,186,169
2020/9/2,15:50:00,G1107,300,310,323,310,26,167,281,292,234,247,247,242,238,226,221,215,203,192,201
2020/9/2,15:50:00,G1108,300,306,301,312,209,195,278,287,220,244,241,245,236,223,219,210,200,183,199
2020/9/2,15:50:00,G1109,302,302,313,39,220,240,279,292,246,243,242,243,232,227,226,218,200,192,201
2020/9/2,15:50:00,G1110,299,302,319,323,291,198,280,286,249,238,241,245,235,226,231,206,197,182,198
2020/9/2,15:50:00,G1111,NaN,307,316,312,291,223,329,294,270,NaN,NaN,NaN,NaN,232,241,218,211,200,209
2020/9/2,15:50:00,G1112,314,320,320,NaN,60,NaN,NaN,305,279,NaN,NaN,257,243,243,249,220,218,NaN,215
2020/9/2,15:50:00,G1113,309,319,360,322,175,186,267,306,275,244,250,257,248,248,252,239,220,208,219
2020/9/3,14:40:00,G1101,322,37,264,NaN,190,132,172,156,133,158,171,130,141,133,94,120,121,126,121
2020/9/3,14:40:00,G1102,142,21,282,71,124,124,159,159,120,156,175,135,146,123,127,114,119,120,115
2020/9/3,14:40:00,G1103,355,321,235,NaN,136,120,160,176,110,160,166,151,176,134,128,124,105,118,127
2020/9/3,14:40:00,G1104,237,341,242,NaN,110,110,171,171,138,165,170,156,180,137,124,125,107,130,124
2020/9/3,14:40:00,G1105,24,345,168,NaN,115,103,174,171,150,162,172,153,160,152,110,127,95,123,123
2020/9/3,14:40:00,G1106,31,336,63,NaN,98,114,155,165,148,167,177,159,170,159,138,129,111,128,122
2020/9/3,14:40:00,G1107,11,346,315,NaN,128,110,167,165,170,166,185,174,193,169,152,156,135,138,123
2020/9/3,14:40:00,G1108,11,327,117,NaN,119,98,152,159,174,159,178,168,195,166,156,150,133,137,121
2020/9/3,14:40:00,G1109,3,346,123,192,163,99,140,158,174,172,187,182,195,182,170,161,152,141,129
2020/9/3,14:40:00,G1110,352,344,39,103,149,63,143,162,167,167,192,201,193,190,159,161,159,155,136
2020/9/3,14:40:00,G1111,5,325,39,90,NaN,50,150,174,164,186,195,196,210,201,200,194,171,164,145
2020/9/3,14:40:00,G1112,25,328,44,107,129,62,136,184,168,190,NaN,197,NaN,NaN,207,201,181,176,157
2020/9/3,14:40:00,G1113,26,346,35,94,116,61,133,193,190,224,201,202,216,211,215,218,186,182,163
2020/9/4,13:00:00,G1101,226,276,199,143,136,128,117,137,127,127,140,164,152,164,152,186,159,NaN,176
2020/9/4,13:00:00,G1102,232,258,216,137,131,121,114,130,120,130,133,156,148,153,145,192,NaN,139,167
2020/9/4,13:00:00,G1103,241,270,205,150,129,123,114,133,134,128,134,150,137,146,143,153,NaN,NaN,155
2020/9/4,13:00:00,G1104,NaN,273,206,151,125,122,115,134,129,127,130,146,138,153,141,140,NaN,120,149
2020/9/4,13:00:00,G1105,229,261,207,148,117,117,106,130,123,132,120,134,134,140,129,127,NaN,NaN,135
2020/9/4,13:00:00,G1106,236,267,209,150,125,123,109,127,130,144,128,133,126,139,128,128,127,118,131
2020/9/4,13:00:00,G1107,237,240,233,170,119,132,113,129,129,149,129,134,126,135,129,129,133,118,129
2020/9/4,13:00:00,G1108,231,222,228,170,117,128,112,126,125,143,124,132,123,129,125,126,127,117,129
2020/9/4,13:00:00,G1109,234,228,226,196,122,133,112,125,118,131,118,133,121,126,119,123,129,119,123
2020/9/4,13:00:00,G1110,226,227,219,203,127,128,116,119,112,119,119,125,119,123,117,128,128,133,123
2020/9/4,13:00:00,G1111,228,243,226,187,131,131,113,129,109,115,118,121,118,119,122,134,134,135,133
2020/9/4,13:00:00,G1112,NaN,NaN,NaN,NaN,NaN,140,118,131,NaN,122,129,125,123,125,131,136,138,NaN,146
2020/9/4,13:00:00,G1113,230,249,236,206,136,143,126,132,123,123,129,129,129,128,136,135,146,146,151
2020/9/5,10:25:00,G1101,119,148,NaN,142,NaN,82,192,249,219,246,261,209,258,241,233,NaN,NaN,165,285
2020/9/5,10:25:00,G1102,123,140,NaN,143,107,83,197,248,214,222,250,221,242,227,239,243,158,145,273
2020/9/5,10:25:00,G1103,156,139,123,122,NaN,80,197,227,207,241,231,230,245,229,241,248,NaN,192,258
2020/9/5,10:25:00,G1104,156,138,126,117,110,78,191,227,208,245,223,205,247,223,239,243,196,112,262
2020/9/5,10:25:00,G1105,142,124,112,111,113,73,187,208,207,235,195,206,231,213,220,228,NaN,214,228
2020/9/5,10:25:00,G1106,143,129,112,123,113,100,202,218,213,232,195,194,236,218,224,231,175,213,214
2020/9/5,10:25:00,G1107,146,133,121,125,112,144,203,208,211,220,215,210,247,211,230,224,203,187,211
2020/9/5,10:25:00,G1108,140,129,113,131,109,145,200,204,206,214,214,204,236,210,227,219,203,186,198
2020/9/5,10:25:00,G1109,134,115,113,124,138,160,202,212,211,219,205,206,228,211,222,215,188,183,200
2020/9/5,10:25:00,G1110,123,113,104,120,127,159,143,216,211,202,195,192,213,196,206,194,190,168,180
2020/9/5,10:25:00,G1111,121,112,102,106,130,155,146,214,217,196,201,NaN,216,204,198,200,170,169,179
2020/9/5,10:25:00,G1112,132,NaN,NaN,112,136,150,147,NaN,225,203,210,195,217,NaN,NaN,201,168,177,181
2020/9/5,10:25:00,G1113,130,125,110,115,NaN,145,151,214,218,209,211,199,202,199,205,198,165,175,177
2020/9/8,9:00:00,G1101,135,131,140,194,NaN,104,212,219,237,183,134,181,183,189,199,171,234,296,NaN
2020/9/8,9:00:00,G1102,122,95,136,180,153,102,208,235,241,171,133,183,186,174,198,184,185,320,NaN
2020/9/8,9:00:00,G1103,118,107,106,129,135,104,208,230,214,168,130,184,189,170,187,188,116,177,NaN
2020/9/8,9:00:00,G1104,114,105,104,107,127,97,202,231,215,161,145,187,185,173,193,188,134,168,83
2020/9/8,9:00:00,G1105,97,101,84,88,92,78,183,225,189,157,138,181,186,187,199,163,153,173,106
2020/9/8,9:00:00,G1106,103,100,92,88,74,78,165,231,194,158,177,192,190,201,215,157,160,179,135
2020/9/8,9:00:00,G1107,106,96,89,102,94,97,157,231,210,177,195,189,194,185,194,178,171,171,139
2020/9/8,9:00:00,G1108,115,95,87,98,89,96,145,230,205,173,199,188,188,177,191,174,168,161,135
2020/9/8,9:00:00,G1109,128,111,89,105,116,96,136,225,197,176,176,190,165,186,184,175,178,150,124
2020/9/8,9:00:00,G1110,139,129,119,116,110,102,135,215,194,178,180,190,175,195,183,169,165,137,118
2020/9/8,9:00:00,G1111,156,141,140,144,146,138,145,212,189,183,188,196,181,180,180,164,155,135,NaN
2020/9/8,9:00:00,G1112,163,NaN,140,151,150,141,156,218,195,199,201,NaN,185,187,185,169,162,140,NaN
2020/9/8,9:00:00,G1113,164,157,146,151,151,143,157,215,204,199,NaN,213,199,191,191,175,166,146,136
2020/9/9,12:15:00,G1101,273,292,325,283,298,273,111,85,139,33,27,338,346,360,35,40,41,53,326
2020/9/9,12:15:00,G1102,273,321,322,275,281,274,111,82,84,32,345,354,308,293,347,209,16,47,357
2020/9/9,12:15:00,G1103,272,316,312,282,258,266,115,75,81,297,338,350,146,66,35,41,34,49,357
2020/9/9,12:15:00,G1104,272,299,308,272,262,264,122,69,89,254,325,12,80,39,37,34,42,54,40
2020/9/9,12:15:00,G1105,257,285,289,258,257,260,120,58,101,231,290,302,6,22,26,27,29,41,46
2020/9/9,12:15:00,G1106,272,292,288,262,262,262,175,70,160,242,282,316,87,23,30,28,42,54,41
2020/9/9,12:15:00,G1107,279,273,270,259,275,228,215,120,265,230,302,144,170,33,42,43,49,48,42
2020/9/9,12:15:00,G1108,276,262,270,NaN,270,229,208,97,254,229,304,228,177,28,36,315,45,43,39
2020/9/9,12:15:00,G1109,267,257,263,263,268,228,210,136,240,214,266,338,180,30,29,148,46,351,33
2020/9/9,12:15:00,G1110,259,259,251,258,266,203,212,204,244,206,253,321,22,22,26,40,9,337,353
2020/9/9,12:15:00,G1111,263,241,247,259,256,210,212,187,243,212,252,313,332,18,15,17,9,343,205
2020/9/9,12:15:00,G1112,275,NaN,NaN,264,260,203,215,NaN,NaN,NaN,261,322,321,326,155,23,57,342,238
2020/9/9,12:15:00,G1113,255,241,249,269,261,213,212,197,243,NaN,277,311,309,25,335,331,323,262,192
2020/9/10,17:05:00,G1101,172,192,175,171,182,198,200,212,NaN,283,NaN,144,134,100,75,103,117,116,NaN
2020/9/10,17:05:00,G1102,174,179,159,149,166,186,190,225,NaN,286,185,137,109,94,74,96,102,108,128
2020/9/10,17:05:00,G1103,168,186,180,177,163,192,192,264,280,285,NaN,130,123,95,75,97,96,109,129
2020/9/10,17:05:00,G1104,169,185,180,181,168,185,195,268,287,292,193,135,123,93,80,96,102,115,127
2020/9/10,17:05:00,G1105,181,181,198,175,165,179,175,274,276,280,185,112,138,104,83,94,96,97,98
2020/9/10,17:05:00,G1106,184,193,205,174,174,196,186,261,280,283,215,124,162,114,97,101,105,95,117
2020/9/10,17:05:00,G1107,186,195,194,190,179,191,202,267,282,286,244,153,191,208,107,123,115,113,148
2020/9/10,17:05:00,G1108,183,192,192,183,175,191,205,268,281,282,244,209,197,219,104,115,112,118,137
2020/9/10,17:05:00,G1109,188,193,193,181,176,187,201,269,285,277,269,220,226,249,229,123,97,195,200
2020/9/10,17:05:00,G1110,181,192,184,170,173,185,194,258,274,267,266,226,241,243,246,205,183,230,225
2020/9/10,17:05:00,G1111,180,190,189,174,176,186,204,258,264,259,NaN,NaN,238,243,247,219,223,241,225
2020/9/10,17:05:00,G1112,NaN,196,197,181,183,193,205,263,268,264,NaN,247,NaN,NaN,NaN,226,NaN,NaN,NaN
2020/9/10,17:05:00,G1113,191,201,196,183,187,196,212,265,265,264,257,260,241,261,258,240,248,253,227
2020/9/11,12:55:00,G1101,185,192,171,186,199,201,231,234,265,264,246,230,217,244,NaN,243,NaN,NaN,240
2020/9/11,12:55:00,G1102,175,185,192,189,193,208,240,246,270,250,248,234,223,236,227,262,223,241,242
2020/9/11,12:55:00,G1103,179,170,201,196,171,214,226,246,258,251,255,277,242,247,NaN,260,230,267,255
2020/9/11,12:55:00,G1104,186,161,205,197,169,219,223,250,257,256,257,275,253,247,NaN,262,233,267,274
2020/9/11,12:55:00,G1105,182,174,195,196,193,219,227,248,246,244,254,241,232,241,236,260,246,271,257
2020/9/11,12:55:00,G1106,196,182,207,202,190,229,242,255,247,240,259,273,243,246,NaN,255,252,251,260
2020/9/11,12:55:00,G1107,196,185,202,206,204,228,241,258,254,252,264,261,250,248,232,246,260,264,252
2020/9/11,12:55:00,G1108,194,175,200,204,197,226,235,256,249,244,262,255,247,242,230,241,255,256,250
2020/9/11,12:55:00,G1109,210,199,207,210,198,225,234,253,247,247,256,254,247,225,229,230,241,246,240
2020/9/11,12:55:00,G1110,211,211,209,205,NaN,219,230,247,243,241,253,239,242,219,224,230,230,234,236
2020/9/11,12:55:00,G1111,185,216,209,207,NaN,220,231,NaN,246,NaN,241,225,230,217,225,230,221,230,NaN
2020/9/11,12:55:00,G1112,184,NaN,211,NaN,NaN,226,NaN,248,NaN,NaN,NaN,NaN,NaN,224,230,NaN,220,NaN,NaN
2020/9/11,12:55:00,G1113,188,228,218,224,220,230,233,248,246,253,241,235,225,219,NaN,230,NaN,230,NaN
2020/9/12,14:20:00,G1101,301,304,283,285,286,299,315,322,308,315,319,NaN,314,NaN,312,323,318,312,274
2020/9/12,14:20:00,G1102,307,294,289,287,284,303,303,322,313,311,321,317,NaN,321,314,323,318,320,293
2020/9/12,14:20:00,G1103,310,304,294,286,285,299,301,309,310,308,324,316,328,323,323,323,329,328,322
2020/9/12,14:20:00,G1104,305,301,296,286,286,301,301,300,308,315,327,317,329,322,323,321,331,335,328
2020/9/12,14:20:00,G1105,303,304,295,281,281,298,300,301,305,314,316,315,316,314,314,314,316,317,314
2020/9/12,14:20:00,G1106,309,304,294,288,292,303,304,305,314,321,327,336,323,319,320,319,327,325,317
2020/9/12,14:20:00,G1107,324,303,309,298,303,309,316,314,318,335,329,339,333,333,335,325,326,322,315
2020/9/12,14:20:00,G1108,321,304,314,302,298,304,315,312,313,332,328,337,329,332,342,320,314,318,309
2020/9/12,14:20:00,G1109,328,312,327,302,303,304,315,316,311,315,326,334,330,333,334,334,317,307,308
2020/9/12,14:20:00,G1110,310,314,330,297,307,302,315,317,314,311,321,333,323,244,335,335,323,307,303
2020/9/12,14:20:00,G1111,315,306,345,323,334,303,317,319,314,356,329,354,327,7,353,352,317,309,303
2020/9/12,14:20:00,G1112,331,312,334,314,NaN,315,332,332,314,332,346,347,347,357,355,203,NaN,318,312
2020/9/12,14:20:00,G1113,338,339,333,325,331,319,342,334,322,354,345,20,334,344,349,347,330,326,313
2020/9/13,15:55:00,G1101,297,281,242,229,243,256,223,197,154,142,142,328,327,NaN,281,140,132,327,299
2020/9/13,15:55:00,G1102,280,286,235,241,254,252,228,193,136,145,156,322,334,326,278,138,132,320,272
2020/9/13,15:55:00,G1103,210,227,221,236,247,216,211,167,133,142,130,328,324,325,276,149,130,354,261
2020/9/13,15:55:00,G1104,198,237,213,242,250,207,207,164,126,140,98,328,338,324,266,154,126,137,242
2020/9/13,15:55:00,G1105,141,226,217,216,225,224,189,136,112,140,123,314,344,306,241,139,123,142,191
2020/9/13,15:55:00,G1106,169,235,224,225,223,223,207,150,130,156,328,313,333,304,240,150,127,146,206
2020/9/13,15:55:00,G1107,171,234,250,225,238,231,209,162,141,151,224,324,324,306,236,159,132,209,199
2020/9/13,15:55:00,G1108,205,237,245,227,244,222,208,151,133,151,195,316,295,306,232,174,125,192,191
2020/9/13,15:55:00,G1109,205,257,227,227,236,220,209,156,138,170,122,357,267,303,234,184,121,194,209
2020/9/13,15:55:00,G1110,231,247,264,223,225,222,205,143,118,189,295,56,305,291,239,194,133,202,219
2020/9/13,15:55:00,G1111,253,247,292,229,NaN,221,213,159,155,184,273,48,283,266,270,184,160,213,225
2020/9/13,15:55:00,G1112,NaN,271,289,NaN,NaN,NaN,221,174,179,NaN,190,NaN,272,NaN,259,193,202,219,NaN
2020/9/13,15:55:00,G1113,230,277,288,243,230,239,222,200,186,207,321,93,263,208,293,199,213,216,228
2020/9/17,15:55:00,G1101,97,88,100,90,111,115,119,112,123,NaN,89,82,NaN,65,100,97,84,NaN,118
2020/9/17,15:55:00,G1102,92,83,90,93,99,114,108,105,112,109,95,81,NaN,74,92,93,98,NaN,111
2020/9/17,15:55:00,G1103,84,76,80,92,109,101,111,111,102,122,92,78,74,73,89,87,84,NaN,88
2020/9/17,15:55:00,G1104,85,79,79,95,107,98,110,109,106,94,92,81,72,70,92,84,85,NaN,81
2020/9/17,15:55:00,G1105,85,77,77,95,107,82,99,95,99,83,85,66,NaN,70,83,82,85,NaN,61
2020/9/17,15:55:00,G1106,90,80,91,107,109,84,108,101,105,90,95,70,80,80,88,85,89,NaN,68
2020/9/17,15:55:00,G1107,95,86,88,114,103,86,105,101,120,111,83,74,NaN,83,87,88,91,NaN,71
2020/9/17,15:55:00,G1108,92,86,83,107,97,84,105,101,120,104,82,80,83,86,90,83,90,88,74
2020/9/17,15:55:00,G1109,91,86,84,101,100,94,102,95,112,84,80,77,80,70,84,82,90,83,90
2020/9/17,15:55:00,G1110,88,91,83,76,84,88,100,95,94,80,78,73,83,76,81,82,87,84,91
2020/9/17,15:55:00,G1111,84,84,NaN,75,79,95,95,90,94,82,78,77,86,83,84,82,90,84,89
2020/9/17,15:55:00,G1112,NaN,86,89,90,84,NaN,98,95,98,86,84,84,89,89,93,87,95,90,95
2020/9/17,15:55:00,G1113,95,90,89,96,94,NaN,103,100,104,90,87,84,93,91,92,94,99,99,98
2020/9/18,14:00:00,G1101,111,87,81,82,114,NaN,113,160,96,115,149,141,NaN,283,306,281,140,117,62
2020/9/18,14:00:00,G1102,110,96,86,82,97,84,115,135,91,109,147,147,NaN,285,293,129,107,108,72
2020/9/18,14:00:00,G1103,112,91,92,83,87,83,125,128,98,119,137,123,138,132,5,88,110,104,75
2020/9/18,14:00:00,G1104,99,91,91,83,86,84,118,132,95,109,129,135,136,155,57,120,102,99,73
2020/9/18,14:00:00,G1105,89,88,84,75,76,77,100,108,79,94,108,120,110,112,62,79,125,101,75
2020/9/18,14:00:00,G1106,95,92,86,86,85,86,108,110,102,106,116,119,107,75,68,76,103,103,84
2020/9/18,14:00:00,G1107,100,96,100,93,92,84,107,126,102,104,105,102,98,75,71,86,98,103,87
2020/9/18,14:00:00,G1108,97,98,102,89,94,84,103,124,102,103,99,104,109,76,79,85,96,100,85
2020/9/18,14:00:00,G1109,90,105,92,85,97,84,95,122,97,97,107,98,91,84,80,90,98,91,88
2020/9/18,14:00:00,G1110,82,102,90,83,88,96,113,112,91,88,96,90,96,93,84,81,100,88,90
2020/9/18,14:00:00,G1111,89,103,84,80,87,92,104,116,94,96,96,96,86,94,94,90,91,93,90
2020/9/18,14:00:00,G1112,96,106,88,87,88,101,NaN,119,NaN,105,111,103,112,95,100,95,99,98,99
2020/9/18,14:00:00,G1113,98,106,91,93,89,105,110,122,101,108,107,106,111,95,108,100,102,106,98
2020/9/20,12:10:00,G1101,101,164,186,173,180,194,182,161,159,150,158,204,211,222,223,220,316,276,278
2020/9/20,12:10:00,G1102,108,166,182,160,164,182,180,162,155,145,150,199,213,231,220,216,314,282,289
2020/9/20,12:10:00,G1103,134,150,181,162,174,174,174,162,150,153,152,193,205,234,213,220,224,258,303
2020/9/20,12:10:00,G1104,99,164,181,163,175,175,169,163,145,152,152,191,212,240,203,225,213,241,305
2020/9/20,12:10:00,G1105,176,153,169,168,161,156,156,160,140,147,164,180,201,234,185,202,214,193,239
2020/9/20,12:10:00,G1106,292,154,161,170,165,168,162,167,144,154,182,187,189,205,182,203,193,188,218
2020/9/20,12:10:00,G1107,171,170,151,163,168,168,157,153,157,149,183,194,184,208,167,149,171,204,210
2020/9/20,12:10:00,G1108,129,175,147,157,168,160,152,149,153,140,174,193,182,199,160,141,159,199,202
2020/9/20,12:10:00,G1109,96,192,147,145,168,146,151,140,156,154,177,188,189,185,148,161,154,204,202
2020/9/20,12:10:00,G1110,202,191,147,142,168,140,156,140,154,160,158,180,171,176,148,136,146,172,151
2020/9/20,12:10:00,G1111,199,205,141,135,140,137,144,124,147,158,143,159,175,165,135,135,140,176,148
2020/9/20,12:10:00,G1112,207,192,NaN,137,NaN,145,151,136,151,166,149,172,NaN,168,140,136,148,180,154
2020/9/20,12:10:00,G1113,187,171,169,133,135,146,157,136,155,167,147,172,165,169,140,145,147,167,156
2020/9/21,12:55:00,G1101,144,150,134,160,159,200,226,156,168,225,251,279,NaN,272,273,274,275,281,273
2020/9/21,12:55:00,G1102,140,141,128,153,158,175,215,213,182,241,254,273,NaN,272,272,270,279,281,277
2020/9/21,12:55:00,G1103,130,141,134,142,148,156,207,143,177,250,273,278,201,263,263,261,277,274,259
2020/9/21,12:55:00,G1104,115,145,134,149,147,159,189,140,186,254,250,251,NaN,251,257,262,275,272,248
2020/9/21,12:55:00,G1105,113,135,120,110,129,146,175,134,181,246,218,204,NaN,232,240,254,281,239,230
2020/9/21,12:55:00,G1106,115,137,123,112,129,145,155,141,166,252,218,218,NaN,204,233,258,268,248,243
2020/9/21,12:55:00,G1107,119,140,125,116,135,144,150,149,171,241,219,158,128,172,241,261,239,229,226
2020/9/21,12:55:00,G1108,117,136,120,114,135,142,141,142,165,241,178,134,146,162,230,260,233,218,213
2020/9/21,12:55:00,G1109,118,131,119,127,134,132,133,143,154,239,206,133,150,151,213,258,240,264,199
2020/9/21,12:55:00,G1110,117,122,112,122,129,128,130,136,135,235,144,130,138,127,175,244,218,195,172
2020/9/21,12:55:00,G1111,NaN,125,121,113,119,126,NaN,135,123,176,129,129,133,134,144,NaN,223,169,188
2020/9/21,12:55:00,G1112,122,135,130,128,129,129,135,NaN,134,168,130,133,139,140,140,247,NaN,189,181
2020/9/21,12:55:00,G1113,122,130,129,126,130,135,135,146,135,168,126,135,NaN,135,141,251,217,206,170
2020/9/30,16:15:00,G1101,NaN,NaN,NaN,132,146,143,323,51,33,49,56,33,30,28,20,350,NaN,12,335
2020/9/30,16:15:00,G1102,117,118,140,132,146,142,337,49,37,40,54,37,33,289,34,34,NaN,45,18
2020/9/30,16:15:00,G1103,122,118,130,131,140,154,343,57,34,35,63,45,335,26,35,30,NaN,360,338
2020/9/30,16:15:00,G1104,116,119,124,130,138,155,NaN,53,37,40,65,50,359,27,NaN,17,NaN,30,325
2020/9/30,16:15:00,G1105,116,112,117,123,135,135,290,32,30,36,50,40,31,23,16,22,NaN,33,180
2020/9/30,16:15:00,G1106,125,118,125,127,135,133,231,38,31,39,60,31,38,30,28,25,NaN,19,18
2020/9/30,16:15:00,G1107,122,123,129,134,140,134,308,38,33,44,56,34,42,40,39,33,NaN,28,11
2020/9/30,16:15:00,G1108,117,123,129,129,135,132,38,37,32,38,56,30,38,38,39,33,31,25,5
2020/9/30,16:15:00,G1109,134,123,123,129,135,131,99,38,30,37,50,28,37,38,42,32,32,24,13
2020/9/30,16:15:00,G1110,124,127,123,127,135,126,98,31,29,31,49,25,43,36,39,28,32,24,15
2020/9/30,16:15:00,G1111,131,121,126,139,NaN,131,105,39,26,30,46,25,42,33,39,36,36,26,2
2020/9/30,16:15:00,G1112,144,132,130,154,146,136,115,39,33,35,50,30,48,37,50,41,45,30,17
2020/9/30,16:15:00,G1113,158,145,140,160,149,133,111,33,29,36,50,29,49,45,58,45,49,28,18
