date,time,stationid,,,,,,,,,,,,,,,,,,,
2018/3/15,12:25:00,G1101,77,76.300003,78.800003,79.5,80.599998,80.800003,81.599998,87.099998,92.400002,94.900002,97.699997,99.099998,98.199997,97.800003,97.199997,96.900002,97.199997,99.599998,99.199997
2018/3/15,12:25:00,G1102,80.199997,78.800003,81.400002,82.099998,82.900002,82.400002,83.599998,89.199997,95.099998,98.5,101.099998,102.599998,101.800003,101.699997,101.300003,100.599998,100.699997,102.599998,103.199997
2018/3/15,12:25:00,G1103,81.099998,79.400002,81.900002,82,82,82,82.400002,89.300003,95,98.199997,100.800003,101.699997,101.800003,101.599998,101.199997,101.099998,100.599998,101.400002,101.5
2018/3/15,12:25:00,G1104,81.900002,79.900002,82.300003,82.5,82.400002,83,82.699997,89.300003,94.699997,98.099998,100.800003,101.599998,101.699997,101.400002,101,100.699997,100,100.900002,101.400002
2018/3/15,12:25:00,G1105,79.300003,79.599998,79.400002,79.400002,79.400002,79.599998,79,86.099998,91.099998,94.199997,96.900002,97.800003,97.5,97.400002,97.099998,96.800003,96.5,96.900002,97.199997
2018/3/15,12:25:00,G1106,83.400002,82.400002,84.400002,84.300003,84.199997,84.699997,84.099998,90,96,99.199997,101.300003,101.599998,102.5,102.400002,102,101.5,100.599998,101.099998,101.099998
2018/3/15,12:25:00,G1107,83.5,83.900002,84.199997,85.900002,86,85.599998,85.400002,90.5,96.5,99.099998,101.099998,101.900002,102.099998,101.699997,101.300003,100.599998,98.800003,97.400002,98.599998
2018/3/15,12:25:00,G1108,82.400002,83,83.599998,85,85,84.400002,84.400002,89.599998,95.5,98.199997,99.900002,100.5,100.099998,99.300003,96.599998,95.199997,94.800003,94.400002,97.400002
2018/3/15,12:25:00,G1109,86,86.599998,86.900002,89,88.300003,86.5,88.5,92.699997,99.199997,99.800003,103.5,104.199997,103.599998,103.300003,103,102.300003,103,101.300003,101.099998
2018/3/15,12:25:00,G1110,83.599998,84.300003,85.900002,87.400002,86,84.5,87.199997,89.800003,95.300003,94.099998,97.699997,99.400002,98.199997,97,96.900002,96.599998,96.900002,96.699997,96.099998
2018/3/15,12:25:00,G1111,84.599998,85.699997,87.699997,86.800003,85.199997,85.400002,89.199997,90.800003,95.699997,94,96.199997,99,98.400002,97.099998,96.5,96.199997,95.099998,96.699997,97.300003
2018/3/15,12:25:00,G1112,86.5,88.199997,90.5,88.599998,86,87.699997,91.699997,93.199997,98.199997,96,97.699997,100,98.900002,96.5,95.5,95.5,94.5,97.400002,97.300003
2018/3/15,12:25:00,G1113,88,88.599998,89.900002,88.099998,86.699997,87.5,92.599998,93.800003,97.099998,95.300003,95.400002,97,94.199997,92.800003,92.900002,93.599998,92.199997,95.199997,96.099998
2018/4/14,19:30:00,G1101,79.400002,79.699997,79.699997,79.5,79.599998,80.199997,80.300003,82,82.599998,86.599998,91.5,93.800003,95.699997,97.400002,98.800003,99.599998,99.5,99.400002,99.5
2018/4/14,19:30:00,G1102,81.800003,82.199997,82.099998,82,81.800003,82.199997,81.900002,84.199997,84.900002,88.599998,94,96.5,98.199997,100,101.5,102.699997,102.400002,102.400002,102.300003
2018/4/14,19:30:00,G1103,81.400002,81.800003,81.699997,81.599998,81.599998,81.599998,81.5,83.699997,84,87.900002,93.800003,95.300003,96.699997,98.900002,100.400002,101.5,101.900002,101.800003,102.199997
2018/4/14,19:30:00,G1104,82,82.400002,82.199997,82.099998,82.099998,82.199997,82.099998,84.099998,84.199997,87.599998,93.300003,95.199997,96.199997,98.599998,100.099998,100.800003,101.199997,101.099998,101.5
2018/4/14,19:30:00,G1105,79,79.400002,79.199997,79.099998,78.900002,79.199997,78.900002,80.800003,81.5,84.699997,90.099998,91.300003,90.800003,94,95.800003,96.599998,96.599998,97,97
2018/4/14,19:30:00,G1106,83.699997,84,83.800003,83.699997,83.5,84,83.900002,85,85.099998,87.400002,94.099998,94.699997,94.199997,97.199997,98.599998,100.199997,100.099998,99.800003,100.400002
2018/4/14,19:30:00,G1107,84.800003,85.300003,84.699997,84.800003,84.800003,85.5,84.900002,85.699997,86.300003,87.199997,93.900002,94.199997,93.699997,96.099998,98,99.800003,98.5,99.099998,99.599998
2018/4/14,19:30:00,G1108,83.800003,84.199997,83.699997,83.800003,83.800003,84.400002,83.699997,84.599998,84.800003,86.099998,92.5,92.800003,92.300003,94.199997,96.800003,98.099998,97.199997,97.699997,97.800003
2018/4/14,19:30:00,G1109,87.599998,88,87.699997,87.699997,88.099998,88.300003,87.800003,88.199997,88.199997,89.199997,95.5,95.599998,94.800003,97.800003,99.300003,100.900002,99.800003,100.400002,100.400002
2018/4/14,19:30:00,G1110,86.300003,86.5,86.5,86.400002,86.900002,87.099998,86.599998,87.099998,86.599998,87.900002,91.599998,91.300003,91.300003,93.699997,95.599998,96.199997,95.599998,96.199997,95.5
2018/4/14,19:30:00,G1111,88,88.099998,88.199997,88.099998,88.300003,88.5,88.099998,88.400002,88.199997,89.5,92.099998,91.699997,93.599998,96.300003,97.699997,97.300003,97,97.099998,96.400002
2018/4/14,19:30:00,G1112,90,90.099998,90.300003,90.099998,90.5,90.5,90.300003,90.5,90.400002,91.5,93.699997,93.800003,95.699997,97.300003,98.800003,98.800003,98.699997,98.400002,97.599998
2018/4/14,19:30:00,G1113,89.5,89.599998,89.699997,89.699997,89.900002,90.199997,89.900002,90,90,90.900002,93.300003,93.599998,94.400002,96.300003,97.400002,97.5,98.300003,97.5,96.699997
2018/5/3,14:25:00,G1101,53,53.099998,51,54.5,56.099998,56.099998,55.099998,61.200001,63.700001,73.5,88.800003,90.300003,92.900002,98.300003,99.599998,100.099998,100.300003,100.5,100.300003
2018/5/3,14:25:00,G1102,53.700001,53.900002,51.599998,55,56.299999,56.400002,55.5,60.900002,63.700001,73.300003,89.099998,95,99.199997,101.400002,103.099998,103.300003,104.099998,104.099998,103.5
2018/5/3,14:25:00,G1103,54.900002,55,53.599998,55.5,56.5,56.700001,56.099998,58.799999,63.099998,71.800003,83.300003,90.199997,94.599998,101.900002,102.900002,103,103,102.300003,100.300003
2018/5/3,14:25:00,G1104,55.200001,55.299999,54.799999,55.799999,56.700001,56.799999,56.400002,58.799999,63.400002,75.599998,83.599998,92.699997,95.900002,102.199997,102.900002,103,103.099998,101.900002,100
2018/5/3,14:25:00,G1105,56.900002,57.400002,56.400002,57.200001,58.400002,57.799999,57.599998,60.400002,64.5,72.5,81.400002,91.099998,91.400002,97.599998,99,98.099998,98.800003,93.699997,92.599998
2018/5/3,14:25:00,G1106,55.900002,55.599998,54.900002,56.099998,57.799999,56.799999,56.799999,59.700001,64.800003,76.099998,87,93.400002,93.699997,100.900002,100.599998,98.699997,100.099998,94.900002,91.099998
2018/5/3,14:25:00,G1107,57.200001,56.299999,55.599998,57.599998,59.400002,58.299999,58.299999,59.900002,65.400002,72.599998,85.199997,91.800003,94.199997,99.699997,98.5,95.599998,97.199997,90.400002,88.300003
2018/5/3,14:25:00,G1108,57.700001,55.799999,55.400002,58.200001,59.400002,58.900002,58.799999,60.400002,65.400002,72.199997,82.800003,91.900002,92.5,99,98.900002,98.400002,98.199997,92.099998,90.599998
2018/5/3,14:25:00,G1109,59.5,56.400002,56.799999,59.5,60.299999,60.599998,60.400002,62.200001,67.599998,73.099998,88.800003,91.900002,95,102,102.5,99.900002,101.599998,92.300003,93.300003
2018/5/3,14:25:00,G1110,60.099998,59.099998,57.700001,59.599998,60.299999,60.900002,60.5,62.900002,67,74.400002,82.199997,84.900002,90.599998,96.599998,93.300003,92.5,95.599998,87.400002,89.699997
2018/5/3,14:25:00,G1111,62,59.700001,58.400002,61.299999,61.799999,62.299999,62,63.799999,68.300003,75.699997,84.300003,86.900002,92.5,96.300003,92.300003,94,95.599998,89.199997,90.099998
2018/5/3,14:25:00,G1112,62.700001,60.299999,58.200001,61.900002,62.700001,63.099998,62.700001,64.400002,69.5,75.599998,85.199997,89.599998,95.699997,98.300003,94.900002,96.699997,99,89.400002,91.699997
2018/5/3,14:25:00,G1113,63.099998,60.799999,59.299999,62.5,63.400002,63.700001,63.299999,65.400002,70.300003,76.199997,88.199997,88.800003,98.300003,98.800003,94.099998,95.5,98.5,85.900002,89.800003
2018/5/7,20:25:00,G1101,88.800003,88.599998,89.300003,89.800003,89.900002,90.300003,90.099998,80.900002,83.5,83.400002,83.699997,84.199997,84.900002,86.400002,87.300003,90.099998,94.5,96.699997,97.300003
2018/5/7,20:25:00,G1102,91.900002,91.800003,92.599998,92.900002,93.199997,93.400002,92.800003,83,86.199997,85.699997,86.599998,87,87.699997,89,90.400002,93.400002,98,99.900002,100.5
2018/5/7,20:25:00,G1103,91.5,91.599998,92.300003,92.599998,92.800003,93.099998,92.400002,82.900002,86.099998,85,86.199997,86.5,87.300003,88.599998,90.099998,94,97,98.800003,99.800003
2018/5/7,20:25:00,G1104,92.300003,92.5,93.099998,93.400002,93.5,93.800003,93.400002,83.699997,86.800003,85.800003,86.900002,87.199997,87.900002,89.199997,90.800003,94.900002,97.400002,99.199997,100.099998
2018/5/7,20:25:00,G1105,89.599998,89.900002,90.400002,90.599998,90.800003,91.099998,90.699997,81.300003,85.099998,83.699997,84.400002,84.800003,85.800003,86.699997,89,92.699997,94,95.400002,96.400002
2018/5/7,20:25:00,G1106,93.900002,94.300003,94.599998,94.900002,95.099998,95.400002,95,84.300003,88.400002,87.400002,88.199997,88.5,89.699997,90.400002,92.900002,96.5,98,98.800003,100.300003
2018/5/7,20:25:00,G1107,95.400002,95.400002,94.800003,95.699997,96.5,96.599998,96,85.5,89.599998,88.699997,88.800003,89.599998,90.900002,90.300003,93.099998,97.5,97.099998,98.699997,100.699997
2018/5/7,20:25:00,G1108,94,94.199997,93.199997,94.199997,95,95.199997,94.099998,84.900002,88.5,88,87.699997,88.300003,89.800003,88.800003,91.699997,96.199997,95,97,99.5
2018/5/7,20:25:00,G1109,98.900002,98.900002,97.599998,98.300003,99.599998,99.599998,97.599998,88.699997,92.400002,91.099998,92.400002,92.099998,94.300003,91.900002,95.699997,100.599998,98.400002,100.800003,103.599998
2018/5/7,20:25:00,G1110,95.699997,96.199997,95,95.400002,96.599998,96.199997,94.099998,86.900002,89,85.400002,89.199997,88.699997,91.599998,87.599998,91.900002,97.900002,95.5,97.800003,99.300003
2018/5/7,20:25:00,G1111,96.599998,96.900002,96.400002,96.699997,97.099998,97.599998,95.800003,89.800003,90,84.599998,90.099998,88.099998,92.599998,89.199997,92.099998,99,96.400002,98.199997,98.900002
2018/5/7,20:25:00,G1112,98.400002,98.900002,98.099998,98.400002,99.099998,99.699997,97.800003,91.599998,91.699997,86.599998,91.400002,88.400002,93.800003,90.699997,94.400002,101.5,98.400002,100.099998,101.300003
2018/5/7,20:25:00,G1113,98.300003,98.5,98.400002,98,98.900002,99.800003,97.599998,93.400002,91.5,83,90.699997,88.599998,94.800003,91.300003,94.5,100.900002,96.599998,99.699997,99.400002
2018/6/1,13:25:00,G1101,56.099998,53.799999,54.400002,53.900002,53.900002,53.799999,55.099998,64.099998,69.599998,68.800003,69.199997,68.800003,69,73.199997,74.900002,77.400002,77.099998,75.699997,76.199997
2018/6/1,13:25:00,G1102,57.299999,54.799999,55.200001,53.700001,54,53.799999,55.5,66.099998,71.699997,70.300003,71,70.599998,70.599998,75.800003,77.300003,80.099998,79.400002,77.800003,77.699997
2018/6/1,13:25:00,G1103,58,56.599998,56.200001,54.299999,54.400002,54,55.5,66.300003,71.900002,70.400002,71.300003,70.599998,70.599998,76.199997,77.400002,80.199997,79.099998,77.400002,76.900002
2018/6/1,13:25:00,G1104,57.200001,55.900002,55.200001,53.400002,53.5,52.900002,54.599998,65.400002,71.199997,69.400002,70.599998,70,69.800003,75.699997,76.900002,79.599998,78.400002,76.599998,76.300003
2018/6/1,13:25:00,G1105,59.799999,58.700001,57.700001,56.200001,56.200001,55.5,57.299999,65.400002,72.400002,70.099998,71.5,71.099998,70.599998,77.199997,78.5,78.900002,78.5,77.699997,77
2018/6/1,13:25:00,G1106,59.599998,57.900002,56.599998,55.099998,54.900002,54.099998,56,63.900002,74,71,72,72.300003,71.800003,79.199997,79.800003,82.400002,81,78.099998,77.400002
2018/6/1,13:25:00,G1107,61,59.400002,57.700001,56.599998,56.299999,55.700001,56.900002,62,76.199997,71.099998,70.300003,73,73,80.599998,81.400002,81.5,81.400002,78.5,74.400002
2018/6/1,13:25:00,G1108,61.299999,59.700001,58.200001,57.200001,56.900002,56.5,57.400002,62,75.300003,70.199997,69.400002,72.099998,72.300003,79.699997,80.300003,79.400002,80.300003,76.900002,73.400002
2018/6/1,13:25:00,G1109,62.900002,61.400002,59.900002,58.799999,58.900002,58,58.799999,61.599998,77.5,73,68.400002,72,73.400002,83.599998,82.599998,80.199997,82.5,76.199997,75.699997
2018/6/1,13:25:00,G1110,62.5,61.200001,60,59.099998,59.700001,58.599998,59.400002,60.700001,76.5,71.300003,65.699997,69,70.099998,82.099998,77.599998,76.400002,75.400002,71.800003,73.099998
2018/6/1,13:25:00,G1111,63.799999,62.599998,61.400002,60.5,60.799999,60.299999,60.799999,61.700001,77.599998,70.900002,67.300003,69.300003,71,83.5,75.099998,76.199997,75.400002,72.5,72.199997
2018/6/1,13:25:00,G1112,64.800003,63.599998,62.200001,61.200001,61.5,61.099998,61.5,62.299999,78.599998,71.300003,68.400002,70.5,71.800003,85.199997,77,76.699997,76.599998,73.400002,72.699997
2018/6/1,13:25:00,G1113,65,64.300003,62.900002,61.799999,62.099998,61.599998,62,62.599998,78.400002,70.5,68.5,69.699997,70.800003,85.300003,74.199997,75,75.300003,72.199997,72
2018/6/12,9:30:00,G1101,72.5,71.5,77,75.599998,76.099998,76,76.599998,86.400002,92.099998,94.699997,95.099998,95.699997,95.5,95.199997,94.900002,96,96.900002,97.300003,96.800003
2018/6/12,9:30:00,G1102,74.800003,72.5,77.800003,75.900002,76.5,77.699997,78.699997,89.300003,95.599998,98.099998,98.599998,99.400002,99,97.599998,98.099998,99.099998,100.099998,100.599998,100.599998
2018/6/12,9:30:00,G1103,75.099998,72.099998,75.900002,73.800003,75.300003,76.699997,77.199997,89.199997,94.5,97.199997,97.900002,98.5,97.400002,96.5,97,98.400002,99.199997,99.300003,99.400002
2018/6/12,9:30:00,G1104,74.300003,71.199997,74.699997,72.599998,74.300003,75.599998,75.599998,87.800003,94.199997,96.699997,96.900002,97.400002,95.800003,95.099998,95.300003,97.300003,98.300003,98.400002,98.800003
2018/6/12,9:30:00,G1105,75.699997,72.099998,75.199997,73,75.199997,76.800003,76.900002,87.199997,91.5,94.5,94.199997,93.599998,91.5,90.900002,91.300003,94.300003,96.400002,96.5,96.099998
2018/6/12,9:30:00,G1106,77,73.099998,75.900002,74.099998,75.800003,77.800003,77.800003,91.300003,95.599998,97.5,96,96.400002,92.599998,92.300003,92.400002,97.300003,100.199997,100.900002,100
2018/6/12,9:30:00,G1107,76.800003,74.400002,77,75,76.699997,78.699997,78.699997,91.900002,95.900002,95.5,90.699997,91.699997,90,91.300003,90.900002,90.800003,98.900002,99.599998,97
2018/6/12,9:30:00,G1108,75.900002,73.800003,75.400002,74.400002,76.099998,77.900002,77.900002,90.699997,94.5,93.599998,88.5,89.099998,88.099998,89.900002,89.5,88.300003,96.900002,96.900002,93.199997
2018/6/12,9:30:00,G1109,78.300003,77,77.5,77.400002,80.400002,81.400002,81.099998,94.599998,99.199997,96.900002,90.900002,91.699997,90.900002,93,93.800003,92.099998,95.400002,96.5,85.900002
2018/6/12,9:30:00,G1110,77,76,76.099998,76.199997,80,79.400002,79.699997,90.699997,92.099998,89.900002,87.800003,87.300003,88.5,89.199997,91.199997,90.199997,86.800003,88.599998,85.900002
2018/6/12,9:30:00,G1111,78.300003,78.099998,77.599998,79,81.099998,81.300003,81.5,90.599998,91.5,87.199997,87.599998,87.699997,89.300003,86.800003,90.900002,91.699997,87.599998,90.599998,89.699997
2018/6/12,9:30:00,G1112,80.199997,80.199997,79.900002,81.300003,83.099998,83.599998,83.599998,92.599998,92.699997,86.300003,88.400002,89.5,91.5,88.099998,92.699997,93.699997,88.300003,93.400002,92.599998
2018/6/12,9:30:00,G1113,81.5,82.099998,82.099998,82.699997,84.300003,85.599998,85.400002,95.900002,95.5,86.900002,88.300003,91.400002,93,88,93.900002,96.099998,87.199997,92.900002,95.599998
2018/6/19,13:40:00,G1101,84.300003,85,84.800003,84.5,84.199997,84.199997,85.599998,93.900002,96,94,93.099998,92.900002,92.099998,92.300003,93.199997,91,90.699997,89.699997,88
2018/6/19,13:40:00,G1102,87.400002,87.800003,87.699997,87.5,87.300003,87.199997,88.199997,96.5,99.400002,97.900002,96.099998,96.400002,95.599998,95.599998,95.400002,92.800003,93.400002,91.800003,91.300003
2018/6/19,13:40:00,G1103,87.300003,87.400002,86.900002,87.199997,87,86.900002,88.300003,96,98,96.400002,95.400002,95.099998,94.599998,93.900002,93.699997,91.599998,92.400002,90.900002,90.599998
2018/6/19,13:40:00,G1104,86.5,86.599998,86.099998,86.400002,86.099998,86.099998,87.5,94.699997,96.599998,94.900002,94.5,93.599998,93.099998,93,92.199997,90.5,92.199997,90,89.400002
2018/6/19,13:40:00,G1105,85.400002,85.5,85.199997,85.599998,85.199997,84.900002,86.599998,93,94.599998,92.300003,92.599998,91.699997,89.800003,88.800003,87,86.300003,89.599998,86.5,85.900002
2018/6/19,13:40:00,G1106,89.5,89.400002,89,89.5,89.300003,88.699997,90.800003,98.099998,99.199997,96.800003,96.699997,94.5,92.599998,91.699997,87.900002,89.800003,91.300003,89.900002,89.599998
2018/6/19,13:40:00,G1107,90.599998,90.300003,90.199997,90.5,90.699997,89.599998,92.099998,98,98.800003,97,95.300003,91.199997,86.800003,84,84.800003,88.5,87.400002,87.699997,89
2018/6/19,13:40:00,G1108,89.400002,89.199997,88.900002,89.199997,89.400002,88.5,90.699997,96.5,97.199997,95.5,93.699997,89.5,84.300003,81.900002,83,87.599998,85.099998,85.800003,87.699997
2018/6/19,13:40:00,G1109,93.900002,94.099998,93.900002,94.099998,94,93.300003,95.300003,100.900002,102.599998,101.300003,98.900002,92.900002,82.199997,80.900002,83.099998,90.300003,85.5,88.599998,90.599998
2018/6/19,13:40:00,G1110,91.699997,92,91.400002,91.800003,92.099998,91.599998,92.900002,96.400002,98.199997,97.199997,91,84.400002,77.800003,77.099998,76.400002,84.099998,83.300003,85.699997,87.699997
2018/6/19,13:40:00,G1111,93.099998,93.400002,92.599998,93.400002,94.099998,93.5,94.800003,96.300003,97.900002,91.900002,85.5,78.099998,77.599998,77.099998,76.300003,83.400002,84.300003,86.5,90.5
2018/6/19,13:40:00,G1112,95.199997,95.599998,94.800003,95.699997,96.400002,95.699997,96.800003,97.599998,99,90.099998,86.5,78.599998,78.5,78.699997,79.5,85,85.900002,88.099998,92.699997
2018/6/19,13:40:00,G1113,96.5,96.599998,95.800003,97.400002,96.900002,96.900002,98.400002,97.5,98.5,89,86.199997,77.199997,78.599998,79.199997,81.199997,84.199997,85,88.800003,92.699997
2018/6/20,16:20:00,G1101,81.800003,80.900002,81.300003,82,81.699997,80.099998,82.5,84.800003,93.400002,97.599998,97.400002,97.5,97.099998,95.300003,93.199997,93.900002,95.300003,95.199997,95
2018/6/20,16:20:00,G1102,84.699997,84,84.400002,85,84.699997,82.800003,85.400002,87.599998,96.599998,101.400002,101.5,101.199997,100.599998,98.599998,95.199997,96.599998,97.900002,97.800003,98.199997
2018/6/20,16:20:00,G1103,84.800003,84.400002,84.5,84.900002,84.800003,83.099998,85.400002,87.599998,96.5,100.400002,100.699997,100,99.099998,96.199997,93.099998,94.599998,95.699997,95.400002,96.099998
2018/6/20,16:20:00,G1104,84,83.699997,83.800003,84.099998,83.900002,82.5,84.699997,86.900002,94.400002,99.099998,99.400002,99,97.599998,95,91.900002,92.699997,94.699997,93.900002,94.400002
2018/6/20,16:20:00,G1105,83.400002,83.099998,82.699997,83.300003,83.099998,81.599998,84.199997,86.400002,92.5,95.599998,95.599998,94.800003,91.5,91.400002,89.099998,90.300003,91.099998,89.5,91.099998
2018/6/20,16:20:00,G1106,87.099998,87.099998,86.699997,87.300003,86.900002,85.699997,88.300003,90.300003,96.5,99.699997,98.300003,97.5,94.300003,94,92.699997,93.5,93.300003,92.199997,93.5
2018/6/20,16:20:00,G1107,88.199997,88.400002,87.400002,88.400002,87.400002,86.599998,89,91.300003,93.199997,97.199997,91.900002,94,92,92.099998,90.900002,91.099998,88.5,90.599998,92.5
2018/6/20,16:20:00,G1108,87,87.400002,86.300003,87.099998,86.199997,85.5,88.099998,90.199997,91.800003,94.800003,90.5,92.099998,90.5,90.199997,89.099998,89,86.400002,88.599998,91
2018/6/20,16:20:00,G1109,90.800003,91.400002,90.599998,91.199997,89.800003,88.900002,92.599998,95.699997,94.099998,98.400002,96.300003,96.199997,93.900002,91.5,90.5,87.699997,86.300003,88.300003,92.699997
2018/6/20,16:20:00,G1110,87,89,88.900002,88.699997,87.5,86.599998,91.800003,90.699997,89.300003,93.699997,91.599998,89.599998,91.699997,88.800003,86,81.900002,81.900002,84.099998,84.699997
2018/6/20,16:20:00,G1111,88.400002,90,89.099998,90.5,86.599998,88.199997,92.300003,95.800003,89.699997,92,92.800003,91.400002,89.900002,89.800003,88.400002,77.699997,76.800003,77.199997,82.099998
2018/6/20,16:20:00,G1112,89.900002,91.900002,90.900002,92.599998,87.199997,89.699997,94,97.599998,91.5,93.599998,94.5,93.199997,92.300003,91.199997,89.699997,78.599998,78.900002,77.699997,79.199997
2018/6/20,16:20:00,G1113,89.699997,94.099998,92.099998,93.599998,85.900002,90,95.599998,100.099998,91.800003,92.599998,93.800003,93.400002,93.400002,91.400002,89.199997,79.699997,80.800003,76.199997,75.900002
2018/6/21,16:35:00,G1101,76.5,74.699997,75.300003,76.199997,77.400002,80.199997,78,85.300003,89.199997,90.199997,90.900002,94.300003,95.900002,96.800003,96.900002,97.300003,97.199997,96.099998,96.400002
2018/6/21,16:35:00,G1102,79.300003,77.099998,77.699997,78.699997,80.300003,82.199997,80.599998,88.300003,92.199997,93.199997,92.900002,97.900002,99.699997,100,99.699997,100,100,97.900002,98.300003
2018/6/21,16:35:00,G1103,79.5,77.400002,77.800003,78.400002,80.099998,82.099998,80.300003,88,91.599998,91.599998,91.599998,97.400002,97.099998,96.199997,93.300003,94.900002,98.199997,95.5,93.800003
2018/6/21,16:35:00,G1104,78.699997,76.699997,76.900002,77.599998,79.099998,81.099998,79.599998,87.400002,90.699997,89.599998,90.099998,96.199997,95.5,92.5,91.300003,92.5,96.599998,94.300003,92
2018/6/21,16:35:00,G1105,79.099998,78.400002,79,78.699997,78.599998,79.099998,79,86.699997,89.300003,85,87.5,93.199997,85.099998,82.699997,87.300003,87.900002,92.599998,89.699997,87.5
2018/6/21,16:35:00,G1106,82.099998,80.300003,79.699997,80.800003,82.099998,82.400002,82,90.599998,93.300003,88.900002,91.599998,97.900002,89.900002,87.300003,90.300003,89.099998,93.800003,91.099998,89
2018/6/21,16:35:00,G1107,83.599998,81,81.099998,82.099998,83.5,82.800003,82.099998,91.300003,93,87.099998,91.800003,97.599998,84.5,87,87.800003,88.400002,90.699997,87,81.099998
2018/6/21,16:35:00,G1108,82.699997,80.099998,80.199997,81.099998,82.400002,81.800003,80.800003,90,91.199997,86.099998,90.5,95.800003,81.300003,85.300003,86.199997,87,89.199997,85.099998,78.699997
2018/6/21,16:35:00,G1109,86.199997,84.099998,83.699997,85,85.900002,86,84.699997,94.900002,94.5,90.199997,95.599998,101.300003,85.900002,90.300003,88.400002,90.699997,94.099998,85.099998,75.599998
2018/6/21,16:35:00,G1110,83.900002,82.599998,82,83.5,84.5,84.900002,83.300003,92,90.699997,88.400002,92.800003,97.400002,81.099998,84.5,84.300003,87.099998,91.099998,75.599998,71
2018/6/21,16:35:00,G1111,85.300003,84.099998,83.400002,84.900002,85.5,86.300003,85,93.900002,93.400002,89.800003,94.300003,98.5,81.400002,84.099998,84.400002,85.599998,90.5,74.900002,72.099998
2018/6/21,16:35:00,G1112,87.199997,86.5,85.199997,87.099998,87.400002,88.099998,87.300003,95.300003,95.199997,91.300003,95.900002,100,81.099998,85.599998,86.199997,87,91.400002,75.900002,75.099998
2018/6/21,16:35:00,G1113,87.800003,87.199997,86.900002,88,88.300003,88.599998,88.400002,96.800003,96.699997,90.800003,96.5,100.599998,80.300003,85.5,86,86.800003,89.199997,74.699997,76.599998
2018/6/22,11:40:00,G1101,72.5,75,76.199997,79.400002,74.800003,77.300003,78.099998,80.900002,80.800003,85.300003,86.5,86.900002,87.800003,89.300003,91,90.900002,91.599998,92.699997,92.599998
2018/6/22,11:40:00,G1102,74.5,77.300003,78.300003,81.699997,76.800003,79.199997,80.699997,83.300003,83.300003,88,88.800003,89.900002,90.599998,92.400002,94.099998,94.199997,94.900002,95.699997,95.5
2018/6/22,11:40:00,G1103,74,77,78,81.199997,76.599998,79.199997,80.800003,82.599998,83.5,87.900002,88.099998,89.599998,89.599998,91.599998,93.599998,93.599998,93.800003,94.5,94.599998
2018/6/22,11:40:00,G1104,72.900002,76.199997,76.900002,80.099998,75.800003,78.199997,79.900002,81.800003,82.5,86.900002,87,88.300003,89.099998,90.699997,92.400002,92.699997,93,93.800003,93.900002
2018/6/22,11:40:00,G1105,74.400002,78.699997,79,78.699997,78.5,78.599998,78.900002,80.300003,81.099998,86.300003,86.099998,87.300003,87.599998,89.900002,90.800003,91.199997,91.5,92.099998,93.699997
2018/6/22,11:40:00,G1106,75.199997,78.300003,79.199997,81.599998,78.300003,80.699997,82.199997,83.900002,85.5,90.5,89.900002,91.300003,91.699997,94.599998,94.900002,95.099998,95.699997,96.599998,97.400002
2018/6/22,11:40:00,G1107,76.400002,78.699997,80,82.300003,78.900002,81.5,83.199997,85.199997,86.199997,91.300003,90.5,92.300003,92.300003,95.400002,95.599998,95.400002,94.599998,96.900002,97.599998
2018/6/22,11:40:00,G1108,75.699997,77.800003,79.099998,81.300003,78.099998,80.5,82.300003,84.099998,85,90.099998,89,90.699997,91.099998,94,94.300003,94.099998,92.900002,95.400002,96
2018/6/22,11:40:00,G1109,79.099998,81.099998,82.699997,85.400002,81.699997,84.5,86.400002,87,88.800003,95.300003,92.900002,95.300003,96.099998,99.199997,98.800003,97.400002,96,99.900002,100.099998
2018/6/22,11:40:00,G1110,78.199997,79.599998,81.5,84.099998,79.699997,83.099998,84.900002,84.599998,85.599998,91.300003,89.599998,92.199997,93.699997,96.300003,95.099998,90.900002,92.099998,95.900002,94.300003
2018/6/22,11:40:00,G1111,79.5,80.5,83.099998,86.099998,80.900002,84.400002,86.599998,85.699997,85.5,92.199997,90,93.5,95.300003,97.199997,95.099998,90,93.199997,96.400002,93.400002
2018/6/22,11:40:00,G1112,81.400002,82.199997,85.099998,88.699997,82,86.199997,88.5,88.300003,86.300003,94.099998,92.199997,95.099998,97.099998,99.599998,96.300003,91.400002,95.400002,98.5,94
2018/6/22,11:40:00,G1113,82.099998,83.300003,86.800003,91.400002,83.300003,87.300003,91.300003,89.599998,85.699997,96.699997,92.800003,97.800003,99.099998,100.800003,92.199997,91.099998,97.5,99.699997,92.699997
2018/6/23,10:45:00,G1101,93.099998,93.800003,91.599998,93,95,95.300003,96,89.099998,89.900002,92.300003,95,96.5,97.900002,97.599998,97.199997,97.5,96.400002,96.400002,96.400002
2018/6/23,10:45:00,G1102,95.199997,96.699997,94.800003,95.199997,98.099998,99.199997,99.5,92.099998,92.5,95.5,97.900002,100.300003,101.5,101.599998,102,101.599998,100,100,99.900002
2018/6/23,10:45:00,G1103,94.099998,95.199997,93.300003,93.099998,96.599998,98.099998,98.099998,90.5,90.300003,94.199997,96.300003,98.900002,100.5,98.5,99.5,99.5,98.599998,98.900002,99.300003
2018/6/23,10:45:00,G1104,92.800003,93.900002,92.400002,92.199997,95,96.800003,97.300003,88.800003,89.599998,92.900002,94.800003,97.400002,99.199997,97.599998,98.400002,98.699997,97.699997,98.099998,98.400002
2018/6/23,10:45:00,G1105,90.599998,90.300003,90.400002,90.599998,92.5,93.599998,94.699997,87.599998,86.800003,90.800003,93.400002,95.599998,97.099998,94.099998,95.900002,95.300003,95.699997,96.400002,96.599998
2018/6/23,10:45:00,G1106,94,93.599998,94.099998,94.400002,95.699997,96.599998,98.400002,91.599998,88.599998,94.599998,97.199997,99.599998,101.300003,97.199997,100.300003,98.800003,99.300003,100.400002,100.800003
2018/6/23,10:45:00,G1107,92,92.599998,92.300003,93.900002,95.099998,96.900002,97.900002,91,86.099998,93.800003,96.800003,99,100.199997,92.800003,99.300003,97.300003,98.400002,99.900002,100.699997
2018/6/23,10:45:00,G1108,90.599998,90.699997,90.699997,92.300003,93.5,95.199997,96.199997,89.599998,84.599998,92.099998,95.5,97.5,97.800003,90.599998,97.5,95.599998,96.699997,98.099998,99.099998
2018/6/23,10:45:00,G1109,94.199997,94.599998,95.300003,96.5,97.900002,99.900002,99.699997,94.099998,87.199997,97.300003,99.800003,101.699997,99.900002,92.099998,101.5,99.900002,101.099998,102.400002,104
2018/6/23,10:45:00,G1110,91.300003,92.300003,92.900002,93.900002,95.099998,96.099998,96.199997,89.900002,84.099998,93.5,96.400002,97,93.5,90.300003,96.400002,96,96.699997,98,99.599998
2018/6/23,10:45:00,G1111,93.099998,94.400002,95.300003,95.699997,96.5,97,97.099998,90.099998,80.300003,93.300003,97.5,96.800003,92.699997,91.099998,96.099998,96.300003,95,97.599998,99.300003
2018/6/23,10:45:00,G1112,95.400002,96.800003,97.699997,98,98.599998,98.900002,98.900002,92.699997,80.199997,94.599998,99.199997,98.400002,93.900002,92.699997,97.099998,97.099998,95.599998,97.900002,100.800003
2018/6/23,10:45:00,G1113,96.5,97.599998,98.400002,98.699997,99.099998,99.199997,98.900002,93.099998,78.300003,94.099998,99.5,97.099998,93.300003,92.199997,98.699997,95.800003,96.5,99,102.099998
2018/6/25,10:20:00,G1101,80,78,77.699997,76.5,74.099998,77.300003,80.199997,88.199997,91.300003,91.699997,90.400002,88,88.599998,87.599998,87.699997,84.900002,84.5,81,81.599998
2018/6/25,10:20:00,G1102,82.5,80.900002,80.300003,79.099998,76.5,79,82.199997,90.900002,93.5,94.199997,93.900002,91.099998,91.400002,90.199997,89.900002,88,87.199997,83.5,84.300003
2018/6/25,10:20:00,G1103,81.800003,80.800003,79.800003,78.800003,77.5,78.800003,81,90.400002,91.300003,92.400002,91.599998,90.900002,90.599998,88.400002,90.300003,87.300003,84.900002,83.699997,84.099998
2018/6/25,10:20:00,G1104,81,79.699997,79.199997,77.800003,76.599998,77.900002,80.099998,89.400002,90.099998,91.099998,89.699997,89.800003,89.599998,87.300003,88.599998,86.099998,83.300003,82.699997,83.300003
2018/6/25,10:20:00,G1105,79.400002,78.599998,79.199997,78.699997,78.400002,78.800003,78.5,88.400002,87.400002,89.099998,87.5,87.900002,88.699997,86.099998,86.599998,85.599998,81.400002,80.699997,81.900002
2018/6/25,10:20:00,G1106,84.099998,82.900002,82.099998,81.599998,79.599998,81.199997,81.099998,92.199997,90,91.599998,89,90.400002,92.099998,89.900002,89.900002,89.599998,84.699997,84.5,85.699997
2018/6/25,10:20:00,G1107,85.400002,84,82.599998,83.199997,80.699997,82.5,82.400002,91.699997,89.300003,89.099998,87,88.699997,90.099998,90.300003,86,88.400002,84.900002,85.5,86.300003
2018/6/25,10:20:00,G1108,84.300003,83.099998,81.800003,82.300003,80,81.599998,81.599998,90.900002,88.099998,87.599998,85.800003,87.199997,88.699997,89.199997,84.900002,86.900002,83.699997,84.599998,85.099998
2018/6/25,10:20:00,G1109,88.599998,87.099998,85.800003,86.599998,83.699997,86.099998,85.900002,94.800003,93.099998,92,90.099998,89.400002,92.5,93,88.300003,89.199997,87.300003,88.400002,89.900002
2018/6/25,10:20:00,G1110,86.699997,85.199997,84.400002,85.199997,82.099998,84.699997,85,90.300003,90.900002,89.699997,87.800003,86.5,86.5,90.099998,85.800003,86.099998,85.099998,86.5,87.400002
2018/6/25,10:20:00,G1111,88,86.699997,86.400002,87.099998,83.099998,86.5,87,90.400002,91.300003,90.199997,89.300003,87.800003,87.300003,90.5,86.900002,86.400002,86,88.199997,88.900002
2018/6/25,10:20:00,G1112,89.800003,88.800003,88.300003,89.099998,85.099998,88.599998,89.300003,92.599998,93.599998,91.599998,91.5,90.099998,89.599998,91.699997,89.099998,87.900002,88.199997,90.300003,91.800003
2018/6/25,10:20:00,G1113,89.400002,89.699997,89.099998,90.199997,86.300003,89.699997,90.900002,94.300003,94.900002,92.400002,93,91.5,90.900002,91.199997,89.800003,88.199997,89.099998,91.5,93.800003
2018/6/25,11:30:00,G1101,87.699997,84.900002,84.5,81,81.599998,77.900002,78.099998,76.900002,85.199997,87.800003,93.800003,94.599998,93.699997,92.599998,93.5,94,93.800003,91.400002,89.699997
2018/6/25,11:30:00,G1102,89.900002,88,87.199997,83.5,84.300003,80.300003,80.699997,79.400002,87.699997,90.400002,95.699997,97.300003,96.199997,95.599998,96.800003,96.400002,96.199997,95.300003,93.099998
2018/6/25,11:30:00,G1103,90.300003,87.300003,84.900002,83.699997,84.099998,80.5,79.300003,79.400002,87.400002,87.599998,94.300003,95.199997,93.900002,94.400002,95.300003,94.800003,94.400002,94.099998,90.300003
2018/6/25,11:30:00,G1104,88.599998,86.099998,83.300003,82.699997,83.300003,79.199997,78.300003,78.199997,86.099998,86.5,92.199997,93.900002,92.599998,93.099998,94,93,92.099998,91,87.599998
2018/6/25,11:30:00,G1105,86.599998,85.599998,81.400002,80.699997,81.900002,78.900002,78.199997,80.599998,84.699997,83,91.300003,91.699997,90,91.599998,90.699997,89.900002,87.199997,83.300003,83.5
2018/6/25,11:30:00,G1106,89.900002,89.599998,84.699997,84.5,85.699997,82.199997,79.599998,81.400002,86.5,86.099998,94.900002,95.300003,92.699997,95.199997,94.099998,93,89,85.099998,86.900002
2018/6/25,11:30:00,G1107,86,88.400002,84.900002,85.5,86.300003,83.599998,79.900002,82.800003,79.800003,86.300003,94.199997,93.800003,89.199997,92.599998,90.699997,88.099998,84.900002,85.599998,86.5
2018/6/25,11:30:00,G1108,84.900002,86.900002,83.699997,84.599998,85.099998,82.599998,79.099998,81.900002,78.300003,84.900002,92.800003,91.900002,86.800003,90.400002,88.099998,85.300003,83.199997,84.5,85.300003
2018/6/25,11:30:00,G1109,88.300003,89.199997,87.300003,88.400002,89.900002,86.5,82.599998,85.900002,82.400002,87.900002,96.800003,94.599998,89.900002,92.5,87.800003,85.400002,85.400002,88.5,88.800003
2018/6/25,11:30:00,G1110,85.800003,86.099998,85.099998,86.5,87.400002,83.199997,80.199997,83.699997,81.099998,84.199997,90.5,88.099998,85.800003,86,82,82.699997,81.5,86.099998,86.5
2018/6/25,11:30:00,G1111,86.900002,86.400002,86,88.199997,88.900002,83.099998,81.599998,84.599998,83.300003,84,89.300003,87.900002,86,82.800003,81.199997,81.300003,81,87.5,87.599998
2018/6/25,11:30:00,G1112,89.099998,87.900002,88.199997,90.300003,91.800003,82.699997,83.099998,86.599998,85.599998,85,90.900002,89.800003,87.5,83.599998,82.800003,82.800003,82.5,89.400002,89.199997
2018/6/25,11:30:00,G1113,89.800003,88.199997,89.099998,91.5,93.800003,82.099998,83.300003,86.900002,87.800003,84.699997,92,91.099998,88.199997,82,83.599998,83.300003,82.900002,91.400002,90.5
2018/6/25,17:05:00,G1101,78,78.800003,79.699997,79.800003,78.900002,80,80.800003,90.900002,92.199997,93.300003,98.599998,96.800003,96.599998,97.900002,98,97.699997,96.5,96.300003,95.599998
2018/6/25,17:05:00,G1102,79.300003,80.199997,81.400002,81.199997,80.5,81.599998,82.599998,92.599998,94.199997,96.5,101.699997,99.800003,98,99.300003,99.699997,99.599998,98.699997,97.699997,97.900002
2018/6/25,17:05:00,G1103,77.900002,79.599998,80,80.199997,79.5,81.099998,81.800003,89.099998,93.099998,94.400002,99.699997,95.5,88.400002,95,96.5,95.800003,95.800003,95.599998,95.699997
2018/6/25,17:05:00,G1104,76.5,78.400002,78.800003,78.800003,78.300003,80.099998,80.400002,89.599998,91,93.099998,96.5,93.099998,84.800003,92.400002,94.300003,93.300003,93.599998,93.599998,94.099998
2018/6/25,17:05:00,G1105,78.599998,78.5,78.699997,78.900002,78.599998,78.400002,78.800003,87.599998,90.199997,91.099998,94.5,89,81.400002,92.800003,90.5,90.699997,90.300003,90.699997,91
2018/6/25,17:05:00,G1106,79.199997,80.099998,80.400002,81.599998,81,82.400002,82.800003,91,93.400002,95.199997,97.300003,94,86,96.800003,94.300003,94.599998,93.800003,94.099998,93.800003
2018/6/25,17:05:00,G1107,80.400002,80.800003,81.300003,82.199997,81.5,82.599998,82.599998,91.099998,93.5,95.099998,95.099998,93.900002,88,97,93.900002,94,94.099998,93.699997,94.400002
2018/6/25,17:05:00,G1108,79.599998,79.800003,80.400002,81.199997,80.5,81.599998,81.800003,89.699997,92.599998,93.599998,92.699997,91.800003,87.099998,94.900002,91.800003,92.5,92.400002,92.300003,93.099998
2018/6/25,17:05:00,G1109,83.5,83.5,83.300003,85.300003,84,84.699997,86.199997,92.900002,95.900002,97.199997,96.300003,96,91.300003,98.400002,96.199997,97,97.400002,97.599998,98.199997
2018/6/25,17:05:00,G1110,82.300003,81.599998,81.400002,83.699997,82.199997,82.699997,83.800003,89.800003,91.699997,92.800003,96,92.800003,90,94.400002,92.900002,94.400002,95.199997,95.400002,95.599998
2018/6/25,17:05:00,G1111,83.800003,83.300003,83.199997,85.300003,83.599998,84.400002,85.099998,91.300003,93.699997,93.199997,93.5,93.800003,91.300003,93,93.800003,95.300003,96.300003,96.800003,97
2018/6/25,17:05:00,G1112,85.800003,85.5,85.599998,87.199997,85.900002,86.699997,87.199997,94.599998,94.900002,94.900002,95.900002,94.900002,93.199997,95.400002,95.900002,97.400002,98.400002,98.800003,98.900002
2018/6/25,17:05:00,G1113,87.300003,86.900002,87.199997,88.699997,87.5,88.800003,89.800003,97.099998,97.5,96.800003,95,95.599998,95,97.300003,96.900002,98.5,99,99.699997,100
2018/6/30,13:55:00,G1101,73.800003,74.300003,74.099998,75.800003,75.199997,76,79.099998,82.900002,77.599998,78.599998,87.099998,88.400002,90,86.5,89,92.800003,88.199997,89.400002,88.599998
2018/6/30,13:55:00,G1102,76.300003,76.800003,76.599998,78.199997,77.699997,78.199997,81.599998,85.300003,80.099998,80.699997,89.5,90.400002,90.900002,86.599998,90.199997,94.300003,85.800003,90.900002,91.300003
2018/6/30,13:55:00,G1103,76.199997,76.699997,76.5,78,77.699997,77.800003,81.300003,85.400002,79.900002,80.400002,88.5,85.400002,87.900002,80.900002,86.800003,90.800003,83.900002,87.099998,89.800003
2018/6/30,13:55:00,G1104,75.199997,75.699997,75.400002,76.800003,76.900002,76.599998,80.300003,84.400002,78.400002,79.400002,86.900002,80.300003,86,78.199997,82.5,86.400002,83,83.800003,88.400002
2018/6/30,13:55:00,G1105,77.199997,77.5,77.5,78.699997,78.800003,78,79.300003,84,78.599998,78.599998,85.900002,75.800003,78.599998,78.300003,74.099998,78.699997,78.5,78.699997,82
2018/6/30,13:55:00,G1106,78.199997,78.099998,78.5,79.199997,79.099998,78.900002,83.699997,87.400002,80.099998,82,89.599998,78.599998,77.5,76.900002,76.199997,81.400002,77.599998,82.800003,82.400002
2018/6/30,13:55:00,G1107,79.5,78.199997,79.400002,80.699997,80.400002,80.5,84.300003,89.800003,80,83.800003,81.199997,80.400002,77.900002,74.800003,76.599998,81.300003,78.5,79,81.599998
2018/6/30,13:55:00,G1108,78.800003,77.400002,78.699997,79.900002,79.599998,79.400002,83.300003,88.900002,79.199997,83.099998,78.900002,79.599998,74.699997,72.099998,74.199997,80,78.5,78.800003,81.5
2018/6/30,13:55:00,G1109,82.699997,79.599998,82.400002,83.800003,83.599998,82.5,87.300003,93.099998,82.699997,89.199997,78,82.900002,73.5,71.099998,75.5,83.199997,83.199997,84.099998,87.300003
2018/6/30,13:55:00,G1110,81,78.199997,80.699997,82.300003,82.199997,82.099998,85.800003,90.300003,80.699997,85.599998,75.400002,80.800003,69.099998,71.199997,75.300003,79.900002,84.400002,84.400002,86.300003
2018/6/30,13:55:00,G1111,82.599998,79.199997,81.800003,83.599998,83.800003,83.699997,87.300003,93,86.599998,85.599998,72.300003,78,68.300003,72.199997,73.099998,78.699997,85.599998,85.400002,88.699997
2018/6/30,13:55:00,G1112,84.800003,80.699997,83.400002,85.800003,85.800003,85.699997,89.400002,95.599998,88.800003,87.300003,73,78.300003,68.699997,73.300003,72.800003,79.699997,86.900002,87.300003,91
2018/6/30,13:55:00,G1113,86.199997,80.900002,84.400002,87.199997,87,87.199997,92,97.900002,88.099998,86.900002,71.800003,76.199997,67.699997,72.699997,72,80.199997,86.300003,89.300003,90.800003
2018/7/1,14:15:00,G1101,70.699997,70.5,71.099998,73.599998,71.400002,74.199997,78.400002,67.300003,86.900002,95.199997,92,93.300003,94.5,96.400002,95.599998,92.599998,91.800003,93.699997,92.900002
2018/7/1,14:15:00,G1102,73.199997,72.800003,73.300003,75.800003,73.699997,76.599998,81.300003,68.699997,87.900002,99,95.199997,97.400002,97.5,99.300003,98.699997,95.699997,94.400002,97.199997,95.800003
2018/7/1,14:15:00,G1103,73.699997,73.699997,73.900002,75.699997,74.199997,76.599998,81.400002,67.5,88.300003,97.900002,93.699997,93.900002,96.5,98.099998,96.900002,93.900002,93.400002,95.900002,95.099998
2018/7/1,14:15:00,G1104,72.699997,72.400002,72.400002,74.400002,73.199997,75.5,80.300003,65.599998,85.800003,96.5,91.800003,91.5,94.800003,96.699997,95.599998,93.5,91.099998,94,93.800003
2018/7/1,14:15:00,G1105,74.599998,74.800003,74.099998,75.900002,75,77.699997,79.099998,66.699997,84.400002,92.300003,87.400002,90.300003,93.5,95.199997,88.699997,88.900002,86.199997,92,90.599998
2018/7/1,14:15:00,G1106,76.099998,76,74.800003,77.199997,76,78.699997,83.5,66.099998,89.199997,96.900002,90.199997,94.099998,97.5,98.800003,87.699997,90.099998,86.400002,95.099998,93.5
2018/7/1,14:15:00,G1107,77.699997,77.800003,76.699997,78.400002,77,80.099998,84.699997,65,94.300003,101.300003,84.699997,95.800003,98,88.300003,77.800003,78.400002,78.599998,90.699997,90.5
2018/7/1,14:15:00,G1108,77.099998,77.199997,76,77.599998,76,79.400002,83.800003,64.900002,86.900002,94.199997,79.900002,92.5,95.300003,87.800003,75.900002,74.800003,75.199997,86.099998,89.800003
2018/7/1,14:15:00,G1109,80.5,80.599998,79.300003,80.5,79.099998,83.099998,87.900002,66.199997,93.900002,89.900002,80.099998,96.099998,92.400002,75.099998,76.900002,75.5,71.800003,89.199997,88.199997
2018/7/1,14:15:00,G1110,79,79.400002,77.300003,79.400002,77.900002,81.800003,86.699997,65.800003,98.099998,88.800003,76.599998,88.400002,85.900002,66,72.099998,72.099998,66,81.199997,69.599998
2018/7/1,14:15:00,G1111,80.400002,80.599998,77.300003,79.300003,78.800003,83.099998,88.400002,64.599998,94.599998,83.300003,76.099998,89.099998,82.5,66.099998,70.099998,68.900002,63.299999,67,66.5
2018/7/1,14:15:00,G1112,82.300003,82.599998,79.300003,80.199997,79.800003,85,90.599998,64.800003,93.300003,77.5,76.800003,90.699997,83.099998,66.099998,70.300003,67.699997,62.700001,65.400002,66.800003
2018/7/1,14:15:00,G1113,83.099998,83,79.699997,78.800003,80.099998,85.599998,92.199997,65,98.099998,79.599998,77.099998,92.400002,81.699997,66,69.800003,65.900002,62.099998,64.199997,64.199997
2018/7/3,9:45:00,G1101,89.699997,87.5,84.199997,82.5,83.900002,82.400002,82.5,82.699997,83.5,88.5,91.599998,91.400002,90.300003,88.099998,86.900002,86.900002,87.300003,87.800003,89
2018/7/3,9:45:00,G1102,93.099998,91.5,87.300003,86,87,85.599998,85,85.400002,86.5,91.599998,94.5,94.800003,93.699997,90.699997,90.300003,90.099998,90.800003,91.199997,92.599998
2018/7/3,9:45:00,G1103,92.699997,91.300003,87.400002,86.099998,86.599998,85.400002,84.699997,85,86.199997,91,93.699997,93.699997,92.800003,90,90.199997,90,90.699997,90.800003,92
2018/7/3,9:45:00,G1104,91.400002,90.199997,86.699997,85.199997,85.599998,84.5,83.699997,84.400002,85.300003,89.699997,92.599998,93.300003,92.300003,89.099998,89.5,89.300003,89.599998,89.800003,90.800003
2018/7/3,9:45:00,G1105,90.5,88.099998,85.900002,85.099998,84.699997,84.400002,82.699997,83.900002,84.900002,89,91.5,91,88.5,87.699997,88.199997,88.300003,88.599998,88.5,89.900002
2018/7/3,9:45:00,G1106,94.300003,91.900002,89.800003,88.5,88.5,88.099998,86.199997,88,88.800003,93.5,96,94.699997,91.800003,91.5,91.900002,92,92.599998,92.300003,93.800003
2018/7/3,9:45:00,G1107,92.599998,92.5,91.300003,89.900002,89.099998,88.800003,87.599998,90.199997,90.300003,94.699997,96.800003,91.699997,88.599998,92.099998,92.900002,92.900002,93.099998,93.199997,94.800003
2018/7/3,9:45:00,G1108,90.599998,91.300003,90.400002,88.599998,88.199997,87.599998,86.900002,89.099998,89.099998,93.099998,95,91.699997,87.5,90.699997,91.599998,91.599998,91.900002,91.900002,93.300003
2018/7/3,9:45:00,G1109,94.199997,95.5,95.099998,93.300003,93,92.400002,91.400002,93.599998,93.900002,98.199997,99.400002,92.599998,92.400002,95.699997,96.5,96.199997,96.699997,97,97.599998
2018/7/3,9:45:00,G1110,91.099998,92.699997,92.599998,91.199997,90.900002,90.300003,88.800003,91,92.199997,94.099998,95.5,89,90.800003,93.199997,93.699997,93.800003,94.599998,95,96
2018/7/3,9:45:00,G1111,92.5,93.400002,94.5,92.300003,92.099998,91.900002,90.699997,90.599998,93.599998,94.300003,93.599998,88.900002,92.5,94.099998,95,95.599998,96.199997,96.800003,97.599998
2018/7/3,9:45:00,G1112,94.5,95.400002,96.699997,94.400002,94,94.400002,92.900002,92.800003,95.699997,95.800003,92.699997,88.300003,94.5,96,97.300003,98,98.300003,99.199997,100.099998
2018/7/3,9:45:00,G1113,94.800003,96,97,94.400002,94.599998,95.199997,93.599998,93,96.099998,94.5,89.300003,84.800003,94.699997,96.099998,97.800003,98.300003,98.699997,99.900002,100.800003
2018/7/5,12:35:00,G1101,81.5,80.400002,NaN,NaN,NaN,NaN,77.099998,78.5,78,80.099998,82.699997,82.400002,84.099998,91.300003,94.599998,94.800003,95.900002,97.599998,99.400002
2018/7/5,12:35:00,G1102,84.300003,83.199997,81,83.199997,82.800003,83.5,79.800003,81.400002,80.599998,82.800003,85.900002,86,87.800003,94.099998,98,98.5,99.699997,101.800003,103.199997
2018/7/5,12:35:00,G1103,84,82.900002,80.599998,83.199997,82.900002,83,79.900002,81.400002,80.599998,82.800003,86.199997,86.300003,88.400002,94.199997,96.599998,97.900002,99,100.699997,102.5
2018/7/5,12:35:00,G1104,82.900002,81.900002,79.599998,82.099998,81.900002,81.800003,78.699997,80.199997,79.800003,82,85.199997,85.400002,87.599998,93,95.400002,97,97.900002,99.400002,100.5
2018/7/5,12:35:00,G1105,82.199997,81.199997,78.5,81.5,79.900002,79.300003,78.599998,79.5,79,81.5,85.099998,85.099998,87.900002,92.699997,93.699997,95.699997,96.5,98,97.599998
2018/7/5,12:35:00,G1106,85.800003,84.800003,81.599998,85.099998,84,83.199997,81.300003,83,83.300003,85.400002,88.800003,88.800003,92.099998,96.599998,98.400002,99.900002,100.699997,102.099998,102
2018/7/5,12:35:00,G1107,87.099998,86.300003,81.800003,86.5,84.800003,84,82.599998,85,84.099998,86.699997,89.699997,89.599998,94.400002,97.5,98,100.099998,101.199997,101.699997,99.099998
2018/7/5,12:35:00,G1108,86.099998,85.099998,80.900002,85.300003,83.800003,83.099998,81.699997,83.5,83.099998,85.599998,88.400002,88.199997,93.099998,96,96.300003,98.400002,99.599998,100,96.199997
2018/7/5,12:35:00,G1109,90.400002,90,NaN,NaN,NaN,NaN,86,87.800003,87.099998,89.5,92.900002,92,97.900002,100.699997,101.199997,102.400002,104,104.400002,98.400002
2018/7/5,12:35:00,G1110,88,87.400002,83.099998,87.800003,86.900002,86.099998,83.800003,87.400002,84.699997,86.800003,87.300003,88.300003,95.400002,94.099998,97.599998,98.800003,99.599998,99.599998,89.599998
2018/7/5,12:35:00,G1111,89.800003,88.300003,84.699997,89.199997,87.800003,87,84.599998,90.300003,85.900002,86.300003,84,86.800003,95.400002,89.800003,95.400002,97.400002,99.5,98.099998,90.099998
2018/7/5,12:35:00,G1112,92.099998,90.400002,86.900002,91.400002,89.800003,88.199997,86.5,92.300003,88.5,87.400002,85.599998,87.699997,96.300003,88.900002,94.800003,97.5,99.900002,98.800003,92.5
2018/7/5,12:35:00,G1113,91.800003,90.199997,86.599998,90.900002,89.400002,87.699997,86.300003,92.099998,89.599998,87.099998,84.900002,84.800003,94.400002,87.599998,93.300003,94.900002,96.199997,96.900002,93.5
2018/7/7,17:25:00,G1101,80.599998,81.199997,81.599998,83,83.300003,82.699997,85.099998,81.900002,84,85.699997,86.599998,88.099998,89,90.400002,88,89.300003,88.599998,89.300003,88.5
2018/7/7,17:25:00,G1102,82.900002,83.400002,84.099998,85.099998,85,83.900002,86.199997,83.300003,86.099998,88.199997,89.099998,90.199997,91,92.199997,89.5,91.5,91,91.5,91.199997
2018/7/7,17:25:00,G1103,82.800003,82.699997,83.400002,83.800003,83.699997,82.900002,82.400002,82.900002,86.099998,87.699997,88.5,89.300003,89.699997,90.400002,88.199997,90.400002,88.800003,89.400002,89.599998
2018/7/7,17:25:00,G1104,81.699997,81.599998,81.900002,82.5,82.300003,81.400002,81.300003,81.599998,85,86.599998,87.300003,88.300003,88.599998,89.199997,87.300003,89,87.5,87.800003,88.400002
2018/7/7,17:25:00,G1105,80.099998,79.900002,79.599998,80.5,81.5,79.900002,79.400002,82.599998,85,86.199997,86.5,87.5,87.5,87.900002,86.800003,87.900002,85.900002,86.900002,87.400002
2018/7/7,17:25:00,G1106,84.099998,84.099998,82.699997,84.099998,85.199997,84.400002,83.400002,84.900002,88.199997,89.400002,89.400002,90.599998,90.099998,91.099998,90.800003,91.599998,89.699997,90.599998,91.900002
2018/7/7,17:25:00,G1107,85.099998,83.900002,83.5,84.800003,84.400002,84.900002,84.300003,86,88.599998,90.199997,89.699997,85.5,83.400002,90.199997,91.800003,92,90.900002,91.800003,93.300003
2018/7/7,17:25:00,G1108,84.099998,82.800003,82.599998,83.699997,83.300003,83.900002,83,85.099998,87.199997,88.900002,88.5,83.599998,81.099998,87.599998,90.5,90.699997,89.699997,90.5,91.599998
2018/7/7,17:25:00,G1109,88.199997,86.900002,87,87.699997,86.699997,87.599998,86.699997,89.400002,91.099998,92.900002,92.599998,85.699997,82.699997,86.099998,94.5,95,91,95.300003,96.900002
2018/7/7,17:25:00,G1110,85.900002,85.900002,85.699997,85.099998,84.599998,84.900002,85.5,88.300003,88.900002,89.900002,88.599998,83,83.400002,80.699997,84.5,92,87.199997,92.699997,94.199997
2018/7/7,17:25:00,G1111,86.599998,87.199997,87.5,86.800003,86.5,86.699997,87.199997,89.599998,90.199997,91,89.400002,85.800003,85.5,84.5,81.5,92.699997,85.699997,87.300003,94.300003
2018/7/7,17:25:00,G1112,88.5,88.900002,89.400002,89.400002,88.900002,87.900002,88.599998,91.199997,92,92.5,91.5,88,86.599998,86.699997,83.5,93.099998,87.699997,87.300003,92.599998
2018/7/7,17:25:00,G1113,89,88.699997,89.599998,89.800003,89.300003,89.5,89.599998,92.5,93.300003,94,93.699997,89.699997,88,87.699997,86.699997,91.300003,88.599998,85.800003,86.699997
2018/7/8,10:15:00,G1101,75.300003,76.900002,75,73.800003,74.800003,74.400002,73.599998,75,76.099998,79.5,88.5,85.900002,82.5,85.199997,86,80.099998,85.599998,80.300003,81.300003
2018/7/8,10:15:00,G1102,77.199997,78.800003,77.699997,76.099998,76.800003,76.800003,75.699997,77.400002,77.599998,80,88,86.099998,82.400002,86,87.699997,80.199997,88,83.099998,84.5
2018/7/8,10:15:00,G1103,77.099998,77.5,78,76,76.400002,77.300003,75.099998,76.800003,77.199997,78.900002,84.599998,81.099998,79.099998,84.5,85.800003,76.099998,82.199997,80.5,84.400002
2018/7/8,10:15:00,G1104,75.900002,76.5,76.5,74.900002,75.400002,76.300003,74.400002,75.599998,76.199997,78.199997,83.099998,78.900002,77.400002,83.099998,83.5,74.400002,79.599998,77.099998,82.699997
2018/7/8,10:15:00,G1105,78.599998,79,77.699997,77.5,77.199997,78.800003,77,78.099998,78.699997,78.800003,82.099998,78.800003,78.800003,81.300003,81.400002,74.5,75.199997,75.599998,80.900002
2018/7/8,10:15:00,G1106,79.099998,79.599998,77.699997,78,78.199997,79.800003,78.300003,78.699997,79.300003,80.599998,86.099998,80.5,80,84.699997,82.199997,75.400002,76,75.800003,81.699997
2018/7/8,10:15:00,G1107,80.599998,80.599998,78.599998,79.300003,79.5,81.400002,79.599998,79.699997,80.199997,82.199997,85.599998,79.599998,81.400002,82.599998,77.199997,76.199997,76,76.900002,77.5
2018/7/8,10:15:00,G1108,79.900002,79.900002,77.800003,78.599998,78.800003,80.400002,79,78.900002,79.5,81,84.199997,78.599998,80.400002,80.699997,76.099998,75.5,75.5,76.5,77
2018/7/8,10:15:00,G1109,83.300003,83.599998,81,82.300003,82.199997,84,81.900002,82.300003,83.300003,84.699997,85.099998,81.599998,83.5,81.800003,79.099998,77,79.599998,80.800003,81.199997
2018/7/8,10:15:00,G1110,82,81.099998,79.699997,80.699997,80.699997,82.199997,79.599998,80.5,82.400002,82.400002,81.199997,78.199997,81.699997,80.099998,77.900002,76,78.199997,80,78.199997
2018/7/8,10:15:00,G1111,82.099998,81.300003,80.900002,82.300003,81.900002,83.400002,81.300003,82.599998,84.199997,81.300003,80.800003,79.800003,83,81.400002,77.699997,78.099998,79.199997,80.099998,78.800003
2018/7/8,10:15:00,G1112,83.800003,82.800003,83.099998,84.400002,83.699997,85.599998,83.099998,84.699997,86.400002,82,81.5,81.199997,85.099998,81.800003,78.699997,80.199997,80.699997,81.5,80.199997
2018/7/8,10:15:00,G1113,84.300003,83,83.800003,84.900002,83.900002,86.199997,83.400002,85.099998,86.900002,82.099998,81.099998,82,85.599998,81,79.599998,81.099998,81.199997,81.099998,80.199997
2018/7/8,12:40:00,G1101,72,74.300003,73.900002,77.099998,84.199997,80.699997,78.599998,92,90.599998,83.800003,88.900002,85.400002,74.599998,81,75.5,73.300003,75.300003,74.099998,74
2018/7/8,12:40:00,G1102,73.400002,75.199997,74,75.599998,83.300003,82.099998,79.5,92.300003,87.800003,82.599998,87.300003,81.199997,75.199997,81.900002,76.699997,75.599998,76.199997,77.099998,76.599998
2018/7/8,12:40:00,G1103,73.199997,72.900002,73.300003,72.900002,80.599998,80.400002,77.099998,87.099998,78.300003,78.400002,75.900002,71.900002,74.300003,82.199997,74.199997,75.699997,75.5,79.400002,78.099998
2018/7/8,12:40:00,G1104,71.900002,71.199997,72.5,71.599998,76.699997,79.300003,75.099998,84.300003,76.300003,75.900002,73.400002,70,73.199997,80.099998,73.400002,74.099998,74.199997,76.900002,77
2018/7/8,12:40:00,G1105,73.800003,73.099998,74.199997,73.199997,74.199997,78.699997,75.199997,80,76,77.099998,71.800003,71.900002,74.400002,78.199997,73.5,75.099998,75.5,75.699997,78.900002
2018/7/8,12:40:00,G1106,74.699997,73.300003,74.699997,74.400002,75.199997,79.199997,76,82.699997,76.900002,76.199997,72.199997,72.800003,73.699997,75,74,75.900002,76.199997,77.300003,79.400002
2018/7/8,12:40:00,G1107,76.300003,74.5,76.099998,75.900002,76,79.400002,75.199997,80.800003,77.099998,76,72.900002,73.099998,74.5,74.5,74.800003,76,76.800003,77.5,79
2018/7/8,12:40:00,G1108,75.699997,74,75.300003,75.099998,75.5,78.699997,74.400002,79.900002,76.099998,75.099998,72.900002,72.599998,73.800003,73.699997,74.099998,75.199997,76.199997,76.699997,78
2018/7/8,12:40:00,G1109,78.400002,76.699997,78,77.300003,78.599998,83.699997,77.400002,81.400002,80.199997,78.699997,75.800003,75.5,76.400002,76.699997,77.199997,78.099998,79.300003,80,81.699997
2018/7/8,12:40:00,G1110,76.5,75.599998,76.400002,75.300003,77.5,81.300003,75.5,79.099998,79.699997,78.199997,74.400002,74.400002,74.699997,75.900002,75.5,77.400002,77.300003,78.199997,79.900002
2018/7/8,12:40:00,G1111,77.099998,76.300003,78.300003,76.599998,79.099998,83.300003,76.900002,79.800003,81.699997,79.199997,76,76.099998,76.099998,77.199997,77.300003,78.800003,78.400002,79.300003,82
2018/7/8,12:40:00,G1112,78.400002,77.900002,79.699997,78.300003,80.900002,86.099998,78.5,81.5,83.900002,80.5,77.800003,77.900002,77.699997,78.900002,79.099998,80.400002,79.900002,81.099998,84.099998
2018/7/8,12:40:00,G1113,77.900002,78.5,80.599998,78.099998,81.5,86.400002,78.599998,80.599998,85.099998,81,78.400002,78.400002,78.199997,79.199997,79.699997,80.900002,80.199997,81.599998,85.099998
2018/7/13,0:50:00,G1101,76.800003,77.800003,78,77.699997,76.900002,77,77.199997,90.199997,93.199997,90.199997,87.199997,86.800003,86.300003,84.199997,84.400002,84.800003,84.699997,83.599998,82.900002
2018/7/13,0:50:00,G1102,78.900002,79.599998,80.099998,79.699997,79.199997,79.300003,78.599998,88.599998,95.199997,92.099998,89.099998,88.199997,87.199997,86.400002,86.900002,87.699997,85.699997,86.400002,85
2018/7/13,0:50:00,G1103,78.699997,79.199997,79.5,79.199997,78.699997,78.800003,78.300003,87,93.300003,88.699997,86.400002,86.300003,85.699997,84.900002,84.800003,85.5,84.199997,85.199997,83.5
2018/7/13,0:50:00,G1104,77.800003,78.099998,78.300003,78,77.5,77.599998,77.400002,85.199997,91.599998,86.599998,84.699997,84.199997,84.400002,83.300003,83.300003,84.099998,83,83.5,82
2018/7/13,0:50:00,G1105,78.800003,78.900002,79,78.699997,78.699997,78.800003,78.699997,85.5,90.699997,84.599998,84.099998,83.199997,83.900002,82.599998,83.099998,83.199997,82.199997,82.5,81.400002
2018/7/13,0:50:00,G1106,81,81.199997,81.099998,81.199997,80.800003,80.699997,80.599998,88.5,95.400002,87.199997,87.300003,85.800003,86.900002,85.800003,86.300003,86.199997,84.800003,85.400002,83.699997
2018/7/13,0:50:00,G1107,82.199997,82.300003,82.5,82.400002,82.400002,82.099998,82,88.699997,93.400002,86.300003,87.099998,86.400002,88,87.199997,87.599998,86.400002,85.599998,85.699997,84.400002
2018/7/13,0:50:00,G1108,81.199997,81.5,81.5,81.400002,81.400002,81.199997,81.199997,86.5,90.5,85,85.900002,85.199997,86.699997,86.099998,86.300003,85,84.599998,84.5,83.199997
2018/7/13,0:50:00,G1109,85,85.599998,85.699997,85.699997,85.400002,85.300003,85.300003,90.099998,93.400002,88.599998,89.900002,89.699997,91.400002,90.400002,90.699997,88.900002,88.800003,88.199997,86.800003
2018/7/13,0:50:00,G1110,83.400002,84.099998,84.400002,84.099998,84.199997,83.900002,83.699997,87.099998,89.599998,86.099998,87.800003,87.599998,89,88.400002,88.5,87.099998,86.699997,85.199997,84.400002
2018/7/13,0:50:00,G1111,84.699997,85.5,86.199997,85.800003,86.099998,85.699997,85.300003,88.099998,90.300003,87.699997,89.5,89.199997,90.199997,90.099998,89.900002,88.400002,87.699997,85.900002,85.400002
2018/7/13,0:50:00,G1112,86.699997,87.400002,88.300003,87.800003,88.099998,87.699997,87.300003,90.099998,92.599998,90.199997,91.699997,91.400002,92.199997,92.199997,92,90.5,89.400002,87.800003,87.5
2018/7/13,0:50:00,G1113,87.5,88.300003,89.300003,88.800003,89.199997,88.800003,88.300003,91.099998,91.699997,88.900002,90.599998,90.599998,91.099998,91.300003,91.099998,89.099998,87.599998,86.699997,86.800003
2018/7/14,12:40:00,G1101,71.099998,71.599998,69.099998,69.199997,68.400002,69,70,76.099998,80.5,84.5,80.699997,89.699997,94.900002,91.099998,88.599998,85.5,85.800003,84.599998,82.699997
2018/7/14,12:40:00,G1102,72.900002,73.300003,71.099998,70.400002,69.800003,70,70.800003,78.5,83.300003,87.099998,82.300003,92.699997,95.599998,92.5,90.400002,87.699997,88.300003,86.400002,85.099998
2018/7/14,12:40:00,G1103,72.199997,72.599998,70.800003,70.400002,69.5,69.5,70.099998,77.699997,82.800003,84.400002,81.099998,90.599998,93.599998,90.300003,89.300003,86.699997,87.099998,85.199997,84.5
2018/7/14,12:40:00,G1104,70.900002,71.5,69.400002,69.400002,68.199997,68.199997,68.699997,76.199997,81.400002,82.400002,79.300003,87.599998,89.599998,88.099998,87.5,85.199997,85.599998,84.699997,83.300003
2018/7/14,12:40:00,G1105,73.099998,73.300003,70.900002,71.199997,70,70.199997,70,78,80.400002,79.699997,80,86.699997,87.800003,86.599998,86.099998,84.5,85.199997,84.300003,82.900002
2018/7/14,12:40:00,G1106,74.199997,74.5,71.900002,71.900002,70.900002,70.900002,70.5,77.599998,81.5,80.800003,82.800003,88.800003,91.099998,90,89,88.099998,88.5,87.5,86.900002
2018/7/14,12:40:00,G1107,75.099998,75.099998,73.199997,73.099998,72.300003,72,71.400002,76.099998,79.5,80.300003,81.699997,89.599998,88.599998,90,87.699997,88.199997,87.599998,86.900002,86.599998
2018/7/14,12:40:00,G1108,74.5,74.599998,72.900002,72.699997,71.900002,71.599998,71,75.300003,78.199997,79,81.300003,88.699997,86.900002,88.5,86,86.800003,86.300003,85.800003,85.5
2018/7/14,12:40:00,G1109,78.199997,77.900002,76.300003,76.099998,75.400002,74.599998,74,77.5,79.699997,82.199997,84.400002,92.5,89,91.5,88.800003,91.099998,89.400002,89.400002,88.900002
2018/7/14,12:40:00,G1110,77.5,76.699997,75.699997,75.199997,74.599998,73.900002,72.900002,76.5,75,79.599998,81.900002,89.699997,83.099998,88.300003,85.599998,88.300003,85.599998,86.900002,86
2018/7/14,12:40:00,G1111,79.199997,78.099998,77.699997,77,75.900002,75.400002,74.5,77.5,74.699997,79.599998,82.900002,90.199997,81.5,88.300003,84.900002,87.800003,85.300003,87.699997,86.699997
2018/7/14,12:40:00,G1112,81.199997,80.199997,79.900002,78.699997,77.599998,77.099998,76.300003,79.300003,76.099998,81.5,85.400002,93.099998,83.599998,90.199997,85.5,88.699997,87.5,90.099998,88.400002
2018/7/14,12:40:00,G1113,82.199997,80.800003,80.900002,79.300003,77.900002,77.5,77.099998,79.800003,76.300003,81.400002,87.199997,96.599998,83.300003,91.900002,85.099998,89,88.099998,91.300003,89.5
2018/7/14,21:25:00,G1101,75.099998,74.5,74.199997,73.5,75.300003,76.099998,77.699997,91.099998,96.199997,97.5,99.900002,99.800003,99.800003,99.300003,96.099998,97.5,94.199997,92.400002,92.599998
2018/7/14,21:25:00,G1102,76.699997,76.699997,75.900002,75.400002,77.099998,77.900002,80,93,100.300003,101.5,102.400002,102.199997,102.099998,101.800003,99.599998,99.599998,96.699997,94.199997,94.099998
2018/7/14,21:25:00,G1103,76.199997,76.199997,75.699997,75.300003,76.699997,77.699997,79.199997,91.300003,97.400002,99.300003,100.199997,99.199997,99.5,99.800003,96.900002,95.199997,94.300003,92.099998,90.199997
2018/7/14,21:25:00,G1104,75,75,74.199997,74.199997,75.5,76.300003,78,89.300003,94.199997,95.800003,98.599998,98,97.199997,98.400002,95.400002,93.699997,92.800003,90.699997,88.400002
2018/7/14,21:25:00,G1105,77.400002,77.300003,75.900002,76,78,78.5,78.800003,88.599998,91.800003,94.300003,97,96.199997,95.599998,96.699997,93.900002,90.599998,91.300003,89.199997,86.5
2018/7/14,21:25:00,G1106,77.800003,77.900002,76.900002,77,78.5,79.400002,81.199997,92.300003,95.699997,98.400002,100.800003,99.699997,100,101.099998,98.599998,95.099998,95.199997,92.5,89.800003
2018/7/14,21:25:00,G1107,79.099998,78.699997,78.199997,78.300003,79.599998,80.599998,82.300003,92.300003,90.400002,96.5,99.900002,98.699997,98.5,99.099998,95.900002,92.900002,94.5,92.300003,90.099998
2018/7/14,21:25:00,G1108,78.099998,77.800003,77.400002,77.5,78.599998,79.699997,81.300003,90.400002,89.300003,95.300003,99,97.800003,97.099998,97,94,91.599998,92.5,90.800003,88.800003
2018/7/14,21:25:00,G1109,81.599998,81.400002,80.900002,81.099998,82.099998,83.5,85.099998,94.699997,93,99.599998,102.599998,101.199997,101.300003,101.400002,95.900002,95.5,95.800003,95.300003,92.800003
2018/7/14,21:25:00,G1110,79.800003,79.900002,79.599998,79.800003,80.699997,81.800003,83.800003,91.900002,88.400002,95.5,98,96.5,96.099998,95.699997,89.400002,90.800003,91.599998,91.099998,89.800003
2018/7/14,21:25:00,G1111,80.599998,81.199997,81,81.099998,82.099998,82.900002,85.300003,92.900002,89.800003,96.400002,98.699997,96.599998,95.699997,95.800003,87.5,90.699997,90.900002,91.400002,90.5
2018/7/14,21:25:00,G1112,82.300003,82.800003,82.900002,83,83.800003,84.699997,87.5,95.599998,92.599998,99.400002,101.300003,98.699997,98.199997,98.300003,88.400002,92.099998,93.099998,93,92.800003
2018/7/14,21:25:00,G1113,82.400002,83.199997,83.699997,83.400002,84.5,85.300003,88.5,97.400002,93.199997,99.900002,101,99.800003,97.900002,97.599998,86.199997,92.199997,93.5,93.300003,93.199997
2018/7/15,13:35:00,G1101,78.199997,78.099998,75.300003,75.900002,75,75.5,78.199997,88.5,92.800003,92.599998,94.5,90.599998,92.300003,90.099998,87.599998,88.300003,89.400002,90.300003,91.699997
2018/7/15,13:35:00,G1102,80.099998,80.599998,77.5,78.199997,77.400002,77.800003,80.199997,90.900002,95.199997,96.699997,97.400002,93.199997,94,91.800003,89.599998,90.699997,92.199997,92.599998,94.099998
2018/7/15,13:35:00,G1103,79.699997,79.900002,77.099998,78.300003,77.599998,77.599998,80,89,93.300003,94.099998,94,91.300003,91.699997,89.599998,88,89.300003,90.400002,90.300003,92.5
2018/7/15,13:35:00,G1104,78.5,78.699997,76.199997,77.199997,76.400002,76.400002,79,86.699997,90,91.5,92.099998,89.300003,89.5,88.199997,86.400002,88.199997,88.900002,89.300003,90.699997
2018/7/15,13:35:00,G1105,78.900002,79,78.599998,78.300003,78.599998,78.800003,78.599998,85.800003,90.599998,91.400002,90.800003,88.5,88.300003,86.800003,86.199997,87,87.800003,87.699997,89.900002
2018/7/15,13:35:00,G1106,81.400002,80.800003,79.400002,80.400002,78.900002,79.699997,81.5,89.400002,94.5,95.5,95.599998,92,91,90.699997,89.800003,90.699997,91.400002,91.5,93.099998
2018/7/15,13:35:00,G1107,81.699997,81.5,80.800003,81.800003,79.599998,81,82.5,88.199997,92.5,93.400002,93.800003,92.300003,90.900002,91.199997,90.300003,91.199997,91.199997,92,93.199997
2018/7/15,13:35:00,G1108,80.599998,80.699997,80.099998,80.800003,78.699997,80.199997,81.199997,86.699997,91.599998,92.099998,92.199997,91,89.199997,90,89,90.099998,90,90.599998,91.800003
2018/7/15,13:35:00,G1109,84.199997,84.800003,84,84.800003,82.599998,84.400002,85.599998,91.699997,96.699997,97.599998,97.800003,94.400002,93.300003,94.900002,93.300003,93.599998,93.599998,94.699997,96.400002
2018/7/15,13:35:00,G1110,82.800003,83.099998,82.5,82.900002,81.199997,82.800003,83.5,88.800003,92.900002,93.099998,92.300003,90.199997,90.400002,92.5,90.5,90.800003,90.099998,91.099998,92.800003
2018/7/15,13:35:00,G1111,83.300003,84.900002,83.599998,84.699997,82.800003,83.900002,85,90.400002,94.199997,93.900002,91.800003,88.599998,90.900002,92.599998,91.400002,92.099998,90.900002,92.599998,93.300003
2018/7/15,13:35:00,G1112,84.699997,86.900002,85.599998,86.199997,84.5,85.699997,87.400002,93.099998,95.900002,96,93.199997,90.699997,92.800003,93.699997,93.300003,94.099998,92.900002,94.5,95.5
2018/7/15,13:35:00,G1113,86.099998,88,86.900002,87.400002,85.599998,86,89.5,96,98.800003,96.199997,91.199997,89.099998,92.699997,93.699997,94.300003,94,93.099998,95.300003,97.199997
2018/7/17,18:35:00,G1101,56.599998,57.599998,57.900002,59,58.700001,59.299999,59,62.799999,67,65.400002,83.900002,88.800003,87.099998,85.400002,84.300003,85.599998,87.699997,88.599998,85.900002
2018/7/17,18:35:00,G1102,56.900002,57.400002,58.099998,59.200001,58.799999,59.5,58.900002,62.299999,66.800003,66.099998,86,91.199997,85.400002,86.199997,83.099998,83.099998,88,89.599998,87.800003
2018/7/17,18:35:00,G1103,57,57.200001,57.299999,58.700001,57.700001,58.099998,58.299999,61.5,65,65.5,84,86.199997,77.800003,78.099998,77.300003,77.800003,85.900002,84.199997,76.599998
2018/7/17,18:35:00,G1104,55.5,55.5,55.5,56.799999,56.099998,56.099998,56.700001,59.900002,62.400002,64.099998,80.400002,83.699997,75,74.199997,73.699997,74.699997,83.300003,81.5,74.199997
2018/7/17,18:35:00,G1105,58.099998,58.099998,58.299999,59,58.099998,58.099998,59.700001,62.200001,64.400002,66.199997,78.199997,78.800003,73.400002,74,72.699997,73.300003,75.800003,73.099998,71
2018/7/17,18:35:00,G1106,57.099998,56.700001,57.099998,57.400002,56.200001,56.5,59,61.299999,64,66.300003,74.199997,77,73.900002,73.300003,72.599998,73.599998,74.300003,71.699997,70.699997
2018/7/17,18:35:00,G1107,58.5,58,58.5,58,57.200001,57.700001,60.200001,62,64.599998,66.900002,68.400002,75.300003,71.599998,69.800003,68.199997,69.599998,69.900002,70,70.199997
2018/7/17,18:35:00,G1108,59.099998,58.5,58.700001,58.5,57.700001,58.200001,61.200001,62.299999,64.300003,66.800003,68,74.400002,70.599998,69,67.5,68.5,68.5,69.699997,69.800003
2018/7/17,18:35:00,G1109,60.799999,60.200001,60.700001,60.299999,59.200001,59.799999,63.099998,64.599998,65.900002,68.800003,70.199997,75.699997,69.599998,67.900002,67.300003,68.099998,69.900002,71.699997,71.400002
2018/7/17,18:35:00,G1110,60.900002,60.400002,60.900002,60.599998,59.599998,59.799999,63.099998,64.099998,65,68,67.900002,70.5,66.5,65.199997,63.700001,64.900002,67.900002,69,66.5
2018/7/17,18:35:00,G1111,62.099998,62,62.700001,62.099998,61.599998,61.400002,64.800003,65.400002,66.099998,69.099998,67,69.900002,66.5,64.5,63.5,65.800003,68.400002,66.900002,65.800003
2018/7/17,18:35:00,G1112,62.799999,62.599998,63.5,62.900002,62.5,62,65.400002,66.400002,67.199997,70.300003,67.699997,69.400002,67.300003,65.300003,64.099998,66.599998,69,67.5,66.099998
2018/7/17,18:35:00,G1113,63.400002,63.400002,64.099998,63.5,63.299999,62.700001,65.699997,66.800003,67.5,70.400002,67.199997,67.400002,66.699997,64.800003,64,67,67.5,66.5,66.099998
2018/7/17,22:55:00,G1101,90.199997,90.900002,91.400002,91.300003,89.900002,88.900002,88.300003,99.400002,100.800003,100.300003,97.099998,97.099998,99.300003,99.5,98.800003,96.599998,97.800003,97.800003,94.599998
2018/7/17,22:55:00,G1102,92.800003,93.300003,93.900002,93.400002,92.599998,91,90.300003,102.699997,104.300003,104.900002,100.5,100.199997,102.800003,101.099998,100.699997,99,99.400002,98.800003,94.400002
2018/7/17,22:55:00,G1103,91.599998,92.5,92.300003,91.699997,91.5,89.300003,89.5,100.199997,102.800003,102.5,98.5,97.199997,100.300003,99.400002,97.599998,96.400002,97.400002,97.400002,92.099998
2018/7/17,22:55:00,G1104,90,91,90.800003,90.300003,90.300003,87.900002,87.800003,98.900002,101.699997,102,97,96,98.400002,96.699997,95.599998,94.699997,95.400002,95.699997,89.800003
2018/7/17,22:55:00,G1105,88.400002,89.099998,88.599998,88.900002,88.800003,86.599998,85.800003,97.5,99.300003,99.400002,95.900002,94.800003,96.900002,95.5,93.099998,93.099998,93.199997,93.199997,87.300003
2018/7/17,22:55:00,G1106,92.199997,92.599998,91.800003,92.199997,92.599998,90,89.5,101.199997,102.699997,102.599998,99.699997,98.800003,101.099998,98.699997,96.5,95.900002,95.900002,96.800003,90.400002
2018/7/17,22:55:00,G1107,92.800003,92.599998,91.400002,92.300003,92.699997,89.699997,89,100.699997,103.099998,100.300003,98.900002,99.400002,99.199997,96.199997,96.099998,92.800003,94.699997,96.400002,90.599998
2018/7/17,22:55:00,G1108,91.199997,91,90,90.800003,91.300003,88.199997,87.599998,99.300003,100.900002,98.900002,96.800003,97.800003,98.699997,93.800003,94.599998,90.699997,92.599998,94.5,89.400002
2018/7/17,22:55:00,G1109,95.400002,94.400002,93.800003,95.400002,95.400002,91.699997,91.5,103,105,100.599998,101.900002,102.800003,99.900002,96.400002,97.5,93.400002,95.400002,98.699997,94.099998
2018/7/17,22:55:00,G1110,92.099998,89.599998,89.599998,91.199997,90.099998,88.199997,88.5,98.900002,101.699997,98.099998,100.099998,100,98.900002,92.5,93.599998,90.099998,92.099998,94.599998,91
2018/7/17,22:55:00,G1111,92.800003,90.199997,89.599998,90.300003,90.5,89,89.800003,100.300003,102.300003,95.300003,99,98.699997,93.099998,94,93.5,90.5,92.599998,93.699997,90.699997
2018/7/17,22:55:00,G1112,94.599998,91.400002,91.199997,91.800003,92,91,91.900002,102.300003,104.400002,99.699997,101.900002,101.099998,95.599998,96.300003,93.900002,91.300003,94.5,94.699997,91.5
2018/7/17,22:55:00,G1113,95.699997,92.199997,92.5,92.300003,93.400002,92.5,93.300003,102.199997,106.199997,101,103.699997,103,102,104,93.199997,92.099998,95.300003,95.300003,92.199997
2018/8/3,11:50:00,G1101,70.300003,70.699997,70.099998,70.699997,71.699997,72.599998,73.5,80.699997,78.400002,78.5,80.699997,81.400002,81.199997,83.199997,83.400002,81.599998,79.5,85.099998,84.699997
2018/8/3,11:50:00,G1102,71.900002,72.5,72.599998,72.300003,73,73.800003,74,82.900002,80.900002,80.400002,85.199997,83.699997,84,86.800003,86.300003,84,82.099998,85.5,86.5
2018/8/3,11:50:00,G1103,72.400002,73,72.900002,71.199997,73.699997,74.599998,75.199997,84.099998,80.300003,80.199997,77.099998,79.300003,81.400002,84.599998,83.900002,80.300003,81,87.199997,84.400002
2018/8/3,11:50:00,G1104,71.199997,71.599998,71.099998,69.5,71.699997,72.900002,73.5,82.800003,78.900002,77.699997,74.199997,75.300003,77.300003,81.900002,79.199997,77.599998,78.699997,84.199997,82.400002
2018/8/3,11:50:00,G1105,73.800003,73.800003,73.400002,71.300003,73.699997,74.699997,75.699997,82.400002,79,75.5,72.300003,72.199997,73.099998,73.699997,71.099998,74.400002,78.599998,79,78.599998
2018/8/3,11:50:00,G1106,74.699997,74.800003,74.199997,72.400002,74.400002,75.400002,76.900002,86.5,81.800003,74.800003,71.300003,72,70.300003,66.800003,71,73.900002,78.599998,80.900002,81.900002
2018/8/3,11:50:00,G1107,75.199997,75.800003,76.199997,74,74.5,74.599998,77.099998,87.400002,83.599998,77,77.5,72.599998,72.800003,66.800003,74.300003,70.900002,77.599998,75.099998,78.099998
2018/8/3,11:50:00,G1108,75.5,75.800003,74.300003,73.300003,74.400002,76.099998,77.699997,86.199997,78.800003,72.5,69.400002,70.699997,68.800003,66.400002,74.199997,72.599998,76.800003,75,76.800003
2018/8/3,11:50:00,G1109,78.900002,79.300003,77.099998,76.900002,77.5,79.800003,81.699997,89.900002,79.599998,74.5,70.800003,74.400002,69.300003,73.5,75,77.099998,82.199997,78.400002,88.599998
2018/8/3,11:50:00,G1110,76.900002,77.400002,76.699997,76.199997,75.800003,75.800003,78.400002,87,82.199997,73.699997,70.199997,72.300003,66.800003,69.800003,70.699997,72.400002,77.5,78.5,86.199997
2018/8/3,11:50:00,G1111,78.699997,78.5,76.400002,76.300003,77.300003,79.5,81.800003,87.800003,79.300003,70.199997,71,72.599998,66.099998,79.599998,70.300003,78.099998,77.199997,88.099998,82.800003
2018/8/3,11:50:00,G1112,80.599998,79.5,78,77.900002,79,81.099998,83.699997,89.300003,81.300003,71.300003,71.900002,73.5,66.900002,81.099998,71.5,77.300003,79,87.099998,81.5
2018/8/3,11:50:00,G1113,81.900002,80.699997,79,79.199997,80,81.900002,85.099998,91.400002,84.300003,71,72.199997,73.400002,67,81,72.400002,75.900002,77.199997,84.800003,80.400002
2018/8/3,16:05:00,G1101,78.5,78.699997,79.099998,79.900002,79.300003,78.599998,80.300003,83.300003,82.599998,83.400002,92,87,89.300003,91.900002,97.300003,91.5,94.199997,88.199997,88.800003
2018/8/3,16:05:00,G1102,81.699997,81.800003,82,82.400002,80.400002,81,81.300003,85.599998,85.400002,85.300003,87.199997,89.800003,92.300003,92.300003,97.699997,94.099998,95.599998,88.199997,87.5
2018/8/3,16:05:00,G1103,79.300003,80.800003,81.800003,82.599998,81.599998,81,83,84.900002,85.300003,80.400002,87.900002,84.599998,89.300003,91,96,89,91.300003,84.900002,86.5
2018/8/3,16:05:00,G1104,78,79.5,80.099998,81.199997,80.099998,79.5,81.5,83.699997,84,77.699997,83.800003,83,87.699997,89,93.5,88,87.5,83,81.5
2018/8/3,16:05:00,G1105,79,79.199997,79.099998,79.800003,79.300003,79.199997,80.300003,83.5,83.300003,78.400002,85.300003,82.900002,85.400002,87.099998,86.699997,85.800003,85.199997,79.900002,79
2018/8/3,16:05:00,G1106,81.099998,82,82.900002,83.599998,82.699997,82.5,84.599998,87.400002,86.699997,80.900002,89.699997,85.800003,88.900002,90.900002,90.699997,88.800003,88.5,82.099998,81.400002
2018/8/3,16:05:00,G1107,83,82.5,82.800003,85.400002,85.199997,84.5,85.5,87.400002,88.300003,83.900002,82.699997,84,88.5,89.5,90.099998,91.199997,86,81.5,78.400002
2018/8/3,16:05:00,G1108,81.5,81.5,82.199997,83.400002,83.099998,82.699997,84.400002,87.699997,85.5,82.400002,86.699997,83.900002,86.5,89.599998,90.900002,88.800003,84.300003,80,77.5
2018/8/3,16:05:00,G1109,85.699997,85.5,86,87.099998,87,86.699997,88.400002,92,88.300003,89.400002,89.5,87.5,88.900002,92.099998,94.5,84.599998,87.699997,87.599998,81.5
2018/8/3,16:05:00,G1110,84.400002,83.400002,83.800003,84.400002,85.900002,85.199997,86.400002,88.599998,87.599998,87.300003,84.699997,84,88,89.800003,89.699997,86.900002,86.900002,87.400002,79.099998
2018/8/3,16:05:00,G1111,86.199997,85.400002,85.800003,85.199997,87,86.300003,88.900002,90.400002,88.900002,89.300003,86.300003,86.5,88,89.599998,90,74.699997,86.5,85.599998,81.800003
2018/8/3,16:05:00,G1112,88.599998,87.400002,87.800003,87.5,89.099998,88.900002,90.900002,92.5,91.400002,91.199997,87.900002,89.099998,90.400002,91.599998,91.800003,75.599998,87.099998,83.599998,84
2018/8/3,16:05:00,G1113,90.400002,88.900002,89.099998,88.800003,90.699997,90.300003,92.900002,94.699997,93.199997,92.300003,86.5,90,92.199997,92.5,89.800003,75.800003,81.300003,81.800003,85.5
2018/8/6,14:20:00,G1101,67.800003,66.900002,66.199997,67,65.800003,66.599998,65.900002,75.199997,78,73.199997,79.599998,81.099998,86.400002,81.400002,75.5,81.5,82.400002,83.599998,79.900002
2018/8/6,14:20:00,G1102,70.300003,68.199997,66.599998,66.800003,67.5,67.599998,67.199997,75.900002,80.5,75.900002,78.5,83.300003,84.699997,82.900002,80.099998,75.800003,85.699997,83.400002,81.699997
2018/8/6,14:20:00,G1103,68.300003,66.5,66.699997,67.5,66.800003,67.099998,66.199997,77.900002,76,73.599998,80.900002,81.800003,88.900002,79.599998,67.199997,71.800003,79.400002,83.800003,74.900002
2018/8/6,14:20:00,G1104,66.5,64.800003,64.900002,65.800003,65,64.800003,64.199997,76.300003,74,71.800003,78.900002,78.599998,87,76.800003,64.599998,68.599998,76.599998,81,70.900002
2018/8/6,14:20:00,G1105,69.099998,68.099998,68.199997,68.900002,68.599998,67.900002,67.5,77.599998,73.699997,73.599998,78.800003,75.5,86.699997,71.300003,68.800003,72.199997,76.5,77.199997,71.699997
2018/8/6,14:20:00,G1106,69,67.400002,67.900002,68.699997,68.099998,67.099998,67,77.800003,73.699997,74.400002,79.199997,73.699997,90.099998,60.900002,72,73,77.5,75.800003,77.400002
2018/8/6,14:20:00,G1107,71.699997,69.5,69.400002,68.5,69.699997,68.900002,68.800003,73.099998,74.699997,75.900002,78.300003,74.400002,76.199997,75.300003,75.900002,74.800003,74.5,76.400002,77
2018/8/6,14:20:00,G1108,70,69.199997,69.5,70,69.300003,68.400002,68.599998,77.199997,73.199997,74.699997,77.800003,72.900002,79.800003,70.099998,74.699997,74.400002,74.099998,77.099998,76.900002
2018/8/6,14:20:00,G1109,73.199997,72.599998,72.5,73,72.300003,71.699997,71.5,80,76.400002,78.099998,79.400002,75.599998,81.900002,76,78.400002,76.699997,76.300003,80,78.400002
2018/8/6,14:20:00,G1110,72.699997,72.099998,71.599998,70.5,71.900002,70.900002,71.5,71.400002,76.5,76.800003,79.599998,74.699997,74.099998,76.900002,78.199997,75.400002,75.800003,77.900002,77.099998
2018/8/6,14:20:00,G1111,74.699997,74.400002,74.099998,74,73.699997,73,73.800003,79,77.800003,78.400002,79,75.199997,75.5,76.699997,78.699997,75.900002,78.099998,77.699997,77.099998
2018/8/6,14:20:00,G1112,76.199997,75.900002,75.400002,75.400002,75.300003,74.5,75.5,80.099998,79.800003,80.099998,80.699997,76.900002,77.199997,77.699997,79.300003,77.599998,79.400002,79,78.599998
2018/8/6,14:20:00,G1113,77,77.199997,76.800003,76.300003,76,75.800003,76,79.800003,81,80.199997,81.5,77.699997,77.300003,77.900002,78.300003,78.199997,79.900002,79,78.199997
2018/8/7,12:40:00,G1101,64.900002,62.5,60.5,60.200001,60.599998,59.799999,62.700001,75.199997,78.800003,82.199997,89,90.800003,94.699997,77.5,76.199997,82.099998,75.099998,79.099998,85.099998
2018/8/7,12:40:00,G1102,66.400002,64.400002,61.400002,61.200001,61.299999,59.5,63.299999,77,81,84.300003,89.400002,92.5,97.400002,84.699997,72.400002,84.199997,75.599998,79.199997,84.099998
2018/8/7,12:40:00,G1103,65.599998,65.099998,61.700001,61.200001,61.5,59.700001,63.400002,75.699997,80.5,84.099998,86.199997,88.400002,94.5,85.199997,64.400002,77,72.199997,73.800003,75.400002
2018/8/7,12:40:00,G1104,62.900002,63.799999,60.400002,59.099998,59.700001,58,60.700001,73.400002,78.5,82.599998,84,86,88.599998,72.900002,62.900002,72.800003,70.300003,71.900002,73.199997
2018/8/7,12:40:00,G1105,65.5,66.199997,63.700001,62.599998,63.299999,61.799999,63.799999,73,78.099998,80.099998,77.300003,84.599998,89.400002,73.800003,64.400002,67.199997,72.5,71.400002,75
2018/8/7,12:40:00,G1106,64.599998,66,63.099998,61.700001,62.200001,60.900002,63,72.599998,79.900002,85.800003,77.099998,87.199997,90.699997,68.699997,66.400002,69.5,74.300003,67.300003,75.099998
2018/8/7,12:40:00,G1107,66,66.599998,64.5,64.199997,64,62.599998,64.099998,68.099998,79.599998,81.599998,78.5,72.699997,96.400002,78,65.400002,67.099998,75.699997,75.699997,72.599998
2018/8/7,12:40:00,G1108,65.300003,66.599998,64.099998,63.099998,64,63.099998,64.400002,69.599998,78.5,80.099998,73.800003,85.099998,86.400002,68.400002,66.099998,66.599998,76.599998,68.699997,74.699997
2018/8/7,12:40:00,G1109,67.099998,68.699997,66.699997,65.900002,66.800003,65.699997,66.5,72.599998,82.199997,82.699997,76.800003,88.199997,90.099998,73.699997,67.199997,70.199997,76.800003,68.900002,77.400002
2018/8/7,12:40:00,G1110,67.5,68,66,66.199997,65.599998,64.5,66.5,69.900002,75.800003,78.900002,75.099998,74.5,88.800003,71.300003,67.400002,68.099998,74.800003,72.800003,69.300003
2018/8/7,12:40:00,G1111,69,69.300003,68.199997,67.400002,67.900002,67.599998,68.599998,72.400002,80.5,80.699997,74.199997,82.900002,84.400002,67.699997,61.700001,71.199997,73,62.200001,75.400002
2018/8/7,12:40:00,G1112,69.900002,70.099998,68.699997,68.599998,68.800003,68.199997,70.099998,71,82.099998,81,75.800003,84.099998,86.099998,78.5,62,72.400002,73.400002,61,76.400002
2018/8/7,12:40:00,G1113,71.300003,70.900002,69.5,69.099998,68.800003,68.800003,71.099998,69.900002,83,80.400002,76.099998,84.199997,90.099998,75.099998,65.5,72.599998,71.599998,60.099998,75.199997
2018/8/10,2:40:00,G1101,77.300003,77.099998,77.300003,77.199997,76.599998,76.800003,79,90.699997,92.800003,93.599998,93.099998,93.800003,93.199997,90.400002,84.800003,93.5,93.5,92.199997,92
2018/8/10,2:40:00,G1102,79.199997,78.699997,79.199997,79.300003,78.400002,79,81.300003,94.199997,96,96.5,95.699997,96.599998,94,91.199997,85.300003,94.099998,97.099998,95,94.599998
2018/8/10,2:40:00,G1103,78.599998,78.5,78.699997,78.800003,78.400002,79,80.699997,93.900002,94.900002,95.400002,94.300003,93.800003,90.300003,85.599998,84,91.900002,94.599998,93.300003,93.400002
2018/8/10,2:40:00,G1104,77,76.900002,77.099998,77.400002,76.800003,77.400002,79,91.800003,92.400002,92.900002,92.099998,91,86.300003,83.400002,82.300003,91.400002,93.199997,91.300003,91.199997
2018/8/10,2:40:00,G1105,78,78.099998,78.099998,78.400002,77.800003,78.199997,79.599998,91.199997,89.400002,89.800003,89.300003,87.199997,82.099998,82.800003,82.199997,90.099998,91.300003,89.800003,89.300003
2018/8/10,2:40:00,G1106,80.300003,80.5,80.5,80.800003,80.400002,80.699997,82.199997,94.699997,91.599998,91.900002,91.800003,88.800003,84.699997,85.300003,84.699997,92.900002,95.099998,92.699997,92
2018/8/10,2:40:00,G1107,81.800003,81.900002,82,82.300003,81.699997,82,82.300003,93.900002,91.5,91.300003,89.300003,88.099998,85.400002,86.199997,85.400002,88.199997,94.300003,93.300003,93.5
2018/8/10,2:40:00,G1108,80.900002,80.900002,80.900002,81.199997,81.099998,81.099998,82.300003,92.599998,90.400002,88.400002,88,86.300003,84.800003,84.300003,84.599998,91.800003,93.199997,90.5,89
2018/8/10,2:40:00,G1109,84.800003,84.900002,84.900002,85,85.099998,85,86.400002,96.699997,94.400002,91.900002,90,89.800003,88.900002,88.400002,89,95.5,98.099998,94.199997,92.199997
2018/8/10,2:40:00,G1110,83.5,83.5,83.599998,83.900002,83.400002,84,84.199997,92.300003,91.199997,90.199997,87.400002,87.800003,86.800003,86.699997,86.099998,89.900002,95.300003,90.599998,92
2018/8/10,2:40:00,G1111,85.099998,85.199997,85.099998,85.099998,85.300003,85.599998,86.400002,94.400002,91.099998,89.099998,88.199997,88.199997,88.5,87.300003,88.400002,93.599998,93.300003,90.099998,88.099998
2018/8/10,2:40:00,G1112,86.900002,87.300003,87,87.300003,87.400002,87.699997,88.5,96.199997,93,90.599998,90.199997,90.199997,90.400002,89.199997,90.300003,95.400002,95.300003,91.699997,89.800003
2018/8/10,2:40:00,G1113,86,86.400002,86,86.300003,86.5,86.900002,87.599998,94.699997,91.599998,88.699997,89,89,89.300003,88.099998,88.800003,93.300003,93.400002,89.900002,87.800003
2018/8/10,17:10:00,G1101,80.599998,81.300003,82.5,83.699997,81,82.300003,83.400002,94.900002,97.199997,97.5,99,98.699997,98.300003,97.900002,98.199997,100,99.199997,99,99.300003
2018/8/10,17:10:00,G1102,82.800003,83.5,84.599998,85.400002,82.900002,84.5,85.699997,97,99.699997,99.5,103.300003,102.400002,101.699997,101.5,103.099998,104.900002,103.900002,103.300003,103
2018/8/10,17:10:00,G1103,82.400002,82.800003,83.699997,84.300003,82.199997,83.5,85,96.699997,99.400002,99.800003,102,101.099998,100.199997,99.800003,100.599998,101.199997,101.400002,101.099998,101.199997
2018/8/10,17:10:00,G1104,80.800003,81.400002,82,82.599998,80.5,82.099998,83.300003,94.400002,97.699997,97.900002,99.900002,98.699997,97.5,97.5,98.5,98.400002,98.800003,99.800003,99.099998
2018/8/10,17:10:00,G1105,80.5,80.800003,81.199997,81.5,79.400002,81.5,82.199997,93.300003,94.900002,96,97.800003,96.900002,95,95.599998,97.300003,94.5,96,96.300003,97.400002
2018/8/10,17:10:00,G1106,84.5,84.900002,84.900002,85.099998,83.800003,84.800003,85.699997,97.800003,100.099998,101.5,102.099998,100.5,98.599998,99.900002,101.400002,97.5,100.199997,100.300003,101.300003
2018/8/10,17:10:00,G1107,84.800003,85.400002,86,87.400002,85.400002,84.800003,84.599998,89.599998,98,98.900002,100.699997,99,95.099998,97.599998,99.099998,97.5,98.099998,98.300003,99.800003
2018/8/10,17:10:00,G1108,85,85.099998,84.699997,85.300003,83.5,84.300003,84.800003,97.099998,99,99.900002,101,98.199997,97.400002,98,98.900002,95.699997,97.599998,98.300003,99.400002
2018/8/10,17:10:00,G1109,89.5,89.400002,89,89.900002,87.800003,88.400002,88.5,100,101.800003,102.400002,102.900002,101.199997,101.099998,101.599998,102.199997,100.099998,101.800003,103,104.199997
2018/8/10,17:10:00,G1110,85.699997,86.800003,87.300003,88,86.300003,86.5,85.900002,91.400002,97.099998,97.599998,96.599998,94.5,94,95.300003,96.599998,94.599998,97.800003,98.5,99.699997
2018/8/10,17:10:00,G1111,89.199997,88.300003,89.5,88.400002,87.599998,87.5,87.900002,97.199997,99.199997,98,93.199997,92.300003,95.099998,95.199997,95.099998,97.5,98.199997,99.5,100.599998
2018/8/10,17:10:00,G1112,91.400002,90.099998,91.599998,90,89.800003,89.5,90,98.300003,101,100.800003,95.400002,93.699997,96.599998,97.199997,97.400002,99.800003,100,101.400002,102.300003
2018/8/10,17:10:00,G1113,92.800003,90.900002,93,91.099998,91.099998,90.699997,91.099998,100.099998,102.599998,102.199997,98.099998,94.300003,96.400002,96.800003,96.900002,99.300003,100,101.800003,102.400002
2018/8/14,16:35:00,G1101,83.5,83.300003,78.199997,77.900002,82,83.400002,83.400002,91.599998,96.199997,94.699997,90.199997,91.099998,89.400002,87.900002,88.199997,90.400002,88.099998,88.199997,87.5
2018/8/14,16:35:00,G1102,86.699997,86.099998,79.5,80.599998,84.800003,86.099998,85.800003,93.099998,95,95.5,90.900002,90.900002,88.800003,89.099998,90.400002,92.599998,89.699997,90.699997,89
2018/8/14,16:35:00,G1103,86.400002,84.800003,79,79.800003,84,85.099998,85.599998,91.199997,92.099998,91.5,88.800003,87.599998,86.300003,87,89.099998,91.199997,88,88.599998,88
2018/8/14,16:35:00,G1104,84.900002,83.300003,77.400002,78,82.400002,83.699997,84.099998,88.5,87.5,88.5,86.800003,84.800003,84.300003,84.5,87,89.099998,86.099998,86.300003,86.099998
2018/8/14,16:35:00,G1105,85.400002,83.300003,78.199997,78.699997,83.300003,84.300003,83.300003,86,86.699997,85.699997,84.699997,83.400002,84.199997,83.599998,86.099998,87.800003,85.099998,85.400002,85.300003
2018/8/14,16:35:00,G1106,88.300003,86.300003,81.300003,80.5,86.400002,87.099998,86,86.5,87.900002,88.900002,86.099998,86.099998,87,86.400002,89.800003,90.699997,88.800003,89.199997,88.800003
2018/8/14,16:35:00,G1107,88.099998,86.699997,82.800003,82,82.300003,86.099998,86.099998,87,85.699997,88.900002,86.699997,85.800003,86.199997,85.699997,88.400002,90.099998,89.300003,90,89.300003
2018/8/14,16:35:00,G1108,86.900002,86.300003,80.300003,80.300003,86.400002,85,85.099998,83,85.099998,86.800003,85.300003,84.800003,86,85.400002,89.400002,89.699997,88.599998,88.699997,87.400002
2018/8/14,16:35:00,G1109,91.099998,88.599998,83.699997,83.699997,90.300003,87.400002,89.099998,87,90.900002,89.599998,89.199997,88.699997,89.400002,88.800003,93.599998,93.599998,93.699997,93.900002,91.599998
2018/8/14,16:35:00,G1110,86.400002,87.5,81.5,83.599998,84.199997,85.5,86.900002,87.300003,86.900002,87,87.400002,87.099998,87.199997,86.099998,89.599998,91,91,90.400002,90.099998
2018/8/14,16:35:00,G1111,89.099998,85.800003,84,84.199997,89.099998,87,88.300003,88.900002,90.099998,87.599998,88.199997,87.099998,87.900002,87.599998,92,91.900002,92.599998,92.800003,90.199997
2018/8/14,16:35:00,G1112,91.099998,87.400002,86.300003,86,91.199997,89,90.599998,90.199997,91.099998,89.5,90.199997,89.099998,90,89.5,93.900002,94.300003,94.400002,94.5,92.199997
2018/8/14,16:35:00,G1113,89.599998,85.900002,85,84.800003,89.199997,87.5,89.199997,88.800003,89.699997,88.599998,89.400002,88.5,89.099998,88.599998,97.199997,97,96.400002,96.199997,93.800003
2018/8/19,17:15:00,G1101,77.300003,77.800003,76.900002,77.900002,79.300003,77.5,80.300003,82.199997,79.099998,75.199997,81.599998,82.699997,84.599998,89.300003,92.599998,93.599998,94.5,96.599998,97.800003
2018/8/19,17:15:00,G1102,79.699997,79.5,78.599998,80.099998,81.099998,79.5,82.699997,84.800003,81.400002,77.5,83.099998,85,87.300003,92.199997,94.699997,97.400002,98.400002,100.300003,100.800003
2018/8/19,17:15:00,G1103,79.599998,79,77.800003,79.900002,80.599998,78.900002,81.400002,83.400002,80.400002,76.300003,81,83,85,90.099998,94.300003,96.199997,96.900002,98.699997,98.599998
2018/8/19,17:15:00,G1104,77.699997,77.5,76,78.099998,78.800003,77,79.900002,82,78.800003,74,78.900002,80.900002,82.800003,87.400002,91.199997,93.599998,94.099998,95.400002,95.599998
2018/8/19,17:15:00,G1105,78.800003,NaN,78.599998,79.099998,NaN,79.199997,81,NaN,78.5,76.099998,NaN,79.199997,81.599998,NaN,89.300003,90.800003,91.400002,92.300003,90.699997
2018/8/19,17:15:00,G1106,80.400002,80.099998,78.5,80,79.800003,79,83.300003,83.800003,80.800003,76.699997,81.599998,83.300003,85.300003,88.400002,93.5,94.699997,95.099998,95.5,93.199997
2018/8/19,17:15:00,G1107,79.699997,81.300003,77.099998,78.300003,80.300003,78.699997,82.300003,86.400002,82.199997,73.099998,81.800003,84.599998,84.400002,86.800003,90.599998,93.900002,93.699997,92.699997,92.199997
2018/8/19,17:15:00,G1108,79.599998,78.300003,77.099998,78.199997,77.400002,78.800003,83.199997,81.400002,80.699997,77,82.199997,83.900002,84.800003,87.699997,90.900002,92.300003,91.300003,89.099998,87.599998
2018/8/19,17:15:00,G1109,83.599998,81.300003,79.800003,81.099998,80.699997,81.900002,87.199997,86,83.400002,80.599998,85.900002,84.5,88.5,92.400002,95.199997,96,94.599998,91.800003,85.800003
2018/8/19,17:15:00,G1110,82,80.599998,81.199997,78.900002,79.199997,80.300003,85.800003,84.300003,78.699997,78.300003,83.5,81.300003,85,88.699997,90.800003,92.300003,90.599998,87,80.300003
2018/8/19,17:15:00,G1111,83.599998,82.599998,84.300003,80.300003,79.900002,81.5,88,87.099998,80,79.099998,85,81.199997,82.699997,NaN,91.800003,91.699997,89.400002,83.699997,79.400002
2018/8/19,17:15:00,G1112,85.400002,84.900002,86.599998,82.800003,81.5,82.800003,90.099998,89.400002,80.699997,81,86.800003,82,82.599998,88.099998,93.099998,93.199997,89.800003,81.300003,80.599998
2018/8/19,17:15:00,G1113,86.699997,87,88,85.199997,83.199997,83.599998,91.900002,91.5,78.400002,81.699997,87.599998,81.5,80.900002,87.199997,94.300003,93.300003,89.900002,79.400002,78.599998
2018/8/20,19:00:00,G1101,84.400002,84.900002,84.599998,85.300003,86.599998,89,88.800003,88.599998,97.099998,95.599998,97,96.199997,95.800003,92,93,94.5,96.199997,95.199997,96.300003
2018/8/20,19:00:00,G1102,85.400002,87,87.300003,87.800003,88.699997,91.900002,91.800003,91.5,98.400002,97.5,100,99,98.900002,93.699997,95.900002,98,99.800003,98.599998,99.599998
2018/8/20,19:00:00,G1103,83.699997,86.300003,87,87.300003,87.300003,90.800003,91.300003,90.800003,95.300003,92.800003,98.300003,96.5,96.800003,88.300003,94.599998,97.300003,98.900002,98.099998,97.900002
2018/8/20,19:00:00,G1104,82.099998,84.699997,85.400002,85.599998,85.5,88.900002,89.900002,89.199997,92.400002,88.5,95.5,94.900002,94.900002,86.900002,92.099998,94.900002,97.300003,96.300003,96.099998
2018/8/20,19:00:00,G1105,81.800003,84.599998,84.800003,84.599998,84.300003,88.400002,89.5,88.900002,87.900002,79,90.599998,89.099998,90.800003,81.199997,86.900002,93.300003,95.699997,94.800003,94.5
2018/8/20,19:00:00,G1106,85.099998,87.800003,88,87.900002,87.800003,92.400002,93.900002,93,89.199997,77.699997,93.300003,89.800003,91.300003,77.5,78.400002,97,98.199997,97.599998,96.699997
2018/8/20,19:00:00,G1107,85.099998,86.900002,87.599998,88.099998,86.900002,89.900002,94,93.800003,89.599998,80.400002,85,88.199997,79.300003,79.699997,79.300003,84.300003,94.599998,93.099998,91.099998
2018/8/20,19:00:00,G1108,84.300003,86.5,86.400002,86.800003,86.599998,92.199997,93.5,90.800003,84.599998,73.400002,87.300003,86.599998,82.199997,74.099998,72.699997,94.300003,91.699997,89.800003,91.099998
2018/8/20,19:00:00,G1109,88.300003,89.699997,90.5,90.199997,90.599998,97,99.300003,95.099998,82.699997,75.599998,88.699997,88.800003,82.800003,75.400002,75.599998,96.099998,91.800003,91.199997,94.599998
2018/8/20,19:00:00,G1110,86.199997,86.5,88,87.5,87.800003,93.699997,95.900002,91.300003,77.599998,73.5,83.300003,82,78.099998,71.5,75.599998,89.900002,86.400002,88.099998,90.800003
2018/8/20,19:00:00,G1111,87.300003,87.699997,88.900002,89.099998,89.199997,94.800003,97.800003,94.800003,77.199997,72.400002,83.099998,79.800003,74,71.400002,77.400002,86.800003,86.599998,89.900002,91.900002
2018/8/20,19:00:00,G1112,89.400002,89.800003,90.699997,91.199997,91.300003,96.699997,100,97.199997,77.699997,74.099998,85.599998,81.199997,73.5,71.400002,77.900002,84.400002,88,90.5,93.400002
2018/8/20,19:00:00,G1113,91.099998,91.300003,92.099998,92.699997,92.400002,97.300003,100.599998,97.900002,78.099998,75.099998,86.5,81.900002,73.699997,70.400002,76.5,80.300003,85.400002,92.900002,94.699997
2018/9/7,14:00:00,G1101,61.599998,62.5,63.700001,63.200001,64.900002,65.900002,66.900002,70.300003,80.699997,83.5,85.099998,87.099998,87.599998,87.400002,88.699997,90.599998,90.199997,89.599998,87.199997
2018/9/7,14:00:00,G1102,63.299999,64.300003,64.800003,65.199997,65.400002,67,68.300003,73.300003,83.300003,86.400002,88.599998,90.300003,90.800003,89.800003,91.900002,93.199997,92.5,91.599998,89.699997
2018/9/7,14:00:00,G1103,63.900002,63.900002,65.099998,65.699997,65.400002,67.099998,66.900002,74.5,83,85.599998,88.800003,90,89.900002,87.800003,90,91.800003,89.800003,90.199997,87.599998
2018/9/7,14:00:00,G1104,62.099998,61.900002,63.5,64,63.700001,65,64.599998,72.699997,81.5,84.300003,87.400002,88.800003,87.699997,85.900002,87.599998,89.699997,87.5,88.400002,85.599998
2018/9/7,14:00:00,G1105,64.599998,65.5,66.599998,66.5,66.300003,67.900002,65.5,75.699997,81.199997,83.900002,86.699997,87.300003,82.800003,82.699997,84.800003,85.699997,85,85.5,84
2018/9/7,14:00:00,G1106,64.099998,65.199997,66.300003,66.099998,65.900002,67.199997,65.099998,74.099998,84.5,87.300003,89.5,90.800003,83.599998,83.599998,86.900002,87.900002,86.599998,87.099998,87.300003
2018/9/7,14:00:00,G1107,65.900002,66.599998,67.800003,66.900002,66.5,68.099998,67.5,73.300003,84.900002,86.300003,87.900002,90.900002,80.300003,81.300003,83.699997,86.199997,85.400002,85.400002,85.199997
2018/9/7,14:00:00,G1108,65.900002,66.900002,67.599998,66.5,66.699997,68.099998,67.099998,73.699997,83.300003,84.699997,85.5,88.5,79.099998,79,82.300003,84.300003,83.900002,84.300003,83.599998
2018/9/7,14:00:00,G1109,68.5,68.900002,70.199997,69.300003,70.300003,70.699997,69.300003,75.400002,84,85.400002,82,86.400002,81,79.599998,84,87.699997,87,86.699997,87.300003
2018/9/7,14:00:00,G1110,67.900002,67.900002,68.599998,68.599998,69.800003,69.800003,68.699997,72,80.5,81.199997,76.800003,79.199997,76.900002,76.400002,80,83.599998,82.800003,81.800003,84.5
2018/9/7,14:00:00,G1111,69.699997,69,70.300003,70,71.199997,70.099998,70.5,69.800003,81.400002,82.400002,77.199997,77.300003,77.099998,77.900002,79.800003,83.300003,83.300003,83.5,83.900002
2018/9/7,14:00:00,G1112,71,70.199997,71.599998,71.5,72.800003,71.900002,72.199997,71.099998,82.300003,82.900002,78.699997,78.099998,78.699997,79.699997,81.5,84.699997,85,81.5,85.099998
2018/9/7,14:00:00,G1113,71.199997,70,72,71.900002,73.099998,71.900002,72,71.300003,83.099998,81,78,78.199997,78.900002,80.300003,81.900002,85.5,85,78.199997,84.599998
2018/9/14,17:35:00,G1101,56.200001,56.400002,56.799999,57.200001,57.400002,58.299999,59.799999,62.900002,75.300003,75,75.599998,74.800003,72.599998,73.5,75.300003,74.5,75.800003,74.199997,74.900002
2018/9/14,17:35:00,G1102,56.200001,56.299999,56.700001,56.799999,57.200001,58.200001,57.400002,60.700001,71.300003,76.300003,76.900002,76,74.099998,75.800003,76.599998,75.699997,76.300003,75.099998,75.699997
2018/9/14,17:35:00,G1103,55.799999,56.299999,56.799999,56.900002,57.400002,57.5,57.299999,57.400002,69.900002,74.800003,75.5,74.5,72.699997,74.199997,74.599998,74.599998,73.699997,73.900002,74
2018/9/14,17:35:00,G1104,54.200001,54.400002,55.200001,55.299999,55.599998,55.700001,55.5,55.5,68.400002,72.900002,73.400002,72.699997,70.900002,72.099998,72.400002,72.099998,71.5,71.699997,72.099998
2018/9/14,17:35:00,G1105,58.099998,58.400002,59.099998,58.900002,58.900002,58.5,58.799999,59.200001,64.699997,74.099998,73.900002,74.599998,72.699997,72.300003,73,72.400002,72.800003,72.699997,73.900002
2018/9/14,17:35:00,G1106,56.299999,57.099998,57.299999,57.400002,57.200001,56.900002,57.599998,58.099998,59.900002,74.300003,74.5,75.5,73.900002,73,72.599998,72.099998,73.400002,73.099998,74.599998
2018/9/14,17:35:00,G1107,58.099998,58.5,59.099998,58.599998,58.400002,58.700001,59.299999,59.700001,59.200001,73.300003,75.099998,74.099998,72.900002,71.800003,72.800003,72,71,70.900002,74.5
2018/9/14,17:35:00,G1108,58.5,58.900002,59.700001,59.200001,59,59.099998,59.700001,60.099998,59.799999,72,74.300003,72.800003,72.199997,71,71.699997,71.5,70.400002,70.099998,73.599998
2018/9/14,17:35:00,G1109,60.599998,61,61,61,60.900002,61.099998,61.599998,61.700001,61.799999,69.800003,75.300003,73.699997,71.400002,72.900002,73.199997,73.599998,71.599998,72,73.099998
2018/9/14,17:35:00,G1110,60.700001,61,60.400002,60.700001,60.799999,61.099998,61.5,61.200001,61.599998,64.900002,70.300003,71.099998,68,69,70.099998,70.900002,70.099998,69.699997,70.800003
2018/9/14,17:35:00,G1111,63,63.200001,62.700001,63.299999,62.799999,63.299999,63.099998,63.099998,63.799999,65.300003,72,70.400002,68.900002,67.199997,70.599998,70.900002,67.199997,68.199997,71.199997
2018/9/14,17:35:00,G1112,63.400002,63.5,63.200001,63.799999,63.200001,63.700001,63.400002,63.400002,64.5,66.199997,72.900002,68.900002,68,69.400002,71.699997,71.599998,67.800003,68.699997,72.599998
2018/9/14,17:35:00,G1113,63.400002,64.400002,63.900002,64.699997,64,64.5,63.900002,63.900002,65,66,70.800003,66.199997,66.5,69.599998,71.699997,70.199997,67.800003,68.400002,71.099998
2018/9/16,3:20:00,G1101,52.700001,52.5,53.400002,54.299999,54.200001,54.599998,57.400002,62.400002,65.199997,66.300003,64.699997,63.5,63.700001,65.300003,64.699997,65.800003,64.599998,65.5,64.599998
2018/9/16,3:20:00,G1102,52.5,52.5,53.400002,54.099998,54.099998,54.099998,57.799999,61.099998,64.400002,66,64,63.700001,63.200001,65.900002,64.699997,66.099998,64.800003,66.199997,65.5
2018/9/16,3:20:00,G1103,52.299999,52.400002,53.099998,53.5,53.799999,54,56.400002,58.700001,NaN,NaN,NaN,NaN,NaN,NaN,NaN,NaN,NaN,NaN,NaN
2018/9/16,3:20:00,G1104,50.200001,50.400002,51.299999,51.5,51.5,51.900002,55,56.200001,59.900002,61.700001,59.599998,60.400002,59.5,61.599998,61.099998,62.299999,61.5,62,62.299999
2018/9/16,3:20:00,G1105,53.599998,54,54.900002,54.799999,55.200001,55.299999,57.799999,58.200001,60.900002,63.700001,61.299999,62.200001,61.099998,62.799999,62.400002,63.400002,63.299999,62.700001,63.599998
2018/9/16,3:20:00,G1106,51.900002,51.900002,52.700001,53,53.299999,53.400002,55.900002,56.799999,59.900002,62.799999,60.400002,60.700001,59.5,61.599998,61.5,62.299999,61.799999,61.900002,62.400002
2018/9/16,3:20:00,G1107,53.200001,53.200001,53.700001,54.400002,54.299999,54.799999,57.299999,58,59.599998,62.5,59.5,60.299999,59.400002,60.099998,61.5,61.700001,60.599998,60.700001,61.400002
2018/9/16,3:20:00,G1108,54,54,54.5,55.099998,55,55.599998,57.900002,58.400002,59.799999,62.400002,59.599998,60.5,59.599998,60.200001,61.599998,61.400002,61,60.5,61.099998
2018/9/16,3:20:00,G1109,55.099998,54.900002,55.599998,56.299999,56.400002,57.099998,59.200001,60.200001,61.400002,63.200001,61.299999,62,61.099998,61,62.5,62.099998,62.200001,61.299999,61.900002
2018/9/16,3:20:00,G1110,55.5,55.400002,55.900002,56.400002,56.700001,57.099998,58.799999,60,60.900002,61.400002,60.799999,61.5,60.5,60.200001,61.5,61.099998,61.200001,59.900002,60.299999
2018/9/16,3:20:00,G1111,56.900002,56.799999,57,57.599998,57.700001,58.299999,60.099998,61.299999,62.099998,62.700001,62.200001,62.200001,62,61.400002,62.400002,61.799999,61.599998,60.5,60.799999
2018/9/16,3:20:00,G1112,57.099998,57,57.400002,58,57.900002,58.700001,61.099998,62,62.599998,62.900002,62.900002,62.700001,62.299999,61.900002,62.700001,62.099998,61.799999,61.200001,61.299999
2018/9/16,3:20:00,G1113,57.700001,57.599998,57.900002,58.599998,58.299999,59.5,61.299999,61.900002,62.799999,62.900002,63.299999,62.5,62.400002,62.099998,62.700001,61.700001,61.900002,61.099998,61.299999
2018/9/16,5:50:00,G1101,54.400002,55.400002,56.299999,60.299999,57.799999,57.599998,57.5,65.800003,67.800003,64.400002,69.900002,71.599998,70.800003,80.199997,78.199997,76,77.099998,81.900002,88.599998
2018/9/16,5:50:00,G1102,54.299999,55.299999,56.299999,59.900002,57.799999,57.900002,57.900002,64.699997,67.599998,64.5,70.099998,71.400002,71.800003,77.800003,78.800003,77.099998,77.699997,84.800003,89.300003
2018/9/16,5:50:00,G1103,54.599998,55.099998,55.599998,58.599998,57.900002,57.700001,57.599998,NaN,NaN,NaN,NaN,NaN,NaN,NaN,NaN,NaN,NaN,NaN,NaN
2018/9/16,5:50:00,G1104,52.599998,53.099998,54.299999,57.599998,55.900002,55.900002,55.900002,63.200001,63.799999,60.900002,67.300003,67.5,68.099998,73.599998,72.699997,73.199997,73.699997,81.300003,84.599998
2018/9/16,5:50:00,G1105,56.200001,56.400002,57.5,60.099998,59,59,59.099998,67,65.800003,63.599998,68.599998,68.800003,70.199997,74.300003,NaN,73,75.099998,80.300003,84
2018/9/16,5:50:00,G1106,54.299999,54.799999,55.900002,58.599998,57.900002,57.900002,57.900002,69.5,64.599998,62.299999,68.599998,68.800003,70.099998,74.300003,73.800003,72.800003,75.099998,82.400002,87.699997
2018/9/16,5:50:00,G1107,55.900002,56.099998,57.799999,59.799999,59.099998,58.900002,59.5,67.5,65.400002,62.799999,69.699997,69,70.900002,74.400002,72.900002,71.699997,75.599998,83,85.199997
2018/9/16,5:50:00,G1108,56.700001,56.599998,58.5,60.400002,59.5,59.200001,59.799999,69.099998,65.400002,62.700001,69.699997,68.300003,71.099998,74,72.199997,71.300003,75.599998,82.900002,83.699997
2018/9/16,5:50:00,G1109,58.200001,58.099998,60.200001,63,61.200001,61.099998,61.700001,74.900002,67.099998,64.5,72.699997,70.699997,75.199997,77.400002,75.300003,74.400002,79.300003,90.699997,90
2018/9/16,5:50:00,G1110,58.099998,58.099998,60.299999,62.400002,61,60.900002,61.5,69.699997,65.5,63.599998,71.300003,68.599998,72.5,74.599998,72.300003,72.5,77,82.300003,83.099998
2018/9/16,5:50:00,G1111,59.599998,59.599998,62,64.099998,62.599998,62.299999,62.900002,80.599998,66.699997,65.199997,72.400002,69.599998,74.400002,76.099998,72.699997,73.599998,80,84.5,87.400002
2018/9/16,5:50:00,G1112,60.099998,60,62.799999,65.300003,63.400002,62.799999,63.700001,78.599998,67.800003,66.199997,74.400002,71,77.199997,78,74.099998,74.900002,79.800003,90.800003,87.300003
2018/9/16,5:50:00,G1113,60.400002,60.099998,62.900002,65.099998,63.400002,62.799999,64.099998,72.800003,67,66.199997,73.699997,70.599998,77.099998,76.5,73.300003,74.800003,78.699997,86.199997,84.099998
2019/2/18,11:45:00,G1101,81.5,82.300003,83,84.099998,83.800003,85.5,88,89.099998,94.699997,97.099998,97.099998,97.599998,97.800003,98,98.300003,98.199997,98.300003,98.400002,98.699997
2019/2/18,11:45:00,G1102,87.599998,88.300003,88.900002,90.5,89.800003,92.199997,94.699997,97.900002,103.900002,106.099998,105.199997,104.699997,105.699997,106,106.599998,106,105.699997,106.599998,106.300003
2019/2/18,11:45:00,G1103,82.400002,82.699997,82.900002,84.400002,83.599998,85.300003,86.800003,90.099998,96.900002,97.699997,97,97.099998,97.400002,97.599998,98,97.699997,97.5,97.800003,97.599998
2019/2/18,11:45:00,G1104,83,83.300003,83.300003,84.800003,84,85.699997,87,90.300003,96.5,98,97,97.300003,97.599998,97.599998,97.800003,97.800003,97.900002,97.900002,97.599998
2019/2/18,11:45:00,G1105,90.800003,91.300003,91.199997,92.599998,92.5,93.400002,95,98,104.5,105.699997,105.099998,105.199997,105.800003,106.199997,106.400002,106.400002,106.599998,106.800003,106.5
2019/2/18,11:45:00,G1106,85,85.5,85.5,86.400002,86.599998,87.099998,88.199997,90.900002,96.400002,98.099998,98.5,98.300003,98.599998,98.900002,98.599998,98.900002,99,98.900002,98.800003
2019/2/18,11:45:00,G1107,87.5,87.900002,87.699997,88.5,89.199997,89.099998,89.800003,92.599998,96.699997,98.599998,98,98.400002,99.199997,99.099998,98.800003,98.800003,99.599998,99.5,99.400002
2019/2/18,11:45:00,G1108,93.5,93.599998,93.400002,94.400002,95.5,95.300003,95.800003,99.099998,102.800003,104.5,104,104.300003,105.400002,105.699997,105.300003,105.400002,105.900002,105.400002,105.199997
2019/2/18,11:45:00,G1109,89.099998,89.400002,88.800003,89.800003,90.699997,90.900002,91.5,94.699997,98.300003,98.300003,98.5,98.599998,99.400002,99.5,98.900002,99.599998,100.199997,99.800003,99.5
2019/2/18,11:45:00,G1110,91.699997,91.599998,91.300003,92,92.800003,93.099998,93.5,96,98.800003,99.599998,99,98.800003,99.5,99.699997,99.400002,99.300003,99.800003,99.5,99.699997
2019/2/18,11:45:00,G1111,99.900002,99.699997,99.599998,100.099998,101.800003,102.099998,102.699997,103.5,107.199997,106.800003,106.599998,106.5,107.300003,107.5,107.300003,107.5,107.599998,107.5,107.599998
2019/2/18,11:45:00,G1112,101.400002,101.5,101,101.300003,103.599998,104.199997,104.800003,105.099998,108.199997,107.599998,107.400002,107.300003,108.099998,108.800003,107.800003,108.099998,108.099998,107.5,108.699997
2019/2/18,11:45:00,G1113,104.599998,105.099998,104.599998,104.400002,107.5,107,108.199997,108.800003,NaN,NaN,NaN,NaN,NaN,NaN,NaN,NaN,NaN,NaN,NaN
2019/3/3,6:35:00,G1101,93,92.900002,92.5,92.300003,91.099998,90.900002,91,93.699997,93.199997,82.300003,89.599998,96.300003,97.5,97.699997,97.699997,97.5,97.5,97.599998,97.699997
2019/3/3,6:35:00,G1102,98.699997,99,97.599998,97.599998,96.699997,96.800003,96.599998,98.900002,96.599998,87.800003,99.800003,107,106.900002,106,104.199997,104.300003,103.699997,104.300003,104.599998
2019/3/3,6:35:00,G1103,89.900002,89.099998,89.5,89.199997,88.800003,88.800003,88.5,89.400002,89.099998,81.599998,91.699997,97.5,97.099998,96.199997,95.300003,95,94.900002,95.400002,95.599998
2019/3/3,6:35:00,G1104,90.099998,89.5,89.599998,89.800003,88.699997,88.5,88.400002,89,89,81.800003,91.699997,98.099998,97.699997,96.699997,95.800003,95.599998,95.800003,95.900002,96.199997
2019/3/3,6:35:00,G1105,97.800003,97.699997,97.800003,97.699997,97.300003,97.099998,96.900002,96.800003,97,89.199997,103.300003,107.699997,106.300003,103.699997,101.699997,101.800003,102.300003,101.900002,102.599998
2019/3/3,6:35:00,G1106,91.099998,91.300003,91.300003,91.199997,91.099998,90.800003,90.599998,90.300003,91.199997,83.400002,94.5,98.400002,97.5,97.099998,96.5,96,95.800003,95.900002,96
2019/3/3,6:35:00,G1107,92.5,92.199997,92.599998,92.599998,92.400002,92.5,92.400002,92.300003,94.300003,85.300003,95.900002,98.800003,98,97.800003,96.900002,96,95.900002,95.599998,95.900002
2019/3/3,6:35:00,G1108,98.599998,98.599998,98.699997,98.900002,98.800003,98.599998,98.5,98.5,100.300003,91.099998,102.199997,105.400002,104.400002,104.599998,103.699997,102.800003,102,101.300003,101.800003
2019/3/3,6:35:00,G1109,92.900002,93,93.400002,93.099998,92.800003,92.699997,92,92.300003,95,85.900002,98.199997,99.300003,98.800003,98.199997,96.699997,95.900002,94.900002,94.300003,95.099998
2019/3/3,6:35:00,G1110,93.199997,93.400002,93.800003,93.5,91.900002,91.300003,91.5,92.900002,94.900002,86.900002,98.599998,100.199997,99.699997,99,97.800003,95.800003,92.599998,93.099998,94.599998
2019/3/3,6:35:00,G1111,99.400002,99.300003,99.800003,97.599998,97.300003,97.199997,98.900002,99.800003,102.599998,94.300003,106,107.699997,108,106.900002,105,101,95.900002,97.099998,98.699997
2019/3/3,6:35:00,G1112,100.800003,100.300003,100.800003,98.599998,98.699997,98.900002,101,100.800003,103.300003,95.800003,107.400002,108.800003,108.800003,108.099998,105.900002,102.099998,94.199997,95.800003,98.300003
2019/3/3,6:35:00,G1113,102.199997,102,101.699997,101,101.199997,101.5,103.699997,102.900002,105.900002,98.599998,108.900002,NaN,NaN,109.300003,106.800003,99.099998,93.5,95.699997,97.099998
2019/4/11,21:15:00,G1101,76.400002,76,76.400002,77.5,77.5,78,78.5,86.300003,97.199997,99.5,100.199997,100.400002,100.5,100.599998,100.300003,100.300003,100.199997,99.800003,98.699997
2019/4/11,21:15:00,G1102,80.099998,79.900002,80.699997,81.699997,81.800003,82.699997,83.5,100.400002,108.099998,NaN,109.800003,108.599998,107.599998,108.300003,107.900002,107.199997,105.199997,102.900002,103.599998
2019/4/11,21:15:00,G1103,75,74.800003,75.699997,76.5,76.699997,77.400002,77.5,94.099998,99.599998,100.900002,99.699997,99.599998,99.599998,99.099998,99,98.5,95.900002,94.5,94.5
2019/4/11,21:15:00,G1104,75.300003,74.900002,76.199997,76.900002,77.199997,77.699997,78,94.800003,100.099998,101.599998,100,99.699997,100,99.099998,99,98.699997,96.900002,95,94.099998
2019/4/11,21:15:00,G1105,81.5,81,82.699997,83.599998,83.900002,84.699997,85.300003,101.900002,108.699997,NaN,109.300003,107.900002,109.699997,108,107.800003,107.400002,103.900002,102,99.199997
2019/4/11,21:15:00,G1106,77.400002,77.099998,78,79.199997,79.699997,80.300003,80.800003,94.5,100.900002,102,101.900002,99.599998,101.300003,100.599998,100.400002,99.099998,97.699997,95.699997,92.5
2019/4/11,21:15:00,G1107,78,78.199997,78,79.800003,81,82.599998,81.900002,97.199997,101.300003,101.599998,101.400002,100.199997,101,101.5,101.300003,99.5,96.900002,94.199997,86.099998
2019/4/11,21:15:00,G1108,82.800003,83,82.800003,84.5,86.400002,88,87.300003,101.699997,107.199997,108.300003,108.300003,107.599998,108.199997,107.900002,107.400002,105.599998,102.5,99.800003,90.900002
2019/4/11,21:15:00,G1109,79.699997,80.199997,80.099998,80.900002,83.099998,84.099998,84,95.900002,100.300003,100.800003,100.900002,101,101,100.900002,100.699997,98.599998,95.699997,88.699997,82.5
2019/4/11,21:15:00,G1110,79.900002,81.400002,82.400002,82.599998,85.099998,85.900002,85.300003,95.5,99.699997,100.599998,101.400002,101,100.900002,101.400002,101.300003,97.699997,92,87.400002,81.199997
2019/4/11,21:15:00,G1111,86.5,87.900002,90.099998,90.300003,93.199997,93.699997,93.599998,100.699997,107.099998,108.5,109,109,108.699997,109.300003,109,104.099998,98.199997,92.900002,87.800003
2019/4/11,21:15:00,G1112,88.300003,89.900002,92,93.199997,95.400002,96.400002,96,102.800003,108.699997,NaN,NaN,NaN,NaN,NaN,NaN,108.400002,100.699997,93,88.699997
2019/4/11,21:15:00,G1113,90.900002,92.300003,94.900002,96.599998,98.400002,99.599998,100.199997,104.400002,NaN,NaN,NaN,NaN,NaN,NaN,NaN,NaN,103.5,92.800003,86.800003
2019/4/19,12:00:00,G1101,86.099998,87,86.300003,85.400002,85.400002,87.400002,91.300003,85.800003,92.199997,93.099998,94.300003,93.300003,96.300003,98,98.400002,98.900002,99.599998,99.699997,99.900002
2019/4/19,12:00:00,G1102,91.400002,91.900002,90.599998,90.699997,89.699997,92.800003,98,94.400002,100,100,100,100,100,100,100,100,100,100,NaN
2019/4/19,12:00:00,G1103,83.300003,83.300003,82.400002,82.900002,83,84,88.099998,86.5,90.900002,92.099998,92.099998,90.900002,97.099998,97.400002,97.199997,98.800003,99.400002,100,100
2019/4/19,12:00:00,G1104,83.400002,83.400002,82.699997,83,83.300003,84,87.400002,86.900002,91.699997,92,92.5,91.5,97.699997,98.599998,98.300003,99,99.800003,99.900002,100
2019/4/19,12:00:00,G1105,89.699997,90.400002,88.800003,89.400002,90,90.800003,94.199997,96.300003,100,100,100,100,100,100,100,100,100,100,100
2019/4/19,12:00:00,G1106,84.5,85.099998,83.300003,84.099998,84.300003,85.599998,88.300003,89.900002,93,93.800003,93.400002,93.5,96.5,98.300003,99.099998,98.900002,99.5,99.800003,99.699997
2019/4/19,12:00:00,G1107,85,85.099998,84.099998,84.699997,85,85.800003,89.800003,90.5,93.300003,93.800003,90.400002,93.400002,96.599998,98,97,99,99.199997,99.800003,100
2019/4/19,12:00:00,G1108,90.199997,90.400002,89.199997,89.699997,90.400002,91.099998,95.300003,96.699997,98.900002,99.900002,96.099998,100,100,100,100,100,100,100,100
2019/4/19,12:00:00,G1109,85.099998,85.900002,84.5,85.599998,86.400002,86.900002,90,92.599998,93.800003,93.800003,90.099998,94.5,95.300003,96.699997,96.199997,98.099998,98.400002,99.599998,100
2019/4/19,12:00:00,G1110,86.400002,86.800003,85.900002,86.599998,87.800003,88.099998,90.300003,93.699997,94,94.699997,90.800003,93.699997,94.599998,94.5,95.599998,96.800003,96.699997,98.800003,98.5
2019/4/19,12:00:00,G1111,93.400002,94.199997,93.599998,93.800003,96.099998,96.300003,97.699997,100,100,100,97,100,100,100,100,100,100,100,100
2019/4/19,12:00:00,G1112,95.099998,95.900002,95.300003,95.400002,97.800003,98.400002,99.300003,100,100,100,97.400002,100,100,100,100,100,100,100,100
2019/4/19,12:00:00,G1113,99.099998,99.300003,98.699997,98.800003,100,100,100,100,100,100,99.400002,100,100,100,NaN,100,100,NaN,NaN
2019/4/20,13:10:00,G1101,95.099998,94.5,94.400002,94.900002,94.699997,94.5,95.099998,85.699997,91.900002,97.900002,99.599998,100,99.800003,99.900002,100,99.900002,99.900002,100,100
2019/4/20,13:10:00,G1102,100,100,100,100,100,100,100,92.099998,100,100,NaN,NaN,NaN,NaN,100,100,100,100,100
2019/4/20,13:10:00,G1103,94,93.699997,94,94.099998,93.599998,93.599998,93.5,85.800003,93.099998,99.900002,100,100,100,100,96.5,95,94.5,96.099998,96.199997
2019/4/20,13:10:00,G1104,94,94.199997,94.400002,94.199997,94,94.199997,93.599998,85.900002,93.699997,100,100,100,100,100,96,92.900002,93.900002,95.800003,95.800003
2019/4/20,13:10:00,G1105,100,100,100,100,100,100,99.199997,93.400002,100,100,NaN,NaN,100,100,93.699997,97.099998,98.900002,99.599998,100
2019/4/20,13:10:00,G1106,95.199997,95.400002,95.900002,95.900002,95.599998,95.599998,94.099998,87.099998,95.5,100,100,100,100,95.599998,87.900002,88,90.900002,91,95.800003
2019/4/20,13:10:00,G1107,96.5,96.900002,97.699997,97.900002,97.099998,96.400002,94.699997,88.599998,98,100,100,100,100,94.699997,87.099998,87.699997,87.099998,89.099998,93.699997
2019/4/20,13:10:00,G1108,100,100,100,100,100,100,100,93.800003,100,100,100,100,100,99.199997,93.099998,93.099998,90.900002,94.5,99
2019/4/20,13:10:00,G1109,96.800003,98.199997,98.099998,98.900002,96.800003,96.599998,96.300003,90.099998,98,100,100,100,100,100,98.5,96.800003,94.5,91.5,93.900002
2019/4/20,13:10:00,G1110,97,97.800003,98.099998,98.599998,97.800003,96.900002,98.099998,92,95.300003,100,100,100,99.699997,98,92.900002,91.199997,86.800003,89.400002,90.599998
2019/4/20,13:10:00,G1111,100,100,100,100,100,100,100,99.800003,100,100,100,100,100,100,100,95.699997,95.699997,95.199997,95.300003
2019/4/20,13:10:00,G1112,100,100,100,100,100,100,100,100,100,100,100,100,100,100,94.900002,91.099998,91.300003,92.900002,94
2019/4/20,13:10:00,G1113,NaN,NaN,NaN,NaN,NaN,NaN,NaN,100,100,NaN,NaN,NaN,NaN,100,100,100,90.300003,92.699997,95.099998
2019/4/27,1:40:00,G1101,86.199997,86.599998,86.699997,84.800003,84.099998,84.5,80,80.800003,82.099998,82.199997,82.400002,82.900002,83.300003,83.599998,NaN,83.400002,83,82.5,82.099998
2019/4/27,1:40:00,G1102,92.199997,92.400002,91.900002,89.800003,89.300003,90,85.400002,86.400002,88.099998,87.699997,88.199997,88.400002,88.900002,88.800003,NaN,88.699997,88.699997,87.800003,87.199997
2019/4/27,1:40:00,G1103,85,85.300003,84.900002,83.400002,82.900002,83.400002,79.300003,80.900002,82,81.800003,82,82.199997,82.900002,82.300003,82.099998,82,82.400002,81.800003,81.199997
2019/4/27,1:40:00,G1104,85.199997,85.599998,85.199997,83.900002,83.300003,83.800003,79.699997,81.199997,82.599998,82.300003,82.5,82.699997,83.300003,82.800003,NaN,82.300003,82.699997,82.199997,81.699997
2019/4/27,1:40:00,G1105,92.199997,93.199997,NaN,91.5,90.900002,NaN,87.099998,88.900002,NaN,89.900002,89.900002,NaN,91,90,NaN,NaN,89.800003,NaN,88.599998
2019/4/27,1:40:00,G1106,86,86.400002,85.699997,85.400002,85.099998,85.5,81.400002,82.800003,84.199997,84.099998,84.199997,84.599998,85.099998,84.300003,NaN,84,83.699997,NaN,83
2019/4/27,1:40:00,G1107,87.800003,87.699997,87,87.400002,87,87.300003,84.099998,84.800003,85.900002,85.400002,86.599998,86.699997,86.800003,86.400002,86.199997,85.800003,85.800003,85.599998,85.199997
2019/4/27,1:40:00,G1108,93.900002,93.699997,93.099998,93.300003,92.900002,93.400002,90.199997,90.800003,91.5,91.099998,92.400002,92.400002,92.900002,92.300003,92,91.699997,91.599998,91.599998,91.099998
2019/4/27,1:40:00,G1109,89.099998,88.800003,88.599998,88.400002,88.099998,88.900002,86.599998,87.099998,87.199997,87.199997,88.300003,88.300003,88.400002,87.900002,87.900002,87.199997,87.300003,87.199997,86.900002
2019/4/27,1:40:00,G1110,90.5,90.5,90.300003,89.900002,89.900002,90.300003,89.5,89.5,89.400002,89.699997,90.900002,90.5,89.900002,89.599998,89.199997,87.900002,88.900002,88.900002,88.400002
2019/4/27,1:40:00,G1111,98.699997,99,98.900002,98.400002,98.099998,97.699997,98.5,98.900002,98.800003,98.900002,99.400002,99.300003,98.900002,97.699997,NaN,93.300003,96.300003,NaN,94.800003
2019/4/27,1:40:00,G1112,100,100,100,100,100,99.199997,100,100,100,100,100,100,100,100,100,96.599998,97.5,96,95.800003
2019/4/27,1:40:00,G1113,100,100,100,100,100,100,100,100,100,100,100,100,100,100,100,100,98.800003,95.599998,96
2019/4/27,15:35:00,G1101,83.300003,83.800003,84.699997,84.400002,86.800003,89.300003,90.5,96.599998,98.699997,99.300003,99,99.199997,99.099998,99.599998,99.800003,100,100,100,100
2019/4/27,15:35:00,G1102,88,89.199997,89.099998,89.699997,90,93.300003,95.099998,100,100,100,100,100,100,NaN,100,100,100,100,100
2019/4/27,15:35:00,G1103,81.300003,81.699997,82.199997,81.599998,82.599998,84.099998,86.699997,100,99,98.199997,96.400002,93.900002,95.599998,97.699997,97.900002,98.699997,99,99.199997,98.300003
2019/4/27,15:35:00,G1104,81.599998,81.800003,82.400002,81.699997,82.699997,84.400002,86.199997,100,100,100,100,96.900002,97.099998,97.900002,99.099998,100,100,100,99.199997
2019/4/27,15:35:00,G1105,89.5,89.300003,89.800003,89.599998,89.400002,90.900002,92.599998,100,100,NaN,100,100,100,100,100,100,100,100,NaN
2019/4/27,15:35:00,G1106,83.099998,83.300003,84.099998,83.5,82.699997,84.400002,87.800003,100,99.5,99.199997,97.099998,95.599998,97.099998,97.599998,99,99.5,98.599998,98.300003,98.800003
2019/4/27,15:35:00,G1107,85.099998,85.400002,85.800003,84.5,84.5,85.699997,88,100,100,99.900002,98.599998,96.699997,NaN,95.5,97.199997,97.800003,96.599998,95.099998,94.900002
2019/4/27,15:35:00,G1108,90.5,91,91.300003,90,89.900002,91.300003,94.300003,100,100,100,100,100,100,100,100,100,100,100,100
2019/4/27,15:35:00,G1109,86.099998,86.800003,87.300003,85.599998,85.599998,86.800003,89.199997,100,100,98.199997,97.300003,94.199997,92.900002,94.400002,97.5,96.599998,94.900002,93.300003,94.199997
2019/4/27,15:35:00,G1110,88,88.699997,88.900002,87.300003,87.599998,88.099998,90.199997,99.800003,100,98.800003,97.800003,94.900002,92.800003,94,96.800003,97.300003,94.400002,93.900002,95
2019/4/27,15:35:00,G1111,95.699997,96.099998,96.599998,95.400002,95.699997,95.900002,95.699997,100,100,100,100,99.599998,100,100,100,100,100,99,99.300003
2019/4/27,15:35:00,G1112,98.099998,98.400002,98.800003,97.599998,97.699997,98.300003,98.900002,NaN,100,100,100,100,100,100,100,100,100,98.5,92.400002
2019/4/27,15:35:00,G1113,100,100,100,100,100,100,100,NaN,NaN,100,100,100,100,98.5,100,100,100,98.5,91.199997
2019/4/30,11:00:00,G1101,85.599998,85.599998,84.300003,86.300003,86.5,87,85.900002,90.699997,93.300003,96.099998,94.900002,94.300003,93.5,92.400002,94.300003,94.400002,93.699997,94.400002,94.400002
2019/4/30,11:00:00,G1102,91.699997,91.900002,90.300003,92.300003,92.900002,93.5,96.599998,99.699997,100,100,99.699997,98.699997,97.900002,97.400002,100,99.199997,98.400002,100,100
2019/4/30,11:00:00,G1103,84.900002,85.199997,83.5,85.300003,86.300003,86.900002,90.400002,93.300003,94.699997,92.199997,89.599998,90.900002,90.900002,90.099998,91.599998,89.699997,90.800003,93.5,92.5
2019/4/30,11:00:00,G1104,85.199997,85.800003,84,85.699997,86.699997,87.099998,90.400002,91.800003,95,92.599998,89.699997,91,91.199997,90.099998,90.800003,89.5,91.099998,93.199997,92.300003
2019/4/30,11:00:00,G1105,93.400002,93.800003,92.099998,93.800003,94.900002,NaN,100,100,NaN,98.900002,97.400002,98.800003,96.099998,96.300003,97.199997,97,99.099998,100,100
2019/4/30,11:00:00,G1106,87,87.199997,85.900002,87.400002,88.5,NaN,93.900002,95.400002,96.699997,96.5,90.699997,91.099998,89.300003,88.599998,89,89.800003,92.199997,92.599998,93.400002
2019/4/30,11:00:00,G1107,88.599998,89.199997,88.300003,89.199997,90.5,90,95.300003,94.400002,99.300003,98.099998,92.900002,90.900002,89.699997,89.599998,90.099998,90.400002,92.900002,94.099998,93.599998
2019/4/30,11:00:00,G1108,94.699997,95,94.300003,95.199997,96.300003,95.800003,100,100,100,94.099998,94.199997,92.699997,92.800003,94.300003,95.300003,95.599998,98.300003,99.599998,99.5
2019/4/30,11:00:00,G1109,89.300003,89.599998,89.099998,90.300003,91.199997,90.199997,96,97.400002,99.400002,86.400002,87.199997,86,86.300003,88.400002,90.199997,90.300003,92.400002,93.099998,93.099998
2019/4/30,11:00:00,G1110,90.199997,90.400002,91.300003,91.5,92.5,92.5,98.800003,95.099998,99.900002,92.099998,89.400002,88.300003,85.699997,88.5,91.099998,91.099998,92.800003,93.400002,92.599998
2019/4/30,11:00:00,G1111,97.900002,98.300003,NaN,99.699997,100,99.099998,100,100,100,91,90.099998,90.5,90.099998,95.699997,98.199997,95.900002,96.800003,98.900002,99.099998
2019/4/30,11:00:00,G1112,99.199997,100,100,100,100,100,100,100,100,93,88.300003,92.099998,91,97,99.800003,97.5,97.300003,100,100
2019/4/30,11:00:00,G1113,100,100,100,100,100,100,NaN,100,NaN,97.5,98.5,94,93.5,99.900002,100,100,99.900002,100,100
2019/5/20,11:55:00,G1101,80.900002,80.300003,82,82.5,79,79.199997,80.300003,80,86.900002,92.199997,95.400002,96.300003,95.800003,94.699997,94.199997,92.199997,91.900002,90.099998,89.400002
2019/5/20,11:55:00,G1102,87.400002,86.900002,88.699997,89.300003,85.800003,84.800003,85.599998,87,94.599998,99.099998,100,100,100,100,100,97.099998,96.300003,94.5,94.599998
2019/5/20,11:55:00,G1103,82.800003,82,83.099998,84.099998,80.900002,80.400002,80.800003,81.300003,88.699997,90.900002,93,93.599998,92,91.5,91.300003,89.300003,87.300003,85.699997,86.099998
2019/5/20,11:55:00,G1104,83.5,82.599998,83.699997,84.099998,81.300003,81.199997,81.099998,81.400002,86.800003,90.699997,92.400002,92.599998,92.599998,90.400002,90.699997,88.800003,86.800003,85.599998,85
2019/5/20,11:55:00,G1105,91,90.300003,91.599998,91.099998,88.5,89.099998,89.699997,90.400002,97.300003,100,100,100,99.699997,96.800003,96.599998,95,93.199997,91.800003,90.699997
2019/5/20,11:55:00,G1106,85.400002,84.800003,85.5,85.900002,83.800003,83.900002,84,83.5,89.300003,91.599998,92.400002,92.5,92.099998,88.300003,87.800003,87.400002,86.099998,84.599998,83.599998
2019/5/20,11:55:00,G1107,87.400002,87.599998,87.400002,89,85.400002,87.199997,85.699997,86,92.099998,93.800003,94.300003,91.5,91.699997,88.800003,88,87.099998,86,84.400002,84.599998
2019/5/20,11:55:00,G1108,92.599998,93,92.599998,94.300003,90.699997,92.400002,91.5,91.5,96.800003,99.400002,100,97.300003,97.400002,94.199997,92.699997,92.199997,90.900002,88.800003,89.199997
2019/5/20,11:55:00,G1109,88.800003,88.599998,89,89.800003,86.599998,88.400002,86.900002,87.300003,92.199997,94.5,95.300003,92.199997,91.699997,88.400002,87,86.800003,86,84.300003,84.5
2019/5/20,11:55:00,G1110,90.199997,89.400002,90.5,90.400002,88.699997,89.900002,88.599998,88.800003,93.300003,95.5,96.400002,92.5,90.599998,87.199997,86.300003,86.599998,86.199997,85.699997,85.599998
2019/5/20,11:55:00,G1111,97.099998,98,97.300003,97.5,96.699997,98.300003,96.199997,96.900002,100,100,100,96.099998,94.400002,93.199997,92.599998,92.300003,91.199997,90.900002,92.099998
2019/5/20,11:55:00,G1112,98.300003,99.5,98.400002,98.800003,98.300003,100,97,98.5,100,100,100,97.599998,94.800003,94.5,93.800003,92.699997,91.599998,91.300003,92.699997
2019/5/20,11:55:00,G1113,100,100,100,100,100,100,99.300003,100,100,100,100,99.800003,97.400002,97.900002,97.400002,95.5,94.5,93.599998,94.400002
2019/5/20,20:45:00,G1101,89.199997,87.400002,87.300003,87.900002,87.800003,89.099998,89.099998,92.400002,95.400002,96.5,96.199997,96.900002,98.400002,99.199997,100,100,100,100,100
2019/5/20,20:45:00,G1102,92.5,92.800003,91.800003,92.800003,94.099998,93.599998,91.800003,100,100,100,100,100,100,NaN,NaN,NaN,100,100,100
2019/5/20,20:45:00,G1103,84.400002,84.400002,83.5,82.900002,83.5,82.300003,83.699997,91.699997,94.800003,94.599998,94,95.800003,97.400002,100,100,100,99.5,97.900002,98.900002
2019/5/20,20:45:00,G1104,84,84.400002,82.900002,82.699997,82.699997,81.800003,83.800003,92,95,95.199997,95.400002,96.099998,97.800003,100,100,100,99.699997,98.300003,99.400002
2019/5/20,20:45:00,G1105,89.5,89.599998,89,88.800003,88.800003,88,90.099998,100,100,100,100,100,100,NaN,NaN,NaN,100,100,100
2019/5/20,20:45:00,G1106,83.5,83.800003,83.400002,83.5,83.5,82.599998,83.300003,93.300003,95.800003,95.300003,95,97,98.300003,100,100,100,96.099998,96.800003,96.099998
2019/5/20,20:45:00,G1107,85.5,85.099998,85.099998,85,85.300003,85.599998,83.400002,93.800003,96.099998,94.099998,94.5,97.099998,100,100,100,100,95.099998,98.099998,97.5
2019/5/20,20:45:00,G1108,90.599998,89.900002,89.800003,90.199997,90.800003,91.300003,88.800003,99.699997,100,99.199997,99.800003,100,100,100,100,100,96.199997,100,100
2019/5/20,20:45:00,G1109,84.5,83.300003,82.400002,84.599998,84.900002,85.800003,84.300003,93.099998,94.199997,90.199997,93.599998,96.900002,99.900002,100,100,100,90,97.199997,96.300003
2019/5/20,20:45:00,G1110,82.800003,81.199997,80.199997,82.800003,84.199997,85.5,85.400002,94.699997,93.400002,88.300003,92.099998,96.199997,99.800003,99.900002,99.900002,98.800003,88.599998,95.800003,92.400002
2019/5/20,20:45:00,G1111,88.800003,88.099998,86.800003,87.800003,88.300003,90.400002,92.900002,100,100,91.300003,96,100,100,100,100,100,92.699997,100,96.900002
2019/5/20,20:45:00,G1112,91.199997,90.199997,89.199997,88.599998,90,90.800003,94.699997,100,100,91.599998,95.099998,100,100,100,100,100,94.800003,99.599998,96.900002
2019/5/20,20:45:00,G1113,94.300003,93.5,92.199997,90.699997,92.699997,94,97.900002,100,100,95.5,92.900002,100,NaN,NaN,100,100,97.599998,99.699997,97.400002
2019/5/25,14:55:00,G1101,77.099998,78,77.300003,77.300003,75.099998,74.5,78.099998,86.800003,85.400002,89.800003,88.699997,89.699997,86.300003,85.599998,86.199997,86.199997,84.400002,85.800003,85.599998
2019/5/25,14:55:00,G1102,80.400002,81.099998,81.300003,80.800003,79,78.5,84.400002,92.300003,92,91.800003,92.800003,92.800003,88.5,90.400002,92.400002,90.400002,89,90.5,90.900002
2019/5/25,14:55:00,G1103,74.800003,75.900002,75,75.400002,74.599998,74.099998,78.900002,82.699997,83.5,80.599998,82.400002,80.900002,81.599998,82.599998,84.199997,81.300003,80.699997,82,82
2019/5/25,14:55:00,G1104,75.300003,76,75.099998,75.099998,74.900002,74.699997,79.300003,82.699997,83.199997,80.300003,81.800003,80.300003,81.300003,82.300003,83.900002,80.900002,80.400002,81.400002,82.099998
2019/5/25,14:55:00,G1105,81.800003,82.099998,81.300003,81.5,81.5,81.099998,86,88.900002,89.599998,86.599998,88,86.099998,87.699997,88.400002,90.699997,86.800003,86.400002,88.400002,88.800003
2019/5/25,14:55:00,G1106,76.800003,77.199997,76.400002,76.900002,76.599998,76.199997,80.099998,83.199997,82.199997,80.599998,81.400002,80.199997,80.599998,82.599998,83.400002,80.699997,80.199997,81.5,81.5
2019/5/25,14:55:00,G1107,78.599998,78.400002,78.400002,79,78,78.099998,81.599998,82.199997,82.599998,81.199997,82.199997,81,80.300003,81.599998,81.599998,80.800003,81,81.800003,81.199997
2019/5/25,14:55:00,G1108,83.400002,83.199997,83.300003,84,82.800003,82.699997,86.599998,87.099998,87.5,86.5,87.300003,86.099998,85.199997,86,86.599998,85.800003,85.900002,86.699997,85.400002
2019/5/25,14:55:00,G1109,79.699997,78.900002,79.099998,80.400002,78.900002,79.300003,82.5,81.400002,83.300003,82.199997,82.800003,81.900002,81.099998,80.800003,81.5,81.400002,81.199997,82.199997,81.099998
2019/5/25,14:55:00,G1110,81.199997,79.599998,81,81.400002,80.599998,80.900002,83.199997,81.599998,84.400002,83.5,83.5,82.599998,82.300003,81.900002,82,82.5,82.5,82.900002,82.300003
2019/5/25,14:55:00,G1111,88.300003,86.099998,87.099998,88.300003,87.5,87.800003,90.400002,87,91.599998,90.400002,90.5,89.599998,89.900002,88.5,89.099998,89.400002,89.5,89.400002,89.199997
2019/5/25,14:55:00,G1112,90,88.099998,89.199997,89.800003,89.300003,89.699997,92.099998,88.099998,93.400002,92.199997,92.099998,91.699997,91.699997,90.199997,91.099998,91.400002,91.5,91.199997,91
2019/5/25,14:55:00,G1113,93.5,91.099998,92.5,93.599998,92.800003,92.699997,95.199997,90.199997,96.099998,95.099998,95,95,95,93.400002,94.699997,94.599998,94.900002,94.800003,94.599998
2019/6/2,14:30:00,G1101,77.599998,76.300003,77.300003,77.300003,75.900002,77.5,76.900002,78.400002,81.199997,97.199997,98.5,99.199997,99.400002,99.400002,99.199997,98.599998,95.099998,93.599998,93.5
2019/6/2,14:30:00,G1102,82.699997,81.699997,81.900002,81.400002,80.599998,82.5,82.300003,83.5,87.599998,100,100,100,100,100,100,100,100,100,100
2019/6/2,14:30:00,G1103,77.300003,77.099998,76.5,76.5,75.800003,77,77.099998,77.599998,81.800003,99.900002,99.5,99.699997,97.5,95.699997,94.900002,92.5,91.199997,91.5,90
2019/6/2,14:30:00,G1104,77.900002,77.400002,76.400002,76.900002,76.099998,77.300003,77.400002,77.800003,82.400002,99.699997,98.699997,99.599998,97.400002,95.800003,95.099998,92.099998,91,91.300003,90.300003
2019/6/2,14:30:00,G1105,84.800003,84.599998,82.800003,83,82.5,83.300003,84.099998,84.699997,89.800003,100,100,100,100,100,NaN,97.199997,96.5,NaN,96.400002
2019/6/2,14:30:00,G1106,79.400002,79,77.800003,77.599998,77.5,78.400002,79,79.400002,84.800003,100,99.800003,100,96.800003,94.5,94.199997,90.900002,90.199997,90.599998,89.800003
2019/6/2,14:30:00,G1107,80.800003,80.5,79.400002,79.400002,79,80.400002,80.599998,81.099998,86.099998,100,97.800003,100,95.800003,95.099998,94.099998,91,90,91.300003,90.800003
2019/6/2,14:30:00,G1108,85.699997,85,84.199997,84.300003,83.699997,85.400002,85.599998,86.099998,92,100,100,100,100,100,99.400002,96.099998,95,96.5,95.800003
2019/6/2,14:30:00,G1109,81.800003,81.400002,80.599998,80.5,79.900002,81.599998,81.800003,82.5,86.5,100,96.599998,100,93,93.800003,92.900002,90.900002,90,90.599998,90.699997
2019/6/2,14:30:00,G1110,82.699997,82.5,81.800003,81.800003,81.699997,82.599998,83,84,88.800003,100,97.400002,98.900002,87.099998,89.800003,92.199997,90.800003,90.300003,90.400002,90.800003
2019/6/2,14:30:00,G1111,89.400002,89.699997,88.199997,89,88.5,89.199997,90.5,91.800003,96.199997,NaN,100,100,90,95.800003,98.300003,98.300003,98.900002,98,97.5
2019/6/2,14:30:00,G1112,84.400002,84.699997,84.099998,85.300003,84.199997,84.300003,86.5,87,93.699997,100,100,98.400002,87,92.099998,93.900002,94,94.5,92.599998,92.5
2019/6/2,14:30:00,G1113,86.699997,86.800003,86.199997,88.800003,86.099998,86.900002,90.800003,90.400002,91.800003,96.199997,95.099998,94.099998,94,94.099998,94.199997,95.699997,95.300003,94.800003,94.699997
2019/6/3,5:20:00,G1101,97.599998,97.5,97.800003,98,98.400002,98.400002,98.400002,97.5,99.099998,99.599998,99.599998,99.599998,99.599998,99.300003,98.699997,98.5,98.5,98.400002,98.599998
2019/6/3,5:20:00,G1102,100,100,100,100,100,100,100,100,100,100,100,100,100,100,100,100,100,100,100
2019/6/3,5:20:00,G1103,97.599998,97.400002,97.400002,97.699997,97.599998,97.400002,98.300003,98,96.099998,96.300003,95.099998,95.699997,95.599998,94.400002,95.199997,96.900002,98,98.5,98.400002
2019/6/3,5:20:00,G1104,97.800003,97.699997,97.800003,98.099998,98.199997,97.800003,99,97.699997,96,96.800003,96.300003,96.900002,96.5,95.5,95.800003,97.5,98.099998,98.5,98.699997
2019/6/3,5:20:00,G1105,100,100,100,100,100,100,100,100,100,100,100,100,NaN,100,100,100,100,100,100
2019/6/3,5:20:00,G1106,98.300003,98.300003,98.199997,97.900002,98,98,99.5,98.699997,96,96.800003,95.900002,95.699997,96,96,96.699997,98.5,98.699997,99.300003,99.599998
2019/6/3,5:20:00,G1107,99.599998,99.699997,99.400002,99.400002,99.5,99.5,100,93.400002,96.800003,95.599998,97.300003,96.199997,96.900002,97.199997,97.900002,99.699997,99.800003,100,100
2019/6/3,5:20:00,G1108,100,100,100,100,100,100,100,97.099998,100,99.400002,100,100,100,100,100,100,100,100,100
2019/6/3,5:20:00,G1109,99.5,99.300003,98.699997,99.300003,99.199997,99.400002,100,92.199997,94.599998,92.699997,96.900002,94.699997,96.5,97.400002,98.5,99.699997,99.900002,100,100
2019/6/3,5:20:00,G1110,99.5,99.099998,98.699997,99.599998,99.800003,100,100,94.300003,88.800003,92.800003,96.199997,92.699997,96.199997,97.5,99.300003,99.900002,100,100,100
2019/6/3,5:20:00,G1111,100,100,100,100,100,100,100,98.800003,93.900002,100,100,100,100,100,100,100,100,100,100
2019/6/3,5:20:00,G1112,100,99.699997,100,100,100,100,100,90.699997,89.300003,96.400002,96.599998,95.099998,99.699997,100,100,100,100,100,100
2019/6/3,5:20:00,G1113,98.400002,97.699997,98.300003,99.099998,99,98.800003,99.699997,90.400002,87.199997,95.400002,96,95.599998,97.400002,96.699997,96.199997,96.300003,96.300003,96.800003,96.199997
2019/6/10,17:25:00,G1101,88.699997,88.5,88.300003,88.900002,88.900002,89.199997,87.900002,92.199997,98.300003,99.5,99.900002,100,100,100,100,100,100,100,100
2019/6/10,17:25:00,G1102,95.400002,94.699997,94.800003,95.400002,95.900002,96.099998,94.400002,100,NaN,100,100,100,100,NaN,100,100,100,100,100
2019/6/10,17:25:00,G1103,88.300003,87.699997,87.800003,88.099998,88.599998,88.800003,87.300003,99.5,100,97.099998,98,97.199997,98.300003,98.5,96.300003,97.199997,97,96.599998,95.699997
2019/6/10,17:25:00,G1104,88.5,87.900002,88.300003,88.300003,88.800003,88.900002,87.699997,100,100,99,100,98.099998,98.800003,98.699997,96.900002,97.699997,97.400002,96.800003,97.199997
2019/6/10,17:25:00,G1105,96,95.900002,96.599998,96.199997,96.900002,97.199997,96.099998,100,NaN,100,100,100,100,100,100,100,100,100,100
2019/6/10,17:25:00,G1106,89.199997,89.099998,89.900002,89.5,90.199997,90.5,89.099998,99.800003,100,99.5,100,100,100,100,98.5,100,100,99.300003,98.400002
2019/6/10,17:25:00,G1107,91,90.900002,91.900002,91.099998,91.599998,92.5,89.5,100,100,100,100,100,100,100,98.599998,97.800003,97.800003,94.599998,91.699997
2019/6/10,17:25:00,G1108,96.900002,96.900002,97.800003,96.900002,97.400002,98.300003,95.099998,100,100,100,100,100,100,100,100,100,100,99.599998,96.199997
2019/6/10,17:25:00,G1109,91.599998,91.900002,92.900002,91.599998,92.300003,92.599998,89.300003,100,100,100,100,99.900002,100,100,99.199997,97.400002,96.599998,92.400002,88.599998
2019/6/10,17:25:00,G1110,93,93.199997,93.599998,92.699997,92.400002,93.5,90.5,100,100,100,100,100,100,98.800003,99,94.599998,92.5,91.199997,85.400002
2019/6/10,17:25:00,G1111,100,100,100,100,100,100,98.099998,100,NaN,100,100,100,100,100,100,99.400002,98,91.699997,88.400002
2019/6/10,17:25:00,G1112,96.400002,96.199997,94.800003,95.400002,94.599998,95.199997,92.699997,100,100,100,100,100,100,100,100,94.900002,94.5,89,86.300003
2019/6/10,17:25:00,G1113,94.400002,94.400002,94.099998,94.099998,94.599998,95.099998,93.300003,94.800003,94.599998,95.199997,96,95.800003,95.900002,96.800003,96.5,96.5,95.900002,86.900002,85
2019/6/11,9:25:00,G1101,98.599998,98.300003,98.400002,98.699997,97.099998,96.5,97.400002,90.699997,87.599998,92.599998,92.400002,94.800003,96.5,96.5,95.699997,94.699997,94.400002,93.800003,94.599998
2019/6/11,9:25:00,G1102,100,100,100,100,100,100,100,91.400002,92.900002,98.699997,97.699997,100,100,100,100,100,98.800003,98.699997,100
2019/6/11,9:25:00,G1103,98.599998,98,98.400002,98.300003,96.699997,97.300003,98.199997,81.300003,85,89.900002,89.900002,91.900002,92.099998,93.300003,91.300003,89.599998,89.699997,88.900002,91.400002
2019/6/11,9:25:00,G1104,98.900002,98.300003,98.400002,97.800003,96.599998,97.800003,98.800003,79.599998,85,89.900002,90.300003,92.900002,93.099998,93.400002,91,89.199997,89.800003,89.400002,89.800003
2019/6/11,9:25:00,G1105,100,100,100,100,100,100,100,81.599998,92.400002,97.300003,98.699997,100,100,100,98.5,96.599998,94.599998,94.099998,94.300003
2019/6/11,9:25:00,G1106,98.599998,98.099998,97.800003,98.400002,98.199997,99.900002,99.300003,77.699997,86.199997,90.599998,90.900002,92.800003,93.300003,93.699997,91.599998,89.800003,88.099998,86.900002,86.400002
2019/6/11,9:25:00,G1107,100,100,100,100,99.800003,100,100,79.5,88.699997,91,89.199997,91.900002,93.199997,94.099998,90.599998,89.599998,86.400002,83.900002,86.5
2019/6/11,9:25:00,G1108,100,100,100,100,100,100,100,83.300003,94.5,96.400002,94.900002,97.800003,99.199997,99.199997,96.099998,94.900002,90.699997,88.900002,92
2019/6/11,9:25:00,G1109,99.099998,98.900002,98.599998,97.699997,96.800003,100,100,80.300003,89.800003,91.099998,89.099998,90.5,93.300003,92.199997,89.099998,87.400002,83.599998,84.400002,86.400002
2019/6/11,9:25:00,G1110,99.400002,99.599998,99.199997,98.900002,98.300003,99,99.699997,81.300003,91.199997,92.400002,88,91.099998,93.800003,91,86.599998,84.199997,83.900002,84.599998,86.5
2019/6/11,9:25:00,G1111,100,100,100,100,100,100,100,89.099998,99.900002,100,91.800003,99.5,99.5,99,93.199997,89.300003,90.699997,90.699997,92.699997
2019/6/11,9:25:00,G1112,NaN,NaN,NaN,NaN,NaN,NaN,NaN,NaN,NaN,NaN,NaN,NaN,NaN,NaN,NaN,NaN,NaN,NaN,NaN
2019/6/11,9:25:00,G1113,100,100,100,100,100,100,100,90.400002,98,98.099998,89.400002,97.199997,97,97.199997,90.599998,89.699997,86.400002,87.400002,89.699997
2019/6/11,16:30:00,G1101,84.599998,84.699997,86.800003,88.099998,89.699997,89.900002,87.199997,89.099998,93,96.099998,94.800003,96.5,97.800003,98,98.5,98.099998,97.5,98.199997,98.5
2019/6/11,16:30:00,G1102,89.699997,90.800003,91.599998,92.199997,94.800003,94.900002,92.900002,97.099998,97.800003,100,100,100,100,100,100,100,100,100,100
2019/6/11,16:30:00,G1103,83.800003,84.300003,84.300003,85.199997,85.900002,87.199997,85,88.900002,89.199997,95.400002,94.199997,95.599998,97.400002,97.099998,95.599998,93.699997,97,97.800003,97.400002
2019/6/11,16:30:00,G1104,84.400002,84.599998,84.800003,85.599998,86.400002,86.900002,85.599998,89.300003,90,94.900002,94.5,94.5,98.199997,97,95.199997,93.900002,97.5,98.300003,97.900002
2019/6/11,16:30:00,G1105,92.5,92.800003,93,93.699997,94.5,94.300003,93,97.300003,98,100,100,100,100,100,100,100,100,100,100
2019/6/11,16:30:00,G1106,86.599998,87,87.099998,87.5,88.199997,87.800003,87.199997,90.699997,91.300003,95.300003,95.5,94.199997,98.5,99.300003,96.699997,94.800003,96.800003,98.400002,97.300003
2019/6/11,16:30:00,G1107,88.599998,89,89.5,90,89.900002,89.400002,88.699997,93.099998,94.099998,95.099998,96.699997,95.199997,99.199997,96.400002,96.599998,96.199997,95.5,98.400002,95.800003
2019/6/11,16:30:00,G1108,94.400002,94.599998,95.099998,95.900002,95.599998,94.900002,94.699997,99.300003,99.900002,100,100,100,100,100,100,100,100,100,100
2019/6/11,16:30:00,G1109,89.900002,89.300003,89.699997,90.800003,89.699997,89.800003,89,94.300003,95.199997,95.400002,95,96,98.400002,93.699997,91.699997,93.599998,90.5,94.199997,95.099998
2019/6/11,16:30:00,G1110,90.099998,89.599998,89.800003,90.300003,90.699997,91.5,89.5,95.800003,96.099998,96.099998,96.699997,97.099998,97.699997,91,89.400002,88.400002,89,87.300003,85.900002
2019/6/11,16:30:00,G1111,97.900002,98.300003,98.199997,98.5,99,99.900002,96.199997,100,100,100,100,100,100,96.800003,96.800003,96.5,95.900002,95.5,95.300003
2019/6/11,16:30:00,G1112,NaN,NaN,NaN,NaN,NaN,NaN,NaN,NaN,NaN,NaN,NaN,NaN,NaN,NaN,NaN,NaN,NaN,NaN,NaN
2019/6/11,16:30:00,G1113,92.099998,92.599998,93.099998,92.800003,93.599998,93.800003,92.599998,97.099998,97.699997,98.5,96.800003,94.599998,97,88.199997,87,90.599998,87.5,90,91.199997
2019/6/13,7:55:00,G1101,96.5,96.5,95.699997,95.599998,97.699997,97.199997,97.300003,99.099998,99.099998,100,100,100,100,100,100,100,100,98.800003,97.599998
2019/6/13,7:55:00,G1102,100,100,100,100,100,100,100,NaN,NaN,NaN,NaN,NaN,100,100,NaN,100,100,100,100
2019/6/13,7:55:00,G1103,93.900002,93.699997,93.5,96.199997,96.099998,96,96.599998,100,100,100,100,100,97.300003,98,95.800003,91.900002,92.199997,91.900002,93.5
2019/6/13,7:55:00,G1104,93.599998,93.400002,93.300003,96.300003,96.599998,96.300003,97.599998,100,99.599998,100,100,100,97.5,98.699997,96,92.199997,93.099998,92.300003,94.5
2019/6/13,7:55:00,G1105,100,100,100,100,100,100,100,NaN,100,NaN,100,NaN,100,100,100,97.400002,98.400002,98.400002,95.599998
2019/6/13,7:55:00,G1106,93.099998,93.300003,93.599998,97.400002,93.900002,95.300003,98.300003,100,100,100,100,100,98,94.300003,92.199997,90.099998,88.900002,89.400002,85.599998
2019/6/13,7:55:00,G1107,91.699997,92.099998,93,97,94,94.800003,98.099998,100,96.599998,100,100,100,97.099998,92.5,90.099998,87,83.400002,82.699997,83.199997
2019/6/13,7:55:00,G1108,97.599998,97.5,98.599998,100,99.699997,100,100,100,100,100,100,100,99.900002,96.099998,92.900002,89.800003,87.5,85.900002,87.699997
2019/6/13,7:55:00,G1109,92.300003,92.099998,92.699997,97.300003,93.699997,93.199997,98,100,99.599998,100,92.099998,99.800003,92.5,88.599998,84.599998,78.699997,79.900002,79.099998,81.199997
2019/6/13,7:55:00,G1110,93,93.800003,94,98.5,94.800003,94,97.599998,100,93.599998,100,90.800003,98,88.199997,85,77.599998,71.099998,71.400002,76.300003,81.099998
2019/6/13,7:55:00,G1111,100,100,100,100,100,100,100,100,100,NaN,94.900002,100,91.199997,86.800003,70.400002,71.199997,74.300003,80.699997,86.400002
2019/6/13,7:55:00,G1112,NaN,NaN,NaN,NaN,NaN,NaN,NaN,NaN,NaN,NaN,NaN,NaN,NaN,NaN,NaN,NaN,NaN,NaN,NaN
2019/6/13,7:55:00,G1113,95.199997,94.900002,94.900002,95.099998,94.900002,95.5,95,96.900002,95.900002,98,94.800003,98,82.599998,77.800003,66.699997,68.5,72.5,78.199997,81.5
2019/6/13,15:00:00,G1101,86,85.900002,88,88.599998,89.900002,90.699997,90.599998,95.099998,99.300003,99.599998,99.699997,99.699997,99.199997,99.199997,98.800003,97.5,96,94.5,94.300003
2019/6/13,15:00:00,G1102,92.199997,92.400002,95,95.5,96.800003,97.300003,98.300003,100,NaN,NaN,100,100,100,100,100,100,100,99.699997,100
2019/6/13,15:00:00,G1103,86.099998,85.900002,88.099998,89,89.900002,89.699997,90.300003,100,100,99.599998,98.900002,99,96.900002,97.099998,94.599998,94.800003,93.099998,91.800003,92.099998
2019/6/13,15:00:00,G1104,86.400002,86.400002,88.400002,89.199997,90.300003,90.900002,91.599998,100,100,100,99.800003,99.199997,97.599998,97.400002,94.199997,94.900002,92.699997,92,91.400002
2019/6/13,15:00:00,G1105,94.800003,94.900002,97,97.699997,98.699997,99.199997,100,NaN,NaN,100,100,100,100,100,99.5,100,96.900002,98.800003,97.800003
2019/6/13,15:00:00,G1106,88.5,88.300003,90.400002,NaN,91.800003,92.699997,92.800003,100,100,100,100,98.400002,95.199997,93.800003,92.900002,91.800003,88.900002,91.699997,90.5
2019/6/13,15:00:00,G1107,90.599998,90.699997,92.300003,92.699997,93.199997,94,94.5,100,100,100,100,98,91.199997,92.400002,92.800003,88.400002,87.400002,91.900002,90.900002
2019/6/13,15:00:00,G1108,96.599998,96.699997,98.099998,98.400002,99.5,100,100,100,100,100,100,100,93.300003,97.099998,98,92.900002,91.400002,97,96.400002
2019/6/13,15:00:00,G1109,91.5,92.5,92.5,93.199997,94.099998,95.800003,95.599998,100,100,100,98.800003,94.900002,83.5,88.900002,91.199997,85.900002,82.900002,89.199997,90.5
2019/6/13,15:00:00,G1110,93.099998,93.599998,93.400002,95.099998,95.400002,97.199997,96.400002,100,100,98.900002,97.699997,95.5,84,85.099998,89.900002,85.199997,80.900002,85.599998,90
2019/6/13,15:00:00,G1111,100,100,100,100,100,NaN,100,100,100,100,100,100,90.800003,85.900002,95.599998,89.199997,84,86.800003,93.599998
2019/6/13,15:00:00,G1112,95.199997,95.599998,95.099998,97.199997,96.400002,97.900002,97.400002,100,100,100,100,100,93.099998,84.400002,87.599998,83.099998,79.199997,81.699997,86.300003
2019/6/13,15:00:00,G1113,92.5,92.900002,92.400002,92.5,93,94.099998,93.5,97.099998,97.199997,97,97.599998,96.300003,88,83.300003,85.199997,82.699997,78.300003,80.199997,81.900002
2019/6/18,10:20:00,G1101,72.599998,75.599998,72.900002,73,73.5,72.599998,74.5,78.699997,84.099998,88.800003,86.699997,81.5,80.099998,80.599998,81.400002,80.699997,81.300003,82.599998,80.5
2019/6/18,10:20:00,G1102,76.400002,78.599998,75.599998,76.5,75.900002,74.5,78.5,83.900002,89.5,94.800003,92.5,87.199997,86.300003,85.599998,86.099998,84.699997,86,87.5,85.099998
2019/6/18,10:20:00,G1103,72.800003,73.400002,70.900002,72.199997,70.699997,70.800003,73.199997,78.400002,83,86.699997,85.900002,80.400002,79.800003,79.900002,80.199997,78.699997,80,81.400002,77.900002
2019/6/18,10:20:00,G1104,73.099998,73.099998,70.900002,72.199997,70.599998,71.099998,73.400002,78.800003,83.300003,86.699997,86,80.5,79.699997,80.300003,80.5,79.400002,80.300003,81.199997,78
2019/6/18,10:20:00,G1105,78.800003,78.800003,76.099998,77.599998,75.5,76.199997,78.900002,85.300003,90.900002,94.699997,93.599998,86,86.099998,NaN,87.300003,86.400002,86.800003,87.900002,83.5
2019/6/18,10:20:00,G1106,74.5,73.800003,71.800003,73.300003,71,72.5,74.300003,80.099998,84.699997,87.599998,86,80.900002,81.699997,80.900002,81.300003,80.400002,81.099998,81.099998,78.699997
2019/6/18,10:20:00,G1107,76.5,75.699997,73.300003,74.5,72.199997,74.099998,75.900002,82.300003,86,87,85.5,77.900002,82.400002,81.400002,82.5,80.400002,82.900002,82.300003,80.5
2019/6/18,10:20:00,G1108,81,80.199997,77.099998,78.5,75.800003,78,80.400002,87.300003,91.400002,92.199997,91.300003,81.599998,87.699997,86.699997,87.900002,85,88.300003,87.599998,85.599998
2019/6/18,10:20:00,G1109,77.599998,77,74.199997,74.900002,73.099998,74.900002,77.300003,83,86.5,86.199997,85.699997,73.199997,83.099998,82.300003,81.900002,80,84.099998,83.699997,81.599998
2019/6/18,10:20:00,G1110,78.900002,78.5,76.199997,75.800003,74.199997,76.099998,78.599998,83.900002,86.900002,86.400002,84.5,73.300003,80.099998,83,81.5,81.199997,85.400002,84.5,82.699997
2019/6/18,10:20:00,G1111,84.800003,85.400002,83.199997,80.400002,80.599998,82.300003,85,90.199997,94,93.5,89.900002,79.699997,84.900002,89,87.300003,88.400002,91.900002,91.300003,89.199997
2019/6/18,10:20:00,G1112,80.800003,81.400002,79.5,77.199997,78,79,81,85.599998,89.599998,89.5,84.900002,77,79.599998,84.699997,82.5,84.699997,88.300003,87.300003,84.699997
2019/6/18,10:20:00,G1113,82.599998,83.199997,80.400002,77.900002,78.5,79.900002,82.199997,88,91,91.199997,84.400002,77.699997,79.800003,87,82.900002,86.099998,90.800003,91,85.800003
2019/6/24,12:55:00,G1101,92.5,91.099998,91.800003,92.900002,94,94.5,94.800003,94.300003,95.400002,97,97.099998,97.699997,97.599998,97.599998,97.099998,97.599998,98.5,98.699997,98.699997
2019/6/24,12:55:00,G1102,99.199997,96.900002,98,99.800003,100,100,100,100,100,100,100,100,100,100,100,100,100,100,100
2019/6/24,12:55:00,G1103,90.099998,88.099998,89.300003,91.400002,91.800003,91.599998,93.599998,94.599998,95.5,96.5,95.900002,96.599998,96.400002,95.599998,95.199997,96.300003,97.400002,96.800003,97.300003
2019/6/24,12:55:00,G1104,89.800003,87.900002,89.599998,91.199997,92.099998,93.400002,93.699997,95.300003,95.400002,96.400002,96.199997,96.400002,96.900002,97.300003,97.099998,97.900002,97.699997,97.599998,98.099998
2019/6/24,12:55:00,G1105,97.300003,95.800003,97.300003,98.900002,100,100,100,100,100,100,100,100,100,100,100,100,100,100,100
2019/6/24,12:55:00,G1106,90.199997,89.099998,90.400002,91.5,92.699997,93.900002,95,95.300003,95.199997,96.5,97,97.400002,96.199997,95.099998,95.699997,98,97.900002,97.900002,97.900002
2019/6/24,12:55:00,G1107,91.699997,91.099998,92.099998,92.800003,94.199997,95.199997,95.800003,96.5,97.900002,98.699997,98.099998,98.099998,97,97.099998,97.199997,98.199997,97.900002,98,98.699997
2019/6/24,12:55:00,G1108,97.699997,96.900002,98,98.800003,100,100,100,100,100,100,100,100,100,100,100,100,100,100,100
2019/6/24,12:55:00,G1109,92.400002,91.900002,92.699997,93.699997,95,95.400002,96,97.099998,99.699997,99.5,98.900002,98.900002,99.199997,98.699997,98.599998,99.5,99.900002,99.5,99.800003
2019/6/24,12:55:00,G1110,92.900002,93.300003,94,94.800003,95.900002,95.900002,96.599998,97.699997,100,99.900002,100,100,100,99.300003,99.300003,99.900002,100,100,100
2019/6/24,12:55:00,G1111,100,100,100,100,100,100,100,100,100,100,100,100,100,100,100,100,100,100,100
2019/6/24,12:55:00,G1112,95.699997,95.099998,96.400002,98.199997,99.099998,97.300003,97.699997,98.699997,100,100,100,100,100,100,100,100,100,100,100
2019/6/24,12:55:00,G1113,95.099998,94.900002,96.5,98.300003,99.300003,98.900002,97.800003,100,100,100,100,100,100,100,100,100,100,100,100
2019/6/29,10:45:00,G1101,81.599998,80.5,81.400002,82,83.300003,82.199997,81.5,80.300003,87.400002,91,93.199997,94.400002,94.300003,92.5,92.5,93.800003,90.900002,91.800003,88.900002
2019/6/29,10:45:00,G1102,86.400002,86.400002,87.699997,88.400002,89.699997,87.599998,86.400002,88.300003,95.599998,98.599998,100,100,100,98.300003,100,100,97.400002,98.099998,94.400002
2019/6/29,10:45:00,G1103,80.5,80.400002,80.800003,82,83.099998,81.400002,80.400002,82.099998,88.599998,91,93,91.699997,91.099998,89.800003,92.099998,92.099998,89.599998,90,86.800003
2019/6/29,10:45:00,G1104,81,80.599998,81.199997,82.099998,83.199997,81.900002,80.900002,82.599998,88.800003,90.900002,95.099998,95,90,90,92.099998,92.300003,89.599998,88.900002,86.099998
2019/6/29,10:45:00,G1105,88.699997,88.699997,88.400002,89.5,90.800003,89.5,88.199997,90.099998,95,100,100,93.800003,93.199997,95.099998,96.800003,100,95.599998,93.300003,90.199997
2019/6/29,10:45:00,G1106,82.5,82.599998,82.599998,83.300003,84.199997,83.599998,82.300003,83.400002,86.800003,91.800003,93.199997,84.599998,84.099998,85.900002,88.199997,90.900002,88,83,82.5
2019/6/29,10:45:00,G1107,83.800003,84.800003,84.599998,85,85.900002,85.300003,84.099998,83.699997,85,92.5,92,81.199997,82.699997,82.800003,86.400002,85,79.099998,80.400002,81.5
2019/6/29,10:45:00,G1108,89,90.400002,90.099998,90.699997,91.599998,90.800003,89.800003,88.400002,89.300003,98.599998,98.199997,86.400002,87.5,87.5,91.199997,88.800003,82.400002,85.099998,86.5
2019/6/29,10:45:00,G1109,85,86.599998,85.800003,85.5,86.699997,86.599998,85.300003,81.400002,82.699997,92.699997,90.800003,82.599998,80.199997,82.800003,83.800003,79.300003,77.900002,81.199997,81.699997
2019/6/29,10:45:00,G1110,86.300003,87.5,87.099998,87.099998,88.599998,87.900002,86.5,81.599998,83.300003,92.199997,90.199997,81.099998,78.5,82.900002,78.099998,76.300003,77.5,82.800003,82.099998
2019/6/29,10:45:00,G1111,94.599998,95.699997,95.199997,95.400002,97.400002,96,94.5,86.800003,89.699997,98.199997,96.300003,85,81.400002,NaN,NaN,NaN,NaN,NaN,NaN
2019/6/29,10:45:00,G1112,NaN,NaN,NaN,NaN,NaN,90.599998,90.699997,83.199997,86.099998,92.800003,90.199997,80.800003,77.599998,80.800003,75,71.599998,79.5,83,85.5
2019/6/29,10:45:00,G1113,90.599998,93.300003,93.5,91.5,96.300003,92.599998,92,82.400002,86.599998,93.699997,89.099998,80.900002,77,77.599998,75.400002,70.400002,79.199997,78.599998,88.400002
2019/6/30,3:05:00,G1101,87.400002,86.699997,88,88.599998,87.599998,86.900002,87.699997,91.900002,96.099998,97.699997,97.199997,97.199997,98.099998,99.599998,99.599998,100,100,100,100
2019/6/30,3:05:00,G1102,92.5,92.199997,92.199997,93.300003,92.900002,92.699997,92.300003,98,100,100,100,95.900002,100,100,100,100,100,100,100
2019/6/30,3:05:00,G1103,85.300003,85.400002,85.5,85.400002,86.099998,85.599998,85.199997,87.900002,95.699997,96.099998,91.900002,88.900002,92,95.400002,91.599998,95.599998,94.900002,93.800003,92.699997
2019/6/30,3:05:00,G1104,85.699997,85.900002,86.099998,85.900002,86.599998,86.099998,85,87,95.900002,95.199997,90.900002,87,92.099998,94.800003,90.800003,95.099998,94.300003,93.400002,91.300003
2019/6/30,3:05:00,G1105,93.599998,93.599998,93.900002,94.199997,94.699997,94,93.400002,94.5,100,97,91.800003,92.699997,99,98.300003,93.5,100,97.5,98.800003,95.300003
2019/6/30,3:05:00,G1106,87,87.699997,88.099998,88.5,88.5,88.199997,88,88.300003,96.5,90,86.5,88.900002,90.699997,89.800003,86.900002,92.699997,90.300003,88.099998,85.5
2019/6/30,3:05:00,G1107,88.599998,89.099998,89.5,90,89.900002,89.199997,90.199997,90.5,95.599998,85.699997,84.300003,85.599998,89.300003,87.199997,86.900002,90.099998,91.199997,83.199997,81.900002
2019/6/30,3:05:00,G1108,94.599998,95.5,96,96.599998,96.300003,95.5,97.199997,97.099998,100,90.5,88,91.099998,94.800003,92.800003,90.199997,95.800003,96.099998,87.5,86.199997
2019/6/30,3:05:00,G1109,89.300003,90.699997,91.400002,92.199997,91,90.699997,92.900002,92.800003,96.900002,87.5,81.599998,85.099998,86.800003,84.800003,83,86.599998,87.300003,80.900002,79.599998
2019/6/30,3:05:00,G1110,91.099998,92.699997,93.900002,94.099998,93.699997,92.599998,95.400002,95.300003,98.5,85.800003,80,85.099998,84.699997,83.800003,84.699997,86.5,86.099998,80.900002,80.300003
2019/6/30,3:05:00,G1111,99.699997,100,100,100,100,100,100,100,100,91.900002,84.300003,91.099998,89.800003,86.900002,91.5,92.400002,90.300003,86,85.300003
2019/6/30,3:05:00,G1112,94.900002,97,97.800003,97.599998,98,96.900002,99.300003,99.300003,99.199997,88.099998,79.900002,86.199997,85.199997,81.900002,86.400002,86.099998,85.099998,81.400002,80.699997
2019/6/30,3:05:00,G1113,94.699997,96.300003,97,96.5,97.099998,96.099998,98.5,98.599998,98.5,87.900002,80.800003,84.5,83.699997,80.099998,84.099998,85.099998,83,79.900002,79.199997
2019/6/30,10:20:00,G1101,80.900002,82.199997,80.599998,79.699997,78.099998,79.099998,79.599998,81.699997,83.400002,86.5,88,88.300003,89.699997,86.199997,90.5,91.300003,89.099998,NaN,NaN
2019/6/30,10:20:00,G1102,88.099998,88.5,85.800003,85,83.300003,87.300003,85.900002,87.699997,89.5,93.5,89.800003,91.800003,95,87.800003,NaN,NaN,90.099998,92,91.199997
2019/6/30,10:20:00,G1103,82.400002,81.699997,80.699997,80.199997,78.599998,81.099998,NaN,NaN,82.900002,86.5,78.900002,81,84.099998,78.599998,82.599998,86.800003,77.199997,83.400002,80
2019/6/30,10:20:00,G1104,NaN,NaN,NaN,NaN,79.400002,81.5,81.800003,82.300003,83.300003,86.099998,79.099998,80.400002,80.699997,78.699997,82.300003,84.699997,75.5,81,76.699997
2019/6/30,10:20:00,G1105,90.599998,88.199997,88.099998,88.599998,86.599998,89.599998,91,90.099998,90,92.300003,84.900002,87.300003,86.599998,85,84.5,84.699997,81.199997,82.5,80.699997
2019/6/30,10:20:00,G1106,85.099998,81.800003,82.199997,82.199997,81,83.699997,84.800003,83.900002,84.300003,85.599998,78.900002,81.400002,80.300003,79.300003,78.900002,75.800003,75.5,73.099998,75.199997
2019/6/30,10:20:00,G1107,87.099998,83.900002,83.800003,83.199997,82.699997,86,86.099998,85.800003,85.599998,84.400002,77.300003,78.900002,79.099998,79,79,74.5,75.099998,76.099998,75.699997
2019/6/30,10:20:00,G1108,92.699997,88.800003,89,88.199997,88.099998,92.199997,91.5,91.699997,91.300003,89.099998,81.599998,82.800003,83.199997,83.800003,83.800003,78.099998,78.900002,80.900002,80.199997
2019/6/30,10:20:00,G1109,86.699997,83.5,85.800003,83.400002,84.199997,87.599998,85.199997,87,85.400002,81.5,77.5,77.699997,77.800003,79,72.400002,75.099998,74.800003,76.099998,76.099998
2019/6/30,10:20:00,G1110,84,85.199997,86.699997,80.400002,86.199997,88.599998,85.800003,87.800003,81.800003,84,78.5,77.5,76.400002,73.699997,75.900002,72.5,75.800003,76.199997,76.199997
2019/6/30,10:20:00,G1111,89.5,94.800003,96.400002,87.300003,95.400002,97,94.599998,96.199997,85.599998,85.800003,82.5,83.199997,80.099998,77.300003,77,80.099998,81.300003,80.900002,79
2019/6/30,10:20:00,G1112,87.5,88.5,92.599998,83,91,93.699997,90.099998,91.599998,79.699997,80.800003,77.5,79.900002,76.599998,74.800003,75.900002,77.400002,78.5,78.599998,73.800003
2019/6/30,10:20:00,G1113,90.800003,89.900002,95.900002,83.5,94.400002,96.800003,90.5,93,79.800003,80.699997,76.400002,80.699997,77.300003,75.300003,77.400002,75,80,79.599998,76.599998
2019/6/30,14:25:00,G1101,69.099998,72.5,69.800003,70,71.900002,71.5,74.599998,80.5,89.900002,92.5,97.199997,98,96.699997,96.800003,98.400002,99.800003,100,99.800003,97.400002
2019/6/30,14:25:00,G1102,72,73.099998,71.900002,72.300003,75.800003,74,78.400002,87.400002,98.400002,100,100,100,100,100,100,100,100,100,100
2019/6/30,14:25:00,G1103,69.099998,69.099998,68.599998,68,70.900002,69.900002,73.199997,81.099998,89.099998,92.400002,97.099998,94.599998,93.199997,87.900002,94,95.199997,97.5,82.900002,90.699997
2019/6/30,14:25:00,G1104,69,68.800003,68.900002,68.5,71.199997,69.199997,73.199997,82,89.800003,91,95.599998,91.699997,91.800003,85.800003,92.800003,93.599998,96.599998,80.900002,89.699997
2019/6/30,14:25:00,G1105,73.699997,73.699997,73.199997,74.800003,75.699997,72.699997,75.699997,90.599998,100,100,100,100,98.599998,93,96.599998,94.900002,95.900002,84.5,93.699997
2019/6/30,14:25:00,G1106,70.199997,70.5,69.400002,71,72.199997,69.400002,71.400002,84.599998,91.800003,92,93,92.699997,92.099998,87.699997,88.900002,87.900002,89.400002,81.400002,87.099998
2019/6/30,14:25:00,G1107,72.300003,71.800003,69.5,72.5,73.300003,71.400002,71.300003,87.199997,94.099998,91.300003,91.199997,93.099998,92.300003,91.800003,89.699997,89.800003,90.400002,88.300003,86.400002
2019/6/30,14:25:00,G1108,76.199997,75,72.5,76.099998,76.900002,74.699997,75.099998,92.099998,100,97.400002,97.199997,99.199997,97.800003,97,95.199997,95.599998,96.900002,93.599998,91.400002
2019/6/30,14:25:00,G1109,73.800003,72.599998,71.099998,73.800003,74.099998,72.400002,72.800003,87.599998,95.800003,89.800003,89.599998,95.199997,92.900002,93.900002,84.300003,89.099998,90.099998,86.699997,85.400002
2019/6/30,14:25:00,G1110,75.199997,72.599998,72,74.400002,75.5,73.599998,74.199997,86.599998,96.400002,89.099998,90.099998,96.599998,92.400002,94.599998,82,87.5,84.599998,88,81.699997
2019/6/30,14:25:00,G1111,80.800003,77.900002,76.599998,80.099998,81.599998,79.400002,79.800003,92.099998,100,95.099998,96.599998,100,100,100,85.300003,88.900002,85.199997,95.599998,81.599998
2019/6/30,14:25:00,G1112,77.5,74.599998,73.800003,76.800003,78.199997,76.699997,76.599998,87.300003,96,90.5,90.900002,96.900002,96,92.800003,80.400002,84.199997,80.099998,90.599998,75.699997
2019/6/30,14:25:00,G1113,78.699997,74.400002,74.099998,77.099998,78.699997,77.099998,76.800003,89.199997,97.400002,89.800003,91.099998,97.599998,100,92.5,78.800003,84.400002,79.900002,91.400002,75.599998
2019/7/3,15:05:00,G1101,84.400002,84.400002,83.900002,84.099998,84,84.5,86.699997,93.300003,92.599998,93.5,94.5,93,93.699997,94.400002,95,95.400002,96.300003,96.900002,96.800003
2019/7/3,15:05:00,G1102,89.099998,89.599998,89.300003,89,89.300003,89.5,93.599998,100,100,100,100,99.900002,100,100,100,100,100,100,100
2019/7/3,15:05:00,G1103,82.599998,83.400002,82.699997,82.699997,82.900002,82.5,86,92.599998,91.300003,92.099998,92.900002,91.699997,92,92.900002,93.800003,94.400002,95.099998,95.400002,95.400002
2019/7/3,15:05:00,G1104,83,83.900002,83.199997,83.099998,83.5,83,86.599998,93.199997,92.5,92.800003,93.300003,92.699997,93.599998,93.699997,94,94.699997,95.400002,95.900002,96
2019/7/3,15:05:00,G1105,90.599998,91.300003,90.900002,90.199997,90.699997,90.300003,94.400002,100,100,100,100,100,100,100,100,100,100,100,100
2019/7/3,15:05:00,G1106,84.800003,85.099998,85.099998,84.5,84.800003,84.599998,87.699997,94.099998,93.400002,93,94.400002,94.300003,94.400002,94.400002,94.800003,95.5,95.699997,96.699997,96.900002
2019/7/3,15:05:00,G1107,86.400002,86.5,86.699997,86.400002,86.699997,86.599998,89.900002,94.599998,93.199997,89.900002,93,95,94.300003,96.099998,96.599998,96.699997,97.5,97.5,97.900002
2019/7/3,15:05:00,G1108,91.900002,92,92.199997,91.800003,92.199997,92.099998,95.699997,100,99.099998,94.5,98,100,100,100,100,100,100,100,100
2019/7/3,15:05:00,G1109,87.5,87.900002,87.900002,86.800003,87.599998,87.800003,90.800003,95.400002,92.400002,88.900002,91.599998,95.300003,95.099998,96.699997,97.400002,97.400002,98.900002,97.599998,98.400002
2019/7/3,15:05:00,G1110,88.800003,88.699997,89.300003,87.599998,88.900002,89.099998,91.699997,95.199997,92.099998,87.599998,91.199997,94.300003,95.300003,97.099998,97.5,98,98.800003,97.699997,98
2019/7/3,15:05:00,G1111,96,96.300003,97.199997,95.300003,97.199997,97.199997,100,100,96.5,93.5,97.900002,100,100,100,100,100,100,100,100
2019/7/3,15:05:00,G1112,91.400002,91.699997,92.5,90.900002,92.699997,92.300003,95.599998,98.199997,89.099998,88.699997,93,96.099998,97.599998,100,98.099998,100,100,98.300003,97.699997
2019/7/3,15:05:00,G1113,94.199997,95.5,94.900002,93.400002,94.800003,94.400002,98.699997,100,86.599998,89,95.5,99.199997,99.199997,100,99.800003,100,100,98.099998,97
2019/7/4,17:15:00,G1101,76.199997,75.099998,76.800003,76.5,76.800003,77.5,77.699997,81.599998,92.099998,94.099998,92.300003,90,89.599998,89.599998,89.199997,88.5,89.599998,88.699997,89.5
2019/7/4,17:15:00,G1102,79.699997,77.699997,80.400002,80.400002,80.400002,81.5,81,87.699997,99.300003,99.900002,97.900002,93.900002,94.5,94.800003,92.300003,94.099998,95.300003,93.800003,95.099998
2019/7/4,17:15:00,G1103,74.199997,72.599998,74.900002,74.099998,75,75.699997,75,80.199997,89.800003,90,88.699997,84.800003,85.5,86.400002,84.400002,85.300003,86.599998,85,87
2019/7/4,17:15:00,G1104,74.400002,72.900002,75,74.099998,75.300003,75.800003,74.900002,80.599998,90.599998,89.099998,88.099998,84,85.099998,85.900002,84.400002,85.400002,86.800003,84.900002,86.300003
2019/7/4,17:15:00,G1105,79.900002,78.800003,80.400002,79.900002,81,81.599998,80.5,87.199997,98.400002,94.400002,93.800003,90.5,92.199997,92.199997,91.199997,91.900002,92.800003,92,91.199997
2019/7/4,17:15:00,G1106,74.699997,73.900002,75.800003,75.199997,76.099998,76,75.199997,81.900002,90.400002,86.699997,86.300003,83.900002,85.300003,85.400002,84.699997,85,85.300003,84.800003,84.099998
2019/7/4,17:15:00,G1107,75.099998,75.300003,77.099998,76.400002,77.199997,77.099998,75.599998,83.400002,90.900002,84.099998,82.699997,83.599998,86,86.800003,86.300003,85.800003,83.900002,84.800003,84.900002
2019/7/4,17:15:00,G1108,79.5,79.699997,81.699997,80.900002,81.900002,82,79.800003,88.599998,97.699997,89.5,87.699997,88.900002,91.5,92.5,92,91.400002,88.900002,90.400002,90.400002
2019/7/4,17:15:00,G1109,76.099998,76.699997,77.5,77.099998,78.400002,78.400002,76,84.800003,92.400002,84.400002,82.400002,84.400002,86.599998,87.199997,87.5,86.199997,84.400002,84.800003,85.900002
2019/7/4,17:15:00,G1110,77.300003,77.900002,78.300003,78.400002,79.900002,79.5,77.699997,86.099998,93.099998,84.300003,83.5,85.5,87.5,87.800003,88.599998,87.199997,85.900002,85.699997,87.300003
2019/7/4,17:15:00,G1111,84,84.699997,84.400002,84.5,87.099998,86,83.800003,94.300003,99.099998,91.400002,91.199997,93.400002,95.300003,96,96.599998,95.099998,94,94,94.199997
2019/7/4,17:15:00,G1112,80.400002,81.099998,80.400002,80.800003,83.199997,82.099998,80,89.699997,94,87.099998,87.300003,89.099998,90.699997,91.599998,91.900002,90.699997,89.699997,89.599998,89.400002
2019/7/4,17:15:00,G1113,81.300003,82,81.300003,81.400002,84.699997,83.400002,80.800003,92.800003,95.300003,87.900002,88.5,90.900002,92.699997,94.400002,93.900002,92.900002,91.5,91.199997,90.199997
2019/7/10,6:20:00,G1101,89.900002,89.900002,90.599998,90.199997,89.699997,87.599998,89.800003,95.900002,96.5,97.800003,98.800003,99,99.099998,99.300003,98.699997,97.400002,96.300003,96.699997,96.099998
2019/7/10,6:20:00,G1102,96.400002,97,97.800003,97.300003,96.800003,94.400002,97.400002,100,100,100,100,100,100,100,100,100,100,100,100
2019/7/10,6:20:00,G1103,88.800003,89.099998,89.800003,89.900002,89.099998,88,89.5,96.699997,97.300003,96.5,97.800003,96.300003,96.400002,95.900002,95.300003,92.800003,91,93.400002,93.5
2019/7/10,6:20:00,G1104,90,90.699997,91.199997,90.5,90.199997,88.300003,90.5,96,97.099998,97.5,97.5,96.900002,96,95.400002,95,92.199997,90.099998,92.5,92.099998
2019/7/10,6:20:00,G1105,98.400002,99.099998,99.699997,99.800003,98,96.800003,99.099998,100,100,100,100,100,100,100,100,95.300003,93.599998,93,95
2019/7/10,6:20:00,G1106,91.5,92.300003,92.900002,93,91.300003,90.300003,92.099998,96,96,96.699997,98.5,96,95.099998,94.800003,94.400002,86.199997,85.199997,85.699997,87.300003
2019/7/10,6:20:00,G1107,93.099998,93.800003,94.400002,94.699997,93,92.599998,94,93.599998,93.599998,96.699997,97.300003,94.099998,93.900002,94.5,92.900002,83.199997,84.099998,86.099998,87.099998
2019/7/10,6:20:00,G1108,99.400002,99.900002,100,100,99.599998,98.900002,99.900002,98.800003,99.199997,100,100,99.5,99.300003,100,98.199997,86.599998,88.800003,91.300003,92.400002
2019/7/10,6:20:00,G1109,93.900002,94.5,95.199997,96,94.699997,93.800003,94.900002,91.400002,92.599998,96.400002,96.900002,92.900002,92.400002,94.300003,89.900002,82,82.900002,85.900002,86.300003
2019/7/10,6:20:00,G1110,94.800003,95.5,95.900002,97.599998,96.599998,95.400002,96.199997,92,95.400002,96.599998,95.900002,93.099998,92.900002,93.800003,88.099998,82.300003,83,85.900002,87.599998
2019/7/10,6:20:00,G1111,100,100,100,100,100,100,100,100,99.199997,100,100,97.599998,100,98.900002,93.599998,89.900002,91.599998,93.400002,95.800003
2019/7/10,6:20:00,G1112,96.800003,98.099998,97.800003,100,100,98.800003,99.800003,95.199997,94.900002,98.199997,96.5,89.800003,94.599998,91.900002,88.800003,85.699997,87.800003,88.800003,91.199997
2019/7/10,6:20:00,G1113,95.900002,97.300003,97,100,99.900002,98.699997,99.699997,94.699997,94.699997,98.599998,95.5,85.800003,94.699997,89.900002,88.199997,86.599998,87.400002,89.099998,92.199997
2019/7/14,13:25:00,G1101,80.699997,82.400002,81.599998,80.599998,82.800003,81.300003,81.5,84.5,91.599998,93.599998,93.400002,90.699997,90,90,91.800003,92.699997,90.900002,89.300003,89.5
2019/7/14,13:25:00,G1102,86.900002,87.800003,87,86.5,88.599998,87.199997,86.800003,93.900002,100,100,99.800003,95.5,94,94.900002,97.800003,98.599998,95.5,95.099998,94.900002
2019/7/14,13:25:00,G1103,81.199997,81.5,81,80.599998,82,80.800003,80.599998,86.5,92.599998,93.300003,92.099998,87,82.400002,84.599998,88.599998,88,86.5,87.199997,87.699997
2019/7/14,13:25:00,G1104,81.699997,81.900002,81.099998,81,82.199997,80.900002,80.900002,86.900002,93.300003,92.5,92.5,87.5,81.5,84.099998,87.800003,87.5,86.199997,87.199997,87.699997
2019/7/14,13:25:00,G1105,89.300003,90.199997,88.5,88.599998,90.199997,88.099998,88.400002,94.5,100,98.5,100,96.099998,86.400002,89.5,91.099998,94.099998,93.699997,95.400002,95.900002
2019/7/14,13:25:00,G1106,83.199997,84,82.5,82.599998,84,82.099998,82.400002,87.5,92.699997,91.099998,92,88.699997,80.599998,81.400002,83.800003,87.400002,87.199997,88.699997,89.099998
2019/7/14,13:25:00,G1107,85.5,86,84.099998,84.900002,85,83.199997,83.900002,88.5,92.199997,89.199997,91.400002,84.699997,78.699997,80.599998,84.699997,88.300003,89,90.099998,87.5
2019/7/14,13:25:00,G1108,91.300003,91.699997,89.699997,90.400002,90.900002,88.599998,89.400002,94.599998,98.199997,93.5,96.199997,89.400002,83,85.099998,90.199997,94.300003,94.800003,96,92.400002
2019/7/14,13:25:00,G1109,86.800003,87,85.300003,86.199997,86,83.900002,85,90,91,84.800003,87.400002,79.800003,78,79.800003,85,89.099998,89.699997,89,83.800003
2019/7/14,13:25:00,G1110,87.900002,88.900002,86.5,87.5,87.199997,84.699997,86.800003,91.300003,91.900002,82.599998,86.599998,75.800003,75.800003,80,86.699997,90,90,83.800003,80.300003
2019/7/14,13:25:00,G1111,95.5,96.900002,93.599998,95.5,94.800003,91,94.300003,99.099998,100,87.400002,92.300003,82.5,79.800003,84.199997,93.400002,97,95.699997,84.199997,84.5
2019/7/14,13:25:00,G1112,91.099998,91.900002,89.400002,90.699997,90.099998,86.800003,90.099998,93.900002,95.5,82.300003,86.5,80.699997,76.699997,81,88.099998,90.800003,88.599998,80,79.800003
2019/7/14,13:25:00,G1113,91.099998,90.699997,89.099998,90.5,90.099998,86.300003,89.800003,94.400002,95.199997,81.099998,83.199997,80,77.099998,82.900002,84.900002,89.699997,87.800003,79,78.699997
2019/7/18,17:10:00,G1101,77,78.300003,78.400002,79.5,78.900002,78.199997,78.400002,87.599998,93.800003,90.599998,91.5,94.699997,91,88.400002,91,92.400002,93.800003,95.099998,95.5
2019/7/18,17:10:00,G1102,81.199997,83.5,83.800003,84.699997,84.099998,82.800003,82.599998,100,100,92.099998,92.099998,98.900002,90.699997,92.900002,93,97.300003,100,100,100
2019/7/18,17:10:00,G1103,75.5,77.699997,77.900002,78.800003,78.400002,77,76.900002,90,95.199997,84.199997,79.300003,88.400002,80.300003,75.900002,80.5,89,92.400002,93.199997,93.199997
2019/7/18,17:10:00,G1104,75.900002,77.900002,78.199997,79.099998,78.599998,77.300003,76.900002,90.699997,95.099998,83.699997,81.599998,88.199997,78.300003,72.900002,78,89.599998,92.599998,93.699997,93.599998
2019/7/18,17:10:00,G1105,81.400002,84.599998,85.199997,86.199997,84.800003,83.599998,83.199997,95.900002,100,89.099998,85.099998,92,62.599998,74.800003,78.599998,96.400002,100,100,98.699997
2019/7/18,17:10:00,G1106,75.800003,78.699997,79.5,80.199997,78.599998,78,77.699997,91.199997,93.199997,82.800003,74.699997,83.599998,62,67.099998,71.5,88.099998,90.900002,90.099998,88.900002
2019/7/18,17:10:00,G1107,76.699997,80.300003,80.900002,81.400002,79.099998,79.599998,79.300003,91.5,85,84.699997,74.199997,80,61.900002,57.099998,72.199997,83.099998,83.5,84.699997,82.900002
2019/7/18,17:10:00,G1108,81.199997,85.199997,86.199997,86.699997,84.199997,84.699997,84.400002,95.900002,88.5,89.699997,75.800003,84.300003,61.900002,55.099998,74.900002,86.699997,88,88.599998,87.199997
2019/7/18,17:10:00,G1109,77.5,81.099998,82.400002,82.699997,80.900002,80.5,80.900002,90.099998,83.300003,86.699997,73.300003,75.800003,60.200001,55.099998,68.300003,74.099998,82.199997,79.099998,78.699997
2019/7/18,17:10:00,G1110,77.900002,82,83.300003,84,81.900002,81.599998,82.599998,91.599998,86.699997,84.800003,77.400002,70.199997,59.200001,56.299999,66.900002,73.800003,78.900002,76.699997,80.099998
2019/7/18,17:10:00,G1111,82.900002,87.599998,89.599998,90.900002,88.599998,88.199997,89.400002,100,85.300003,89.900002,81.099998,69.400002,58.799999,56,60.799999,79.900002,79.300003,75.599998,79
2019/7/18,17:10:00,G1112,78.599998,83,84.5,86.400002,84.599998,84.099998,85.099998,95.400002,82,86.800003,77.300003,66.699997,57.900002,53.900002,58.299999,76.5,74.400002,71.900002,73.199997
2019/7/18,17:10:00,G1113,77.099998,81.800003,84,86.5,85,83.900002,85.400002,96,78.699997,87,78,66.800003,56.799999,51.700001,56.5,75.699997,72.400002,68.099998,68.099998
2019/7/19,12:25:00,G1101,77.199997,76.300003,76.099998,75.099998,76.199997,75.699997,76.099998,71.800003,77.400002,74.599998,74.199997,75.099998,77.800003,79.5,80.099998,81.099998,82.800003,81.800003,85.300003
2019/7/19,12:25:00,G1102,81.800003,81.800003,80.599998,78.699997,79.900002,78.900002,80.400002,76.800003,82.699997,78.699997,77.599998,80,82.699997,83.599998,83.800003,84.900002,84.900002,86.599998,90
2019/7/19,12:25:00,G1103,76.300003,76.099998,74.900002,72.800003,73.800003,73.5,74.900002,72.300003,76.699997,73.199997,71.900002,74.599998,76.400002,78.099998,78.099998,78.599998,78.099998,78.900002,81.900002
2019/7/19,12:25:00,G1104,76.599998,76.199997,74.400002,72.699997,73.900002,73.300003,75.199997,72.900002,76.5,73.199997,71.900002,75.099998,76.5,78.199997,78.300003,78.900002,78.199997,79,82.199997
2019/7/19,12:25:00,G1105,82,82.5,79.800003,77.599998,79.5,78.400002,80.800003,78.400002,83.099998,77.400002,75.599998,81,82.599998,84.099998,85.199997,84.800003,85.099998,85.5,88.400002
2019/7/19,12:25:00,G1106,76.400002,76.800003,75.199997,72.900002,74.099998,73.5,75.699997,73.900002,77.199997,72.800003,71.900002,76.5,77.300003,78.300003,79.800003,77.599998,79.599998,79.699997,81.900002
2019/7/19,12:25:00,G1107,76.300003,78,76.5,74.5,75.199997,75.199997,76.800003,75.699997,77.5,71.599998,73.199997,77.599998,77.400002,78.400002,80.900002,77.900002,80.900002,79.599998,81
2019/7/19,12:25:00,G1108,80.699997,82.699997,81.199997,78.800003,79.599998,79.599998,81.199997,80.199997,82.300003,75.099998,77.099998,82.300003,82.099998,83.300003,85.800003,81.900002,86.900002,84.599998,86.099998
2019/7/19,12:25:00,G1109,77.199997,79.300003,76.300003,76.300003,76.699997,76.800003,77.699997,76.900002,77.5,71.199997,74.199997,78.199997,77.800003,79.199997,80.300003,78.300003,81.5,79.699997,77.199997
2019/7/19,12:25:00,G1110,78.400002,80.300003,77,77.599998,77.900002,78.400002,78.099998,78.199997,78.400002,71.099998,74.900002,80,77.199997,78.699997,80,77.699997,79.099998,78.699997,75.099998
2019/7/19,12:25:00,G1111,85.099998,87.199997,82.800003,84.599998,84.199997,84.900002,84.599998,84.900002,84,73.400002,81,85.099998,80.800003,82.300003,82.900002,82.800003,81.5,81.5,69.699997
2019/7/19,12:25:00,G1112,81.300003,83.199997,79.400002,81,80.099998,81.300003,80.900002,81,80,70.900002,77.699997,81.300003,77.199997,77,79,78.5,77.5,75.800003,66.400002
2019/7/19,12:25:00,G1113,81.699997,83.199997,80.300003,81.599998,80.199997,81.900002,81.400002,81.199997,80.199997,69.099998,77.400002,81.400002,75.800003,76.699997,75.599998,77.900002,76,69.800003,64.699997
2019/7/25,10:20:00,G1101,77.099998,78.5,79.800003,79,79,80.699997,82.099998,89,92.300003,92.300003,91.900002,91,91.099998,84.800003,87.099998,84.300003,83,82.199997,85.400002
2019/7/25,10:20:00,G1102,82.800003,83.099998,84.300003,83.099998,82.800003,84.900002,88.400002,97.099998,97.900002,96.300003,97.099998,96.300003,97.099998,90.599998,92.5,90.699997,89,88.300003,88.699997
2019/7/25,10:20:00,G1103,76.699997,75.699997,77.400002,76.099998,77,78.199997,82,88.300003,86.099998,86,87.400002,87.900002,88.900002,85.5,85.599998,83.5,82.300003,82.5,81.300003
2019/7/25,10:20:00,G1104,77,75.199997,77.400002,76.099998,77,78.5,82.099998,88.199997,84.099998,86.5,87.099998,87.400002,89.199997,85.5,86.199997,83.599998,82.599998,82.400002,81.400002
2019/7/25,10:20:00,G1105,83.699997,81.099998,81.300003,81.400002,83.400002,85.599998,88.900002,93.300003,87.699997,92.599998,93.199997,94,96.599998,91.599998,94.300003,90.199997,90.300003,90.599998,90.400002
2019/7/25,10:20:00,G1106,77.900002,76.199997,76.199997,76.099998,78,79.599998,82.400002,85.400002,81,83.300003,85.300003,86.599998,88.5,84.900002,87.199997,83.699997,84.199997,84.199997,84.599998
2019/7/25,10:20:00,G1107,79.800003,78.800003,77.900002,77.699997,79.300003,80.300003,84.5,84.699997,79.800003,83.699997,86.599998,87.900002,88.199997,85.199997,86.800003,83.800003,86,85.400002,85.400002
2019/7/25,10:20:00,G1108,84.300003,83.900002,82.699997,82.5,84.199997,85.300003,89.599998,90,83.599998,88.5,92.400002,94.099998,93.5,90.099998,92.099998,89,91.400002,91.099998,89.900002
2019/7/25,10:20:00,G1109,78.400002,80.400002,79.599998,79.199997,80.199997,81.5,84,83.199997,79.599998,83.199997,87.5,89,85.300003,84.5,85.699997,84.699997,85.5,87.199997,86.199997
2019/7/25,10:20:00,G1110,79,81.5,81,80.5,80.900002,82.5,83.900002,81.300003,80.300003,83.300003,88.599998,81,82.900002,84.599998,85.199997,85.300003,84.699997,88.599998,84.300003
2019/7/25,10:20:00,G1111,87,88.800003,88.300003,87.599998,87.400002,89.5,89.699997,84.800003,86.300003,88,94.800003,84.400002,86.800003,92.300003,91,91.300003,90.5,96.699997,88.599998
2019/7/25,10:20:00,G1112,83.5,84.5,84.400002,83.400002,83.199997,85.199997,84.300003,80.5,82.099998,83,87.599998,79.900002,82.099998,87.300003,86.199997,85.800003,86.5,92.099998,84.5
2019/7/25,10:20:00,G1113,84.300003,85.800003,85.699997,84.099998,84,86.400002,85.5,80.5,83.099998,82.5,84.599998,80.900002,81.900002,90.599998,86.400002,86.300003,87.5,95,84.400002
2019/7/29,17:10:00,G1101,73.599998,69.5,69.699997,72.5,71.699997,74.400002,76.300003,83.099998,89.599998,92.599998,91.099998,93.5,95,93.699997,92.400002,94.5,96,96.300003,94.900002
2019/7/29,17:10:00,G1102,75.199997,69.400002,70.099998,74.800003,73.5,77.5,80.800003,89.300003,96.300003,99.5,97.599998,100,100,98.699997,99.699997,100,100,100,100
2019/7/29,17:10:00,G1103,69.800003,65.699997,66.900002,69.800003,69.5,71.5,75.099998,82,88.099998,90,88.699997,92.099998,91.599998,90,90.900002,92.699997,94.699997,93.400002,92
2019/7/29,17:10:00,G1104,70.099998,65.800003,67.199997,69.900002,69.699997,71.599998,75.400002,82.199997,88.900002,90.099998,89.900002,92.199997,91.800003,89.900002,91.900002,92.900002,95.300003,94,91.599998
2019/7/29,17:10:00,G1105,73.599998,69,71.300003,74.099998,74.300003,77.199997,82,88.099998,96.699997,98.300003,97.599998,100,99.099998,97.199997,99.800003,100,100,100,99.900002
2019/7/29,17:10:00,G1106,69.800003,66.599998,68.400002,70.099998,70.800003,72.900002,77,81,90,90.800003,90.199997,91.900002,90.699997,89.699997,91.699997,93.599998,93.099998,93.800003,92.300003
2019/7/29,17:10:00,G1107,71,68.199997,70.199997,71.5,72.400002,74.599998,78.900002,79.400002,90.800003,91.199997,88.800003,92,90.099998,91.400002,93.699997,95.199997,89.599998,94.099998,90.699997
2019/7/29,17:10:00,G1108,73.900002,71,73.5,75.099998,76.199997,78.800003,83.900002,83.300003,97,96.800003,94,98.199997,95.5,97.099998,100,100,96,100,96.099998
2019/7/29,17:10:00,G1109,71.699997,69.599998,71.599998,72.800003,73.699997,75.599998,80.199997,78.400002,90.5,88.300003,85.800003,91.300003,90,91.800003,94.400002,93.800003,90.900002,94.099998,89.800003
2019/7/29,17:10:00,G1110,71.5,71.800003,72.900002,74.199997,75.199997,76.800003,81.699997,78.099998,88.300003,85,83.199997,91,90.900002,92.199997,95,92.400002,88.800003,88.900002,89.400002
2019/7/29,17:10:00,G1111,74.900002,77.800003,78.300003,80.099998,81.099998,83,88.599998,86.199997,91.199997,89.599998,87,97.199997,98.699997,100,100,99.199997,87.800003,90.300003,94
2019/7/29,17:10:00,G1112,71.699997,74.900002,75.599998,76.900002,77.800003,79.599998,84.5,82.800003,85.199997,83.699997,82.800003,91.300003,93.599998,95.099998,96.5,94.400002,82.400002,83.800003,87.900002
2019/7/29,17:10:00,G1113,70.800003,75,75.699997,77,78.099998,80,86,83.599998,84.800003,82.099998,82.599998,92.099998,95.5,96,96.699997,92.699997,80.5,80.900002,87.099998
2019/8/8,17:40:00,G1101,49,48.5,50.900002,50.799999,50.799999,47.099998,48.599998,57,56.299999,57.200001,63,61,61.299999,57.900002,64.5,70,72.099998,72.900002,74.599998
2019/8/8,17:40:00,G1102,43.700001,42.900002,45.5,46.900002,43.799999,42.299999,41.599998,49.299999,49.799999,49.700001,62.400002,57.900002,59.599998,54.400002,66.300003,72.599998,74.900002,75.199997,77.699997
2019/8/8,17:40:00,G1103,46.700001,46.700001,47.599998,48.799999,46.099998,45.799999,45.200001,47,46.200001,50.400002,57.400002,55.599998,55.599998,54.799999,63,68.199997,70.400002,70.400002,72.599998
2019/8/8,17:40:00,G1104,47,46.599998,47.200001,48.799999,46.700001,45.900002,45.299999,45.900002,45.900002,50.400002,56.5,55.799999,54.900002,55,62.799999,68.300003,70.800003,70.400002,73.099998
2019/8/8,17:40:00,G1105,43.5,44.400002,44.700001,NaN,44,43.200001,42.700001,43.599998,44,46.900002,54.400002,56,54.5,54.799999,64.199997,72.400002,75.699997,73.800003,78.199997
2019/8/8,17:40:00,G1106,47.200001,47.200001,48.700001,49.299999,47.700001,47,47,47.099998,47.299999,49.400002,54.799999,55.799999,55.599998,55.700001,61.599998,69.099998,71.199997,69.599998,72.300003
2019/8/8,17:40:00,G1107,48.400002,49.099998,50,50.099998,49.599998,48.299999,48.400002,48.5,48.900002,49.700001,52.299999,56.700001,56.5,56.400002,64.5,70.800003,71,70,71
2019/8/8,17:40:00,G1108,45.599998,46.099998,47.599998,47.799999,46.400002,45.599998,45.5,45.599998,46.400002,47.099998,50.799999,56.5,55.900002,55.900002,65.800003,74,73.400002,73.099998,73.300003
2019/8/8,17:40:00,G1109,49.400002,49.799999,51.200001,50.400002,49.799999,49,49,49.799999,50,50.200001,52.799999,56.200001,55.799999,57.099998,62.799999,69.199997,66.900002,67.599998,68
2019/8/8,17:40:00,G1110,50.400002,51.700001,52.400002,51.400002,50.400002,49.799999,49.599998,51,51.200001,51.099998,53.799999,55,54.599998,57.200001,61.799999,66.699997,64.199997,64.5,65.800003
2019/8/8,17:40:00,G1111,51.599998,52.900002,52.700001,51.900002,50.799999,50.099998,50.099998,51.099998,51,51.900002,54.400002,53.599998,54.799999,57,60.700001,69.400002,65.199997,66,61.900002
2019/8/8,17:40:00,G1112,52.900002,53.799999,53.799999,53,52.200001,51.900002,51.299999,52.599998,52.900002,53.799999,55.799999,54.799999,55,57.099998,59.900002,67.400002,63.200001,64.300003,60.700001
2019/8/8,17:40:00,G1113,52.700001,53.299999,53.400002,52.599998,51.900002,51.299999,50.900002,52.599998,52.900002,53.599998,55.299999,54.400002,54.299999,56.200001,58.900002,65.800003,62.299999,62.799999,60.400002
2019/8/8,21:05:00,G1101,80,79.900002,80.900002,81.199997,80.599998,79.599998,79.300003,76.699997,82.599998,92.599998,94.400002,94.800003,88.599998,74.599998,75.300003,92.900002,94.300003,94.300003,94.400002
2019/8/8,21:05:00,G1102,84.199997,83.900002,85,84.599998,83.5,83.800003,83.599998,80.699997,90.099998,100,99.400002,97.699997,78.900002,69.400002,72.800003,98.400002,98.900002,100,100
2019/8/8,21:05:00,G1103,77.599998,76.699997,77.199997,77.5,77,77.199997,77.800003,75.099998,81.900002,93.300003,86.300003,88.400002,70.300003,64.800003,73.099998,86.199997,87.800003,91,91.699997
2019/8/8,21:05:00,G1104,77.400002,76.800003,77.099998,77.599998,77.199997,77.400002,78.300003,74.699997,82.099998,89.699997,85.400002,86,70.800003,64.300003,73.599998,84.099998,87.099998,90.699997,92.099998
2019/8/8,21:05:00,G1105,83.400002,83.400002,83.900002,84.199997,83.800003,83.900002,85.099998,78.900002,91.300003,96.400002,88.699997,90.199997,74.599998,69.5,79.300003,87.099998,92.400002,99.599998,100
2019/8/8,21:05:00,G1106,77.699997,78.199997,78.400002,78.5,77.900002,78.199997,79.400002,74.199997,83,90.599998,83.300003,81.400002,67.699997,68.099998,69,76.400002,85,90.400002,92.099998
2019/8/8,21:05:00,G1107,79.300003,79.5,79.699997,80.099998,77.800003,78.800003,79.599998,76,83.800003,87.800003,80.699997,78.599998,66.199997,73.900002,64.599998,74.900002,85.400002,89.599998,90.099998
2019/8/8,21:05:00,G1108,84.5,84.400002,84.5,85,82.199997,83.400002,84.400002,80.199997,89.300003,90.699997,84.900002,81.800003,65,76.199997,66.300003,80.300003,90.800003,96,96
2019/8/8,21:05:00,G1109,80.699997,78.400002,79.900002,78.400002,77.300003,78.400002,79.400002,76.199997,84.099998,80.800003,80,78.800003,60.599998,71.5,64.199997,76.199997,82.599998,88,87.800003
2019/8/8,21:05:00,G1110,79.699997,73.699997,78,75.099998,77.199997,78.900002,80.099998,76.400002,84.900002,84,79.699997,79.400002,63.200001,71,64.300003,76,77.900002,87.800003,86.599998
2019/8/8,21:05:00,G1111,77.400002,72.5,77.5,76.599998,82.199997,82.099998,84.199997,81.900002,91.300003,85.699997,86.699997,85.5,65.300003,74.099998,65.5,79.800003,77.599998,91.300003,89.300003
2019/8/8,21:05:00,G1112,72.5,69.300003,70.199997,72.5,76.699997,77.099998,78.5,78.300003,86.699997,82.300003,82.800003,82.099998,64.400002,68.5,61.900002,74.199997,76.5,85.599998,84.099998
2019/8/8,21:05:00,G1113,67.300003,68.5,68.699997,69.800003,74,75.300003,76.699997,79.199997,86.599998,82,83.199997,81.400002,66.800003,61.200001,57.900002,73.900002,84.099998,84.300003,83.900002
2019/8/17,12:00:00,G1101,68.900002,72.5,72.099998,73.800003,71,72.300003,72.900002,75.699997,79.400002,82,86.699997,92.599998,95.800003,95.5,94.5,96.199997,96.800003,96.199997,95.400002
2019/8/17,12:00:00,G1102,71.099998,76.5,74.900002,76.199997,74,75,76.099998,81,85,88.099998,93.800003,100,100,100,100,100,100,100,100
2019/8/17,12:00:00,G1103,68.300003,72.199997,71.300003,71.400002,70.199997,70.699997,71.800003,75.099998,78.900002,81.099998,87.300003,94.599998,94.599998,91.900002,88.199997,90.800003,92.599998,94.699997,93.900002
2019/8/17,12:00:00,G1104,68.800003,72.5,71.400002,71.199997,70.900002,70.900002,71.599998,75.099998,78.800003,81.099998,87.300003,94.800003,94.599998,88.199997,89.099998,89.699997,91.199997,93.599998,94.199997
2019/8/17,12:00:00,G1105,74.400002,76.5,77.099998,76,73.300003,74.699997,76.099998,80.400002,83.800003,87.800003,95.400002,100,98.099998,94.199997,95.300003,89.699997,95,96.900002,96.699997
2019/8/17,12:00:00,G1106,71,71.800003,72.699997,72.199997,69.400002,70.599998,71.300003,74.900002,77.800003,81.5,88.900002,94.800003,88.400002,87.599998,86.800003,78.599998,85.300003,87.099998,87.5
2019/8/17,12:00:00,G1107,72.099998,72.099998,74.599998,73.599998,70.599998,71.699997,72.300003,75.199997,76.400002,83.400002,89.300003,95.5,90.099998,87.300003,86.199997,81.099998,78,78.300003,78.199997
2019/8/17,12:00:00,G1108,75.900002,75.5,78.5,77.5,74.199997,75.199997,75.800003,78.699997,80.699997,88.900002,94.599998,100,95.400002,91.599998,90.699997,88.400002,82.5,83.699997,83.800003
2019/8/17,12:00:00,G1109,72.800003,72.800003,75.5,75,71.800003,72.300003,73.099998,74.900002,76.300003,84.699997,89.199997,94.699997,89,80.599998,81.199997,83.900002,82.599998,83.199997,82.400002
2019/8/17,12:00:00,G1110,73.599998,75.199997,76.699997,77,72.300003,73.5,73.400002,76.300003,76.5,86,89.400002,94.900002,87.300003,75.800003,79.900002,81.400002,81.5,81.5,81.900002
2019/8/17,12:00:00,G1111,79.199997,82,82.699997,83,77.099998,78.400002,78.5,81.900002,82.5,93.099998,95.099998,100,92.800003,77,83.199997,81.699997,85.199997,86,85.400002
2019/8/17,12:00:00,G1112,75.699997,78.5,79.199997,79.199997,74.300003,75.400002,75.599998,78.5,79.5,88.5,90.699997,96.099998,87.699997,75.400002,77,77.800003,81.199997,82,79.800003
2019/8/17,12:00:00,G1113,75.099998,78.800003,79.400002,78.699997,74.599998,75.300003,75.800003,78.099998,79.300003,88,91.300003,95.199997,87,74.199997,75.199997,77.599998,79.800003,78.699997,74.400002
2019/8/18,12:50:00,G1101,85.199997,86,86.300003,85.699997,86.5,86.5,86,88.599998,90.300003,89.099998,93.400002,94.400002,96.599998,97.300003,98.300003,98.900002,99.099998,99.300003,99.300003
2019/8/18,12:50:00,G1102,91.400002,92.300003,93,92.5,92.900002,93.099998,92.800003,97.099998,97.699997,96.199997,100,100,100,100,100,100,100,100,100
2019/8/18,12:50:00,G1103,84.199997,85.400002,86.099998,85.699997,86,86.199997,85.599998,89.199997,89.099998,88.5,91.599998,94,95.099998,96.400002,96.5,97.599998,98.099998,98.300003,98.5
2019/8/18,12:50:00,G1104,84.099998,86,86.5,86.099998,86.5,86.5,86.099998,89.800003,90.300003,89.400002,91.300003,95.099998,95.699997,96,97.099998,97.800003,98.5,98.699997,98.5
2019/8/18,12:50:00,G1105,91.300003,93.800003,94.900002,94.199997,95,94.699997,94,97.5,97.300003,96.199997,99.5,100,100,100,100,100,100,100,100
2019/8/18,12:50:00,G1106,84.599998,86.800003,87.900002,87.400002,87.800003,87.900002,87.300003,90.099998,89.400002,88.800003,91.599998,94.699997,94.699997,96.699997,97.099998,98.300003,98.699997,98.900002,99
2019/8/18,12:50:00,G1107,85.699997,88.699997,90.099998,87.300003,89.300003,89.199997,88.699997,89.400002,89.900002,89,92.5,95.800003,96.400002,97.699997,98.800003,99.099998,99.900002,100,100
2019/8/18,12:50:00,G1108,91.400002,94.5,95.900002,92.699997,95.099998,95,94.599998,94.900002,95.800003,94.800003,97.900002,100,100,100,100,100,100,100,100
2019/8/18,12:50:00,G1109,86,89.599998,90.599998,86.400002,89.300003,89.900002,89.699997,89.300003,89,89.400002,92.900002,94.900002,95.5,96.599998,97.5,97.900002,99.099998,99.900002,98.199997
2019/8/18,12:50:00,G1110,86.599998,90.400002,91.699997,86,88,90.699997,90.900002,87.300003,86.699997,90.300003,92.400002,95.5,95.400002,97,95.699997,97.300003,99.199997,99.199997,94.400002
2019/8/18,12:50:00,G1111,94.099998,97.800003,99.599998,91.099998,92.300003,97.699997,97.199997,89.699997,89.699997,98.800003,96.099998,100,100,100,99.300003,100,100,100,99.599998
2019/8/18,12:50:00,G1112,89.400002,91.300003,94.400002,86.900002,87.099998,91.800003,92.5,83.599998,84.900002,93,90,96.599998,95,98.699997,93.199997,98.800003,100,100,93.900002
2019/8/18,12:50:00,G1113,89.099998,89.300003,94.400002,86.599998,86.400002,90,92.699997,81,84.099998,93.800003,87.400002,98.699997,96.099998,99.199997,93.699997,97.5,100,97.099998,93.099998
2019/8/18,15:00:00,G1101,96.099998,96,96.400002,96.099998,95.300003,94.5,94.699997,95.900002,98,98,97.800003,97,95.199997,96,96.699997,97.400002,97.599998,97.699997,97.900002
2019/8/18,15:00:00,G1102,100,100,100,100,100,100,100,100,100,100,100,100,100,100,100,100,100,100,100
2019/8/18,15:00:00,G1103,95.199997,95.5,96,95.199997,93.300003,92.599998,93.699997,99,95.900002,94.800003,95.699997,94.599998,94.5,95.5,96.199997,97.400002,97.599998,97.699997,98.400002
2019/8/18,15:00:00,G1104,95.400002,95.699997,96.300003,95.099998,93.400002,92.800003,93.800003,99.800003,95.800003,95.800003,96.099998,94.900002,94.599998,95.300003,96.5,98,97.800003,98.099998,99
2019/8/18,15:00:00,G1105,100,100,100,100,100,100,100,100,100,100,100,100,100,100,100,100,100,100,100
2019/8/18,15:00:00,G1106,95.199997,95.800003,96.400002,94.800003,93.5,93.699997,94.599998,100,94.599998,95.5,96,93.800003,95,96,96.199997,97.800003,96.699997,98.599998,99.5
2019/8/18,15:00:00,G1107,96.699997,96.5,97,95.5,95.199997,95.400002,96.099998,100,94.300003,97.099998,96.800003,94.5,96.300003,97.599998,97.699997,98.5,97.699997,98.800003,100
2019/8/18,15:00:00,G1108,100,100,100,100,100,100,100,100,99.300003,100,100,100,100,100,100,100,100,100,100
2019/8/18,15:00:00,G1109,96.699997,96.400002,96.400002,95.300003,95.900002,95.699997,96.599998,99.5,94.400002,97.400002,95.699997,93.800003,96.199997,97.099998,97.099998,97.800003,97,98.300003,99.599998
2019/8/18,15:00:00,G1110,96.400002,96.099998,95.599998,95.599998,96.300003,96.300003,97,100,95.599998,98.699997,95,96.900002,97.300003,97,97.099998,96.900002,97.800003,98.800003,100
2019/8/18,15:00:00,G1111,100,100,100,100,100,100,100,100,100,100,100,100,100,100,100,100,100,100,100
2019/8/18,15:00:00,G1112,97.599998,98.099998,97.400002,98.800003,98.800003,99,99,100,96.099998,99.400002,98.599998,94.099998,99.199997,98.400002,99.099998,100,99.800003,100,100
2019/8/18,15:00:00,G1113,97.400002,98.400002,97.900002,99.5,99.400002,98.800003,99.5,100,98.5,100,100,97.199997,100,100,100,100,100,100,100
2019/8/19,17:55:00,G1101,76.800003,75.400002,76.199997,76.099998,77.699997,75.800003,74.599998,76.400002,78.900002,80.199997,83.699997,92.800003,96.099998,91.800003,93.400002,94.300003,94.599998,94.300003,95.800003
2019/8/19,17:55:00,G1102,81.199997,79.300003,80.5,79.900002,81.800003,78.400002,78.300003,84.300003,82.900002,86.099998,92.5,100,100,97.099998,98.800003,100,99.199997,99.400002,100
2019/8/19,17:55:00,G1103,75,74.099998,75.599998,74.5,75.699997,72.300003,73.099998,78.5,75.5,79.800003,84.199997,82.300003,90.400002,86.599998,87.800003,90.099998,90.099998,90.599998,92.099998
2019/8/19,17:55:00,G1104,74.5,74.199997,76.099998,74.800003,75.5,72.599998,72.800003,78.900002,74.800003,80.300003,84.5,82.300003,90.400002,84.800003,85,90.099998,89.400002,90.199997,91.800003
2019/8/19,17:55:00,G1105,80.099998,79.900002,81.300003,80.400002,81.400002,77.199997,77.599998,86.199997,78,86.400002,91.699997,89.599998,93.800003,87.800003,89.800003,95.900002,94.300003,96.099998,92.800003
2019/8/19,17:55:00,G1106,75.5,74.800003,75.900002,75.599998,76.400002,73.099998,73.099998,80.300003,70.900002,79.599998,84.900002,80.800003,81.699997,82.5,82.199997,85.599998,79.099998,88.5,82.800003
2019/8/19,17:55:00,G1107,76.699997,76.099998,76.800003,77.099998,77.800003,74.699997,74.400002,81.900002,74.5,77.5,82.800003,75.300003,76.199997,80.800003,79.699997,74.300003,71.699997,83.699997,85.599998
2019/8/19,17:55:00,G1108,81,80.599998,81.400002,81.5,82.400002,78.800003,78.5,87.199997,79.300003,81.300003,86.900002,79.199997,78.900002,85,83.699997,77.5,74.699997,85.5,91.099998
2019/8/19,17:55:00,G1109,77.300003,76.599998,77.900002,78,78.800003,76.199997,75.5,82.900002,76.800003,72.400002,79,74.800003,75.699997,79.300003,79.300003,73,71,75.599998,84.699997
2019/8/19,17:55:00,G1110,78.199997,77.099998,78.800003,78.699997,79.699997,77.900002,76.699997,83.099998,78,69.400002,74.699997,75.5,73.900002,78.099998,80.800003,72.400002,72.300003,80.199997,84.400002
2019/8/19,17:55:00,G1111,84.199997,83.099998,84.699997,84.5,86,84.900002,82.800003,90,84.900002,73.699997,77.099998,78.099998,79.300003,82,84.5,75.199997,74.599998,82.400002,91
2019/8/19,17:55:00,G1112,80.400002,79.699997,80.800003,80.900002,82.199997,81.5,79.300003,85.900002,81.599998,71.699997,73.5,73.400002,76.400002,78.300003,79.5,70.300003,70.900002,77.199997,84.800003
2019/8/19,17:55:00,G1113,80.900002,80.199997,80.900002,82,83.199997,83,80.199997,89.800003,83.199997,72.199997,72.900002,71.300003,75.800003,78,78.5,68.5,69.400002,76.400002,80.300003
2019/8/20,16:40:00,G1101,79.599998,79.099998,79.199997,78.599998,80.699997,79,82.900002,92.900002,95.5,96.5,95.599998,94.400002,93.300003,91.5,91.900002,94.300003,94.400002,92.5,91.699997
2019/8/20,16:40:00,G1102,83.900002,83.199997,83.199997,83.5,85.5,83.5,89,100,100,100,97.800003,100,100,97.5,98.300003,100,100,96.400002,97.800003
2019/8/20,16:40:00,G1103,77.300003,76.800003,77.099998,77.699997,79.300003,77.400002,82.199997,89.5,89.599998,90.900002,85.5,90.599998,89.699997,89.099998,89.099998,93.199997,91.300003,86.300003,88.699997
2019/8/20,16:40:00,G1104,77.300003,76.800003,77.099998,77.900002,79.699997,77.5,82.699997,90.099998,89.699997,91,84.599998,91.099998,90.5,88,89.5,92.900002,91.900002,85.599998,88.5
2019/8/20,16:40:00,G1105,82.300003,82.400002,NaN,84.199997,86.199997,84,90,96.599998,NaN,96.400002,90.300003,95.5,94.300003,92.199997,NaN,100,96.5,90,93.900002
2019/8/20,16:40:00,G1106,77.400002,77,77.599998,78.900002,80.400002,79,84,89.099998,90.099998,88.599998,83.400002,87.099998,86.400002,82.699997,85.599998,92.699997,84.199997,83.199997,83.699997
2019/8/20,16:40:00,G1107,78.900002,78.5,79,80.699997,82.300003,81,85.599998,88.5,89.400002,84.699997,83,86.199997,86.599998,78.900002,83.099998,91.300003,82.300003,84.599998,84.800003
2019/8/20,16:40:00,G1108,83.800003,83.400002,84,85.5,87.400002,86.300003,90.599998,94.099998,96.900002,89.5,86.900002,92.099998,91.800003,82.599998,86.599998,97.199997,87.599998,89.699997,90.199997
2019/8/20,16:40:00,G1109,80,79.300003,79.800003,81.300003,83.099998,82.300003,86,89,88.5,84.099998,80.900002,83.699997,82.5,76.599998,80.400002,85.5,83.900002,85.099998,80.800003
2019/8/20,16:40:00,G1110,80.099998,79,80.300003,81.900002,84.699997,82.800003,87.400002,90,88.400002,84.800003,79.699997,82.699997,81,76.199997,80.5,82.599998,84.400002,83.400002,77.699997
2019/8/20,16:40:00,G1111,86.400002,84.699997,85,87.099998,90.800003,84.400002,94.800003,96.900002,94.5,88.699997,83.400002,89.199997,87,81,86,88.699997,88.699997,85.5,83.699997
2019/8/20,16:40:00,G1112,82.300003,81.199997,80.599998,81.800003,85.900002,79.599998,90.900002,92.5,88.099998,83.800003,78.699997,83.699997,82.800003,77.900002,81.699997,85.099998,84.099998,81.400002,80
2019/8/20,16:40:00,G1113,81.400002,80.199997,79.900002,80.300003,84.300003,78.099998,95,93.5,88.699997,84,79.199997,82.099998,82.800003,79.099998,82.699997,88.400002,84.699997,82.099998,80.599998
2019/8/23,11:00:00,G1101,76.5,74.800003,73.599998,76.800003,71.599998,70.5,75.300003,79.400002,81,81.300003,81.699997,82.900002,81.199997,82,82,83.900002,82.400002,84,81.800003
2019/8/23,11:00:00,G1102,81,80,78.300003,79.800003,74,73.599998,80.699997,85.699997,86.599998,85.900002,87,88,86.699997,87.699997,88.400002,89.800003,89.099998,90.5,88.5
2019/8/23,11:00:00,G1103,75.900002,73.800003,73.599998,75.300003,69.900002,70.5,74,79.5,79.699997,79.300003,80.300003,81.099998,80.900002,81.599998,82.199997,82.800003,83,84.300003,82.5
2019/8/23,11:00:00,G1104,76.199997,73.900002,73.800003,75.300003,70.099998,70.599998,73.300003,79.400002,79.800003,79.400002,80.599998,81.400002,81.400002,82.199997,82.699997,83.099998,83.400002,84.900002,83.199997
2019/8/23,11:00:00,G1105,82.099998,79.699997,79.400002,80.199997,75.800003,76.599998,78.199997,86.099998,85.900002,85.699997,87.599998,88.900002,89.5,90.099998,89.800003,89.900002,91.400002,92.599998,91.5
2019/8/23,11:00:00,G1106,76.800003,74.900002,74,74.400002,70.5,72.400002,72.900002,80.099998,79.800003,80.099998,80.900002,82.300003,82.900002,83.699997,82.599998,83.099998,85.300003,86.300003,85.099998
2019/8/23,11:00:00,G1107,78.199997,75.800003,78.099998,74.400002,72.300003,74.900002,73.699997,81.5,80.800003,80.800003,82.400002,83.300003,84.599998,85.800003,81.900002,84.599998,87.400002,87.099998,86.699997
2019/8/23,11:00:00,G1108,82.699997,80.599998,82.099998,77.599998,75.900002,78.400002,78.5,87,85.599998,85.800003,87.5,88.300003,90,91.400002,87,89.900002,92.900002,92.699997,92.199997
2019/8/23,11:00:00,G1109,78.900002,76.400002,78,74.900002,73.699997,75.900002,77.199997,83.199997,81.5,81.300003,82.699997,83.5,86,86.5,82,85.300003,87.900002,88.199997,87.900002
2019/8/23,11:00:00,G1110,79.5,77.400002,79.099998,76.099998,75.099998,77.5,79.599998,84.5,82.699997,82.599998,82.800003,84.199997,84.900002,86.800003,82.599998,86,89.599998,89.5,89.400002
2019/8/23,11:00:00,G1111,81.800003,82.099998,83.199997,82.5,81.099998,83.699997,83.900002,91.099998,90.5,89.699997,89.800003,90.800003,89.099998,94.800003,88.900002,92.5,98,97.599998,97.800003
2019/8/23,11:00:00,G1112,79,78.400002,78.5,79.5,77.099998,79.900002,80.199997,86.699997,87.199997,86.099998,85.800003,86.599998,85.5,90.400002,83.699997,87.199997,93.5,93.199997,93.400002
2019/8/23,11:00:00,G1113,81,80.900002,80.199997,80.300003,77.699997,81.300003,80.900002,90.5,92.599998,88.5,88.599998,88.400002,87.400002,94.099998,84.800003,88,96.599998,97.099998,97
2019/8/25,1:00:00,G1101,67,68.199997,68.599998,67.800003,68.599998,68.400002,67.599998,64.400002,68.400002,68.699997,70.199997,72.599998,73.5,74.599998,75.300003,75.199997,81.199997,82.400002,82
2019/8/25,1:00:00,G1102,67.900002,69,69.800003,69.199997,70.400002,69.599998,68.199997,68.5,71.599998,71,73.699997,75.599998,76.099998,76.400002,78.199997,77.599998,85.900002,86.699997,84.800003
2019/8/25,1:00:00,G1103,64.900002,65.300003,66,65.800003,66.5,65.800003,64.900002,65.800003,68.199997,68,70.099998,70.900002,71,71,73.199997,72.599998,76.400002,77.800003,73.699997
2019/8/25,1:00:00,G1104,65,65.099998,65.800003,66,66.5,65.900002,65.300003,66.199997,68.5,68.300003,70.400002,70.900002,70.699997,71.099998,73.199997,72.699997,76.5,76,73.699997
2019/8/25,1:00:00,G1105,67.599998,68.099998,68.599998,69.599998,69.599998,69.199997,68.599998,70.400002,72.900002,72.599998,75.300003,75.5,74.5,76.099998,77,77.199997,81.599998,79.900002,78.300003
2019/8/25,1:00:00,G1106,64.900002,65.599998,65.599998,67,67,66.400002,66.099998,67.699997,69.699997,69.900002,71.300003,70.300003,70.400002,72.099998,73,73,76.300003,74.900002,74
2019/8/25,1:00:00,G1107,65.800003,66.699997,66.400002,67.099998,68.199997,67.5,66.900002,69.099998,71.400002,71,71.800003,68.199997,70.699997,71.199997,73.800003,74.199997,76.400002,73.199997,71.599998
2019/8/25,1:00:00,G1108,67.900002,68.900002,68.300003,69.400002,70.800003,70,69.300003,72,74.900002,74.300003,75.300003,70.900002,73.900002,74.099998,77.900002,78.400002,78.5,75.099998,74
2019/8/25,1:00:00,G1109,65.900002,66.5,66.5,67.199997,68.900002,68,67.400002,69.800003,71.900002,71.699997,69.699997,68.800003,71.699997,70.599998,73.099998,74.699997,72.400002,69.400002,69.5
2019/8/25,1:00:00,G1110,66.400002,66.400002,67.5,66.400002,69.5,68.900002,68.400002,70.800003,73.099998,71.800003,66,71.099998,69.300003,68.099998,74.800003,73.900002,68.099998,69.300003,69.099998
2019/8/25,1:00:00,G1111,69.699997,68.699997,70.599998,68.900002,73.099998,73.400002,72.400002,75.400002,77.900002,71.599998,70.300003,76.300003,71.900002,71.800003,77.5,74.599998,72.400002,74,74.300003
2019/8/25,1:00:00,G1112,67.800003,66.800003,68.699997,66.599998,70.900002,70.900002,70.099998,73.300003,75,67.400002,69,73.5,69.300003,69.5,73,71.099998,70.400002,71.699997,71.900002
2019/8/25,1:00:00,G1113,67.300003,66.199997,68.199997,66.300003,70.300003,70.699997,69.099998,72.5,73.900002,64.5,68.300003,72.5,68.699997,68.5,70.400002,69.699997,70,71.300003,70.900002
2019/8/26,15:40:00,G1101,85.599998,86.699997,86.099998,85.800003,85.699997,87,87.800003,95.599998,98,99,99.400002,99.5,99.599998,99.699997,99.800003,99.599998,99.599998,99.599998,99.300003
2019/8/26,15:40:00,G1102,92,93.199997,91.800003,92.099998,92.199997,93.300003,95.5,100,100,100,NaN,NaN,100,100,NaN,100,100,100,100
2019/8/26,15:40:00,G1103,85.699997,86.300003,85.699997,85.699997,85.900002,86,88,97.300003,99.099998,100,100,100,100,100,100,99.300003,98.400002,98.300003,97.599998
2019/8/26,15:40:00,G1104,86.5,86.900002,86.099998,86.300003,86.5,86.699997,88.5,97.5,99.099998,100,100,100,100,100,100,99.400002,98.199997,98.400002,98.099998
2019/8/26,15:40:00,G1105,94.300003,94.300003,93.699997,93.699997,93.5,94.300003,96,100,100,100,NaN,NaN,NaN,NaN,100,100,100,100,100
2019/8/26,15:40:00,G1106,88.400002,88.300003,87.900002,87.900002,87.5,88.5,89.900002,97.800003,99.5,100,100,100,100,100,100,99.900002,98.5,98.099998,98.199997
2019/8/26,15:40:00,G1107,90.900002,90.900002,90.199997,90.199997,89.599998,90.900002,92.300003,99.5,100,100,100,100,100,100,100,100,99.900002,98.300003,98.099998
2019/8/26,15:40:00,G1108,96.699997,96.5,95.699997,95.699997,95.199997,96.400002,97.400002,100,100,100,100,100,100,100,100,100,100,100,100
2019/8/26,15:40:00,G1109,92.099998,91.800003,91.199997,91.300003,90.699997,91.5,92.5,98.599998,100,100,100,100,100,100,97.800003,97.199997,97.400002,96.699997,96.400002
2019/8/26,15:40:00,G1110,93,92.900002,91.699997,92.099998,91.900002,92.5,93.599998,99.099998,99.800003,100,100,100,100,98.599998,95.599998,95.800003,94.900002,93.800003,93.800003
2019/8/26,15:40:00,G1111,100,100,99.599998,99.699997,99.699997,99,100,100,100,100,100,100,100,100,99.5,99.599998,99.699997,99.900002,100
2019/8/26,15:40:00,G1112,96.099998,96.199997,94.900002,94.800003,94.900002,94,97.300003,100,100,100,100,100,100,96.199997,94.699997,94,93.599998,95,97.300003
2019/8/26,15:40:00,G1113,97.400002,98.099998,95.599998,95.900002,96,93.400002,98.699997,100,100,100,98.400002,100,99.900002,99.400002,94.199997,91.400002,92.099998,95.800003,99.599998
2019/8/29,15:40:00,G1101,71.900002,71,71.599998,71.599998,72.5,72.400002,71.5,77.5,83.5,88.5,88.099998,87.400002,84.199997,86.900002,88.5,88.900002,90.199997,86.400002,88.099998
2019/8/29,15:40:00,G1102,72.5,71.800003,72,72.400002,72.900002,72.400002,71.800003,78.199997,84.5,89.199997,87.800003,87.400002,83.599998,86.400002,88.699997,87.900002,88.300003,84.800003,86.199997
2019/8/29,15:40:00,G1103,72.400002,71.599998,71.599998,72.099998,72.599998,72.199997,70.300003,78.199997,84.199997,88,85.099998,85.800003,81.5,85.099998,87.599998,85.699997,84.5,82.800003,82.099998
2019/8/29,15:40:00,G1104,73.300003,72.300003,72.400002,72.900002,73.300003,73,71,78.900002,85.300003,88.900002,85.699997,86.900002,82.400002,85.5,88.199997,85.900002,84.099998,82.800003,81
2019/8/29,15:40:00,G1105,73.900002,73,73.699997,73.900002,74.699997,74,71.900002,77.699997,84.800003,88.300003,84.300003,84.199997,80.900002,85.300003,86.099998,83.599998,75.699997,78.900002,77.699997
2019/8/29,15:40:00,G1106,73.800003,73.099998,73.800003,73.800003,74.5,74.099998,72.199997,79.599998,86.400002,89.400002,84.599998,84.400002,82.599998,86.699997,86.699997,83.199997,72.800003,78.400002,78.599998
2019/8/29,15:40:00,G1107,74.900002,74.800003,75.900002,75.5,75.5,75.699997,74.099998,81.300003,88.099998,87.300003,79.900002,83.699997,83.599998,85.900002,86.5,77.699997,69.800003,77.199997,79.199997
2019/8/29,15:40:00,G1108,75.300003,75.099998,76.300003,76,75.699997,76.099998,74.400002,81.699997,88.300003,87.199997,79.5,83.5,83.5,85.900002,86.400002,77.699997,69.5,77.5,79.300003
2019/8/29,15:40:00,G1109,76.599998,76.400002,77.199997,77,76.900002,77.800003,76.099998,83.199997,90.199997,87.5,79.599998,83.699997,85,84.800003,85.599998,76.5,69.699997,77.300003,79.199997
2019/8/29,15:40:00,G1110,77.5,77.300003,77.699997,78,77.800003,78.900002,77.5,83.699997,91.199997,85.199997,78.5,83.099998,84.900002,82.300003,81,76.199997,70.599998,75,78.5
2019/8/29,15:40:00,G1111,79.199997,79.5,79,79.800003,80.099998,81.099998,79.599998,85.800003,93.800003,87.400002,79.5,80.800003,85.699997,80.699997,79.599998,76.400002,73,73.599998,76.400002
2019/8/29,15:40:00,G1112,79.699997,80,79.300003,80.599998,80.800003,81.599998,80.099998,85.800003,93.599998,87.800003,79.800003,80.5,85.199997,81.099998,79.199997,76.400002,73.900002,73.5,74.900002
2019/8/29,15:40:00,G1113,82.199997,83,81.599998,83.5,83.400002,84.300003,83,90.300003,98.900002,89.400002,81.5,83.199997,87.199997,82.099998,79.599998,76.599998,76.699997,73.800003,76
2019/8/31,15:40:00,G1101,73.800003,76.699997,78.300003,76,73.800003,75.599998,74.300003,80.400002,82.599998,82.5,84,84.699997,84.099998,84.400002,85,87,86.900002,85.900002,87.199997
2019/8/31,15:40:00,G1102,74.599998,77,78.699997,75.699997,74.300003,74.599998,74.300003,80.5,83,82.800003,84.400002,85,84.400002,85,85.199997,87.099998,86.300003,86.300003,87.699997
2019/8/31,15:40:00,G1103,74.900002,76.599998,77.099998,74.800003,73.800003,72.300003,72.599998,80.199997,82.199997,82.199997,83.599998,83.900002,83.699997,84.300003,84.800003,85,85.900002,86.199997,86.599998
2019/8/31,15:40:00,G1104,74.099998,76.900002,77.599998,75.5,74,73,73.099998,80.800003,83.099998,83.099998,84.5,84.900002,84.599998,84.800003,85.599998,85.599998,86.900002,87.300003,87.900002
2019/8/31,15:40:00,G1105,75.800003,77.800003,76,76.800003,74.699997,74.099998,73.800003,79.199997,82.300003,81.800003,83,83.400002,84.099998,82.800003,83.900002,84.699997,86.400002,86.400002,87.400002
2019/8/31,15:40:00,G1106,74.900002,77.5,73.699997,76.5,74.800003,74.099998,73.800003,79.900002,83.400002,82.900002,83.300003,84.5,85.300003,83,84.699997,85.900002,87.699997,87.699997,88.300003
2019/8/31,15:40:00,G1107,76.5,77.199997,76.400002,77.199997,77.300003,76.900002,76,80.300003,83.300003,83.400002,82.199997,84.400002,85.900002,83.300003,86.800003,87.400002,88.5,88.5,88.300003
2019/8/31,15:40:00,G1108,76.300003,77.699997,76.400002,77.5,77.300003,76.900002,76,81.199997,83,83.199997,82,84.199997,85.900002,83.5,86.900002,87.400002,88.599998,88.599998,88.300003
2019/8/31,15:40:00,G1109,76.699997,79.300003,77.099998,79.199997,78.800003,78.400002,76.699997,82.599998,84,84.5,81.900002,85.599998,86.900002,84.5,89.400002,89.199997,91.099998,91.199997,89.800003
2019/8/31,15:40:00,G1110,77.599998,80.699997,76.099998,79.400002,78,79.300003,77.400002,84.5,85,83.900002,81.199997,85.699997,85.900002,83.599998,89.900002,88.599998,89.800003,90.199997,89.400002
2019/8/31,15:40:00,G1111,79.099998,81.800003,78.900002,81.699997,79.800003,81.800003,80.300003,86.900002,88.599998,85.199997,82.900002,86.599998,84.599998,83.199997,92.400002,90.699997,91.900002,92.400002,92.300003
2019/8/31,15:40:00,G1112,78.900002,82.300003,77.5,82.300003,80.400002,82,80.800003,86.900002,88.900002,85,83.199997,86.800003,84.800003,83.300003,92.400002,90.900002,92.099998,92.5,92.5
2019/8/31,15:40:00,G1113,80.699997,85.800003,80.5,83.900002,83,84.599998,83.900002,89.5,92.900002,86.099998,85.300003,89.400002,87.5,85.300003,95.599998,94,95.599998,95.800003,95.800003
2019/9/1,13:25:00,G1101,65,64.300003,64,62.5,62.599998,63.900002,64,65.900002,66.300003,82.900002,99.199997,98.400002,93.599998,94.800003,93,93.699997,94.400002,95.5,99.300003
2019/9/1,13:25:00,G1102,65,65.099998,64.699997,62.5,62.700001,63.299999,64,65.800003,66.5,82.199997,98.300003,98.5,94.599998,95.400002,93.400002,93.599998,94.800003,95.699997,99.5
2019/9/1,13:25:00,G1103,66.300003,65.199997,64.300003,62.700001,63.099998,63.400002,63.5,65.800003,66.199997,80.400002,98,97.599998,92.199997,93.599998,92.599998,93,93.800003,94.5,97.900002
2019/9/1,13:25:00,G1104,67.199997,65.599998,64.5,63,63.700001,64.300003,64.199997,66.099998,66.599998,79.099998,98.900002,97.699997,89.900002,94.300003,94,94.5,94.699997,95.300003,98.599998
2019/9/1,13:25:00,G1105,68.199997,66.199997,65.099998,63.5,64.5,65.400002,65.5,66.900002,67.599998,79.800003,97.400002,93.400002,84.800003,91.400002,91.699997,92.300003,92.199997,92.800003,95.800003
2019/9/1,13:25:00,G1106,68.400002,66.300003,65.599998,63.5,64.5,65.800003,65.300003,66.300003,67.199997,81.300003,96,88.400002,85.099998,90.300003,91.699997,93,92.199997,93.400002,94.699997
2019/9/1,13:25:00,G1107,69.699997,68,66.699997,65,65.900002,67.599998,66.900002,67.400002,68.5,82.699997,87.5,81.199997,85.300003,91.099998,88.5,92.099998,92,92.800003,92.900002
2019/9/1,13:25:00,G1108,69.599998,68,67.300003,65.199997,66.400002,68,67.099998,67.400002,68.800003,82.5,88.300003,80.5,84,91.5,88,91.699997,91.400002,92.300003,92.599998
2019/9/1,13:25:00,G1109,69.800003,69.699997,69.400002,67,67.699997,69.5,68.5,68.5,70,85.199997,88.800003,79.5,81.800003,89.599998,78.099998,91.199997,91.900002,93.199997,94.5
2019/9/1,13:25:00,G1110,70.199997,70.699997,70.699997,67.900002,67.900002,70.599998,69.199997,68.599998,70.800003,85.099998,85.599998,79.5,79.099998,78.400002,74.699997,87.300003,88.300003,90.400002,94.699997
2019/9/1,13:25:00,G1111,70.400002,72.699997,72.800003,69.599998,70.300003,73.199997,71.599998,71,72.699997,88,84.300003,80.599998,78.800003,77.5,76,81.699997,83.699997,90.099998,93.800003
2019/9/1,13:25:00,G1112,70.400002,73.199997,72.5,69.400002,70.800003,73.5,71.900002,71.400002,72.800003,88.300003,82.400002,79.400002,77.599998,77.199997,75.800003,80.800003,83,89.800003,94.199997
2019/9/1,13:25:00,G1113,72,75.199997,74.699997,71.300003,72.699997,75.400002,73.800003,73.199997,75.099998,90.699997,82.599998,81.400002,80.300003,78.300003,77.199997,82.400002,82.199997,93.400002,93.199997
2019/9/2,13:30:00,G1101,70.5,71.5,75.099998,72.5,72.300003,73.900002,74.5,77.900002,80,87.800003,97.300003,97.699997,95.800003,97.599998,98,98,99.199997,99.699997,100
2019/9/2,13:30:00,G1102,70.900002,70.699997,74.099998,72.699997,71.699997,73.099998,73,76.800003,79.199997,87.300003,97.099998,98.699997,96.5,98.300003,99,98.800003,99.599998,100,100
2019/9/2,13:30:00,G1103,70.900002,70,72.400002,71.800003,71.099998,71.400002,72.199997,75.5,77.900002,86.300003,95.099998,96.400002,95.400002,97.199997,97.300003,97.599998,98.599998,100,100
2019/9/2,13:30:00,G1104,71.300003,70.5,72.900002,72,71.5,71.900002,72.599998,76.099998,78.5,87,96,97.400002,96.099998,98.5,98.400002,98.800003,99.300003,100,100
2019/9/2,13:30:00,G1105,71.5,71.300003,73.300003,72.900002,71.599998,72.5,73.199997,77.400002,76.699997,85.699997,95.900002,94.800003,93.599998,97.099998,97.199997,97.800003,98.5,98.599998,98.800003
2019/9/2,13:30:00,G1106,71.300003,71.300003,73.099998,72.800003,71.599998,72.300003,72.5,76.699997,78.699997,86.800003,97.300003,95.5,93.099998,98,97.800003,98.300003,99.300003,99.400002,99.099998
2019/9/2,13:30:00,G1107,72.900002,72.900002,74.5,74.300003,72.5,73.5,72.800003,78.599998,78.400002,86.599998,96.099998,94.599998,92.400002,96.400002,95.699997,97.599998,99.300003,99,98.900002
2019/9/2,13:30:00,G1108,73,73,74.300003,74.400002,72.400002,73.699997,72.800003,77.599998,78.199997,86.199997,95.800003,92.5,91.599998,95.699997,94.800003,97.199997,99.400002,99.300003,98.599998
2019/9/2,13:30:00,G1109,74.699997,74.800003,75.5,75.699997,73.599998,75.900002,74.099998,78.400002,79.900002,87.300003,95.5,91.400002,91.699997,95,95,96.800003,100,100,100
2019/9/2,13:30:00,G1110,75.400002,75.599998,76.099998,76.599998,74.599998,77.400002,74.599998,79,81.099998,87.400002,95.800003,88.300003,91.5,92.800003,93.800003,97.300003,99.599998,99.5,99.099998
2019/9/2,13:30:00,G1111,76.900002,77.800003,77.599998,78.599998,76.900002,79.5,77.099998,79.800003,82.800003,89,96.199997,89.300003,93.300003,94.199997,95.400002,99,100,100,100
2019/9/2,13:30:00,G1112,77.199997,78.099998,77.900002,78.800003,77.099998,79.900002,77.699997,79.900002,83.099998,91.199997,96.199997,89.300003,93.400002,94.199997,95.199997,98.5,100,100,100
2019/9/2,13:30:00,G1113,79,80.400002,80.599998,80.800003,79.199997,82.400002,79.699997,81.599998,85.400002,92.599998,99.199997,91.900002,95.400002,97.199997,97,100,100,100,100
2019/9/3,15:55:00,G1101,67.900002,66.400002,67.5,67.900002,67.5,67.5,68.699997,75.199997,91,89.199997,90.199997,91.199997,94.800003,90.199997,90.199997,87.800003,89.099998,82.199997,87
2019/9/3,15:55:00,G1102,68.199997,66.800003,67.800003,67.800003,67.699997,68.099998,68,74.099998,90,88.400002,89.5,91.5,95.599998,89.5,88,87,87.400002,79.5,84.599998
2019/9/3,15:55:00,G1103,68,66.599998,67.800003,66.900002,67.099998,67.5,67,73.800003,89.199997,86.400002,86.900002,89.699997,94.900002,88.5,84.099998,84.699997,84.5,75.900002,81
2019/9/3,15:55:00,G1104,68,67.5,68.599998,67.099998,67.5,67.900002,67.099998,74.599998,90.099998,86.599998,86.800003,90.5,95.900002,88.5,83.800003,85.199997,84.099998,75.5,80.599998
2019/9/3,15:55:00,G1105,68.099998,68.099998,68.800003,67.199997,67.400002,68.099998,67.300003,74.400002,88.800003,85,84.800003,91.099998,95.300003,87,82.099998,82.199997,77.800003,74.800003,78.099998
2019/9/3,15:55:00,G1106,68.900002,69.099998,69.5,NaN,NaN,68.5,68,74.199997,NaN,84.800003,83.800003,90.800003,NaN,NaN,NaN,81.400002,NaN,73,NaN
2019/9/3,15:55:00,G1107,70.800003,70.599998,70.800003,69.5,69.5,69.800003,68.5,75.800003,88.099998,84.300003,84.099998,90.800003,92.699997,84.099998,81.800003,78.199997,75.400002,71.900002,77.800003
2019/9/3,15:55:00,G1108,70.599998,70.699997,70.699997,69.400002,69.5,69.5,68.5,76,87.199997,84.099998,82.199997,90.400002,91.199997,82,81.199997,77.400002,75.300003,71.5,77.900002
2019/9/3,15:55:00,G1109,72.5,72.300003,72.5,70.900002,71.199997,70.800003,70.300003,76.800003,88.400002,85.5,83.699997,91.300003,91,82.400002,80,76.699997,77.199997,73.300003,79.400002
2019/9/3,15:55:00,G1110,74.099998,73.800003,73.300003,71.599998,72.099998,71.5,71.300003,77.099998,86.599998,85.099998,84.900002,90.099998,87.699997,81.900002,78.199997,74.5,77.900002,73.599998,78.699997
2019/9/3,15:55:00,G1111,76.699997,75.5,75.800003,74.099998,74.699997,74,73.699997,77.900002,88.400002,85.900002,86.199997,88.400002,82.699997,82.199997,76.900002,76.699997,80.699997,75.900002,80
2019/9/3,15:55:00,G1112,76.900002,75.5,75.900002,74.300003,74.800003,74.300003,74.099998,78.400002,88.199997,86.599998,87,88.300003,81.099998,81.699997,75.599998,77,81.099998,76.300003,80.099998
2019/9/3,15:55:00,G1113,78.199997,76.699997,77.300003,75.599998,76.699997,76.300003,75.5,79.599998,88.5,88.699997,87.900002,88.900002,81,82.5,76,80.300003,83.199997,78.800003,82.400002
2019/9/4,15:05:00,G1101,72.400002,74.300003,72.5,72.599998,71.400002,73.199997,73.800003,74.400002,79.400002,81,84.900002,90.199997,97.199997,99.400002,98.900002,97,97.599998,98.599998,98.199997
2019/9/4,15:05:00,G1102,72.800003,74.300003,72.599998,72.199997,71.699997,71.699997,73.099998,74.199997,79,81.099998,85.099998,90.300003,97.599998,99.800003,99.199997,97.699997,98.099998,98.800003,98.699997
2019/9/4,15:05:00,G1103,73.099998,72.699997,72.099998,71.599998,71.5,71.699997,72.400002,74,78.699997,81,84.900002,89.400002,97,100,100,99.099998,98.800003,98.300003,98.199997
2019/9/4,15:05:00,G1104,73.699997,73.400002,72.800003,72.400002,72.099998,72.300003,72.699997,74.699997,79.400002,81.599998,86,90.900002,98,100,99.699997,98.800003,98.599998,99.5,99.699997
2019/9/4,15:05:00,G1105,75.400002,74.699997,73.900002,73.199997,73,73.199997,73.800003,76.699997,77.599998,80.5,85.599998,91,97.300003,100,97.599998,96.699997,97.199997,97.900002,98.599998
2019/9/4,15:05:00,G1106,NaN,NaN,NaN,NaN,NaN,NaN,NaN,NaN,NaN,NaN,NaN,NaN,NaN,NaN,NaN,NaN,NaN,NaN,NaN
2019/9/4,15:05:00,G1107,76.199997,76.300003,74.599998,74.599998,73.800003,73.699997,74.900002,76.099998,81.199997,83.900002,88.800003,93.400002,97.900002,99.099998,95.400002,94.400002,96.5,97.699997,98.300003
2019/9/4,15:05:00,G1108,76.300003,76.400002,74.300003,74.599998,73.5,73.5,74.699997,76.099998,81.199997,84,88.699997,93,97.699997,96.599998,93.099998,94.300003,96.699997,97.699997,98.300003
2019/9/4,15:05:00,G1109,78.300003,77.900002,75.900002,76.099998,74.900002,75.099998,76.5,77,82.5,86,90.800003,94.599998,98.300003,93.800003,93,93.599998,98.5,96.800003,98.5
2019/9/4,15:05:00,G1110,78.800003,77.900002,76.699997,77.199997,76.099998,75.900002,77.400002,75.800003,81.900002,86.300003,91.800003,95.599998,98,90.400002,90.699997,90.199997,96.699997,92,97.699997
2019/9/4,15:05:00,G1111,80.900002,79.599998,78.800003,78.900002,78.5,78,79.599998,76.900002,82.699997,87.900002,94.400002,98,97.099998,88.400002,91.699997,88.900002,96.400002,91.099998,95.199997
2019/9/4,15:05:00,G1112,81.300003,79.699997,79.599998,79.300003,79,79.099998,80.199997,76.400002,81.400002,88,94.5,98.099998,97.400002,89.099998,91,87.800003,94.599998,89.400002,92.599998
2019/9/4,15:05:00,G1113,83.300003,81.400002,81.699997,81.400002,81.599998,81.699997,82.599998,77.300003,80.699997,91.199997,96.699997,100,99,95.199997,92.800003,91.599998,97.400002,92.699997,94.099998
2019/9/5,14:10:00,G1101,65.400002,67,66.099998,67.300003,66,67.699997,66.199997,69.599998,75.199997,75.800003,79.900002,82.699997,81.699997,85.400002,85.5,85.099998,84.699997,82.099998,89
2019/9/5,14:10:00,G1102,66.099998,67.300003,66.5,67.599998,66.300003,67.800003,67.300003,69.599998,75.199997,75.300003,80.5,82.699997,82.199997,85.5,85.699997,84.5,83.5,81.800003,88.199997
2019/9/5,14:10:00,G1103,66,66.900002,66.5,66.599998,65.699997,68.099998,67.199997,69.300003,73.699997,74.300003,80.099998,80.599998,81.199997,84.599998,82.300003,81.300003,81.199997,81.300003,85.099998
2019/9/5,14:10:00,G1104,66.5,67.199997,67,67.300003,66.400002,68.900002,68.099998,70,74.199997,74.800003,80.900002,80.800003,81.199997,85,80.800003,81.699997,81.099998,81.900002,85.5
2019/9/5,14:10:00,G1105,67.199997,67.699997,67.800003,67.300003,67.199997,69.599998,69,70.599998,76.300003,76.699997,79.099998,78.800003,79.300003,80.199997,77.400002,78.900002,77.5,81.099998,81
2019/9/5,14:10:00,G1106,67.300003,67.599998,68.099998,67.400002,67,69.5,69.199997,70.699997,75.199997,75.400002,80.199997,80.099998,80.400002,80.699997,76.599998,79.800003,78.300003,82.5,82.099998
2019/9/5,14:10:00,G1107,68.800003,69,69.599998,69,68.5,70.800003,70.900002,71.599998,75.900002,76.099998,78.699997,75.900002,79.300003,80,77.300003,81.199997,79.400002,83.5,82.800003
2019/9/5,14:10:00,G1108,68.900002,68.900002,69.5,68.900002,68.400002,70.699997,70.800003,71.599998,76.099998,76.199997,78.400002,75.5,79.300003,79,76.800003,81,79.300003,83.599998,82.699997
2019/9/5,14:10:00,G1109,70.800003,70.599998,71,70.300003,70.199997,72.800003,72.599998,73.300003,77.699997,78.099998,80,76.800003,80.5,78.699997,78.300003,82.199997,80.900002,85.300003,83.900002
2019/9/5,14:10:00,G1110,71.900002,71.199997,72,71.099998,71.099998,73.5,73.300003,74.5,78.800003,79.099998,79.900002,77.900002,80,78.699997,78.400002,81.300003,82.699997,85.800003,83.800003
2019/9/5,14:10:00,G1111,74.099998,73.300003,74.199997,73.199997,73.5,75.400002,75.300003,76.400002,80.900002,81.400002,82,80.400002,80.099998,80.599998,80.199997,81.900002,85.099998,87.599998,85.300003
2019/9/5,14:10:00,G1112,74.400002,73.699997,74.800003,73.800003,74,75.900002,75.5,76.900002,81.599998,81.800003,82.199997,80.800003,79.699997,81,80.599998,81.599998,85.699997,87.300003,85.599998
2019/9/5,14:10:00,G1113,76.300003,75.5,76.800003,75.400002,75.800003,77.800003,77.900002,79,83.900002,84.300003,84.900002,82.300003,81.699997,83.599998,82.699997,84.099998,89.199997,89.900002,88.599998
2019/9/11,21:05:00,G1101,82.900002,83.300003,83.400002,83.199997,83.900002,76.900002,75.699997,86.099998,88.300003,89.099998,88.5,90.300003,92.099998,91,93.900002,93.199997,87.699997,89.699997,93
2019/9/11,21:05:00,G1102,81,83.099998,83.5,81.5,82.199997,75.300003,75.699997,84.599998,86.699997,85.900002,87.5,90.400002,91.199997,86.900002,92.099998,91.400002,85.800003,86.5,90.5
2019/9/11,21:05:00,G1103,76.5,78.400002,79.800003,77.300003,78.800003,74.199997,75.300003,84.400002,84.099998,81,82.5,86.5,89.699997,85.400002,86.5,86.5,82,83.300003,85.199997
2019/9/11,21:05:00,G1104,76.099998,77.800003,78.800003,77.400002,78.300003,74.099998,75.699997,84,84.400002,80.199997,81.300003,85.900002,87.5,82.699997,84.5,85.699997,80.900002,83,85.900002
2019/9/11,21:05:00,G1105,77.599998,77.800003,77.699997,77.400002,77.599998,74.699997,77.400002,82.900002,77.900002,77.900002,78,77.5,71.5,69.599998,78.400002,77.800003,78.099998,78.099998,82.900002
2019/9/11,21:05:00,G1106,75.300003,75.699997,76.199997,75,75.400002,73.699997,75.900002,82.5,78.300003,76.099998,77.400002,75.300003,69.5,67.5,75.800003,78,76,75,81.599998
2019/9/11,21:05:00,G1107,75.5,74.800003,75.400002,74.900002,75.5,74.900002,77.300003,79.400002,76.5,72.5,76.699997,71.699997,70.900002,65.099998,65.300003,72.400002,75.5,74,75.699997
2019/9/11,21:05:00,G1108,75,73.900002,74.599998,74.300003,74.800003,74.5,77.199997,78.599998,73,71.599998,76.300003,70.300003,68.900002,64.900002,65.900002,67.199997,73.800003,73.199997,74.5
2019/9/11,21:05:00,G1109,75.5,74,75.900002,75.900002,76,76.599998,79,79.099998,68,69.300003,77.400002,73.699997,69.800003,66.099998,67.5,69,69.599998,71.5,72.800003
2019/9/11,21:05:00,G1110,75.300003,74.300003,76,75.699997,75.699997,77.800003,79.599998,78.400002,68,67.900002,76.099998,71.300003,69.699997,66.900002,64.800003,67.300003,67.900002,68.199997,71.5
2019/9/11,21:05:00,G1111,77,76.099998,76.599998,76.900002,77.599998,78.5,81.199997,78.800003,69.5,69.400002,76,70.199997,70.699997,68,70.099998,67.099998,69.300003,67.199997,68.900002
2019/9/11,21:05:00,G1112,76.300003,76.300003,76.5,77,78,77.900002,81.699997,77.699997,69.900002,68.900002,72.599998,70.5,70.400002,67.699997,69.199997,68.599998,70.800003,67,68.599998
2019/9/11,21:05:00,G1113,77.199997,78,76.300003,77.599998,79,80,79.599998,78.800003,71.800003,69,70.400002,71.599998,70.699997,68.599998,70.199997,69,67.599998,67.599998,68.599998
2019/9/14,19:10:00,G1101,75,76.099998,79.599998,79.800003,80,80.400002,82.099998,86.699997,86.300003,85.400002,86.800003,89.599998,93.300003,93.400002,93.800003,92.900002,92.900002,93.400002,91.5
2019/9/14,19:10:00,G1102,75,76.5,79.199997,79.699997,79.699997,80,82,86.400002,86.300003,85.099998,86.599998,90.400002,93.800003,93.800003,94.199997,92,93.300003,93.099998,91.5
2019/9/14,19:10:00,G1103,74.699997,76.400002,78.699997,78.900002,79,79.900002,81.400002,85.099998,85.400002,84,85.800003,89.400002,93,92.900002,92.699997,89.599998,91.699997,91.900002,89.599998
2019/9/14,19:10:00,G1104,75.599998,77.300003,79.5,79.699997,80,80.599998,81.800003,86.300003,86.5,84.900002,86.599998,90.800003,94.900002,94.900002,93.900002,89.800003,92,92.5,90
2019/9/14,19:10:00,G1105,77.300003,78.199997,77.900002,78,78.300003,78.800003,80.099998,84.900002,84.599998,83.099998,83.099998,88.099998,93.400002,93.699997,88.900002,86.699997,88,88.5,86.300003
2019/9/14,19:10:00,G1106,76.099998,78.199997,79.599998,79.5,80.599998,80.900002,81.900002,85.800003,85.5,84.099998,82.699997,87,94.699997,94.300003,88.099998,87.900002,88.699997,88.099998,87.400002
2019/9/14,19:10:00,G1107,77.5,79.800003,80.300003,80.900002,81.5,82.400002,82.5,86,86,86.800003,82.900002,86.400002,94.5,94.400002,90.5,89,87,85.599998,87.900002
2019/9/14,19:10:00,G1108,77.099998,79.400002,79.800003,80.599998,80.699997,82.099998,81.699997,85.699997,85.699997,86.699997,82.599998,86.400002,93.400002,93.800003,90.199997,87.300003,84.599998,84.900002,86.699997
2019/9/14,19:10:00,G1109,79.400002,82,80.900002,82.900002,79.099998,84.099998,83.199997,88.199997,87.5,89.300003,87.699997,90.300003,92.599998,96.400002,91.699997,84,84.599998,83.300003,86.699997
2019/9/14,19:10:00,G1110,80,82.5,80.699997,83.400002,77,84.599998,84.099998,89.099998,87,88.699997,90.599998,90.900002,92.400002,91.599998,85.099998,84.800003,80.300003,79.699997,86.400002
2019/9/14,19:10:00,G1111,82.599998,83.900002,82.5,83,77.300003,86.900002,85.400002,91.099998,89.800003,90,93.5,92.900002,94.300003,93.400002,88.5,87.599998,82.800003,80.5,86.699997
2019/9/14,19:10:00,G1112,83,84.099998,83.599998,81.900002,76.699997,87.400002,85.400002,91.599998,90.699997,90.5,93.699997,93.199997,94.099998,93.800003,90,87.900002,83.599998,80.400002,85.800003
2019/9/14,19:10:00,G1113,85.800003,87,87.199997,82.199997,78.400002,90.400002,88.300003,95.300003,94.599998,93.900002,97.199997,96.400002,97.099998,95.699997,93.199997,91.5,87.5,82.300003,84.800003
2019/9/15,3:05:00,G1101,90.900002,90.599998,90.199997,89.099998,84.5,84.099998,87.099998,91.199997,73,83.099998,77.900002,79,82.800003,88,86.5,86.699997,85.099998,83.699997,83.400002
2019/9/15,3:05:00,G1102,88.300003,88.099998,86.699997,86.300003,83.5,83.199997,85.5,89.199997,71.400002,75.599998,72,68.599998,78.599998,86.300003,85.199997,84.300003,83.199997,80.400002,82
2019/9/15,3:05:00,G1103,85.699997,84.300003,83.800003,83.099998,81.300003,81.400002,83.099998,84.800003,71.400002,67.599998,63.099998,63.5,71.400002,81.300003,72,79.699997,79.400002,73.5,70.300003
2019/9/15,3:05:00,G1104,86,84.5,84,83.199997,81.300003,81.400002,83.400002,84.199997,72.699997,67.800003,64.300003,62.599998,67.699997,76.599998,66.800003,72.599998,76.300003,64.300003,63.299999
2019/9/15,3:05:00,G1105,84,81.800003,81.099998,80.5,79.599998,79,81.300003,82.800003,74.5,66.900002,68.599998,59.5,64.099998,63.799999,65,63.200001,62.200001,66.5,64.599998
2019/9/15,3:05:00,G1106,84.199997,82.800003,81.400002,80.5,79.300003,78.800003,80.300003,81.400002,65.199997,62.700001,66.699997,64.900002,62,64.599998,64.900002,64,64.900002,73.199997,68.599998
2019/9/15,3:05:00,G1107,84.699997,84.300003,81.300003,80.400002,79.5,82.599998,78.5,84.400002,56.299999,65.400002,64.699997,61.700001,66.400002,65,66.900002,84.300003,80.699997,83.099998,83.300003
2019/9/15,3:05:00,G1108,84.199997,83.300003,80.800003,79.800003,79,82.199997,77.599998,84.900002,54.700001,64.900002,65,61.200001,64.599998,64.699997,67.099998,81.099998,73.300003,83.300003,83.900002
2019/9/15,3:05:00,G1109,84.400002,83.300003,82.599998,82.400002,82,84.300003,81.800003,85.199997,53.299999,65.099998,66.199997,62.700001,67.400002,68.699997,84.900002,62.400002,83.699997,85.400002,85.800003
2019/9/15,3:05:00,G1110,83.900002,82.400002,82,81.900002,82.699997,85.699997,85.800003,82.900002,51.900002,60.900002,65.800003,63.900002,70.400002,70.5,67.300003,78.5,85.599998,86.400002,86.599998
2019/9/15,3:05:00,G1111,85.300003,84.800003,84.400002,84.300003,85.300003,88.800003,86.099998,54.200001,46.099998,57.900002,64.900002,64,74.900002,71.400002,67.099998,84.599998,88.699997,86.900002,88.199997
2019/9/15,3:05:00,G1112,85.800003,85.300003,85,84.900002,85.800003,88.800003,85.400002,55.799999,45.599998,56,64.099998,67.199997,75.800003,72.5,70.099998,85.599998,89.099998,86.599998,87.800003
2019/9/15,3:05:00,G1113,86.800003,87.400002,86.800003,86.699997,87.900002,90.099998,84.900002,62.200001,49.799999,65,65.800003,72,77.800003,77.599998,82.400002,89.400002,90.5,87.199997,88.300003
2019/9/16,17:10:00,G1101,71,73,76,75.900002,73.599998,75.199997,75.300003,72.900002,90.199997,100,99.599998,99.5,95.800003,94.199997,96.699997,98.599998,95.699997,98,97
2019/9/16,17:10:00,G1102,70.599998,72.099998,75.300003,75.400002,73.5,75.099998,74.300003,72.599998,89.199997,100,99.800003,97,96.800003,95,96.900002,96.800003,95.099998,97.199997,97.199997
2019/9/16,17:10:00,G1103,69.199997,71.5,74.699997,74.400002,72.599998,74.699997,73.699997,71.199997,87.599998,99.300003,95.300003,88.699997,95.400002,93,94.199997,92.900002,92.199997,95,95.599998
2019/9/16,17:10:00,G1104,69.900002,72.099998,75.599998,75,72.900002,75.099998,74.099998,72.800003,88.900002,100,96.699997,84.699997,95.400002,91.800003,95.300003,94.300003,93.599998,96.400002,97.099998
2019/9/16,17:10:00,G1105,70.199997,72.800003,77,75.199997,73.300003,74.400002,74.300003,73.099998,89.199997,99.400002,93.5,79.400002,91.5,89.800003,92.400002,91.199997,92.300003,94.099998,95.699997
2019/9/16,17:10:00,G1106,70.300003,72.099998,75.800003,74.5,73.099998,72.900002,73.900002,73,88.599998,100,98.900002,80.199997,90.800003,91.599998,94.699997,93.400002,94.5,93.400002,92.099998
2019/9/16,17:10:00,G1107,71.699997,73.099998,76.800003,75.699997,74.400002,73.199997,73.900002,73.599998,90.099998,98.699997,94,79.099998,88.800003,89.5,91.599998,91.900002,92.400002,89.400002,85.400002
2019/9/16,17:10:00,G1108,71.400002,72.599998,76.400002,75.400002,74,72.699997,73.599998,73.400002,88.599998,97.400002,94,76.599998,85.5,87.900002,89.599998,89.099998,90.599998,86,83.5
2019/9/16,17:10:00,G1109,73.800003,75.300003,78.300003,77.800003,76.5,74.900002,75.699997,75.400002,90.400002,97.5,99.199997,82.5,85.699997,86.699997,87.5,85.900002,88.5,86.300003,80.900002
2019/9/16,17:10:00,G1110,75,76.199997,79.599998,79.099998,77.599998,76.300003,76.400002,77.099998,88.699997,96.199997,95.800003,88.099998,87.900002,83.300003,82.800003,82.699997,82,80.5,76.800003
2019/9/16,17:10:00,G1111,77.400002,78.699997,81.400002,81.099998,80,79.099998,78.5,79.199997,89,95.800003,92.5,86.599998,84.300003,83.900002,83.599998,82.199997,82,79.599998,77.900002
2019/9/16,17:10:00,G1112,78.099998,79.300003,81.699997,81.5,80.5,79.900002,78.800003,79.599998,87.900002,96.800003,98.099998,87.5,85.099998,83.300003,83.300003,81.900002,81.300003,79.099998,78.099998
2019/9/16,17:10:00,G1113,80.599998,81.400002,84,84.199997,83.300003,82.800003,81.199997,81.800003,87.199997,99.599998,94.5,88,86.099998,83.900002,85.099998,83.699997,82,80.099998,79.5
2019/9/17,15:40:00,G1101,66.5,61.299999,64.099998,62.700001,60.400002,59.299999,59,65.5,69.699997,78.599998,81.599998,81.400002,80.099998,80.699997,80.699997,80.5,80,79,79.900002
2019/9/17,15:40:00,G1102,NaN,NaN,NaN,NaN,NaN,NaN,NaN,NaN,NaN,NaN,NaN,NaN,NaN,NaN,NaN,NaN,78.800003,78,79.199997
2019/9/17,15:40:00,G1103,67.300003,59.299999,62.299999,61.299999,59.5,58.299999,58.599998,64.099998,67.800003,77.5,79.300003,79.199997,78.099998,78.900002,78.5,76.800003,76.599998,76.699997,77.699997
2019/9/17,15:40:00,G1104,67.300003,59.900002,62.5,61.099998,59.5,58.5,59.5,64.5,68.300003,78.199997,79.800003,79.800003,78.099998,79.099998,79.599998,77.300003,77,77.099998,78.300003
2019/9/17,15:40:00,G1105,66.699997,60,61.700001,61.599998,60.200001,58.900002,60.599998,64.199997,68.400002,77.599998,78.5,79,74.800003,77.199997,79.099998,76.699997,75.800003,75.599998,76.900002
2019/9/17,15:40:00,G1106,66.5,60.299999,61.400002,60.900002,59,58.5,60,64,67.699997,77.199997,77,79.199997,73.699997,76.099998,79.5,77,75.900002,75.300003,76.699997
2019/9/17,15:40:00,G1107,66.199997,61.599998,62,62,61.700001,60.400002,61.799999,64.900002,67.699997,76,74.800003,78.800003,74.199997,72.900002,78.099998,76.199997,76.599998,76.5,77.300003
2019/9/17,15:40:00,G1108,65.699997,61.299999,61.400002,61.5,61.5,60.299999,61.900002,64.900002,67.400002,75.800003,74.599998,77.300003,73.900002,72.5,77.099998,75.5,76,76.300003,76.599998
2019/9/17,15:40:00,G1109,66.5,62.900002,63.5,64.599998,63.5,62,65,65.900002,67.900002,78.300003,77,77.400002,76.300003,74.800003,75.599998,74.400002,76.800003,78.900002,78.900002
2019/9/17,15:40:00,G1110,65.699997,63.599998,64,65.099998,63.400002,62.200001,66.400002,67.900002,67.199997,80.099998,78,78,77,76.099998,75.199997,74.5,75.5,80.099998,80.5
2019/9/17,15:40:00,G1111,67.099998,63.200001,64.599998,66.199997,65.199997,64.400002,69.099998,69.300003,69.800003,82.900002,80.5,80.599998,79.099998,78.099998,77.599998,77.199997,77.699997,80.099998,81.5
2019/9/17,15:40:00,G1112,67.400002,63.799999,65.699997,66.900002,64.699997,63.299999,69.400002,69.800003,70.400002,83.300003,80.599998,80.900002,79.599998,78.400002,78.199997,77.800003,78.099998,80.300003,81.599998
2019/9/17,15:40:00,G1113,67.300003,65.199997,65.699997,67.599998,65.400002,65.099998,70.400002,70.900002,71.099998,84.199997,81.199997,82.199997,80.599998,79.5,79.599998,79.199997,79.400002,81.300003,82.400002
2019/9/17,17:15:00,G1101,80.199997,80.800003,80.900002,82.400002,82.599998,83.900002,85.599998,88.400002,92.699997,99.599998,97,92.800003,82.599998,96.800003,96.800003,97.699997,96.199997,97.099998,96.400002
2019/9/17,17:15:00,G1102,79.699997,80.400002,80.900002,81.900002,82,83.800003,85.800003,88.199997,91.800003,99.800003,95.5,90.400002,82.699997,97.699997,97,98.099998,96.900002,97.5,96.699997
2019/9/17,17:15:00,G1103,78.199997,79.199997,80,81.099998,81.300003,83.199997,85.199997,87.599998,91,99.199997,94.800003,89.199997,80.599998,94.800003,93.300003,96,95.599998,96.5,95.400002
2019/9/17,17:15:00,G1104,78.800003,79.5,80.900002,81.800003,82.099998,84.199997,86.5,89.300003,92.199997,100,94.199997,87.300003,82.400002,96.400002,94.400002,98,97.699997,98.300003,96.900002
2019/9/17,17:15:00,G1105,76.900002,77.800003,80,80.900002,81.199997,83.599998,86.5,89.099998,91.599998,98.800003,86.5,82.699997,82.099998,92.400002,88.5,95.099998,96.400002,96.599998,95.400002
2019/9/17,17:15:00,G1106,76.199997,77.300003,79.900002,81.199997,80.900002,84,87.400002,90.5,92.599998,98.300003,87.199997,77.5,83.800003,89.300003,84.300003,94.699997,97,97,95.900002
2019/9/17,17:15:00,G1107,77.400002,77.800003,77.699997,80.099998,80.900002,84.599998,87.900002,92.099998,93.300003,91.699997,79.300003,76.400002,82.5,83.599998,78.199997,90.300003,91.599998,88.599998,93.599998
2019/9/17,17:15:00,G1108,76.900002,77.599998,77.099998,79.099998,79.5,84.300003,87.400002,92.099998,93.099998,94.199997,77.599998,75.300003,83,83,73.5,88.800003,89.599998,85.699997,91.099998
2019/9/17,17:15:00,G1109,78.400002,79.800003,78.599998,79.699997,79.5,86,88.599998,95.5,96.199997,89.900002,79.800003,77.400002,82.300003,84.599998,73.199997,83.900002,85.300003,84.199997,85.099998
2019/9/17,17:15:00,G1110,79.300003,79,79.199997,80.5,80.099998,86.199997,89.400002,95.5,95.699997,86.800003,77.5,76.300003,76.599998,73.099998,66,82,82.300003,83.300003,85.900002
2019/9/17,17:15:00,G1111,81.400002,81.5,80.699997,82.199997,82.400002,87.5,91.800003,98.400002,97.5,79.800003,84.400002,82.5,76.099998,67.699997,67.300003,81.300003,82.800003,83.5,87.699997
2019/9/17,17:15:00,G1112,81.5,81.800003,81.099998,82.199997,83,86.800003,91.900002,98.099998,97.699997,85.400002,92.199997,91.800003,85.900002,80.800003,67.800003,79.400002,81.699997,78,85.699997
2019/9/17,17:15:00,G1113,82.599998,83.5,83.099998,83.400002,84.699997,87.199997,92.800003,100,100,89.300003,92.199997,79.900002,72.599998,60.200001,68.400002,77.599998,80.599998,74.099998,83.699997
2019/9/26,17:45:00,G1101,41.400002,39.5,39.599998,39.400002,38.900002,40.900002,39.799999,60.900002,63.299999,64.599998,64.300003,66.400002,67.599998,69.900002,71.699997,72,72.199997,72.699997,73.199997
2019/9/26,17:45:00,G1102,39.400002,38.900002,38.599998,38.799999,38.400002,39.599998,38.799999,60.599998,63.099998,63.5,63.299999,64.400002,66.300003,69.300003,70.599998,69.900002,70.400002,71,71.199997
2019/9/26,17:45:00,G1103,38.599998,38.099998,35.799999,37.700001,38.200001,38.700001,38.099998,60.700001,63.099998,62.099998,62.299999,63.900002,65.900002,67.699997,68.699997,68.900002,68.900002,69.199997,69.199997
2019/9/26,17:45:00,G1104,38.099998,38.099998,35.599998,37.700001,38.200001,38.700001,37.900002,61.599998,63.700001,62.599998,62.900002,64.699997,66.800003,68.400002,69.300003,69.699997,69.599998,69.5,69.900002
2019/9/26,17:45:00,G1105,35.599998,37.200001,35.700001,36.799999,37.700001,39.299999,37.599998,61.799999,62.900002,62.900002,63.200001,65.300003,67,67.800003,69.199997,69.699997,69.900002,69.800003,70
2019/9/26,17:45:00,G1106,36.299999,37,35.5,36.599998,37.700001,39.299999,36.799999,60,62.700001,63,63.400002,65.699997,67,67.599998,69,69.800003,69.699997,69.900002,70.099998
2019/9/26,17:45:00,G1107,37.799999,37.900002,35.900002,37.200001,38.200001,40.200001,37,54.900002,62.400002,64.199997,64.400002,66.900002,68,68.400002,69.800003,70.5,70.699997,71.400002,71.199997
2019/9/26,17:45:00,G1108,38.099998,37.400002,35.900002,37.099998,37.900002,40.099998,36.700001,53.799999,62,63.700001,64.099998,66.5,67.599998,68.099998,69.5,70.099998,70.300003,71,71
2019/9/26,17:45:00,G1109,40.299999,38.900002,36.900002,38.799999,39.299999,41.5,38.900002,54.099998,58.5,65.599998,66.099998,68.599998,68.900002,69.699997,71.400002,71.900002,72.699997,73,72.800003
2019/9/26,17:45:00,G1110,38.700001,36,38.599998,40.400002,43.400002,40.400002,41.400002,57.200001,65.699997,66.300003,68.099998,68.5,68,71.199997,71.900002,73,73.099998,73.300003,73.300003
2019/9/26,17:45:00,G1111,44.700001,40.900002,36.299999,40,43.400002,44.900002,41.5,41.200001,56.700001,65.699997,68.5,69.800003,69.400002,70,73.199997,73.699997,74.5,73.900002,74.300003
2019/9/26,17:45:00,G1112,41,35.5,40.400002,43.599998,44.5,42.099998,41.799999,59.200001,67.199997,68.400002,69.599998,70,70.900002,72.199997,72.599998,75.199997,74.599998,74.599998,75.400002
2019/9/26,17:45:00,G1113,NaN,37.299999,37.299999,40.900002,44.599998,44.599998,41,64.800003,58.400002,68.5,66.199997,71.699997,71.699997,71.800003,74.400002,75.099998,75.400002,76.599998,77.300003
2019/10/6,14:55:00,G1101,59.799999,62,64,62.200001,62.200001,62.099998,64.5,70.300003,75.5,76.400002,78.300003,78.300003,77,76.900002,77.5,75.099998,74.800003,75.300003,74.800003
2019/10/6,14:55:00,G1102,59.200001,60.900002,63,61,61.5,61.599998,63.099998,70.300003,75.599998,76.599998,78.300003,78.199997,76.5,76.800003,77.5,75.199997,74.599998,75.5,73.699997
2019/10/6,14:55:00,G1103,59.700001,60.400002,61.900002,59.599998,60.900002,60.799999,61.599998,70.800003,75.900002,77,78,77.800003,76.300003,76.699997,77,75.099998,74.5,75.400002,73.300003
2019/10/6,14:55:00,G1104,60.599998,60.900002,61.799999,60,61,61.599998,61.700001,71.699997,77.099998,78.099998,79,79,77,77.599998,78.400002,76.099998,75.300003,76.400002,74
2019/10/6,14:55:00,G1105,60.700001,60.700001,60.299999,60.099998,60.5,61,62,72.199997,77.900002,78.099998,77.900002,78.300003,76.900002,78,77.800003,77.699997,76.400002,77.699997,74.5
2019/10/6,14:55:00,G1106,59.799999,60,59.599998,59.700001,60,60.799999,61.700001,71.699997,77.5,78.199997,79,78.300003,73.800003,77.099998,78,75.699997,74.599998,75.800003,73.699997
2019/10/6,14:55:00,G1107,60.799999,61,60.200001,60.799999,60.900002,62,62.599998,72.800003,79.400002,79.699997,80.5,79.099998,74.199997,78.300003,76.800003,76.300003,75.199997,77.599998,74.699997
2019/10/6,14:55:00,G1108,60.400002,60.799999,59.799999,60.599998,60.5,61.700001,62.299999,72.5,79.300003,79.5,80.5,78.900002,72.800003,78,76,75.599998,74.800003,77.300003,74.5
2019/10/6,14:55:00,G1109,62.599998,62.700001,61.799999,62.599998,62.700001,63.799999,64.599998,74.400002,81.800003,81.800003,82.199997,78.5,73,77.599998,75.099998,76,76.400002,79.5,76.199997
2019/10/6,14:55:00,G1110,62.299999,62.799999,62.299999,62.799999,63.299999,64.400002,64.900002,75.099998,82.599998,81.900002,79.099998,76.400002,71.300003,73.900002,71,71.699997,76.5,80.099998,76.400002
2019/10/6,14:55:00,G1111,64.300003,64,64.199997,64.400002,65.099998,65.800003,66.5,77,84.400002,82.300003,78.900002,75,69.900002,75.800003,71.900002,71.400002,77.300003,81.699997,78.400002
2019/10/6,14:55:00,G1112,64.699997,64.5,64.599998,64.800003,65.400002,66.199997,67,77.400002,84.199997,81.199997,78.099998,73.800003,69.199997,73.800003,70.199997,70.599998,76.900002,81.800003,78.800003
2019/10/6,14:55:00,G1113,66,65.900002,66,66.099998,67,68.099998,68.5,79.199997,86.199997,80.199997,78.5,74.199997,68.800003,68.599998,64.300003,67.800003,73.800003,83.199997,81.199997
2019/10/13,2:55:00,G1101,79.300003,77,76.5,77.400002,76.699997,73.900002,70.5,77.300003,84.900002,87.599998,90.5,90.300003,86.699997,85.900002,89.099998,90,88.800003,88.5,89.5
2019/10/13,2:55:00,G1102,77.5,75.900002,75.199997,76.800003,75.099998,72.599998,70.599998,75.900002,83.5,87,89.800003,89.5,86.199997,85.400002,88.300003,89.400002,88.300003,87.900002,88.800003
2019/10/13,2:55:00,G1103,76.199997,74.5,74.099998,76.300003,73.5,71.300003,70.199997,75.400002,84,85.199997,89.099998,88.900002,85.199997,85,88.300003,89,88.199997,87.400002,88
2019/10/13,2:55:00,G1104,76.599998,74.400002,74,77.199997,74,71.800003,71.099998,75.5,83.699997,86.300003,89.699997,89.699997,86.400002,86.300003,89.5,90.300003,89.699997,88.800003,89.699997
2019/10/13,2:55:00,G1105,75.199997,71.400002,72.900002,76.199997,72.300003,68.599998,70.800003,75.400002,82.599998,84.199997,87.800003,88,85.400002,85.5,88.5,89,89,87.599998,88.599998
2019/10/13,2:55:00,G1106,74.900002,70.300003,71.5,75.900002,71.800003,67.800003,70.400002,75.699997,82.599998,84.599998,87.800003,88,85.300003,85.800003,89,89.300003,89.599998,87.900002,89.199997
2019/10/13,2:55:00,G1107,74.800003,71.900002,73.900002,74.900002,71.099998,68,69.900002,76.900002,83.400002,85.699997,87.800003,87.800003,85.699997,87.400002,90.599998,89.599998,90.5,89.199997,90.400002
2019/10/13,2:55:00,G1108,74.800003,72,73.699997,74,72,66.900002,69.5,76.699997,83.300003,85.400002,87.300003,87.400002,85.199997,87.199997,90.699997,89.800003,90.400002,88.599998,90.300003
2019/10/13,2:55:00,G1109,79.5,74.400002,77.800003,75.400002,71.699997,64.599998,69.400002,78.099998,85.300003,87,88.599998,89.099998,86.699997,89.300003,92.699997,90.800003,91.800003,89.800003,91.300003
2019/10/13,2:55:00,G1110,83.400002,77.800003,79.699997,79.699997,70.199997,62.400002,68.300003,77.699997,85.300003,86.300003,87.400002,88.900002,86.400002,89.900002,93.099998,88.300003,91.599998,88.300003,89.099998
2019/10/13,2:55:00,G1111,88.400002,81.699997,83.5,82.699997,71.300003,66.400002,68.300003,78.5,87.300003,87.5,88.300003,89.300003,87.300003,90.199997,93.800003,86.699997,90.800003,87.400002,87.400002
2019/10/13,2:55:00,G1112,89.099998,82.599998,83.300003,83.199997,71.5,68.800003,68.5,78.699997,87.599998,87.599998,87.699997,88.199997,87.199997,89.800003,93.199997,85.5,90,86.699997,86.099998
2019/10/13,2:55:00,G1113,93.599998,85.900002,85.300003,84.300003,72.599998,74,67.900002,79.599998,88,88.599998,87.900002,87.599998,88,90.400002,93.199997,86.199997,89.099998,87.300003,86.199997
2019/10/14,4:10:00,G1101,81.900002,81.400002,80,78.800003,77.300003,76.599998,78.5,84.099998,89.5,90.599998,90.099998,91.199997,91.900002,92.5,91.599998,91.5,92.099998,90.800003,90.699997
2019/10/14,4:10:00,G1102,81,79.699997,78.900002,77.699997,77,76.099998,78.099998,83.5,88.400002,89.699997,89.099998,90,90.599998,91.5,90.199997,90.099998,90.900002,90.300003,90.199997
2019/10/14,4:10:00,G1103,79,78.699997,78,76.699997,76.099998,76,77.900002,82.800003,86.900002,87.199997,87.199997,88.400002,89,89.199997,87.300003,87.599998,88.199997,88.699997,88.099998
2019/10/14,4:10:00,G1104,79.699997,79.400002,78.800003,77.400002,76.699997,77.300003,78.900002,83.699997,88,87.699997,87.699997,89.900002,90,90.099998,87.800003,88.300003,88.699997,89.099998,88.900002
2019/10/14,4:10:00,G1105,78.699997,78.400002,77.900002,76.800003,75.300003,76.5,78.099998,81.400002,84.699997,85.300003,85.800003,88.099998,87.900002,87.5,86.699997,87,87,87.099998,87.199997
2019/10/14,4:10:00,G1106,78.900002,78.800003,78.199997,77.300003,75.199997,76.900002,78.300003,81.099998,84.5,85.300003,85.800003,87.599998,88.099998,88.199997,86.900002,86.699997,86.599998,87.099998,87.300003
2019/10/14,4:10:00,G1107,79.800003,80.400002,79.800003,79.300003,76.599998,78.900002,79.800003,82,84.800003,86.099998,87.199997,88.699997,89.099998,88.800003,86.599998,84.699997,83.599998,85.5,86.199997
2019/10/14,4:10:00,G1108,79.5,80.099998,79.699997,79,76.300003,78.699997,79.699997,81.800003,84.400002,85.699997,87,88.300003,88.599998,88,84.599998,82.5,82.400002,84.599998,84.900002
2019/10/14,4:10:00,G1109,81.599998,82.199997,81.900002,81.099998,77.900002,81,81.900002,83.400002,85.599998,87.199997,88.599998,89.199997,89.800003,87.699997,81.300003,79.900002,79.400002,80.699997,79.5
2019/10/14,4:10:00,G1110,83,82.599998,82.699997,81.800003,78.900002,82.099998,82.300003,84.5,85.5,87.199997,88.099998,86.900002,88.800003,84.699997,79.699997,78.599998,78.5,77.699997,77.5
2019/10/14,4:10:00,G1111,84.699997,85.099998,84.599998,84.5,81.199997,84.400002,83.900002,86.300003,86,86.699997,87.199997,83.900002,84.599998,84.5,82,80.199997,79.300003,78.300003,78
2019/10/14,4:10:00,G1112,85.400002,85.699997,84.800003,84.400002,81.800003,84.699997,84.300003,86.800003,85.5,85.800003,85.699997,83.300003,83.599998,84.199997,82.400002,80.599998,79.300003,78.400002,78.099998
2019/10/14,4:10:00,G1113,87.300003,87.599998,86.199997,85.800003,83.199997,86,85.400002,88,85.800003,86.300003,85.900002,84.800003,84.400002,83.800003,83.5,82.300003,80.199997,79.300003,79.099998
2020/2/15,23:10:00,G1101,96.800003,97.099998,97.599998,97.099998,96.900002,97.099998,96.900002,96.599998,95.599998,95.5,95.5,95.5,95.300003,95.099998,94.5,94.5,94.900002,95.5,95.300003
2020/2/15,23:10:00,G1102,97.300003,97.300003,97.400002,97.599998,97.400002,97.199997,97.199997,96.800003,96,96.099998,95.400002,95.400002,95.5,95.400002,94.900002,94.599998,95.099998,95.599998,95.900002
2020/2/15,23:10:00,G1103,96.900002,97.199997,97.099998,97.199997,96.800003,96.699997,97,97,95.599998,96.300003,95.5,95,95.400002,95.599998,94.900002,94.5,95.300003,95.300003,95.300003
2020/2/15,23:10:00,G1104,98.599998,98.699997,98.800003,98.699997,98.599998,98.5,98.699997,98.5,97.800003,97.599998,97.300003,97.099998,97.099998,97.300003,96.5,96.099998,96.5,96.900002,96.900002
2020/2/15,23:10:00,G1105,96.900002,96.5,96.199997,96.199997,96.300003,96.400002,96.400002,96.400002,96.099998,96.099998,95.599998,95.099998,95.5,95.199997,94.800003,94,94.5,95.099998,95.199997
2020/2/15,23:10:00,G1106,97,97,96.900002,96.699997,96.800003,96.800003,96.5,96.800003,96.5,96.400002,96.300003,96.199997,96.300003,96.300003,95.900002,95.800003,95.699997,96,95.900002
2020/2/15,23:10:00,G1107,97.599998,97.199997,97,97.199997,97.300003,97.099998,97,97.800003,97.699997,97.199997,97.599998,97.900002,98,97.699997,97.5,97.199997,97.599998,97.5,97.400002
2020/2/15,23:10:00,G1108,97.099998,96.800003,96.599998,96.699997,97,96.900002,96.699997,97.199997,97.300003,97,97.5,97.5,97.800003,97.400002,97.400002,97.199997,97.599998,97.400002,97.199997
2020/2/15,23:10:00,G1109,98,98.199997,97.900002,98,98.199997,98.400002,98.300003,98.5,98.300003,99.099998,98.699997,98.900002,99.300003,99,99.400002,99.300003,99.900002,99.800003,99.300003
2020/2/15,23:10:00,G1110,97.099998,97.5,97,97,97.400002,97.5,97.5,97.900002,98.099998,98.599998,98.199997,98.099998,98.5,98.199997,98.800003,99.099998,99.099998,98.900002,99.099998
2020/2/15,23:10:00,G1111,97.900002,98,98,97.900002,98.199997,98.300003,98.599998,99.300003,99.699997,99.5,99.599998,100,100,99.300003,100,100,100,100,100
2020/2/15,23:10:00,G1112,97.199997,97.599998,97.599998,97.099998,97.699997,97.599998,97.900002,98.699997,99.099998,99.199997,99.800003,100,99.699997,99.400002,100,99.900002,100,100,100
2020/2/15,23:10:00,G1113,98.800003,99,99,97.800003,99.5,99.699997,100,100,100,100,100,100,100,100,100,100,100,100,100
2020/5/10,15:40:00,G1101,64.900002,64.800003,65.5,66.199997,NaN,68.599998,68.900002,72,73.199997,65.599998,63.799999,69.400002,86.900002,91.800003,NaN,92.400002,92.099998,91.400002,91.5
2020/5/10,15:40:00,G1102,65.400002,65.300003,65.699997,66.800003,66.699997,68.5,68.800003,72.300003,73.300003,66.099998,63.799999,69.400002,85.699997,91.199997,NaN,91.900002,91.699997,90.5,89.400002
2020/5/10,15:40:00,G1103,66.199997,66,66.199997,67.099998,66.900002,67.800003,68.599998,72.400002,73.699997,66.400002,64.5,69.5,85.300003,91.099998,90.300003,91.400002,90.400002,89.099998,87.599998
2020/5/10,15:40:00,G1104,67.5,NaN,67.800003,NaN,67.900002,NaN,NaN,73.800003,NaN,NaN,NaN,NaN,NaN,NaN,NaN,93.099998,NaN,90.800003,NaN
2020/5/10,15:40:00,G1105,67.099998,67,67.699997,67.900002,67.400002,67.699997,69,73,74.300003,66.5,64.699997,70.800003,86.900002,91.5,89.199997,91.099998,88.699997,84.400002,86
2020/5/10,15:40:00,G1106,66.800003,66.900002,67.300003,67.699997,67.400002,67.699997,68.400002,72.699997,74.199997,66.099998,64.099998,70.099998,85.900002,90.699997,88.099998,90.699997,87.599998,83,81
2020/5/10,15:40:00,G1107,68.400002,68.5,69,69.400002,68.900002,68.900002,69.800003,73.900002,75.800003,67.699997,65.5,71.599998,84.400002,90.800003,84.199997,90.099998,85.400002,81.5,75.300003
2020/5/10,15:40:00,G1108,68.699997,68.900002,69.199997,69.699997,69.199997,69.199997,70.199997,74.099998,76.099998,68,65.599998,71.699997,86.5,91.5,85.199997,89.400002,84.699997,81.699997,74.800003
2020/5/10,15:40:00,G1109,70.199997,70.599998,70.800003,71.800003,71.300003,71,71.699997,75.599998,77.5,69.800003,68.400002,74.599998,84.400002,91.599998,87.300003,86.599998,84.5,79.800003,74.900002
2020/5/10,15:40:00,G1110,70.5,71.5,71.400002,72.599998,71.900002,71.599998,71.900002,75.5,77.900002,70.599998,68.300003,71.900002,81.099998,91.099998,87.300003,81.099998,81.699997,77.300003,72.800003
2020/5/10,15:40:00,G1111,73,74,73.699997,74.599998,74.099998,73.800003,73.699997,77.300003,79.199997,72.400002,71.199997,72.199997,79.800003,90.300003,87.099998,81.400002,80.5,76.900002,72.599998
2020/5/10,15:40:00,G1112,73.599998,74.300003,74,74.900002,74.300003,74,73.900002,77.400002,78.900002,72.800003,70.699997,71.800003,77.199997,85.800003,86,81.199997,80.400002,77.5,70.199997
2020/5/10,15:40:00,G1113,76.199997,77.099998,76.599998,77.800003,77.099998,76.599998,76.5,80.5,80.699997,75.099998,73.199997,73.599998,76.199997,85.5,87.099998,83.699997,83.300003,79.699997,70.699997
2020/5/11,20:55:00,G1101,83.5,NaN,83.699997,83.300003,83.400002,82.800003,83.300003,79.300003,91.699997,95.900002,97.199997,98.099998,98.300003,97.599998,96.699997,95,NaN,95.400002,94.599998
2020/5/11,20:55:00,G1102,83.5,NaN,83.800003,83.400002,83.300003,82.599998,82.800003,78.900002,91,96.099998,97.300003,98.199997,98.599998,97.400002,96.599998,94.400002,NaN,94.900002,94.300003
2020/5/11,20:55:00,G1103,83.5,83,83.900002,83.5,83.300003,83,82.599998,79.599998,93.900002,97.199997,97.199997,98.199997,98.599998,97.5,96.199997,94.199997,94.099998,93.699997,93.300003
2020/5/11,20:55:00,G1104,85.199997,NaN,85.699997,NaN,NaN,NaN,NaN,NaN,NaN,NaN,98.5,NaN,100,NaN,97,NaN,95.599998,NaN,94.699997
2020/5/11,20:55:00,G1105,83.800003,83.5,84.400002,84.300003,84,83.599998,82.800003,79.400002,90.5,94.699997,96.199997,97.400002,96.599998,95.099998,93.699997,91,92.300003,92.099998,92.900002
2020/5/11,20:55:00,G1106,84.599998,84.300003,85.099998,84.900002,84.800003,84.199997,83.599998,79.800003,91.199997,95.599998,96.300003,97.5,97.5,95.199997,92.900002,90.900002,92.5,91.599998,93
2020/5/11,20:55:00,G1107,86,86.099998,87,86.599998,86.300003,86.099998,85.300003,81.800003,97.099998,98.5,98.800003,98.900002,98.699997,95,91.900002,90.900002,94,92.5,95.099998
2020/5/11,20:55:00,G1108,86.400002,86.400002,87.400002,86.699997,86.5,86.300003,85.599998,82.099998,97.400002,98.699997,99.199997,99.099998,98.900002,95.199997,91.800003,90.099998,93.800003,92.099998,94.900002
2020/5/11,20:55:00,G1109,88.300003,88.099998,88.800003,88.800003,87.800003,87.400002,87.300003,83.900002,95.5,99.400002,99.800003,100,100,98.099998,93.5,92.300003,95.699997,94.199997,96.699997
2020/5/11,20:55:00,G1110,89.300003,88.900002,88.900002,89,87.800003,87.199997,88,84.800003,97.099998,99.900002,99.300003,99.300003,99.199997,98,92.5,90.900002,94.800003,93.5,95.5
2020/5/11,20:55:00,G1111,91.5,90.400002,90,90.5,88.400002,86.699997,90.400002,87.800003,97.800003,100,99.599998,99.699997,98.300003,98.5,92.400002,91.199997,95.5,93.599998,96.300003
2020/5/11,20:55:00,G1112,91.599998,90.199997,89.400002,90.300003,87.400002,85.599998,90.300003,87.099998,95.699997,99.5,98.699997,98.699997,98.400002,98.800003,92,90.400002,94.900002,92.900002,95.099998
2020/5/11,20:55:00,G1113,94.199997,93.599998,91.199997,92.900002,89.400002,86.699997,93.400002,90.199997,99.199997,100,100,100,100,100,94.599998,93.099998,98.900002,95.699997,98.800003
2020/5/18,2:10:00,G1101,73.199997,72.400002,72.300003,NaN,73.5,NaN,72.099998,77.800003,91.400002,92.300003,91.099998,88.099998,88.300003,88.099998,87.900002,88.800003,92.300003,NaN,NaN
2020/5/18,2:10:00,G1102,71.099998,70.599998,71.699997,72.199997,72.699997,72.5,71.699997,74.800003,90.699997,91.599998,89.599998,87.699997,87.699997,87,86,87.900002,92.699997,NaN,92.300003
2020/5/18,2:10:00,G1103,71.199997,70.900002,70.599998,71.099998,72.199997,72.300003,71.400002,73.800003,90.400002,89.599998,88.400002,87.599998,86.5,85.599998,85.5,87.199997,92.5,93.800003,92.5
2020/5/18,2:10:00,G1104,NaN,71.800003,NaN,NaN,73,NaN,72.599998,NaN,90.599998,NaN,89.400002,NaN,86.800003,NaN,87.199997,NaN,NaN,NaN,94.400002
2020/5/18,2:10:00,G1105,70.400002,70.199997,69.900002,71,71.400002,71.5,71.400002,72.599998,89,87.400002,86.5,NaN,86.099998,86.400002,86.699997,85.699997,88.800003,91.400002,90.300003
2020/5/18,2:10:00,G1106,70,69.900002,70,70.599998,70.400002,71.099998,71,72.400002,89.5,88.199997,87.099998,87,85.699997,86.300003,87,86.900002,86.800003,88.300003,88.300003
2020/5/18,2:10:00,G1107,70.199997,70.900002,70.699997,71.099998,71.400002,70.699997,70.800003,73.300003,89.5,88.099998,87.800003,87.5,87.199997,87,87.199997,87.599998,87.800003,86.5,84.300003
2020/5/18,2:10:00,G1108,70.5,71.099998,70.800003,71.099998,71.300003,70.400002,70.5,73.599998,89.099998,88.099998,88,87.800003,87.5,87.099998,87.199997,87.300003,87.699997,85.099998,83.099998
2020/5/18,2:10:00,G1109,72.199997,72.199997,71.800003,72.300003,72.199997,71.800003,71.699997,74.300003,88.599998,88.699997,89.400002,88.800003,88.699997,87.5,86.5,83.900002,84.199997,84,82.5
2020/5/18,2:10:00,G1110,72.5,71.900002,71.900002,72.099998,72.400002,72.5,72.099998,74,85.599998,88.099998,88.800003,88.400002,87.900002,85.599998,82.599998,82.699997,83.5,83.5,82
2020/5/18,2:10:00,G1111,74,73.400002,73.900002,74.699997,74.800003,74.699997,74.300003,76,86.5,89.199997,90.099998,90.300003,88.400002,85.099998,84.300003,83.900002,84.400002,84.800003,83.199997
2020/5/18,2:10:00,G1112,73.699997,73.199997,73.900002,74.5,74.900002,74.599998,74.300003,75.400002,85.900002,88.699997,90.099998,89.900002,87.5,84.400002,84.199997,83.400002,84.099998,84.099998,83.400002
2020/5/18,2:10:00,G1113,75.300003,74.900002,75.699997,76.099998,76.900002,76.699997,76.599998,77.400002,89.300003,89.900002,92.099998,90.300003,89.300003,86.800003,87.199997,86,85.5,85.300003,85.900002
2020/5/20,13:10:00,G1101,75.300003,76.199997,76.5,74.900002,74.800003,76.099998,78.199997,85.599998,92.800003,93.800003,94.599998,91.400002,91.800003,92.400002,NaN,90.5,90.599998,91.199997,88.5
2020/5/20,13:10:00,G1102,74.800003,75.800003,76.199997,75,74.599998,76.300003,77.699997,84.800003,92.099998,94.199997,94.300003,90.699997,89.800003,90.300003,NaN,89,89.400002,89.599998,88.400002
2020/5/20,13:10:00,G1103,74.599998,75.900002,76.199997,75.5,75.300003,76.599998,77.300003,83.099998,88.800003,92.300003,92.699997,89.900002,88.400002,86.599998,87.599998,87.900002,88.5,88.699997,87.800003
2020/5/20,13:10:00,G1104,75.800003,NaN,77.599998,NaN,76.699997,NaN,78.800003,NaN,91.5,NaN,95.099998,91.5,89.699997,NaN,88.300003,89.300003,90.599998,NaN,88.099998
2020/5/20,13:10:00,G1105,74.599998,76.900002,77.300003,76.599998,76.599998,78.5,78.599998,84.699997,89.599998,91.099998,92.599998,88.400002,87.099998,85.699997,85.699997,87,89,88.099998,84.900002
2020/5/20,13:10:00,G1106,74.400002,76.5,76.699997,76.5,76.5,77.5,78.300003,86.599998,91,91.300003,92.699997,88.099998,87.5,85.599998,86,87.699997,89.199997,87.599998,83.900002
2020/5/20,13:10:00,G1107,76.199997,78,78.099998,78,78.099998,78.699997,79.5,87.099998,90.599998,91.099998,91.199997,88.5,86.300003,86,87.599998,89.599998,88.300003,87.5,83.900002
2020/5/20,13:10:00,G1108,76.599998,78.199997,78.300003,78.300003,78.400002,79,79.900002,87.5,91.800003,91.800003,91.599998,88.400002,86.199997,86.099998,87.900002,89.800003,88.099998,87.199997,83.900002
2020/5/20,13:10:00,G1109,78.599998,79.599998,79.699997,79.900002,80.099998,80.900002,81.5,88.300003,92.900002,94,93.699997,91,87.199997,88,89.699997,89.800003,87.199997,87.199997,85.099998
2020/5/20,13:10:00,G1110,79.5,80.199997,80.400002,81,80.800003,81.199997,82.5,88.300003,92.400002,93,92.599998,89.400002,87.300003,87.900002,89.300003,87.300003,86.099998,85.400002,85.5
2020/5/20,13:10:00,G1111,82,82.5,82.599998,83.199997,83,83.5,85,89.599998,93.300003,94.099998,94.400002,91.099998,89.400002,89.699997,90.5,89,87.699997,87.300003,87.5
2020/5/20,13:10:00,G1112,82.099998,82.699997,82.900002,83.300003,82.900002,83.400002,85.099998,90.099998,93.400002,94,94.5,91.400002,89.300003,89.5,89.5,88.599998,87.599998,87.199997,87.099998
2020/5/20,13:10:00,G1113,85.800003,86.099998,86.599998,86.800003,86.599998,86.699997,89.199997,94.900002,97,97.5,97.5,94.5,92.5,92.699997,92.5,91.300003,91,90.699997,90.099998
2020/5/21,15:25:00,G1101,86.300003,NaN,86.300003,87.300003,86.199997,86.900002,86.900002,NaN,88.300003,NaN,96.400002,NaN,96.400002,95.199997,95.599998,96.099998,96.5,96.099998,95
2020/5/21,15:25:00,G1102,86.400002,NaN,86.300003,86.900002,86.5,86.599998,86.800003,NaN,88.900002,NaN,96.400002,NaN,96,94.099998,95.400002,96,96.5,96.199997,95
2020/5/21,15:25:00,G1103,86.300003,86.199997,86.5,87,86.5,86.300003,86.5,NaN,86.800003,NaN,95.400002,95.5,95.300003,93.599998,95.5,95.800003,96.699997,96.099998,94.5
2020/5/21,15:25:00,G1104,88.400002,NaN,NaN,NaN,88.300003,NaN,NaN,NaN,NaN,NaN,NaN,NaN,NaN,NaN,96.900002,NaN,98.699997,NaN,95.400002
2020/5/21,15:25:00,G1105,87.099998,87.300003,87.300003,87.199997,86.900002,86.699997,87.199997,NaN,86,93.699997,94.300003,95.699997,94,92,94.5,95.800003,96.099998,93.199997,85.099998
2020/5/21,15:25:00,G1106,87.699997,87.800003,87.900002,87.699997,87.300003,87.699997,87.800003,86,85.599998,93.099998,94.599998,95.199997,93.599998,92,94.800003,96.699997,95.599998,86.400002,79.599998
2020/5/21,15:25:00,G1107,89.699997,90,89.699997,89.599998,89.099998,89.900002,89.5,81.900002,86.5,93.300003,95.300003,95.099998,92.099998,93.5,96.300003,97.099998,91.599998,77.800003,75.300003
2020/5/21,15:25:00,G1108,90.400002,90.400002,90.400002,90.099998,89.599998,90.199997,90,83.300003,85.900002,94,94.5,95.199997,92.099998,93.5,95.800003,97.199997,90.900002,76.699997,74.800003
2020/5/21,15:25:00,G1109,92.400002,92.5,92.300003,92,92,92.199997,91.800003,82.900002,87,93.199997,96.099998,96.099998,92.300003,96,96.800003,97.400002,83.800003,75.099998,75.199997
2020/5/21,15:25:00,G1110,93.199997,93.300003,93.300003,92.900002,92.699997,92.900002,92.599998,83.300003,89.599998,95,96,93.199997,90.800003,96.300003,96.5,96.199997,77.5,69.599998,74.400002
2020/5/21,15:25:00,G1111,95.5,NaN,95.5,95.599998,95.300003,95.300003,95.300003,84.199997,93.400002,96.300003,96.5,93.5,93.699997,97.199997,99.199997,96.5,77.800003,68,76.5
2020/5/21,15:25:00,G1112,95.599998,95.5,95.599998,95.5,95.199997,95.5,95.599998,84.900002,92.599998,95.699997,95.5,92.300003,93,97.5,98.699997,92.5,78.699997,67.400002,76.400002
2020/5/21,15:25:00,G1113,98.699997,98.800003,98.800003,98.800003,98.300003,98.800003,99,88.900002,94.800003,NaN,99,95.800003,96.599998,99.800003,100,90.099998,79,69,77.5
2020/5/22,20:15:00,G1101,90.400002,91.199997,91.599998,92.099998,92.099998,90.400002,93.199997,92.699997,94.300003,94.599998,94.400002,NaN,95.5,95.199997,95.5,NaN,95.199997,96.5,95.800003
2020/5/22,20:15:00,G1102,90.599998,91,91.5,91.599998,91.099998,89.900002,93,92.400002,92.900002,94,93.300003,94.199997,94.800003,94.800003,95.300003,95.099998,94.900002,96.099998,95.599998
2020/5/22,20:15:00,G1103,90.900002,90.800003,91.300003,91.400002,91,89.699997,92.5,91.199997,91.599998,92.199997,91.900002,92.599998,92.900002,93.699997,94.5,94.5,94.300003,95.199997,95.300003
2020/5/22,20:15:00,G1104,NaN,92.699997,NaN,93.099998,NaN,NaN,NaN,92.5,NaN,93.099998,NaN,93.699997,NaN,95.900002,NaN,96,NaN,96.800003,NaN
2020/5/22,20:15:00,G1105,90.900002,90.800003,91,90.900002,90.599998,89.599998,92.5,90.699997,88.300003,87.900002,87.099998,90.400002,90.5,93.099998,94.400002,91.900002,92.5,94,94.400002
2020/5/22,20:15:00,G1106,90.699997,90.900002,91,91,90.099998,89.599998,92.699997,89.800003,86.400002,87.800003,86.400002,89.400002,88.900002,92.599998,93.800003,89.199997,92.199997,94,94.199997
2020/5/22,20:15:00,G1107,88.099998,87,88.800003,87,88.800003,89.800003,94.400002,87.699997,86.099998,86.199997,86.199997,88.199997,88.5,90.699997,90.800003,89,92.900002,95.5,93.300003
2020/5/22,20:15:00,G1108,88.099998,87,88.199997,86.599998,88.400002,89.599998,93.900002,87.900002,85.5,85.900002,85.900002,87.699997,87.900002,91.400002,91.400002,89,92.699997,95.099998,94.5
2020/5/22,20:15:00,G1109,90.099998,88.599998,88.599998,88.199997,87.300003,88.400002,94.599998,86.5,85.5,86.699997,87.699997,88.900002,89.099998,91,91.699997,90.400002,93.599998,96.099998,95.699997
2020/5/22,20:15:00,G1110,91.300003,90.900002,89.599998,89.099998,87.199997,87.599998,94.5,84.5,84.5,86.099998,86,88,88.300003,90.5,90.900002,90.699997,93.599998,96.800003,94.699997
2020/5/22,20:15:00,G1111,94.099998,93.699997,93.300003,92.5,90.900002,90.199997,96.5,85.199997,85.699997,87,89.5,89,88.699997,92.199997,93,92.400002,96.099998,99,94.199997
2020/5/22,20:15:00,G1112,94,93.900002,93.400002,92.599998,91.199997,90.5,96.900002,84.800003,85.599998,87.099998,88.800003,88.300003,89.199997,91.900002,92.300003,92.699997,96.699997,99,92.300003
2020/5/22,20:15:00,G1113,97.5,97.099998,97.199997,95.5,95,93.900002,99.900002,87.800003,88.5,91.5,89.900002,90.099998,91.199997,95.400002,94.599998,94.599998,99.900002,100,97.400002
2020/6/2,13:20:00,G1101,79.400002,80.199997,79.900002,78.5,78.800003,79,80.5,84.699997,86.099998,85.099998,90.599998,92,93.800003,94.800003,94.400002,92.099998,93.099998,93,91.900002
2020/6/2,13:20:00,G1102,79.400002,80,79.300003,78.300003,78.5,78.699997,80,84.599998,86.199997,84.699997,90.5,92.099998,93.699997,94.199997,93.599998,91.699997,93.300003,92.199997,91.5
2020/6/2,13:20:00,G1103,79.400002,80,79.5,78.800003,78.800003,79.199997,80.599998,85,86.900002,84.800003,90.300003,92.400002,93.900002,92.300003,91.900002,90.900002,92.599998,90.800003,90.300003
2020/6/2,13:20:00,G1104,81,81.699997,80.900002,80.099998,79.800003,80.800003,82.099998,86.800003,88.699997,86.699997,92.800003,94.199997,95.300003,93.300003,92.699997,92.800003,94.199997,91.699997,91.400002
2020/6/2,13:20:00,G1105,79.599998,80.400002,79,78.599998,78.699997,79.099998,80.199997,86.5,87.699997,86,90,91.800003,90.900002,84.300003,89.199997,89,91.300003,88.099998,88
2020/6/2,13:20:00,G1106,80.400002,81.300003,79.599998,78.900002,78,79.900002,80.5,87.900002,88.099998,87,89.199997,92.400002,89.599998,79.400002,89,89.5,90.900002,86.400002,86
2020/6/2,13:20:00,G1107,81.5,83.199997,80,80.599998,80,80.699997,82,90.300003,89.099998,87.400002,87,93.400002,82.5,74.099998,82.800003,87.699997,88.199997,81.199997,82.800003
2020/6/2,13:20:00,G1108,82,84,80.800003,81,80.300003,81,82.400002,90.300003,89.699997,87.5,89.599998,92.199997,79.900002,72.400002,81.300003,86.599998,86.800003,81.099998,82.699997
2020/6/2,13:20:00,G1109,83.400002,85.699997,82.5,82.599998,82.199997,83,84,92,91.800003,88.300003,87.5,91.400002,79.099998,71,80.900002,82.699997,82,79.199997,80.800003
2020/6/2,13:20:00,G1110,84.599998,86.300003,83.099998,83.099998,84,83.300003,84.5,92.800003,92.400002,86.099998,85,88.199997,78.400002,70.800003,81.300003,79,78.5,75.300003,77.900002
2020/6/2,13:20:00,G1111,86.900002,89,85.699997,85.900002,85.5,85,86.5,95.800003,93.599998,86.5,85.800003,87.699997,79.199997,74.199997,82.599998,80.800003,78.5,76.599998,79.900002
2020/6/2,13:20:00,G1112,86.900002,88.699997,85.599998,85.699997,86,85.5,86.099998,93.900002,92.900002,86.699997,85.900002,87.800003,78.900002,74.900002,82.199997,80.400002,78.099998,76.400002,79.699997
2020/6/2,13:20:00,G1113,89.900002,91.599998,87.699997,88.599998,88.800003,88,88.800003,95.599998,95.099998,88.5,88,89.800003,80.900002,77.900002,84.400002,82.5,79.900002,79.099998,81.400002
2020/6/5,17:55:00,G1101,83,82.800003,82.300003,82.5,81.5,80.699997,81.400002,87.099998,88.300003,86.699997,87,87.400002,86.099998,88.099998,88.5,90.099998,92.5,92.300003,91.599998
2020/6/5,17:55:00,G1102,83,82.800003,82.300003,82.300003,81.5,80.599998,81.5,86.199997,87.900002,86.5,85.800003,87.099998,85.300003,87.599998,88.300003,89.300003,91.699997,91,89.900002
2020/6/5,17:55:00,G1103,83,82.800003,83,82.599998,81.699997,81.199997,82,85.699997,86.199997,85.900002,85.099998,85.5,84.400002,86.5,88.199997,87.300003,89.099998,86.199997,87.699997
2020/6/5,17:55:00,G1104,84.800003,84.5,84.300003,84.199997,82.599998,82.400002,83.400002,87.800003,86.900002,87.099998,87,86.900002,85.300003,87.800003,89.300003,86.699997,90,85.900002,88.400002
2020/6/5,17:55:00,G1105,83.199997,83,82.900002,82.699997,81.5,81.300003,82.400002,86.699997,83.5,84,85.300003,82.800003,80.5,82.300003,84.400002,79,86.800003,83.400002,82.900002
2020/6/5,17:55:00,G1106,83.699997,83.400002,83.300003,82.800003,81.5,81.699997,83.099998,87.599998,82.099998,82.400002,84.099998,82.300003,80.300003,79.699997,81.400002,76.900002,85.300003,83.699997,82.5
2020/6/5,17:55:00,G1107,85.599998,85.099998,84.800003,84.900002,83.199997,83.199997,84.699997,88.900002,81.699997,80,80.800003,78.199997,73.099998,73.5,74.099998,75.699997,84.400002,85.199997,83.900002
2020/6/5,17:55:00,G1108,86.099998,85.599998,85.300003,85.300003,83.900002,83.599998,85,89,82.800003,79.599998,81.699997,77.199997,72.800003,73.599998,74.199997,75.699997,85.099998,85.900002,84.900002
2020/6/5,17:55:00,G1109,87.5,87.400002,87.199997,86.800003,86.099998,85.599998,86.5,90.5,85.300003,77.300003,83.5,74.699997,73.300003,72.099998,75.099998,76.5,84.300003,86.599998,84.099998
2020/6/5,17:55:00,G1110,87.699997,88.300003,87.699997,87.199997,86.800003,86.900002,87.400002,91.5,84.900002,70.199997,76.699997,74.300003,74.300003,72.300003,74.900002,76.900002,82.900002,82.599998,80.800003
2020/6/5,17:55:00,G1111,90.900002,89.900002,90.199997,89.800003,87.099998,90.099998,91.099998,95,81.300003,74.300003,73.099998,74.599998,77,74.5,75.300003,80.099998,80.400002,79.900002,80.599998
2020/6/5,17:55:00,G1112,91.099998,90.099998,90.800003,90.300003,87.900002,90.699997,90.900002,95,82.099998,74.699997,73.699997,74.699997,75.400002,74.599998,75.800003,79.699997,78.800003,80.199997,81.300003
2020/6/5,17:55:00,G1113,91.099998,89.300003,90.5,89.5,88,90.5,89.5,95.300003,77.800003,77.5,74.599998,76.199997,75.5,74.300003,77.5,78,77.099998,80.099998,85
2020/6/6,0:10:00,G1101,89.900002,89.800003,90.199997,90.199997,90.800003,91.5,92.099998,91.199997,88.199997,87.099998,86.800003,87.900002,89.300003,87.5,87,87,87.199997,87.300003,89.099998
2020/6/6,0:10:00,G1102,88.900002,88.800003,89.300003,89.800003,89.800003,90.599998,91.699997,91,87.599998,86,86.099998,87.300003,88.400002,86.300003,85.800003,86.099998,86.599998,86.599998,88.300003
2020/6/6,0:10:00,G1103,87.900002,88.199997,88.300003,89.099998,88.900002,89.300003,90.5,90.300003,87,84.900002,85.900002,87.300003,87.099998,85.099998,84.599998,85.599998,86.5,86.400002,88.099998
2020/6/6,0:10:00,G1104,89.599998,90.199997,90.199997,90.900002,90.699997,90.900002,92.5,91.599998,88.199997,87.199997,87.900002,89.099998,88,86.599998,86,87.199997,88.099998,88,90
2020/6/6,0:10:00,G1105,87.900002,88.5,88.400002,89.199997,88.800003,89.199997,90.5,90.199997,84.800003,83,85,86.599998,84.5,83.699997,83.400002,84.900002,86.099998,86.400002,88.300003
2020/6/6,0:10:00,G1106,88.199997,88.900002,88.699997,89.5,89.300003,89.599998,91.5,89.400002,82.699997,81.599998,84.900002,85.599998,83.800003,83.599998,82.800003,85.400002,85.599998,86.400002,88.699997
2020/6/6,0:10:00,G1107,90,90.599998,90.199997,90.5,90.900002,90.800003,92.900002,87.900002,82.300003,80.099998,83.199997,83.400002,82.099998,83.5,84.300003,86.900002,84.099998,87.199997,89.5
2020/6/6,0:10:00,G1108,90.5,90.800003,90.599998,91,91.300003,91.300003,93,88.5,82.099998,79.599998,82.400002,83.099998,82.199997,83.5,84.599998,87.099998,84.199997,87.400002,89.699997
2020/6/6,0:10:00,G1109,92.5,92.300003,92.300003,92.400002,92.800003,93.300003,94.599998,88,80.300003,75.599998,81.099998,77,82,84,85.599998,87.5,84.400002,87.699997,90.300003
2020/6/6,0:10:00,G1110,93.400002,92.699997,92.900002,92.800003,93.599998,94.099998,94.800003,85.699997,76.300003,71.599998,75.300003,71.400002,77.099998,80.599998,82,87.199997,82,86.900002,90.699997
2020/6/6,0:10:00,G1111,94.699997,95.5,95.300003,95,96.599998,96.5,98,87.699997,74,71.199997,73.5,69.300003,73.699997,73.300003,78.199997,81.099998,73.699997,85.699997,91.5
2020/6/6,0:10:00,G1112,95.300003,95.900002,95.800003,95.099998,96.800003,97.199997,98.5,86.800003,73.400002,70.699997,73.5,69.099998,74.099998,72.300003,76.900002,78,72.400002,81.300003,89.400002
2020/6/6,0:10:00,G1113,95.800003,96.800003,95.699997,95.599998,97.099998,97.5,98.400002,89.599998,74,70.5,72.599998,68.5,74.800003,72,76.099998,77.5,76,75.199997,87.5
2020/6/8,4:45:00,G1101,92.300003,92.199997,92.800003,91.900002,92.300003,91.900002,91.900002,94.400002,97.400002,99.400002,99.400002,98.300003,96.699997,94.099998,89.199997,89.900002,91.099998,91.900002,93
2020/6/8,4:45:00,G1102,92,92,92.800003,92,92.199997,91.699997,91.599998,94.900002,98.199997,99.599998,99.5,98.599998,97.699997,94.300003,88.5,89.900002,91.099998,91.199997,92.699997
2020/6/8,4:45:00,G1103,91.699997,91.800003,92.300003,91.800003,91.900002,91.5,91.400002,94.699997,97.900002,99.400002,98.800003,99.099998,98.099998,95.5,88.5,89.800003,90.800003,91.5,92.300003
2020/6/8,4:45:00,G1104,93.599998,93.599998,94.099998,93.800003,93.800003,93.400002,93.400002,97.599998,99.800003,100,100,100,99.400002,92.599998,88.699997,90.699997,92.5,93.099998,94.800003
2020/6/8,4:45:00,G1105,91.599998,91.599998,92.300003,91.900002,91.900002,91.599998,91.599998,94.599998,97.800003,99.099998,99,98.599998,97.300003,87.099998,86.099998,88.199997,89.400002,90.900002,92.199997
2020/6/8,4:45:00,G1106,91.699997,91.800003,92,91.900002,92,91.599998,91.699997,95.300003,98.099998,99.699997,98.699997,98.699997,94.800003,85.099998,86,87.199997,88.599998,90.900002,92.699997
2020/6/8,4:45:00,G1107,93.199997,93.599998,93.599998,93.5,93.699997,93.400002,93,95.300003,98.199997,99.5,98.199997,98.199997,93.699997,85.199997,87.099998,88,87.300003,91.599998,93.699997
2020/6/8,4:45:00,G1108,93.900002,94.099998,94.099998,94,94.199997,93.699997,93.599998,94.699997,98.300003,99.599998,98.900002,99.099998,93.400002,85,86.900002,87.699997,86.800003,91.5,93.699997
2020/6/8,4:45:00,G1109,95.900002,95.800003,95.900002,95.900002,96.099998,95.599998,95.300003,94.900002,99.199997,99.800003,99,99.800003,95.300003,85.5,86.900002,88.400002,86.5,92.300003,95.300003
2020/6/8,4:45:00,G1110,95.800003,96.199997,96.300003,96,96.5,96.199997,95.699997,95.300003,98.5,99.599998,97.599998,99.199997,93.300003,83.699997,83.400002,88,85.599998,91.5,93.699997
2020/6/8,4:45:00,G1111,98.199997,98,98.400002,98.199997,98.300003,98.599998,97.099998,98.599998,100,98.599998,99.699997,98.5,90.099998,85.599998,78.599998,87.300003,87.199997,94.300003,94.900002
2020/6/8,4:45:00,G1112,98,97.900002,98.699997,98.400002,98.699997,99.199997,97.900002,98.099998,99.900002,98.300003,99.599998,98.599998,87.300003,85.199997,76.599998,88.099998,86.5,94.5,95
2020/6/8,4:45:00,G1113,98.199997,97.900002,98.699997,99.300003,99.300003,99.800003,98.599998,99,100,97.800003,99.699997,98.599998,87.199997,81.099998,76.099998,88.800003,85.699997,94.199997,95
2020/6/8,11:45:00,G1101,94.5,94.099998,94.099998,93.599998,94.400002,94.599998,94.699997,94.599998,97.900002,97.099998,94.099998,92.599998,94.199997,94.099998,94.300003,87.400002,85.800003,88.300003,89.5
2020/6/8,11:45:00,G1102,94.400002,94,94.800003,94.300003,94.900002,95.199997,94.800003,94.800003,98.300003,96.599998,92.800003,91,93.900002,94,93.400002,85.400002,85.699997,87.699997,88.800003
2020/6/8,11:45:00,G1103,94.199997,94.099998,94.800003,94.5,94.5,94.900002,94.300003,94.199997,98.5,93.599998,93.300003,90.599998,93.800003,94.099998,92.199997,85.5,86.300003,87.5,87.900002
2020/6/8,11:45:00,G1104,96,96.199997,97.199997,96.400002,97,97.199997,95.699997,97.900002,100,95.199997,92.199997,92.599998,96.300003,95.699997,92.699997,85.199997,87.300003,88.599998,89.800003
2020/6/8,11:45:00,G1105,94.199997,94.800003,95.5,93.900002,94.699997,94.900002,92.199997,96.199997,98.599998,92.400002,88.400002,90.599998,94.300003,93.5,89.400002,82.800003,85.300003,86.5,87.699997
2020/6/8,11:45:00,G1106,94.599998,95.800003,96.300003,93.800003,94.199997,93.699997,91,96.5,99.599998,93.099998,96.099998,91.900002,94.900002,92.300003,88.199997,82.5,85.699997,86.800003,88
2020/6/8,11:45:00,G1107,95.900002,96.699997,96.599998,93.699997,94.099998,94,89.5,96.199997,93.400002,93.5,86.099998,92.800003,96.099998,88.699997,85.5,84.199997,86.900002,88.099998,88.800003
2020/6/8,11:45:00,G1108,96.300003,97.099998,96.900002,94.300003,94.699997,94.599998,89.800003,97.099998,96.5,91.900002,86,93.099998,96.400002,87.900002,85.400002,84.699997,87.400002,88.199997,89.300003
2020/6/8,11:45:00,G1109,98.599998,98.699997,98.300003,96.400002,96.400002,95.5,91,96.900002,97.599998,94.400002,89.900002,95.599998,98.300003,85.099998,86.300003,87.599998,89.099998,88,91.5
2020/6/8,11:45:00,G1110,98.5,98.5,98.400002,95.400002,94.400002,93.699997,89.599998,97.5,97.400002,98.099998,90.300003,96.699997,97,83.400002,83.199997,87.699997,87.599998,84,91.099998
2020/6/8,11:45:00,G1111,100,100,100,98.599998,97.099998,91.900002,89.599998,94.400002,98.199997,99,90.800003,98,96.599998,79.900002,85.300003,90.300003,82.5,80.699997,89.800003
2020/6/8,11:45:00,G1112,100,100,99.900002,99.5,97.5,95.699997,89.800003,94.5,98,99,90,97.800003,96.699997,76.800003,85.300003,90.300003,80.199997,77.699997,88.699997
2020/6/8,11:45:00,G1113,98.800003,99.599998,99.400002,96.800003,95.199997,96.400002,92.5,93.800003,96.199997,98.199997,92.699997,97.199997,95.800003,74.699997,86.099998,90.199997,80.599998,78.099998,86
2020/6/9,20:45:00,G1101,86.199997,86.400002,86.599998,85.699997,86.800003,86.5,87.199997,75.300003,75.699997,76.699997,79,84.5,89.900002,89.900002,90.099998,88.199997,89.900002,92.099998,92.400002
2020/6/9,20:45:00,G1102,86.300003,86.699997,86.199997,85.699997,86.5,86.300003,87,75.400002,75.900002,77.099998,79.099998,83.599998,88.900002,88.800003,89,87.699997,88.900002,90.900002,91.699997
2020/6/9,20:45:00,G1103,86.300003,86.300003,85.900002,85.800003,86.400002,86.5,86.900002,76.599998,77.300003,77.900002,80.099998,83.300003,87.300003,87.800003,88,87.400002,87.699997,89.599998,90.300003
2020/6/9,20:45:00,G1104,88.099998,88.099998,87.5,87.699997,88.300003,88.400002,88.5,78.099998,78.400002,79.400002,81.800003,85.5,88.199997,89.199997,89.099998,88.5,89.199997,90.800003,91.599998
2020/6/9,20:45:00,G1105,86.699997,86.599998,86.300003,86.300003,86.800003,87.199997,87.199997,78,78.599998,78.5,80.099998,84.199997,85.5,86.199997,86.099998,86,86.900002,87.5,88.400002
2020/6/9,20:45:00,G1106,86.900002,86.900002,86.5,87,87.400002,87.900002,88,76.599998,78.099998,79.300003,81.599998,84.300003,85.199997,86.400002,86,85.699997,86.699997,87.199997,88.699997
2020/6/9,20:45:00,G1107,88.900002,89,88,88.599998,88.699997,89.400002,89.900002,77.900002,80.099998,81.5,83.599998,85.199997,86,86.900002,87.599998,87.099998,86.800003,87.599998,88.300003
2020/6/9,20:45:00,G1108,89.199997,89.400002,88.599998,89.199997,89.300003,89.800003,90.199997,78.400002,80.599998,82,84.099998,85.900002,86.599998,87.199997,87.699997,87.300003,86.699997,87.900002,88.599998
2020/6/9,20:45:00,G1109,91.400002,91.800003,90.800003,90.800003,91.199997,91.5,92.400002,80.099998,82.599998,84.199997,86.199997,88.199997,87.599998,87.099998,87.800003,86.400002,86.300003,88.599998,89.5
2020/6/9,20:45:00,G1110,92.099998,92,91.5,91.099998,91.099998,91.800003,92.900002,81.199997,83.699997,85.400002,87.099998,88.300003,85.900002,85.400002,85.900002,82,81.199997,87,88.099998
2020/6/9,20:45:00,G1111,94.800003,94.699997,94.400002,92.400002,93.599998,94.199997,95.099998,85,86,88,89.599998,90,85.300003,81.5,83.699997,82,80.5,86.699997,88.900002
2020/6/9,20:45:00,G1112,95.300003,95.199997,94.900002,92.300003,94.199997,94.800003,NaN,86.599998,86.300003,88.599998,89.5,90.099998,84,80.5,81.300003,NaN,81.300003,85.699997,NaN
2020/6/9,20:45:00,G1113,94.300003,94.300003,94.900002,89.699997,91.599998,94.300003,95.599998,91.099998,90,90.5,89.900002,89.699997,85.800003,82.900002,84.199997,81.400002,85.5,86.300003,85.800003
2020/6/13,10:25:00,G1101,68.199997,67.300003,67.599998,68.800003,69.099998,70.099998,69.300003,72.199997,77.199997,78.800003,81.099998,83.900002,85.400002,87.099998,87,86,84.300003,83.599998,81
2020/6/13,10:25:00,G1102,69,67.599998,67.800003,68.5,68.699997,70.400002,69.400002,72.300003,75.900002,77.5,80.199997,82.400002,84.800003,86.199997,86.300003,84.699997,84.099998,83.300003,82.199997
2020/6/13,10:25:00,G1103,69.5,68.400002,68.5,69.400002,68.900002,70.5,70.400002,73.199997,75.300003,77.199997,80,82.300003,84.699997,85.400002,85.5,84.599998,84.5,83.699997,84.199997
2020/6/13,10:25:00,G1104,70.900002,69.800003,69.900002,71.099998,69.599998,71.699997,72.300003,74.400002,77,78.699997,81.099998,83.5,87.199997,87.199997,87.099998,86.199997,86.800003,85,84.400002
2020/6/13,10:25:00,G1105,70.800003,69.300003,70,70,69.400002,71.099998,72.199997,73.5,76.699997,78.300003,78.800003,81.900002,85.900002,86,86.300003,84.699997,85,82.800003,83.300003
2020/6/13,10:25:00,G1106,71.5,70,70.699997,70.5,70.599998,71.199997,72.900002,74.099998,77.699997,77.699997,81.099998,82.599998,87.099998,86.900002,86.300003,85.900002,83.900002,84.099998,83
2020/6/13,10:25:00,G1107,73.300003,71.900002,71.900002,72,72.300003,72.800003,75,75.5,79.099998,78.5,82.099998,85,88.5,88.300003,86.800003,89,85.900002,86.199997,85.5
2020/6/13,10:25:00,G1108,73.900002,72.300003,72.199997,72.5,72.800003,73.300003,75.5,76.099998,79.699997,78.300003,82.900002,86.099998,89.400002,89.300003,87.5,89.400002,86.800003,87,86.5
2020/6/13,10:25:00,G1109,75.099998,73.599998,73.400002,73.400002,73.599998,75,76.400002,77.199997,80.400002,80.099998,85,87.599998,90.300003,90.699997,87.599998,87.699997,88.900002,88.699997,87.199997
2020/6/13,10:25:00,G1110,76.800003,75.300003,74.900002,75.5,75.5,76.599998,77.800003,78.900002,81.199997,81.699997,86.099998,89.699997,91.599998,88.699997,89.400002,88.400002,90.300003,88.300003,89.800003
2020/6/13,10:25:00,G1111,78.400002,76.699997,77,77.400002,77.599998,78.400002,78,81.300003,83,82.800003,87.300003,89.900002,92.199997,87.400002,90.699997,89.300003,90.400002,89.699997,90.900002
2020/6/13,10:25:00,G1112,79.099998,77.800003,77.199997,78.099998,78.400002,79.5,78.599998,82,82,83.099998,87.599998,90,92.5,87.800003,90.599998,89,90.199997,90.5,91.300003
2020/6/13,10:25:00,G1113,81.699997,80.099998,80,80.800003,81.300003,82.5,81.300003,85.900002,85.300003,85.599998,86.099998,90,91.800003,87.400002,87.599998,87,87.5,88.300003,91
2020/6/14,15:45:00,G1101,72,72.5,70.300003,74.699997,72.199997,72,74.599998,76.099998,84.599998,85.199997,83.699997,83.599998,83.300003,85.099998,84.400002,85.5,84.400002,82.5,83
2020/6/14,15:45:00,G1102,71.800003,71.300003,69.699997,73.199997,71.900002,71.699997,73.900002,74.800003,83.099998,83.099998,83.599998,83.5,83.099998,84.900002,84.199997,84.599998,83.800003,81.300003,82.900002
2020/6/14,15:45:00,G1103,72.300003,69.800003,70.400002,72.900002,72.099998,72.699997,74.099998,74.900002,82.099998,81.699997,82.5,82.199997,82.300003,83.199997,84.300003,82.5,83.300003,79.5,81.400002
2020/6/14,15:45:00,G1104,73.300003,70.800003,71.699997,73.599998,73.400002,74.400002,74.5,76.5,84.5,81.800003,83.800003,82.099998,82.400002,83.099998,85.900002,82,82.300003,79,80.699997
2020/6/14,15:45:00,G1105,70.800003,70.099998,70.800003,73,72.300003,73.400002,73.300003,75.900002,81.900002,78.699997,80.099998,78.900002,78.599998,78.900002,79,78.599998,77.599998,77.5,78.599998
2020/6/14,15:45:00,G1106,70.300003,71,72,73,72.699997,73.800003,73.800003,77.599998,82.400002,81.199997,82.300003,80.5,80.400002,79.099998,78.5,77.099998,76.099998,77.199997,79.300003
2020/6/14,15:45:00,G1107,70.900002,72,73.400002,73.699997,73.699997,74.400002,74.199997,77.800003,82.900002,81.199997,82.099998,80.5,80.400002,78.199997,78,76,76.900002,78,79.599998
2020/6/14,15:45:00,G1108,71.300003,72.400002,73.800003,74.099998,74.400002,74.5,74.699997,78.199997,83.199997,81.5,81.800003,80.5,79.900002,78.300003,78.599998,76.300003,77.699997,78.300003,79.300003
2020/6/14,15:45:00,G1109,72.199997,73.800003,74.900002,74.599998,75.099998,75.300003,75.5,80,85.300003,82.199997,81.800003,80.699997,79.599998,79.699997,78.199997,76.800003,78.800003,79.599998,79.5
2020/6/14,15:45:00,G1110,73.599998,75.300003,76.800003,75.900002,75.699997,76.800003,77.599998,81.400002,86.300003,82.800003,82.199997,81.199997,80.5,80.5,79.099998,78.5,80.699997,80.800003,80.5
2020/6/14,15:45:00,G1111,75.199997,77.400002,78.699997,77.5,76.800003,77.400002,79.699997,83.300003,87,82.300003,83.099998,82.400002,82.099998,81.099998,80.599998,80.699997,82.199997,82.800003,82.099998
2020/6/14,15:45:00,G1112,76.099998,77.800003,79.5,78.099998,77.5,77.800003,80.300003,83.099998,87.099998,82.199997,83,82,82.5,82,81.400002,81.900002,81.699997,82.5,82.599998
2020/6/14,15:45:00,G1113,78.400002,80.300003,81.900002,80.599998,79.300003,79.699997,82.5,85.699997,85.400002,86,85.900002,84.900002,85.800003,85.599998,85.5,84.900002,85.099998,85.900002,85.099998
2020/6/14,17:25:00,G1101,77.900002,77.099998,75.5,74.199997,74.900002,74.300003,75,82.400002,83.699997,87.599998,89.400002,88,86.800003,89,90,89,85,83.699997,82.699997
2020/6/14,17:25:00,G1102,78.400002,77.400002,74.099998,74.300003,74.699997,73.699997,74.400002,81.099998,81.900002,86.099998,87.5,86.400002,85.800003,87.400002,88.900002,87.599998,83.199997,82.800003,81.599998
2020/6/14,17:25:00,G1103,78.900002,77.199997,74,74.800003,74.800003,74,74.5,80.599998,78.5,85.099998,84.699997,83.900002,84.300003,85.5,87.400002,84.5,81.5,82.400002,81.199997
2020/6/14,17:25:00,G1104,80.099998,77.699997,75.599998,75.900002,75.900002,75.5,75.699997,83.099998,77.5,86.599998,85.699997,84,85,86.599998,88.099998,83,81.800003,83,82.699997
2020/6/14,17:25:00,G1105,78.900002,76.400002,75.300003,75,75.099998,75.199997,74.800003,81,73.900002,85.099998,81.400002,79.599998,78.300003,82,83.5,78.400002,78.300003,80.599998,79.300003
2020/6/14,17:25:00,G1106,78.199997,76.099998,75.5,75.300003,75.099998,75.099998,74.699997,85.199997,71.5,86,82.300003,79.800003,79.099998,81.300003,82.599998,77.900002,79,80.800003,82
2020/6/14,17:25:00,G1107,79.300003,77.800003,76.400002,76.300003,75.699997,75.5,75.699997,86.699997,66.5,81.5,81.800003,76.5,75.300003,77.199997,78.199997,77.099998,79.199997,81.199997,81.5
2020/6/14,17:25:00,G1108,79.199997,78.300003,77.199997,76.800003,76.099998,75.699997,76.300003,86.800003,66.599998,81.599998,82.5,76.699997,75.300003,77.099998,78.300003,77.800003,79.400002,81.900002,81.900002
2020/6/14,17:25:00,G1109,80,79.099998,78.199997,77.300003,76.900002,76.599998,77.199997,87.800003,67.300003,81.099998,82.5,77.300003,73.900002,77,79.300003,78.199997,79.800003,83.300003,82.900002
2020/6/14,17:25:00,G1110,80.5,79.5,79.699997,78.900002,78,78.199997,78.699997,88.800003,67.199997,80.400002,81.599998,78.199997,74.699997,77.800003,80,79.400002,81.199997,83.5,83.5
2020/6/14,17:25:00,G1111,81.699997,81,81.900002,80.800003,77.800003,79.900002,80.900002,90.900002,67.599998,80.699997,81.199997,76.599998,75,78.5,80.800003,81.5,83.099998,84,84.5
2020/6/14,17:25:00,G1112,81.800003,81.699997,81.699997,81.699997,77.800003,81,81.699997,89.900002,69.099998,81.099998,81.199997,75.900002,75.099998,78.599998,81.400002,82.300003,82.599998,84.599998,84.800003
2020/6/14,17:25:00,G1113,84.5,85,85.599998,84.400002,79.400002,84.300003,85.199997,90.400002,70.099998,81.900002,82.900002,76.699997,76.199997,80.699997,85,86.099998,86.099998,85.800003,86.300003
2020/6/16,11:05:00,G1101,72.5,72.5,71.400002,72.5,72.800003,74.599998,73.199997,78.199997,79.300003,78.900002,78.300003,77,77.800003,76.900002,76.5,76.400002,77.300003,79.900002,76.5
2020/6/16,11:05:00,G1102,72.900002,72.699997,71.599998,72.599998,73,74.599998,73.599998,78.699997,79.400002,79.099998,78.599998,77.400002,78,77.699997,77.199997,77.199997,77.300003,80.099998,76.900002
2020/6/16,11:05:00,G1103,74.199997,74.300003,72.5,73.5,74.099998,74.900002,74.800003,79.599998,80.099998,80.099998,79.400002,78.599998,78.5,78.300003,78.400002,78.300003,77.900002,80.199997,77.800003
2020/6/16,11:05:00,G1104,75.599998,75.099998,73.800003,74.699997,75.5,76.099998,76.5,81.400002,81.300003,81.800003,80.300003,79.699997,79.599998,79.900002,79.800003,80.300003,79,81.199997,78.800003
2020/6/16,11:05:00,G1105,75.599998,74.800003,73.599998,74.099998,75.199997,75.5,76.5,79.300003,79.699997,80,78.400002,78.5,78.800003,78.5,78.599998,78.900002,78.800003,79.300003,79.300003
2020/6/16,11:05:00,G1106,76.400002,75.300003,74.400002,74.900002,75.699997,76,76.800003,81.300003,81.300003,81.900002,80.199997,80,78,80.199997,80.199997,81.800003,77.199997,79.699997,79.199997
2020/6/16,11:05:00,G1107,77.599998,76.5,75.800003,76.199997,77.099998,77.300003,77.5,82.699997,79.900002,81.099998,81.199997,81.300003,78.599998,81.199997,81.800003,82.400002,77.199997,79.800003,79.199997
2020/6/16,11:05:00,G1108,78.5,77,76.400002,77.099998,77.699997,77.800003,78,83.800003,80.099998,80.800003,81.599998,81.900002,79.300003,82.199997,82.699997,83.099998,77.5,79.800003,79.5
2020/6/16,11:05:00,G1109,79.900002,78.099998,77.800003,78.199997,79,78.900002,79,85.400002,80.300003,78.300003,82.199997,83.300003,82.099998,84.199997,84.599998,84.599998,76.400002,77.699997,80.300003
2020/6/16,11:05:00,G1110,81.599998,79.400002,80.099998,80.099998,80.599998,80.099998,80.800003,87.099998,81.300003,81.5,82.800003,84.800003,83.800003,86.400002,85.699997,85.599998,76.5,77.699997,81.599998
2020/6/16,11:05:00,G1111,83.300003,81.199997,82.400002,82.300003,83,81.699997,83.099998,88.699997,83.599998,86.099998,85.300003,86.900002,85.5,88.900002,87.5,85.599998,77,78.400002,82.400002
2020/6/16,11:05:00,G1112,83.800003,81.800003,81.800003,82.800003,82.900002,82.400002,83.599998,89.300003,85,86.199997,86,87.300003,85.800003,89.199997,88.400002,86,76.900002,79,82.699997
2020/6/16,11:05:00,G1113,87.599998,86.800003,85.400002,86.900002,87.5,87.199997,88.199997,89.199997,87.400002,88.099998,88,87.800003,88.099998,89,89,88.099998,77.800003,81.099998,86.599998
2020/6/17,18:00:00,G1101,72.800003,73.099998,73.5,75,75.699997,75.5,77.400002,79.5,84.800003,85,85.5,85.300003,87.300003,86.199997,85.099998,82.300003,79.300003,80.300003,80.400002
2020/6/17,18:00:00,G1102,73.099998,73,73.199997,74.900002,75.699997,75.599998,77.5,79.300003,83.699997,84,84.800003,85,86.599998,84.599998,83.400002,81.099998,77.800003,78.300003,77.300003
2020/6/17,18:00:00,G1103,73.800003,73.599998,74.199997,75.599998,76.5,76.300003,78.400002,79.5,83,83.400002,84.5,84.400002,85.099998,82.599998,80.800003,79.800003,75.900002,77.099998,77
2020/6/17,18:00:00,G1104,75.599998,74.5,76,77.300003,78.300003,77.900002,80.099998,82,85.099998,85.099998,86.199997,87,86.199997,83.199997,80.900002,80.5,77.099998,77.900002,78.400002
2020/6/17,18:00:00,G1105,75,74.300003,75.199997,77.599998,78.199997,77.800003,78.699997,81,82.800003,82.5,83.5,84.800003,82.5,80.800003,77.699997,78.199997,76.199997,77.099998,78.800003
2020/6/17,18:00:00,G1106,75.699997,75.099998,76.199997,78,78.599998,77.900002,80.400002,82.199997,83.099998,83.599998,84.300003,85.099998,83.300003,82,76.800003,77.599998,76.599998,77.5,79.199997
2020/6/17,18:00:00,G1107,76.5,77,77.5,79.5,80.199997,78.900002,81.599998,82.800003,82.5,84.400002,85.099998,85.400002,82.5,82.099998,77.300003,77.800003,77.300003,78.300003,79.699997
2020/6/17,18:00:00,G1108,77.199997,77.800003,78.099998,79.800003,80.599998,78.900002,82.199997,83.599998,83.400002,85,85.699997,85.400002,83.199997,82.800003,77.5,78.199997,77.699997,78.699997,79.900002
2020/6/17,18:00:00,G1109,78.300003,78.699997,79.5,80.800003,82,79.099998,84.099998,84,84.400002,85.5,86,84.699997,84.599998,83.699997,78.199997,79.300003,77.199997,79.800003,80.5
2020/6/17,18:00:00,G1110,79.300003,80.199997,81.300003,81.800003,83.400002,81.199997,85.5,83.900002,84.900002,85.800003,86.199997,84.099998,85.400002,84.800003,79.599998,79.400002,79,81.300003,81
2020/6/17,18:00:00,G1111,80,82.5,82.599998,82.800003,84.099998,83.300003,87.400002,84.400002,86.199997,85.300003,85.699997,83.800003,86.199997,82.199997,82.199997,78.800003,79.5,82.300003,82.5
2020/6/17,18:00:00,G1112,80.900002,82.900002,83.099998,83,84.5,83.5,88.099998,84.800003,86.599998,84.699997,84.900002,83.300003,86.199997,77.800003,82.300003,80,80.400002,82.400002,82.5
2020/6/17,18:00:00,G1113,84,86.199997,85.800003,85.300003,86.199997,86.099998,87.800003,87.599998,85.599998,86.699997,86.099998,84.900002,85.199997,77.099998,85,80,82.900002,85.400002,85.699997
2020/6/28,5:40:00,G1101,82.199997,82.5,81.300003,81.300003,81.599998,82.5,83.800003,91.400002,95.699997,91.800003,88.300003,89,89.5,89.5,89,90.099998,83.400002,82,83.800003
2020/6/28,5:40:00,G1102,81.900002,82.199997,81,80.699997,81.099998,81.599998,83,91.800003,96.400002,90.5,85.800003,86.900002,88.800003,88.900002,87.800003,83.800003,81.099998,79.5,79.099998
2020/6/28,5:40:00,G1103,81,82.5,81.099998,80.5,80.800003,81,82.800003,92.5,95.300003,85.800003,83.099998,85.599998,87.800003,87.099998,84.900002,78.599998,79.300003,78.099998,75
2020/6/28,5:40:00,G1104,82.599998,84.400002,82.5,82.199997,82.099998,82.300003,83.900002,95.5,95.699997,87.300003,83.800003,88.099998,89.599998,88.5,83.599998,79.699997,80.400002,79.199997,75.699997
2020/6/28,5:40:00,G1105,81.699997,83.5,81.400002,81.400002,79.300003,79,80.5,92.699997,90.800003,84.900002,82.599998,86.599998,86.900002,84.300003,79,78.699997,79.300003,78.800003,77.099998
2020/6/28,5:40:00,G1106,82.400002,83.599998,82,82.099998,82.199997,81.900002,83.300003,92.300003,89.599998,86.699997,85.800003,87.699997,87.199997,82.099998,79.900002,79.599998,79.400002,77.599998,75.800003
2020/6/28,5:40:00,G1107,84,83.900002,83.300003,83.300003,83.099998,83,84.5,91.800003,91.099998,87.5,87.699997,89,87.900002,81.5,78.5,80.5,80.099998,78.400002,77.099998
2020/6/28,5:40:00,G1108,84.5,84.599998,84,83.800003,83.900002,83.800003,84.699997,92.900002,91.199997,88.199997,88.900002,89.5,88.599998,81.800003,78.599998,80.400002,80.199997,78.599998,77.699997
2020/6/28,5:40:00,G1109,85.900002,85.199997,85.099998,84.900002,85,85,86.300003,93.099998,90.599998,89.099998,90.300003,90,89.199997,83.300003,78.599998,79.400002,81,79.599998,79.5
2020/6/28,5:40:00,G1110,87.5,87,87.099998,86.699997,86.699997,86.400002,87.900002,93.400002,91,90.099998,90.5,90.300003,89.599998,84.5,76.699997,77.300003,81.599998,81.099998,82.199997
2020/6/28,5:40:00,G1111,89.099998,88.400002,88.900002,87.699997,87.800003,87.699997,89,93.699997,93.099998,91.599998,90.800003,90.5,89.599998,85.199997,76.199997,78.400002,82.099998,82.5,83.5
2020/6/28,5:40:00,G1112,89.599998,89.099998,89.300003,88.099998,88.199997,88.099998,89.599998,94.300003,93.5,91.800003,91.099998,91.199997,89.400002,85.599998,76,79.300003,82.5,83,83.5
2020/6/28,5:40:00,G1113,90.699997,90.5,90.199997,88.599998,87.800003,87.400002,89.900002,94,92.099998,90.800003,91.199997,91.300003,91.300003,NaN,76.5,81,85.400002,85.400002,85
2020/7/1,12:00:00,G1101,69.5,71.199997,70.199997,69.199997,66,67.099998,71.400002,74.5,76.099998,90.300003,95.800003,94.199997,92.400002,92.300003,88.400002,87.900002,89.900002,92.599998,91.400002
2020/7/1,12:00:00,G1102,69.5,71.699997,71.099998,69.599998,66.900002,68,71.400002,74.5,75.300003,90.599998,95,93.300003,92.800003,90.800003,88,86.5,90.300003,91,90.5
2020/7/1,12:00:00,G1103,70.400002,72.599998,70.300003,70.300003,68.900002,69.5,72,75.099998,74.900002,89.699997,93,89.900002,90.400002,89.699997,86.5,85.300003,87.300003,88.199997,NaN
2020/7/1,12:00:00,G1104,NaN,NaN,NaN,71.300003,69.800003,71.300003,73.5,77.099998,76.400002,93.400002,94.800003,92.300003,91.5,90.800003,87.699997,87.5,89.400002,89.900002,NaN
2020/7/1,12:00:00,G1105,72.199997,74.099998,70.5,72.300003,70.900002,71.400002,74.300003,77.900002,77.900002,90.699997,91.800003,90.800003,88.900002,86.400002,83.400002,87.099998,86.599998,86.5,NaN
2020/7/1,12:00:00,G1106,71.599998,73.599998,69.900002,71.599998,71,71.400002,74.300003,76.400002,76.599998,93,92,90.199997,88.800003,86,84.5,87,85.699997,85.099998,NaN
2020/7/1,12:00:00,G1107,72.099998,74.599998,70.900002,73.599998,71.900002,72.699997,75.599998,77.300003,77.699997,89.400002,87.900002,87.099998,87.5,82.400002,84.599998,85.599998,84.099998,82.599998,NaN
2020/7/1,12:00:00,G1108,72.400002,74.900002,71.300003,73.699997,72.199997,73.099998,76,77.900002,79.199997,90.599998,88.5,87.599998,87.800003,82.599998,85.400002,86,83.199997,83.5,NaN
2020/7/1,12:00:00,G1109,73.300003,74.300003,71.900002,73.5,74,74.199997,76.699997,78.900002,79.400002,91.900002,89.699997,88.300003,83,82.599998,86.599998,83,83,84.800003,NaN
2020/7/1,12:00:00,G1110,74.699997,74.099998,72.800003,74.5,75.5,76,78.199997,81,81.300003,89.599998,90.099998,89.599998,83.5,81.699997,85.800003,81.599998,79.199997,81.900002,NaN
2020/7/1,12:00:00,G1111,74.599998,74.800003,74.099998,74.599998,77,77.5,80,82.5,83.199997,89.800003,91.5,89.900002,86.099998,82.400002,84.300003,78.400002,77,78.300003,NaN
2020/7/1,12:00:00,G1112,76,75,74.300003,74.199997,77.300003,78.099998,80.699997,82.800003,83.599998,90.199997,90.699997,89.400002,87.300003,82.400002,83.400002,78.099998,77.5,78.699997,NaN
2020/7/1,12:00:00,G1113,76.5,76.599998,75.900002,75,79.199997,79.699997,80.900002,86.400002,85.699997,91.400002,92.699997,89.099998,89,83.400002,82.800003,78.599998,NaN,78.900002,NaN
2020/7/2,12:10:00,G1101,74.800003,71.400002,72.099998,72.599998,74.300003,74.800003,76.199997,78.599998,86.5,87.800003,85.400002,86.400002,82.800003,78.599998,79.199997,77.800003,76.900002,78.599998,77.900002
2020/7/2,12:10:00,G1102,74.400002,71.599998,72.300003,72.900002,74.300003,74.5,75.900002,77.800003,86,87.099998,85.400002,86.099998,82.699997,77.400002,79,77.400002,76.099998,78.300003,77.699997
2020/7/2,12:10:00,G1103,74.699997,72.099998,72.900002,73.800003,75.099998,75.199997,76,77.900002,85.599998,83.900002,84,84.5,82.300003,77.699997,79.5,76.800003,76,77.800003,78.099998
2020/7/2,12:10:00,G1104,75.800003,73.5,74,75.300003,76.300003,76.400002,77.800003,79.800003,88.099998,85.199997,84.5,86.199997,83.5,79.300003,79.900002,77.699997,77.5,79.5,79.5
2020/7/2,12:10:00,G1105,75.800003,73.800003,74.599998,75.599998,77.900002,76.699997,78.900002,78.900002,85.400002,80.400002,81.699997,82.5,80.199997,78.5,78.699997,78.900002,78.800003,78.099998,78.400002
2020/7/2,12:10:00,G1106,75.199997,73.599998,74.199997,75,76.099998,75.599998,77.900002,79,86.300003,81.5,82.900002,83.599998,82.300003,78.800003,79.099998,78.699997,78.099998,79.5,78.900002
2020/7/2,12:10:00,G1107,76.900002,75.400002,75.300003,76.199997,77.699997,76.599998,79.099998,80.099998,85.699997,81.300003,82.900002,82,83.199997,80.300003,81.099998,80.800003,79.599998,80.599998,80.400002
2020/7/2,12:10:00,G1108,77.5,76.099998,76,76.900002,78.199997,77.099998,79.599998,80.599998,86,81.400002,83.599998,82.199997,83.300003,80.400002,81.699997,81,80,80.900002,80.300003
2020/7/2,12:10:00,G1109,79,76.900002,77.199997,78.199997,79,78.5,81.800003,81.800003,83.699997,82.300003,84.099998,81.400002,84.099998,81.599998,82.5,82.300003,81.5,82.699997,81.599998
2020/7/2,12:10:00,G1110,80.800003,79.199997,79.099998,79.5,80.300003,80.599998,82.900002,83.400002,83.400002,83,84.900002,81.800003,85,83.599998,82.900002,83.099998,83,84.099998,83.300003
2020/7/2,12:10:00,G1111,82.300003,80.800003,80.599998,80.5,81,82.300003,83.300003,84.300003,85.099998,83,83.400002,82,84.900002,84.199997,84.5,84.099998,84.400002,85,84.800003
2020/7/2,12:10:00,G1112,83.300003,81.699997,81.5,81,81.400002,83.199997,83.699997,84.699997,85.300003,83.099998,83,82.300003,84.599998,84.5,84,83.800003,84.900002,85.5,85.5
2020/7/2,12:10:00,G1113,84.599998,83.699997,83.400002,82,80.900002,84.900002,85.300003,87.400002,86.300003,85.300003,84.099998,82.800003,85.599998,87.400002,86.300003,86,87.300003,86.800003,86.599998
2020/7/2,14:40:00,G1101,73,69.599998,71.199997,71.199997,73.800003,74.300003,73.900002,80.400002,89.099998,90.199997,91.599998,93.300003,92.699997,92.300003,90.5,91.400002,90.699997,90.400002,91.300003
2020/7/2,14:40:00,G1102,73.300003,69.800003,71.400002,71.199997,73.699997,74.199997,74.199997,80.199997,88.199997,89.300003,90.599998,92.099998,92.800003,92,90.300003,91.199997,90,89.900002,90.5
2020/7/2,14:40:00,G1103,74.699997,70.800003,71.900002,72,74.5,75,75,80.699997,87.800003,89,90.199997,89.199997,92.099998,91,90.300003,90.300003,88.599998,88.599998,89.5
2020/7/2,14:40:00,G1104,75.900002,72.099998,73.199997,73.300003,75.900002,76.300003,76.5,82.800003,89.400002,91.599998,92.300003,90.400002,94.699997,91.5,91.699997,91.300003,89.599998,90,90.800003
2020/7/2,14:40:00,G1105,77,72.5,73.5,74.400002,77.900002,NaN,78.599998,80.199997,86.099998,89.5,90,86,89.199997,87.5,87.300003,87.599998,83.5,84,85.199997
2020/7/2,14:40:00,G1106,74.800003,72.400002,73.199997,74.300003,76.699997,NaN,77.199997,83.699997,86.5,89.900002,88.400002,84.599998,86.800003,85.199997,84.900002,85,83.900002,84.699997,84.400002
2020/7/2,14:40:00,G1107,76.599998,73.800003,74.599998,75.699997,77.900002,77.199997,78.400002,83.800003,86.199997,88.599998,82.099998,84.699997,83.5,83.599998,82.900002,82.699997,82.699997,83.300003,83.699997
2020/7/2,14:40:00,G1108,76.900002,74.199997,74.900002,76.300003,78.800003,77.900002,78.699997,84.5,86.099998,88.800003,82.199997,84.900002,83.199997,84.199997,82.900002,82.199997,83,83.800003,83.900002
2020/7/2,14:40:00,G1109,77.900002,75.300003,76.199997,77.400002,79.5,79.199997,80.199997,85.5,84.900002,85.800003,82.599998,87.300003,84.800003,84.699997,84.300003,83.199997,84.400002,84.199997,84.699997
2020/7/2,14:40:00,G1110,79.5,77.599998,78.300003,78.900002,81.400002,81.199997,81.900002,87,81.5,82.099998,82.699997,88.400002,87.199997,86.099998,86.699997,85.400002,83.800003,84.800003,85.400002
2020/7/2,14:40:00,G1111,80.199997,79.800003,80.099998,80.199997,82.699997,NaN,83.400002,88.099998,72.699997,78.099998,84,89.199997,88.599998,86.199997,86.5,86.900002,83.599998,83.900002,85.699997
2020/7/2,14:40:00,G1112,81.099998,80.900002,81,80.900002,83.300003,83.199997,83.800003,89,73.099998,78.099998,84.400002,89.199997,88.5,85.900002,86.099998,86.800003,83.300003,83.400002,85.699997
2020/7/2,14:40:00,G1113,83.300003,83.099998,82.599998,82.900002,86,86.300003,86.699997,88.5,74,78.900002,87.099998,87.199997,87,87.199997,86.800003,86.900002,83.5,85.099998,87.5
2020/7/4,13:40:00,G1101,66.400002,66.699997,63,64,65,64.5,66.800003,76.199997,78.5,77.800003,76.800003,77,80.699997,81.199997,84.599998,83.099998,84.599998,81.300003,81.400002
2020/7/4,13:40:00,G1102,66.900002,66.800003,63.099998,64,64.800003,65,66.599998,76.400002,78.900002,78.5,78.199997,77.5,80.699997,81.300003,84.400002,83,85.300003,81.800003,81.900002
2020/7/4,13:40:00,G1103,67.699997,67.5,63.5,65.400002,66.5,66.199997,67.199997,77.400002,79.5,79.599998,79.400002,78.699997,80.900002,81.5,84.900002,83.400002,85.5,82.900002,82.699997
2020/7/4,13:40:00,G1104,68.699997,69,64.300003,67,67.800003,68.099998,68.5,79,81.199997,81.300003,80.900002,80.300003,81.300003,83.199997,86.599998,84.900002,87.5,84.199997,84.900002
2020/7/4,13:40:00,G1105,68.800003,68.400002,64.400002,67.400002,69,67.5,68.199997,78.5,79.099998,79.5,79.699997,78.300003,79,81.5,85,83.400002,85.099998,83.400002,83.599998
2020/7/4,13:40:00,G1106,68.599998,67.599998,64.699997,67.900002,68.800003,67.599998,68.099998,80.099998,81.800003,82.199997,81.699997,80.699997,81.900002,83.699997,85.300003,85,84.300003,84.5,84.800003
2020/7/4,13:40:00,G1107,69.699997,68.699997,65.599998,69,68.699997,68.300003,69,80.800003,82.5,83.300003,83.300003,82,82.699997,83.699997,85.5,85.699997,84.400002,85.699997,86.599998
2020/7/4,13:40:00,G1108,69.900002,69.099998,66,69.300003,68.800003,68.599998,69.400002,81.199997,82.900002,83.900002,83.900002,82.400002,83.400002,84.199997,86,86,84.099998,86.300003,87.199997
2020/7/4,13:40:00,G1109,71.099998,70.5,67.599998,70.5,69,69.800003,70.599998,82.400002,83.199997,85.300003,85.300003,83.300003,85.400002,85.400002,86.599998,86.900002,84.300003,86.800003,88.099998
2020/7/4,13:40:00,G1110,72.5,71.599998,69.5,71.699997,70.900002,71,72.199997,84,81.099998,86.300003,85.599998,84.099998,87.599998,86.300003,87.300003,87.699997,85.199997,88.400002,88.900002
2020/7/4,13:40:00,G1111,72.300003,72.599998,71.099998,73.400002,72.699997,72.599998,73.699997,84.599998,81.400002,85.699997,83.800003,83.099998,89.400002,86.400002,88.300003,87.300003,85.099998,89.300003,89.199997
2020/7/4,13:40:00,G1112,72.800003,73.400002,71.699997,73.900002,73.199997,73.099998,74.300003,84.599998,80.400002,85.599998,83.400002,83.300003,90,86,87.900002,86.5,84.699997,89.400002,89.400002
2020/7/4,13:40:00,G1113,73.599998,74.400002,72.5,75.099998,74.099998,74.199997,75.599998,86.400002,81,86.400002,83.400002,84.599998,90.199997,86.800003,85.800003,87.300003,86.400002,88.5,88.800003
2020/7/7,9:20:00,G1101,77.900002,78.300003,77.5,76,77.699997,78.900002,76.800003,78.599998,89.300003,92.199997,86.199997,84.300003,85.300003,87.099998,85,85.099998,85.099998,82.5,80.300003
2020/7/7,9:20:00,G1102,78.400002,78.900002,78.300003,76.400002,78,79.099998,77.800003,78.900002,89,90.800003,85.199997,84.5,85.099998,86.300003,85.300003,85.300003,84.199997,82.699997,80.099998
2020/7/7,9:20:00,G1103,79.300003,79.5,79.599998,77.099998,78.800003,80,78.699997,78.800003,88,86.400002,84.099998,83.800003,85.199997,86.199997,85.5,85.699997,84.300003,83.400002,81.300003
2020/7/7,9:20:00,G1104,81.400002,81.099998,81.199997,78.800003,80.599998,81.699997,80.199997,80.400002,90.300003,85.5,85,86.099998,87.5,88.199997,87.800003,87.400002,85.300003,84.900002,83.199997
2020/7/7,9:20:00,G1105,79.5,79,78.800003,78.5,78.599998,79.400002,78.800003,79.5,87.900002,78.800003,79.099998,84.599998,86.300003,86.400002,86.5,85.5,83.800003,83.800003,82
2020/7/7,9:20:00,G1106,82.699997,80.699997,81.400002,80.099998,80.800003,81.800003,81,80.199997,88.300003,79.099998,77.099998,85.099998,86.400002,87,86.199997,85.599998,85.400002,84.900002,83.800003
2020/7/7,9:20:00,G1107,84,83.400002,83.099998,81.800003,82.5,83,82.699997,78.699997,88.099998,76.900002,78.400002,83.900002,87,88.199997,87.199997,87.199997,86.699997,85.5,83.699997
2020/7/7,9:20:00,G1108,84.599998,83.099998,83.300003,82.300003,82.800003,83.599998,83.300003,79.099998,88.800003,76.5,79.5,83.699997,87.400002,88.699997,87.599998,87.800003,87.5,86.099998,84.300003
2020/7/7,9:20:00,G1109,86.400002,83.199997,84.800003,84,84.199997,84.099998,84.5,79.800003,87.800003,76.599998,79.5,82,86.599998,88.5,87.599998,88.400002,88.599998,86.099998,85.400002
2020/7/7,9:20:00,G1110,88.099998,84.900002,86.599998,85.699997,86.5,85.5,85.599998,81.099998,86.5,78.199997,78.599998,82.099998,85.599998,87.900002,88.900002,89.199997,89.5,87.699997,86.300003
2020/7/7,9:20:00,G1111,89.599998,86.800003,88,87.900002,87.900002,87.199997,87.099998,83.400002,86.199997,79.900002,78.5,82.400002,85.800003,88.199997,89.5,90,89,88.699997,87.699997
2020/7/7,9:20:00,G1112,90.199997,87.699997,88.5,88.699997,88.900002,87.400002,88,84.300003,85.599998,80.400002,78.900002,83.199997,86.300003,88,90.099998,90.300003,88.599998,88.699997,88.300003
2020/7/7,9:20:00,G1113,92.099998,88.800003,90.699997,90.5,91.099998,89.699997,89.900002,86.599998,85.900002,81.400002,82.900002,85.400002,87.300003,88.400002,89.699997,89.5,88.400002,89.400002,89.099998
2020/7/20,7:10:00,G1101,83.199997,83.400002,83.199997,82.699997,83.300003,83.400002,83.5,89.300003,90,90.300003,89.5,91.199997,91.699997,90.099998,89.5,88.599998,88.199997,86.199997,87.800003
2020/7/20,7:10:00,G1102,82.800003,82.5,82.5,82.699997,82.800003,83.199997,82.699997,88.900002,89.099998,89.800003,89.300003,90.900002,90.900002,88.800003,87.900002,86.800003,86.5,85.400002,86.300003
2020/7/20,7:10:00,G1103,82.599998,82.800003,82.800003,83,83.400002,83.300003,83.199997,89,89.099998,90.099998,89.599998,90.199997,89.400002,86.300003,85.199997,82.699997,83.699997,83.400002,84.699997
2020/7/20,7:10:00,G1104,84.300003,84.699997,84.5,84.300003,84.599998,84.900002,85.099998,91,91.300003,92.099998,91.900002,92.199997,90.599998,86.800003,86,83.699997,84.099998,85.300003,86.400002
2020/7/20,7:10:00,G1105,83,83.400002,82.300003,82.900002,82.900002,83.199997,83.699997,88.800003,89.300003,89.900002,89.699997,90,87.400002,83.099998,82.900002,80.5,81.099998,82.699997,83.300003
2020/7/20,7:10:00,G1106,84.599998,85.199997,83.699997,84.199997,84.199997,84.699997,84.900002,89.099998,89.699997,90.400002,90.099998,89.900002,86.699997,84.5,83.599998,82.5,82.900002,84.099998,84.800003
2020/7/20,7:10:00,G1107,85.199997,85.699997,84.300003,84.900002,85.099998,85.199997,86.300003,88.800003,88.699997,90.300003,90.400002,90.199997,86.300003,85.099998,83.800003,83.099998,83.599998,84.900002,85.699997
2020/7/20,7:10:00,G1108,85.800003,86.199997,84.900002,85.599998,85.599998,85.699997,86.900002,89.300003,89.099998,90.900002,91,90.699997,86.599998,85.599998,83.900002,83.699997,84.199997,85.599998,86.300003
2020/7/20,7:10:00,G1109,86.699997,87.300003,86.300003,86.699997,85.900002,86.800003,87.599998,90.800003,89.900002,90.699997,91.800003,91.099998,86.5,85.199997,83.800003,84.400002,85.900002,87.099998,87.900002
2020/7/20,7:10:00,G1110,88.5,88.900002,87.5,88.300003,87.300003,88.099998,89.400002,90.199997,91.599998,91.900002,92.900002,91.800003,86.400002,84.199997,83.900002,85.900002,87.800003,89,90
2020/7/20,7:10:00,G1111,88.400002,90.199997,88.699997,89.599998,89,89.199997,90.5,90.900002,92.900002,91.800003,92,91.199997,86.300003,81,84.300003,87.400002,89.300003,90.5,90.699997
2020/7/20,7:10:00,G1112,88.800003,90.800003,89.199997,90,89.400002,89.800003,91.300003,91.400002,93.300003,91.5,91.800003,91,86.300003,80.699997,85.599998,88.099998,90.099998,91.699997,90.800003
2020/7/20,7:10:00,G1113,89.300003,91.199997,89.5,89.900002,89.400002,89.599998,91.199997,91.599998,93.099998,90.900002,90.599998,91.5,87,82.199997,88.199997,88.400002,90.599998,92.300003,90.300003
2020/7/21,13:25:00,G1101,58.400002,57.599998,59.400002,60.099998,61,62.099998,63.200001,65.800003,72.900002,81.5,84.400002,85,86.699997,82.199997,87.400002,87.699997,83.199997,85.300003,88.099998
2020/7/21,13:25:00,G1102,59.5,58.599998,60.5,60.700001,61.400002,62.400002,63.099998,65,72.599998,80.5,82.400002,83.400002,84.300003,79.400002,85.800003,85.900002,80.099998,83.5,88.800003
2020/7/21,13:25:00,G1103,61.299999,60.200001,61.900002,61.900002,62.599998,63.700001,63.5,65.699997,72,78.599998,81.599998,80.800003,80.699997,77.300003,84.099998,83.599998,77.699997,78,86.300003
2020/7/21,13:25:00,G1104,62.700001,61.299999,62.799999,62.900002,63.700001,64.900002,64.400002,66.800003,73.900002,78.699997,82.699997,80.300003,79.800003,78.599998,85.800003,84.599998,77.800003,77.300003,88.099998
2020/7/21,13:25:00,G1105,63.200001,62.5,63.200001,63.200001,63.799999,64.599998,64,66.800003,74,74.599998,78.5,72.5,76.199997,73.900002,82.699997,80.300003,76.400002,73.400002,84.199997
2020/7/21,13:25:00,G1106,63.5,63.200001,63.5,63.5,64.099998,64.900002,63.900002,67.199997,73.400002,74.599998,78,72.699997,75.199997,73.099998,83,80,75.599998,68.300003,83.900002
2020/7/21,13:25:00,G1107,64.900002,64.599998,64.900002,65,65.5,65.900002,64.800003,68.099998,73.5,73.800003,75.400002,73.599998,76.099998,70.599998,80.400002,78.5,71.300003,63.599998,70.300003
2020/7/21,13:25:00,G1108,65.099998,64.900002,65.099998,65.099998,65.699997,66.099998,65.199997,68.300003,73.400002,74,75.199997,73.699997,76.5,70.300003,79.599998,79.099998,70.400002,63.700001,69
2020/7/21,13:25:00,G1109,66.300003,66,66.400002,66.5,67.199997,67.300003,66.699997,69,72.599998,74.199997,75.099998,74.900002,76.900002,70.699997,76.199997,77.800003,68.199997,63.299999,62.799999
2020/7/21,13:25:00,G1110,67.599998,67.400002,68,68.199997,68.599998,68.599998,68,70.199997,71.599998,75.300003,76.900002,76.800003,77.699997,73.099998,77.599998,72.400002,69.599998,65,68.699997
2020/7/21,13:25:00,G1111,69,68.900002,69.300003,69.300003,70,69.400002,69.5,71.699997,71.800003,76.5,78.199997,78.599998,78.300003,70.5,77.5,69.400002,69.300003,65.099998,70.699997
2020/7/21,13:25:00,G1112,69.800003,69.699997,70,70,70.599998,70,70.099998,72.300003,72.400002,77.800003,78.800003,78.900002,78.699997,70.599998,77.199997,69.699997,70.699997,65.400002,72.400002
2020/7/21,13:25:00,G1113,71,70.800003,70.900002,70.900002,71.400002,70.900002,71.300003,73.300003,73.099998,79.099998,79.300003,80.199997,79.199997,71.599998,76.699997,70.400002,72.099998,66.199997,74.300003
2020/7/29,13:15:00,G1101,57.099998,56.599998,57.299999,54,53.799999,53.799999,52.599998,55.5,57.400002,57.900002,60.5,64.800003,68.199997,75.199997,72.800003,76.900002,79.800003,81,92.199997
2020/7/29,13:15:00,G1102,57.799999,57.599998,57.900002,55.700001,54.700001,55.299999,54.099998,56.200001,57.400002,57.099998,59.900002,62.599998,64.599998,70.300003,68,73.800003,79.699997,80.099998,91.300003
2020/7/29,13:15:00,G1103,59,58.900002,58.799999,57.099998,56.400002,56.900002,55.900002,57,58.099998,58,59.900002,61.799999,63.400002,63.700001,64.699997,70.400002,81,79.400002,87.800003
2020/7/29,13:15:00,G1104,60.200001,60.099998,60.200001,57.700001,57.5,57.5,56.799999,58,58.700001,58.799999,61.200001,63,64.300003,64.099998,65.099998,70.199997,81.900002,80.599998,87.199997
2020/7/29,13:15:00,G1105,60.700001,60,60.799999,58.599998,58.599998,57.900002,57,58.5,58.900002,58.900002,61,62,64.300003,64.099998,63,65.5,79.800003,78.900002,79.400002
2020/7/29,13:15:00,G1106,61,60.299999,61,59,59.099998,58.599998,57.200001,59.200001,59.299999,59.299999,61.400002,62.200001,64.699997,64.400002,64,66,82.699997,80.199997,80
2020/7/29,13:15:00,G1107,62.299999,61.900002,61.900002,60.400002,60.700001,60.099998,59,60.5,60.599998,60.599998,62.200001,62.5,65.699997,65.099998,65.199997,66.199997,79.099998,80.800003,76
2020/7/29,13:15:00,G1108,62.200001,62.200001,61.799999,60.700001,61,60.299999,59.099998,60.700001,60.799999,60.799999,62.299999,62.599998,65.800003,65,65.5,66.400002,78.199997,82.099998,76.099998
2020/7/29,13:15:00,G1109,63.599998,63.299999,62.900002,61.900002,62,61.799999,60.900002,62.299999,61.700001,62.200001,63.400002,64.099998,66.5,65.800003,66.5,67.699997,77.5,80.199997,76.5
2020/7/29,13:15:00,G1110,65.099998,64.400002,64.099998,63.700001,63.099998,63.299999,62.400002,63.299999,63.099998,63.5,64.599998,65,67.199997,66.699997,67.5,68.5,79,81,75.599998
2020/7/29,13:15:00,G1111,66.400002,65.5,65.099998,64.800003,64.800003,64.599998,63.900002,64.400002,64.099998,64.800003,65.900002,66,68.5,66.699997,NaN,69.300003,77.800003,80.800003,73.400002
2020/7/29,13:15:00,G1112,67,66.300003,65.900002,65.300003,65.300003,65.199997,64.5,65.199997,64.599998,65.400002,66.400002,66.400002,68.699997,66.900002,68.699997,69.699997,77.800003,82,71.699997
2020/7/29,13:15:00,G1113,68,67.5,66.900002,66.300003,66.300003,66.300003,65.400002,66.099998,65.900002,65.699997,67.400002,66.699997,69.300003,67.400002,NaN,70.599998,75.900002,81.900002,72.199997
2020/7/30,13:15:00,G1101,NaN,53.099998,54.900002,53.900002,51.400002,53.099998,53.599998,56.599998,57,58.200001,59.200001,56.5,55.900002,58.900002,57.200001,58.400002,56.900002,58.799999,57.799999
2020/7/30,13:15:00,G1102,54,53.099998,54.799999,54.299999,51.299999,53.599998,54,56.200001,56.799999,56.900002,58.299999,55.400002,55.700001,58.200001,56.099998,57.5,56.900002,59.200001,57.700001
2020/7/30,13:15:00,G1103,54.299999,53.200001,54.799999,55.400002,52,54.799999,54.099998,56.700001,56.799999,56.299999,57.400002,55.400002,56,58.099998,55.099998,57.799999,56.400002,59.200001,57.599998
2020/7/30,13:15:00,G1104,55.099998,53.900002,54.799999,56.299999,52.599998,55.799999,54.900002,57.299999,57.599998,57.400002,57.5,55.700001,57,58.599998,55.200001,58.700001,56.799999,59.299999,58.200001
2020/7/30,13:15:00,G1105,54.700001,53.599998,53.599998,55.900002,52.599998,54.700001,54.299999,56.099998,56.700001,57.099998,56.799999,54.299999,56.099998,57.799999,54.200001,55.900002,55.799999,57.400002,57.200001
2020/7/30,13:15:00,G1106,55.5,54.599998,54.200001,56.400002,53.599998,55.299999,55.099998,56.599998,57.400002,58.400002,56.599998,54.599998,57.299999,58.099998,54.700001,55.799999,56.599998,57.5,57.400002
2020/7/30,13:15:00,G1107,56.700001,55.900002,56.299999,56.799999,54.900002,56.299999,56.200001,57.900002,58.5,59.099998,56,54.799999,58.700001,57.900002,56,57.599998,57.799999,58.700001,58.200001
2020/7/30,13:15:00,G1108,56.799999,56,56.299999,56.799999,55.099998,56.400002,56.200001,58,58.599998,59.200001,55.799999,54.900002,58.799999,57.799999,56.5,57.799999,58.099998,58.900002,58.099998
2020/7/30,13:15:00,G1109,58,57.299999,57.200001,56.900002,56.299999,57.200001,57.299999,59.200001,59.799999,60.5,56.299999,55.400002,60.400002,57.900002,58.5,59,59.599998,59.900002,58.5
2020/7/30,13:15:00,G1110,59.200001,58.400002,57.5,57.900002,57.099998,57.900002,57.700001,60.5,60.099998,62,58.299999,56.599998,61.799999,57.5,60.299999,60.400002,60.799999,61,59
2020/7/30,13:15:00,G1111,60.200001,59.400002,58.200001,58.799999,57.400002,58.599998,58.099998,61.599998,60.900002,63.099998,60.200001,57.5,62.900002,58.200001,61.599998,61.599998,61.599998,61.5,58.5
2020/7/30,13:15:00,G1112,60.799999,59.900002,58.700001,59.200001,58.200001,59.099998,58.900002,62.200001,61.700001,63.700001,61.599998,58,63.5,58.099998,62.099998,62.099998,62,62,58.900002
2020/7/30,13:15:00,G1113,61.799999,60.700001,59.700001,59.700001,58.900002,59.799999,59.299999,63,62.599998,64.599998,62.299999,58.799999,64,58.900002,62.599998,63.099998,62.700001,62.599998,59.299999
2020/8/1,13:05:00,G1101,76.199997,77,77.199997,80.599998,79.099998,76.699997,79.099998,81.199997,89.5,92.300003,91,85.5,84.199997,83.900002,87.199997,87.699997,93.400002,95.099998,96.699997
2020/8/1,13:05:00,G1102,75,75.800003,75.699997,79.199997,77.800003,76.599998,79.099998,80.199997,88,92.099998,89,85,83.400002,83.099998,85.900002,86.199997,93.099998,94.800003,95.099998
2020/8/1,13:05:00,G1103,75.5,76,75.300003,79.099998,79.099998,77.099998,78.199997,80.400002,87.199997,91.199997,88.300003,84.699997,82.699997,82.800003,85.300003,85.900002,92.099998,93.300003,94
2020/8/1,13:05:00,G1104,77.099998,77.199997,76.800003,80.699997,80.599998,78.5,79.300003,81.900002,89,92.800003,89.400002,85.900002,84.800003,84.099998,87.300003,88.099998,95.400002,95.5,95.699997
2020/8/1,13:05:00,G1105,76.599998,76.400002,76,79,78.699997,77.800003,78.5,80.199997,86.599998,89.699997,85.699997,83.099998,82.699997,82.199997,85.599998,86.400002,92.699997,92.300003,91.800003
2020/8/1,13:05:00,G1106,77.599998,77.099998,77,80.800003,79.699997,78.099998,79.699997,82.900002,87.800003,90.300003,87.199997,84.599998,84.300003,84.400002,86.5,87.5,93.199997,93.099998,92.900002
2020/8/1,13:05:00,G1107,78.5,77.800003,78.099998,82.099998,81.300003,78.800003,81.199997,83.599998,87.400002,89,86.099998,85.300003,85,84.400002,86,88.5,92.900002,92.5,91.900002
2020/8/1,13:05:00,G1108,78.900002,78.199997,78.900002,82.599998,81.800003,79.099998,81.800003,83.900002,88,89.300003,87,85.599998,85.699997,84.699997,86.5,89.5,93.300003,93.199997,92.599998
2020/8/1,13:05:00,G1109,79.599998,79.099998,79.800003,83.5,82.5,80.400002,82.699997,84.800003,88.199997,88.699997,87.099998,86.099998,86.099998,85.699997,86.599998,89.400002,92.599998,92.5,91.099998
2020/8/1,13:05:00,G1110,80.800003,80.5,81.900002,84.900002,82.599998,81.599998,84.199997,86.400002,89.599998,90.099998,87.099998,87.199997,87,86.900002,88.199997,90.800003,93.300003,90.699997,90.5
2020/8/1,13:05:00,G1111,81.599998,81.900002,83,85.800003,83.599998,82.800003,84.900002,88.199997,90.800003,91.199997,87.199997,88.199997,88.099998,88.099998,89.800003,91,93.5,91.099998,88.699997
2020/8/1,13:05:00,G1112,81.800003,82.699997,83.599998,86.300003,83.900002,83.599998,85.699997,88.900002,90.900002,91.400002,87.5,88.699997,88.699997,88.699997,90.300003,91.400002,94.5,91.5,88.099998
2020/8/1,13:05:00,G1113,82.800003,83.900002,86.099998,87.900002,87.099998,85.5,88.199997,89.5,90,90.300003,89.599998,89.099998,90.199997,88.900002,89.800003,90.400002,94.599998,91.699997,88.800003
2020/8/3,13:55:00,G1101,81.400002,80.300003,80.800003,76.900002,75.900002,79.800003,79.5,83.800003,86.900002,87.400002,89.300003,90.800003,92.5,92.699997,93.900002,95.099998,96.300003,96.699997,96.199997
2020/8/3,13:55:00,G1102,80.900002,79.699997,80.800003,76.5,75.400002,79.400002,79.400002,83.599998,85.800003,87.099998,89.900002,90.599998,93,92.900002,94.400002,95.199997,96.699997,97,96.400002
2020/8/3,13:55:00,G1103,82.099998,80.699997,80.400002,77.400002,77,80.5,79.800003,84.300003,85.5,87.099998,90.199997,90.199997,92.599998,93,94.5,95.5,96.5,96.099998,95.300003
2020/8/3,13:55:00,G1104,83.900002,82.400002,82,79.699997,79.5,82.400002,81.599998,86.800003,86.699997,89.099998,92.800003,92.5,95.099998,96.099998,96.699997,98.199997,98.400002,98.199997,97.300003
2020/8/3,13:55:00,G1105,81.699997,80.099998,79.699997,79.099998,80,81.5,79.800003,85.199997,83.199997,87.400002,90.599998,91.099998,93.199997,93.400002,94.5,95.699997,96.400002,95.800003,95.599998
2020/8/3,13:55:00,G1106,82.900002,82.300003,82.099998,80.5,81.900002,83.699997,82.199997,86.300003,84,86.400002,90.900002,92.099998,94,95,95.400002,96.099998,97.5,96.900002,96.800003
2020/8/3,13:55:00,G1107,84.099998,84.300003,84.5,82.199997,83.199997,84.800003,83.5,86.699997,85,86.300003,89.199997,90.900002,93.800003,95.400002,94.800003,95.099998,96.300003,95.699997,95.5
2020/8/3,13:55:00,G1108,84.300003,84.400002,85.199997,83,84,85.300003,84.099998,87.599998,85.800003,87,88.900002,91.199997,95.099998,96.599998,95.699997,95.900002,96.800003,96.199997,96.400002
2020/8/3,13:55:00,G1109,85.699997,85,85.699997,85.099998,85.800003,86.699997,85.400002,88.5,87.800003,88.199997,88,90.599998,94.599998,96,95.199997,95.400002,96.400002,95.800003,95.599998
2020/8/3,13:55:00,G1110,88.199997,84,86.300003,85.599998,88.199997,88.5,87.5,90.699997,91,89.699997,88.900002,90.900002,96.5,94.199997,94.800003,95.300003,96,95.400002,95.800003
2020/8/3,13:55:00,G1111,87.800003,84.599998,85.400002,87,89.699997,89.199997,89.199997,92,92.400002,89.099998,89,90.699997,95.599998,93.900002,93.800003,95.400002,95.5,95.5,95
2020/8/3,13:55:00,G1112,87.900002,85.5,86.400002,87.599998,90.099998,89.800003,90,93,92.900002,88.800003,89,91.300003,95.5,92.900002,94.400002,95.800003,95.800003,95.800003,95.5
2020/8/3,13:55:00,G1113,87.400002,86.599998,87.699997,90.300003,91.199997,90.099998,91,92.400002,92.5,91.400002,91.300003,91.5,94.199997,92.400002,93.300003,95.199997,95.199997,94.400002,94.400002
2020/8/4,11:05:00,G1101,76.5,77.5,76.800003,75.699997,71.900002,71.699997,76.099998,80,85.300003,84.5,79.199997,84.900002,80.800003,80.800003,86.599998,85.800003,83.900002,84.199997,81.900002
2020/8/4,11:05:00,G1102,77.199997,76.5,77.300003,75.199997,72.800003,73.199997,75.800003,79.900002,83.300003,80.400002,77.699997,81.5,81.5,79.5,84,81.900002,82,83.300003,80.800003
2020/8/4,11:05:00,G1103,77.5,76.5,78.5,75.800003,74.800003,75.900002,76.699997,80.400002,81.099998,79.900002,78.199997,80.900002,76.199997,78.400002,78.699997,79.300003,78.400002,81,79.099998
2020/8/4,11:05:00,G1104,79.199997,78.699997,79.599998,77.099998,76.5,78.099998,78.300003,82.400002,82.5,81.400002,79.699997,81.699997,77,79.199997,79.099998,78.300003,78.400002,81.199997,80.400002
2020/8/4,11:05:00,G1105,77.099998,78.900002,79.199997,77.800003,75.599998,75.5,78.199997,80.300003,80.099998,79.5,78.900002,80.199997,75.699997,75.800003,73.400002,75.199997,74.400002,73.599998,73.699997
2020/8/4,11:05:00,G1106,78.400002,79.199997,79.599998,78.599998,77.099998,76.5,78.400002,81,81.5,81.300003,80.5,81.400002,76.5,76.300003,75.300003,74.300003,74.599998,74,74.300003
2020/8/4,11:05:00,G1107,79.400002,80.099998,80.900002,80.599998,77.699997,79.099998,79,81.800003,81.099998,81.599998,81.699997,82.900002,77.400002,77,76.300003,75.599998,75.400002,75.199997,74.400002
2020/8/4,11:05:00,G1108,79.900002,80.5,81.599998,81.300003,78,79.5,79.5,82.699997,81,81.599998,82.199997,83.199997,77.5,78,77,76.400002,76.599998,76.199997,75.5
2020/8/4,11:05:00,G1109,81.099998,82.099998,82.300003,81,79.300003,79,79.199997,81.900002,82.400002,82.300003,83.400002,84.099998,78.699997,79.199997,78.599998,77.699997,78,77.699997,78
2020/8/4,11:05:00,G1110,83,82.599998,83.5,82.400002,81.599998,80.699997,81.300003,83.400002,83.300003,83.699997,84.400002,83.800003,79.699997,80.400002,79.199997,78.5,78.099998,77.699997,77.800003
2020/8/4,11:05:00,G1111,84.199997,NaN,85.099998,83.599998,82.5,81,83.5,83.300003,84.199997,84.800003,86.199997,83.699997,80.599998,80.800003,80.699997,80.400002,79.900002,79.400002,79.5
2020/8/4,11:05:00,G1112,84.800003,83.5,86,84.400002,83.900002,83,84.599998,84.5,84.800003,85.900002,86.400002,83.900002,80.400002,80.800003,81.300003,81,80.300003,79.900002,80.400002
2020/8/4,11:05:00,G1113,86.5,85.199997,86.900002,85.800003,85.800003,84.099998,85.900002,86.800003,86.199997,86.5,89,86.5,81.300003,82.099998,83.099998,82.599998,81.5,81.800003,82
2020/8/4,13:35:00,G1101,68.300003,66.099998,68.800003,70.300003,71,73.099998,75.599998,78.199997,83.099998,86.5,87.800003,88,93.199997,94.199997,94.5,95.099998,94.5,94.099998,94.800003
2020/8/4,13:35:00,G1102,66.400002,67.199997,66.800003,70.599998,70.300003,72.900002,74.5,75.699997,81.400002,86,87.199997,87.300003,93.599998,93.699997,94.199997,94.400002,93.599998,92.5,94.599998
2020/8/4,13:35:00,G1103,66.400002,67.900002,68.099998,70.199997,72.099998,73.400002,73.5,75,80.400002,84.800003,86.599998,87.699997,92.900002,92.599998,93.5,92.900002,90.400002,89.300003,93.400002
2020/8/4,13:35:00,G1104,67,68.300003,69.099998,71.300003,73.800003,75,74.699997,75.599998,82.300003,86.300003,87.599998,90.199997,95.300003,94.599998,95.5,93.699997,88.900002,88.699997,95.599998
2020/8/4,13:35:00,G1105,66.300003,67.400002,68.5,69,72.300003,73.900002,74.5,74.400002,80.699997,81.300003,82.5,88.5,92.599998,89.599998,89.199997,86.400002,84,82.300003,91.199997
2020/8/4,13:35:00,G1106,67.699997,68.800003,69.5,71,73,75,75.699997,75.199997,81.699997,81.099998,79.900002,88.699997,90.599998,88.300003,88.900002,86.800003,86.400002,84,90.900002
2020/8/4,13:35:00,G1107,69.5,70.300003,NaN,70.099998,72.300003,76.199997,78.199997,76.199997,81.699997,79.400002,76.599998,88.599998,83.800003,87.5,87.599998,85.699997,85.900002,85.400002,89.699997
2020/8/4,13:35:00,G1108,70.300003,71.199997,NaN,70.300003,72.800003,76.800003,78.099998,76.5,81.800003,79.5,76.300003,89.300003,83.900002,87.400002,87.900002,85.800003,86.300003,86.400002,89.900002
2020/8/4,13:35:00,G1109,72,72.599998,NaN,71.800003,74.199997,77.5,78.699997,77.099998,82.099998,80.5,77.800003,86.300003,83,84.400002,87.300003,85.900002,86.099998,87.199997,89.699997
2020/8/4,13:35:00,G1110,71.599998,74.599998,72.900002,73.199997,74.199997,77.900002,77.300003,78.5,83.699997,82.300003,79.099998,81.900002,82.699997,81.699997,86.199997,86,86.699997,88,90.699997
2020/8/4,13:35:00,G1111,70.5,75.800003,73.900002,74.199997,74.199997,78.800003,77.800003,80,85.099998,83.400002,80.599998,79.800003,82.699997,82.099998,85,85.900002,86.599998,86.5,88.099998
2020/8/4,13:35:00,G1112,71.699997,76.5,74,75.300003,75.5,77.5,78.400002,80.400002,85.599998,84,81.300003,80.400002,82.5,81.5,85.199997,86.300003,87.099998,85.5,87.400002
2020/8/4,13:35:00,G1113,74.199997,78,76,76.400002,77.099998,77.900002,80,82.699997,88.099998,86.800003,83.599998,80.199997,82.900002,82.300003,87.800003,87.699997,87.900002,86.5,87
2020/8/5,15:55:00,G1101,79.400002,80.300003,80.199997,81.199997,82.5,79.5,81.199997,86.300003,91.599998,94.199997,95.5,96,96.199997,96,96.199997,96.099998,97,97.199997,96.300003
2020/8/5,15:55:00,G1102,78.400002,79.599998,79.099998,80.099998,81.199997,78.900002,80.599998,85.900002,92.400002,95.199997,96.5,97.199997,97.800003,97,96.900002,97.099998,99,99.300003,98.5
2020/8/5,15:55:00,G1103,78.5,78.699997,77.900002,78.5,NaN,78.800003,79.599998,84.900002,91.199997,93.900002,95,96,97.199997,96.900002,97,97,98.400002,98.199997,98.099998
2020/8/5,15:55:00,G1104,79.900002,80,79.300003,80.400002,NaN,80.400002,81.400002,86.599998,93.800003,96.5,97.199997,98.199997,98.5,98.5,98.699997,99,99.900002,100,99.800003
2020/8/5,15:55:00,G1105,78.699997,78.599998,78.5,78.800003,NaN,78.900002,80.300003,82.400002,91,94.800003,94,95.699997,96,96.199997,96.5,96.900002,97.199997,97.599998,97.099998
2020/8/5,15:55:00,G1106,79.699997,79.300003,79.099998,80.300003,80.800003,80.199997,81.800003,83,91.800003,95.199997,94.300003,95.900002,96.400002,96.900002,97.300003,97.699997,97.599998,98.099998,97.400002
2020/8/5,15:55:00,G1107,80.400002,80.199997,79.900002,81.099998,81.699997,81.300003,82.599998,83.300003,91.900002,95.5,93.599998,95.800003,96.699997,97.5,97.900002,98.099998,98,98.900002,97.5
2020/8/5,15:55:00,G1108,80.400002,80.400002,80.400002,81.599998,NaN,81.699997,83.5,83.599998,93.300003,96.599998,93.900002,97.400002,97.599998,98.300003,98.800003,99.099998,99.300003,99.800003,97.800003
2020/8/5,15:55:00,G1109,81,81.5,81.599998,82.400002,82.800003,83.099998,84,83.599998,93.099998,95.800003,94.099998,96.5,97.099998,98.5,98.599998,99.599998,99.599998,99.900002,97.900002
2020/8/5,15:55:00,G1110,82.400002,82.900002,83,83.800003,NaN,84.699997,85.400002,85.300003,92.800003,96.699997,95.199997,97,97.5,99.599998,99.5,99.900002,99.900002,100,98
2020/8/5,15:55:00,G1111,83.800003,83.800003,84.300003,85.099998,85.5,86.199997,87.099998,86.199997,93.900002,97.199997,95.800003,96.5,97.5,99.900002,99.400002,100,99.800003,99.599998,95.699997
2020/8/5,15:55:00,G1112,84.5,84.400002,85.300003,86.199997,NaN,87.099998,87.599998,86.699997,94.099998,98,95.900002,97.300003,97.800003,100,100,99.900002,100,99.900002,93.400002
2020/8/5,15:55:00,G1113,86.599998,86.199997,87.400002,88.400002,NaN,90.800003,91.599998,90.099998,94.099998,98.199997,94.400002,97,97.099998,98.099998,98.400002,99.099998,98.599998,97.900002,94.900002
2020/8/6,13:30:00,G1101,67,64.300003,61.900002,63.900002,61.700001,61.599998,63.400002,61.900002,74.599998,77.900002,78.199997,80.199997,80.199997,79.800003,78.699997,75.699997,79.099998,74.199997,72.300003
2020/8/6,13:30:00,G1102,67.099998,64,62.400002,63.099998,62.299999,59.400002,62.299999,60.900002,73.900002,77.699997,78.199997,80.5,80.400002,80.300003,79.400002,75.5,79.699997,74.900002,72.300003
2020/8/6,13:30:00,G1103,67.400002,65,64.300003,63.400002,63.299999,61.200001,62.799999,60.599998,74.5,78.400002,78.900002,81.400002,79.199997,80.800003,80.400002,75.699997,80.099998,76,73.400002
2020/8/6,13:30:00,G1104,69.400002,66,65.900002,64.5,64.800003,62.599998,63.200001,60.799999,76.5,79.599998,80.5,82.699997,79.400002,82.400002,81.699997,77.900002,82.199997,78.599998,74.400002
2020/8/6,13:30:00,G1105,66.300003,64.800003,65.099998,64.199997,64.300003,62.299999,62.200001,59.299999,76.099998,78.300003,78.599998,79.199997,75.599998,78.900002,81,77.599998,81,78.5,75.199997
2020/8/6,13:30:00,G1106,67.5,65.900002,65.900002,65.099998,65.199997,62.900002,63.099998,59.799999,76.400002,78.900002,80.300003,78.800003,75.800003,79,81.699997,77.400002,82.199997,79.199997,76.599998
2020/8/6,13:30:00,G1107,69.099998,66.699997,67.400002,66.699997,66.300003,62.900002,65.300003,60.799999,76.599998,79.599998,80.199997,75.699997,75.900002,77.599998,75.099998,73.400002,80.400002,80.400002,78
2020/8/6,13:30:00,G1108,69.400002,67.099998,67.599998,66.900002,66.5,62.799999,65.300003,60.900002,77.900002,79.599998,80.599998,75.900002,76.199997,77.699997,75,73.900002,80.099998,81,78.800003
2020/8/6,13:30:00,G1109,70.699997,68.199997,68.800003,68.199997,67.699997,63.299999,66.400002,61.700001,76.800003,80.400002,80.300003,76.300003,75.599998,77.800003,75.400002,73.599998,77.900002,79.699997,80.400002
2020/8/6,13:30:00,G1110,72.099998,69.800003,70.400002,69.400002,69,64.5,65.599998,62.400002,77.5,81,79.800003,76.900002,75.699997,77.099998,76.199997,74.300003,75,80.699997,82
2020/8/6,13:30:00,G1111,73.900002,71.5,72.199997,70.699997,70.099998,65.900002,66.199997,62.900002,72.599998,81.599998,81,73.300003,73.199997,77.300003,76.699997,75.599998,75.199997,82.900002,79.199997
2020/8/6,13:30:00,G1112,74.099998,71.900002,72.800003,71.300003,70.900002,66.599998,66.800003,62.799999,69.900002,82.300003,82.199997,71.800003,72.699997,77.300003,76.900002,76.599998,75.800003,84,77.5
2020/8/6,13:30:00,G1113,75.900002,73.300003,73.900002,72.699997,72.599998,67.800003,67.599998,63,70.300003,86.400002,84.300003,72.5,74,78.5,77.599998,78.5,77.599998,87.099998,77.199997
2020/8/8,16:15:00,G1101,69,68.900002,68.5,68.699997,68,66.599998,69.300003,74.900002,82.400002,82.599998,84.5,88.300003,88.300003,86.099998,85,85.400002,82.900002,87.699997,81.900002
2020/8/8,16:15:00,G1102,69.400002,69.400002,69.5,69.199997,68.800003,67.199997,69.599998,75.599998,83.599998,78.099998,81.900002,83.599998,85.400002,83.099998,83.300003,84.099998,77.800003,87.199997,81.599998
2020/8/8,16:15:00,G1103,70.599998,70.599998,70.199997,70,70.599998,68.699997,69.800003,76.699997,84,73.199997,74.099998,80.099998,82.199997,82.099998,79,79.300003,78,85.800003,77.300003
2020/8/8,16:15:00,G1104,71.800003,72.099998,71.199997,71.5,72.099998,70.099998,70.900002,78.400002,86.5,74.199997,74.800003,79.5,81,83.300003,80.599998,80.099998,78.199997,84.599998,77.099998
2020/8/8,16:15:00,G1105,71.300003,71.800003,70.699997,71.199997,70.699997,70.099998,69.800003,76,84.900002,73.599998,74.5,75.400002,76.400002,78.5,78.800003,78.099998,74.300003,77.699997,74.199997
2020/8/8,16:15:00,G1106,72.5,72.699997,71.400002,72.300003,71.800003,71.400002,70.699997,75,84.800003,74.599998,75.099998,76,76.300003,76.5,77,76.300003,74.699997,76,74.099998
2020/8/8,16:15:00,G1107,73.900002,74.300003,73,73.5,73.099998,72.599998,71.900002,75.5,81.900002,76.199997,77.099998,77,76.800003,77.400002,76.699997,75,74.5,75.699997,73.5
2020/8/8,16:15:00,G1108,74.199997,74.599998,73.599998,73.900002,73.599998,72.900002,72.300003,76.300003,81,76.900002,77.900002,76.800003,77,77.599998,77.199997,75.400002,74.900002,76.099998,73.599998
2020/8/8,16:15:00,G1109,75.300003,75.900002,74.800003,75,74.800003,74.099998,74,75.699997,79.800003,78.300003,79.099998,77.300003,77.099998,77.699997,77.5,76.400002,75.300003,75.699997,74.599998
2020/8/8,16:15:00,G1110,76.800003,77.900002,76.099998,76.5,76.800003,75.599998,75.699997,76.599998,79.900002,80.400002,81,77.099998,78.599998,79,78.699997,77.699997,76.699997,77.099998,76
2020/8/8,16:15:00,G1111,78.800003,79.199997,77.199997,77.400002,77.800003,77.599998,77.5,77.699997,81.900002,82.400002,82.800003,77.599998,79.900002,80.400002,79.900002,79.199997,77.800003,78.400002,77.5
2020/8/8,16:15:00,G1112,79.599998,79.699997,77.900002,78.199997,78.099998,78.099998,78.199997,77.900002,82.599998,83.5,83.699997,78.300003,80.5,80.900002,80.5,79.699997,78,79.199997,78.300003
2020/8/8,16:15:00,G1113,82.300003,81.599998,79.900002,80,79.199997,80.300003,80.5,79.800003,86.199997,87.300003,87.900002,80.699997,82.800003,84,82.199997,81.599998,79.400002,81.800003,80.699997
2020/8/11,8:25:00,G1101,80.199997,81.5,81,81.900002,80.599998,81.5,79.900002,81.400002,82.599998,86.099998,88.5,87.699997,86.199997,88.300003,87.400002,86.800003,84.5,79.699997,79.400002
2020/8/11,8:25:00,G1102,80,80.800003,80.900002,81,80.800003,81.400002,79.800003,81.5,82.5,86.199997,88.599998,87,84.800003,88,87.199997,87.099998,84.5,80.199997,79.699997
2020/8/11,8:25:00,G1103,81.099998,81.699997,81.699997,80.5,80.300003,81.599998,80.400002,82.199997,83,86.699997,88.800003,86.400002,84.699997,86.900002,86.699997,87.300003,85.699997,82.599998,82
2020/8/11,8:25:00,G1104,82.699997,83.099998,83.099998,82.300003,81.300003,83.300003,81.5,83.800003,85.300003,88.800003,91.099998,86.800003,87.099998,89,88.199997,89,88,84.199997,83.099998
2020/8/11,8:25:00,G1105,81.099998,81.199997,81.5,79.699997,78.800003,80.400002,79.300003,82.199997,83.5,87.400002,89.599998,84.400002,85.199997,86.699997,85.800003,86.900002,86.800003,82.900002,82.5
2020/8/11,8:25:00,G1106,83.900002,83.5,83.900002,82.699997,81.300003,82.5,81.800003,84.400002,85.5,88.5,90.199997,85.300003,85.5,86.900002,86.699997,86.199997,87,85.099998,84.599998
2020/8/11,8:25:00,G1107,85.400002,84.699997,85,84.300003,82.900002,83.599998,82.300003,85.300003,86.300003,89.800003,90.599998,87.900002,86.300003,86.599998,86.5,87.599998,87.699997,84.900002,86.300003
2020/8/11,8:25:00,G1108,86,85.300003,85.5,84.699997,83.099998,83.900002,82.900002,86.199997,86.699997,91.199997,91.800003,88.300003,86.699997,87.400002,87,88,87.900002,84.599998,87.099998
2020/8/11,8:25:00,G1109,87.300003,86.5,86.800003,86.199997,84.699997,85,84.099998,87.900002,86.5,91.599998,92,89.900002,87.199997,87.5,86.900002,86.599998,84.699997,80.900002,86.199997
2020/8/11,8:25:00,G1110,87.800003,88,88.699997,88.300003,86.5,86.900002,85.800003,89.599998,86.099998,93.199997,93.400002,90.900002,87.599998,88.400002,86.400002,80.099998,80.5,80.699997,87.099998
2020/8/11,8:25:00,G1111,88.900002,89.400002,90.400002,90.099998,87.199997,88,87.699997,91.599998,87.5,94.699997,94.300003,89.900002,83.300003,89.300003,81.400002,72.599998,78.900002,80.400002,88.099998
2020/8/11,8:25:00,G1112,89.400002,90.400002,91.099998,90.699997,87.199997,88.800003,88.199997,92,86.800003,95.400002,94.5,89.199997,80.5,89.699997,81.099998,72.300003,78.300003,80.800003,86.900002
2020/8/11,8:25:00,G1113,89.099998,90.300003,89.599998,90.199997,90.300003,89.699997,90,89.699997,88.199997,92.699997,91.800003,89,79.900002,88.199997,76.5,73.699997,77.900002,81.800003,87.099998
2020/8/12,5:50:00,G1101,91.300003,84.199997,88.099998,90.800003,87.599998,86.599998,86,92.400002,98.300003,98.5,99.599998,99.599998,99.400002,99.599998,99,98.5,98.800003,98.199997,98.199997
2020/8/12,5:50:00,G1102,87.699997,83.099998,85.400002,85.599998,85.599998,85,84.699997,91.900002,99,99.300003,100,100,99.800003,99.900002,99.400002,99.099998,100,98.599998,98.800003
2020/8/12,5:50:00,G1103,84.5,83.400002,83.400002,82.900002,85.099998,84.599998,84.199997,91.099998,97.400002,97.699997,98.099998,98.199997,97.199997,97.199997,96.900002,97.5,99.099998,98.699997,97.800003
2020/8/12,5:50:00,G1104,85.699997,84.599998,85.300003,84.699997,87.300003,86.599998,86.300003,94.099998,100,99.800003,99.800003,98.400002,98.800003,98.199997,97.699997,99.300003,100,100,99.099998
2020/8/12,5:50:00,G1105,84.300003,83,83.400002,83.5,86,84.300003,84.599998,91.5,98.099998,98.599998,96.900002,94,95.400002,94.099998,95.099998,96.900002,97.800003,96.900002,96.800003
2020/8/12,5:50:00,G1106,84.800003,84.099998,84.300003,85,86.699997,85.5,85.599998,92.099998,99.099998,98.400002,98,94.599998,94.900002,95.400002,96.5,98.400002,98.099998,97.199997,98.099998
2020/8/12,5:50:00,G1107,85.599998,85,85.400002,86.300003,88.199997,87.900002,87.599998,91.900002,97.699997,98.5,98.900002,93.800003,94.099998,95.5,96.400002,97.400002,97,97.300003,96.900002
2020/8/12,5:50:00,G1108,86.5,85.300003,85.900002,87,89,88.400002,88.199997,93.199997,97.800003,99.300003,99.800003,94,95,95.599998,96.900002,97.800003,97.599998,98.099998,96.800003
2020/8/12,5:50:00,G1109,87.199997,86,86.199997,87.400002,89.599998,89.199997,89.599998,92.900002,96.099998,98.300003,99,92.900002,95,94.400002,93.800003,94.400002,94.800003,94.900002,93.599998
2020/8/12,5:50:00,G1110,87.900002,87.699997,87.300003,88,90.699997,91.599998,91,93.300003,97.599998,99.699997,98.900002,91,92.199997,93.199997,92.300003,93.699997,93.199997,94.099998,92
2020/8/12,5:50:00,G1111,90,89.400002,88.800003,89.699997,93.699997,93.5,93.400002,92.699997,95.599998,98.699997,97.699997,96.099998,96.199997,95.300003,94.699997,94.900002,95,95.400002,87.900002
2020/8/12,5:50:00,G1112,90.199997,90.300003,89.699997,89.800003,93.5,94,92.599998,95.800003,95.900002,98.900002,93.300003,90.900002,92,91.900002,92.900002,93.400002,93.5,93.5,87.199997
2020/8/12,5:50:00,G1113,90.900002,91.900002,91.300003,91.199997,95.400002,96.400002,95.900002,94.199997,95.099998,98.199997,96.5,96.599998,97.300003,97.400002,97.300003,97,97.400002,96.800003,88.300003
2020/8/12,12:00:00,G1101,75.199997,74.199997,77.099998,76.599998,78.900002,81.099998,81.099998,89.099998,87.199997,91.599998,96.699997,96.5,95.199997,95,95.5,96.300003,96.800003,95.900002,95.800003
2020/8/12,12:00:00,G1102,76.5,74.199997,76.300003,76.099998,78.300003,77.900002,79.099998,87.900002,86,91.400002,97.099998,96.699997,95.199997,95.5,95.900002,96.800003,96.900002,95.5,96.099998
2020/8/12,12:00:00,G1103,77,74.300003,76.5,76.699997,78.800003,77.199997,77.699997,86.400002,85,90.400002,95.099998,95.400002,95.300003,95.5,95.099998,95.300003,95.599998,93.900002,94.599998
2020/8/12,12:00:00,G1104,78.300003,76.199997,77.699997,78.400002,80.300003,78.800003,78.800003,89.099998,86.800003,93.900002,98.800003,97.800003,97.400002,97.400002,97.300003,97.300003,97.699997,94.5,97
2020/8/12,12:00:00,G1105,78.199997,75.599998,78,79.099998,78.900002,78.699997,78.699997,87.599998,86.099998,93.5,96.699997,96.5,95.800003,94.900002,94.599998,93.5,90,87.5,94
2020/8/12,12:00:00,G1106,79.300003,76.099998,78.300003,79.099998,80.800003,79.300003,79.400002,89.199997,87.900002,95.199997,98.099998,97.699997,98.199997,96.5,95.400002,94.300003,87.5,87.800003,94.5
2020/8/12,12:00:00,G1107,81,77.300003,79.699997,80.099998,82.099998,80.900002,80.800003,89.099998,88.599998,95.5,97.5,98.099998,97.900002,97.099998,93.900002,90.099998,85.300003,84.5,92.400002
2020/8/12,12:00:00,G1108,80.800003,77.800003,80.199997,80.400002,82.5,81.199997,81.199997,90,89.099998,96.099998,98.199997,99,98.400002,98,94.099998,89.599998,86.5,84.800003,91.5
2020/8/12,12:00:00,G1109,81.300003,78.699997,81.400002,81.099998,84.199997,82.5,82.599998,89.099998,90.199997,96.900002,97.699997,97.400002,97.300003,96.900002,89.5,87.400002,85.400002,81.300003,88.599998
2020/8/12,12:00:00,G1110,82.199997,81,83.400002,83.300003,85.800003,83.5,84.800003,91.800003,93,99.800003,99.900002,98.199997,95.800003,91.900002,87.900002,86.199997,85.199997,83.400002,83.300003
2020/8/12,12:00:00,G1111,80.400002,82,86.400002,84.5,86.400002,85.099998,86.800003,92.699997,94.199997,100,98.300003,97.5,93.5,87.300003,84.800003,86.199997,80.300003,84.199997,83.599998
2020/8/12,12:00:00,G1112,82.699997,82.800003,85.699997,84.5,85.199997,84.800003,86.800003,92.699997,94.800003,98.599998,98.699997,96.800003,93.699997,87.699997,85,86.599998,80.400002,82.199997,83.5
2020/8/12,12:00:00,G1113,85.400002,86.900002,91.099998,90.900002,90.400002,91,90.599998,91,92.599998,97.599998,96.5,96.699997,96.5,88.300003,85.300003,87.199997,78,85.599998,82.699997
2020/8/13,11:20:00,G1101,72.099998,73.199997,75.599998,78.300003,74.900002,71.699997,74.599998,84.800003,87.300003,88.400002,88.099998,91.5,89.5,88.300003,88.099998,84.800003,87.099998,86.199997,86.199997
2020/8/13,11:20:00,G1102,71.300003,72.699997,75.099998,77.599998,74.599998,72,74.099998,82.800003,86.400002,88,87.400002,90.400002,89,87.599998,88,85.300003,85.300003,84.900002,86.099998
2020/8/13,11:20:00,G1103,71.800003,73.5,76.199997,77.199997,74.699997,73.699997,74.199997,81.400002,85.099998,87.699997,86.900002,89.400002,89.699997,88.800003,88.199997,86.400002,86.300003,85.300003,85.599998
2020/8/13,11:20:00,G1104,73.099998,76.099998,77.400002,78.699997,75.699997,75.300003,75.599998,83.199997,87.400002,89.099998,88.300003,91.300003,92.099998,90.699997,88.900002,87,88.099998,86.599998,86.900002
2020/8/13,11:20:00,G1105,72.599998,75.599998,76.599998,77.400002,75.300003,74.699997,73.900002,80.099998,85.400002,85.800003,85.699997,89.099998,87.699997,88.800003,88.599998,85,86.900002,83.900002,85.5
2020/8/13,11:20:00,G1106,73.400002,75.800003,77.099998,77.900002,76.300003,75.099998,74.300003,81.800003,86.099998,86,86.199997,88.699997,87.599998,88.300003,86.300003,86.400002,88.199997,85.300003,86.400002
2020/8/13,11:20:00,G1107,75.199997,76.199997,78.800003,79.300003,77.5,76.5,74.599998,80.599998,85.599998,85.5,84.300003,87.099998,88.199997,89.099998,85,86.800003,90,86.5,86.800003
2020/8/13,11:20:00,G1108,75.699997,76.699997,79.400002,79.300003,78.099998,76.900002,74.400002,81.300003,86.599998,85.599998,83.900002,86.699997,89.5,89.300003,85.699997,87.900002,90.699997,87.099998,87.599998
2020/8/13,11:20:00,G1109,77,77.800003,80.5,79.900002,79.400002,78,76.400002,81.900002,85.099998,82,81.099998,85.199997,88.300003,87.900002,85.099998,87.5,90.599998,88.400002,88.199997
2020/8/13,11:20:00,G1110,NaN,NaN,NaN,NaN,NaN,NaN,76.800003,80.800003,86.099998,77.199997,73.699997,82.900002,87.599998,85,84,84,90.300003,86.400002,87.699997
2020/8/13,11:20:00,G1111,80,82,84,83.099998,82.800003,80.800003,78.599998,81.900002,87.099998,77.400002,73.400002,83.800003,88.599998,83,87.400002,79.199997,90.300003,85.099998,85.400002
2020/8/13,11:20:00,G1112,80.5,82.5,84.599998,83.900002,83.5,80.5,80.5,81.699997,88.199997,77.300003,72.699997,84.099998,87.199997,83.599998,87.400002,79,90.900002,83.5,84.199997
2020/8/13,11:20:00,G1113,83.099998,87.099998,90.199997,89.099998,88.900002,82,83.099998,84.400002,89.900002,75.599998,73.400002,84.199997,91.099998,89.900002,90.699997,82.300003,90.599998,88.900002,90
2020/8/13,15:25:00,G1101,80.300003,81,80.400002,81.300003,80,80.400002,80.900002,81.300003,83.300003,83.300003,83.300003,83.5,82.800003,83.400002,83.300003,81.199997,80.699997,79.5,77.900002
2020/8/13,15:25:00,G1102,80.400002,80.699997,80,81.300003,80.300003,79.699997,80.900002,80.099998,83.199997,82.599998,83.400002,83.699997,83.300003,83.599998,83.400002,80.300003,80.099998,79.599998,78.099998
2020/8/13,15:25:00,G1103,82.800003,82.5,81.599998,81.800003,81,80.5,81.599998,80.699997,82.900002,83.199997,83.800003,83.300003,84.199997,84,83.5,80.900002,80.199997,80,79.599998
2020/8/13,15:25:00,G1104,84.099998,84.5,83.300003,83.199997,82.900002,82.599998,83.400002,82,84.599998,84.599998,85.800003,85.5,86.699997,85.5,85.199997,82.699997,81.199997,81.5,81
2020/8/13,15:25:00,G1105,82.400002,83,81.300003,81.599998,81.400002,81.199997,81.5,79.5,81.800003,82.599998,83.400002,83.599998,84.5,84.300003,83.400002,81.300003,78.5,78.699997,79.400002
2020/8/13,15:25:00,G1106,85.099998,84.599998,83.599998,83.300003,83.699997,82.800003,83.599998,81.400002,83.300003,83.699997,84.900002,85.699997,85.900002,86.400002,84.800003,83.400002,80.800003,81.099998,81.900002
2020/8/13,15:25:00,G1107,85.099998,84.599998,84.900002,84.099998,84.900002,84.400002,84.400002,82.699997,84.099998,81.699997,83.800003,85.300003,85.400002,86.800003,85.699997,84,82.300003,82.400002,83.099998
2020/8/13,15:25:00,G1108,85.400002,85.5,85.400002,84,85.800003,85.099998,85.099998,83.099998,84.099998,81.099998,84.400002,85.800003,86.400002,87,86.199997,85.099998,82.400002,82.699997,83.5
2020/8/13,15:25:00,G1109,86.5,87.599998,86.699997,85.199997,86.599998,85.400002,85.900002,84.599998,84,80.400002,84.900002,85.699997,85.800003,87.599998,87.800003,86.099998,83.400002,83.599998,84.5
2020/8/13,15:25:00,G1110,86.900002,88.199997,87.900002,84.900002,86.400002,85.900002,86.300003,84.300003,83.900002,78.5,81.400002,84.199997,85.900002,89.099998,86.300003,85.800003,80.099998,83,85
2020/8/13,15:25:00,G1111,89,89.199997,90.599998,87.699997,87.5,88.900002,89.199997,85.900002,82.800003,78.300003,81.300003,85.099998,85,91.5,88.800003,87.800003,80.599998,84.400002,87.199997
2020/8/13,15:25:00,G1112,89.199997,88.800003,89.800003,88.800003,88.800003,89.599998,88.900002,87.199997,83.5,77.5,80.900002,84.199997,82.199997,92.099998,89.5,87.699997,81.300003,84,87.099998
2020/8/13,15:25:00,G1113,93.599998,92.199997,92.5,92.5,92.099998,92.900002,92.699997,92.300003,82.800003,79.5,83.900002,85.599998,83.5,91,90.699997,91.099998,82.300003,89.199997,91.300003
2020/8/16,14:50:00,G1101,62.799999,64.199997,63.700001,64.099998,65.099998,65.199997,67.199997,70.800003,74,71.400002,77,81.300003,79.800003,85.599998,79.599998,81.699997,75.400002,77.300003,78.099998
2020/8/16,14:50:00,G1102,64.199997,65.300003,64.5,64.900002,65.199997,65.800003,67.199997,70.400002,73.699997,69.300003,76.800003,80.300003,77.300003,83,78,80,73.300003,76.099998,78
2020/8/16,14:50:00,G1103,65.5,66.5,65.900002,65.800003,66.599998,66.300003,68,70.900002,74,69.800003,77.099998,80.300003,75,77.599998,74.800003,74.800003,69.800003,72.599998,76
2020/8/16,14:50:00,G1104,66.5,67.800003,67.400002,67.300003,67.900002,67.099998,69.400002,72.599998,75.699997,70.599998,78.900002,81.699997,75.5,77.800003,73.099998,74.699997,69.800003,72.900002,75.300003
2020/8/16,14:50:00,G1105,66.199997,67.400002,67,66.800003,67.5,66.699997,69.199997,72.300003,74.300003,69.900002,78.300003,81.199997,77,76.900002,71.099998,73.900002,68.699997,67.300003,69.800003
2020/8/16,14:50:00,G1106,67.5,68.099998,68,67.800003,68.699997,67.5,70.300003,73.099998,74.699997,71.199997,78.900002,80.800003,78,78,72.099998,74.800003,71.5,69.800003,70
2020/8/16,14:50:00,G1107,69.099998,69.599998,68.5,68.699997,69.800003,68.699997,71.5,74.300003,75.599998,73.099998,78.699997,78.900002,80.5,79.599998,77.199997,75.599998,74.599998,72.800003,71.599998
2020/8/16,14:50:00,G1108,69.199997,69.800003,68.5,69,69.800003,68.900002,72.099998,74.699997,76.300003,73.099998,79,77.699997,81.099998,79.300003,78,75.900002,74.699997,73.400002,71.900002
2020/8/16,14:50:00,G1109,70.599998,70.699997,69.199997,69.699997,70.5,70.199997,72.900002,75.800003,77.300003,74.199997,77.099998,77.099998,81.699997,77.5,78.900002,77.199997,75.5,74.099998,73.400002
2020/8/16,14:50:00,G1110,71.900002,72.5,69.699997,71,71.199997,71.199997,74,76.699997,78,74.099998,77.599998,77.400002,81.099998,76.599998,80,73.300003,75.900002,73.099998,72.699997
2020/8/16,14:50:00,G1111,73.900002,74.099998,71.699997,73,73.400002,73.099998,75.5,78.800003,80.900002,77.400002,79.699997,80.099998,81.300003,77.900002,77.400002,74.699997,76.900002,73.5,74.800003
2020/8/16,14:50:00,G1112,74.699997,74.199997,72.400002,73.900002,74,74,75.599998,79.699997,81.400002,78,80.199997,80.099998,81.199997,77.800003,76.900002,75.400002,76.5,73.900002,75.400002
2020/8/16,14:50:00,G1113,76.699997,75.400002,74.400002,76.099998,76,75.900002,77.699997,82.5,84.800003,80.699997,82.199997,83.300003,83.300003,80.099998,78.599998,77.099998,77.300003,75.699997,76.599998
2020/8/17,14:25:00,G1101,85.199997,84.099998,82.199997,82.199997,80.699997,82.5,83.800003,89.099998,91.300003,92.599998,92.300003,91.400002,93.099998,94.099998,94.400002,88.599998,88.300003,87.900002,87.599998
2020/8/17,14:25:00,G1102,85.699997,84.099998,82.400002,82.900002,79.699997,82.5,83.5,89.400002,90.699997,92.5,92,91,91.900002,92.699997,93,88.199997,87.699997,87.599998,87.099998
2020/8/17,14:25:00,G1103,83.099998,83.5,82.699997,83.300003,81.599998,82.900002,83.099998,88.699997,90.199997,91.199997,91.599998,89.599998,84.800003,87.400002,86.5,87.199997,87.400002,84.900002,81.900002
2020/8/17,14:25:00,G1104,80.800003,84.699997,84.5,84.800003,82.900002,84.599998,84.300003,91.099998,91.900002,93.5,93.900002,88.099998,83.400002,89,85.800003,88.300003,87.699997,84.199997,79.699997
2020/8/17,14:25:00,G1105,77.099998,79.900002,80.099998,82.300003,80.5,82.400002,79.699997,90,87.800003,87.5,90.300003,75.699997,75.699997,83.099998,82,80.599998,81.5,78.900002,77
2020/8/17,14:25:00,G1106,77.199997,78.900002,81.5,82.400002,80.199997,79.400002,81,90.699997,88.199997,87.300003,88.5,77.300003,76,83.599998,79.699997,78.099998,78.400002,79.099998,75.900002
2020/8/17,14:25:00,G1107,78.400002,78.199997,78.699997,80.5,78.400002,78.300003,80.900002,90.900002,89.099998,88.099998,85.599998,79,78.099998,80.099998,78.5,77.900002,78,77.099998,76.300003
2020/8/17,14:25:00,G1108,78.599998,78.599998,79,79.599998,78.599998,78.599998,82.099998,93,88,87.199997,84.599998,78.400002,78.699997,79.800003,77.900002,77.400002,78.300003,77,76.300003
2020/8/17,14:25:00,G1109,79.300003,79.800003,80.099998,77.599998,78.099998,79.099998,83.300003,93.099998,88.599998,88.199997,86.699997,77.900002,79.5,80.199997,76.5,77.5,78.900002,78,76.599998
2020/8/17,14:25:00,G1110,79.800003,79.300003,80.400002,79.400002,79.699997,80.199997,82.599998,91.199997,87.599998,87.900002,87.599998,77.599998,80.199997,81.199997,75.800003,77,79,78.099998,76.599998
2020/8/17,14:25:00,G1111,81.599998,81.300003,82.099998,81.900002,81.900002,82.800003,84.900002,90.400002,88.699997,90,89,80,82.400002,83.699997,76.199997,76.199997,79.300003,79.5,75.400002
2020/8/17,14:25:00,G1112,82.300003,81.800003,82.699997,82.5,82.599998,83.199997,84.900002,90.199997,88,89.699997,89.099998,80.900002,83.199997,83.699997,76.400002,75.5,78.699997,80,74.199997
2020/8/17,14:25:00,G1113,85.599998,85.199997,86.800003,85.900002,86.5,86.900002,90.400002,93.5,91.5,94.800003,94,83.900002,86.099998,86.599998,78,77.199997,80.400002,82.300003,74
2020/8/18,15:00:00,G1101,71.699997,73.699997,73.199997,72.300003,70,73.900002,74.099998,85.199997,90.400002,86.599998,87.400002,91.199997,91.800003,93.099998,93.699997,93.5,92.800003,92.599998,93.900002
2020/8/18,15:00:00,G1102,69.900002,72.300003,72,71.900002,70.5,73.300003,72.5,84.400002,92.300003,85.699997,86,88.300003,87.199997,89.800003,91.300003,92.199997,91.5,91.400002,92.800003
2020/8/18,15:00:00,G1103,70.400002,70.599998,70.199997,72.199997,70.5,74.099998,72,90.599998,91.099998,86.5,87.300003,85.400002,82.699997,86,87.800003,89.099998,88.699997,87.800003,87.900002
2020/8/18,15:00:00,G1104,71,71.699997,70.800003,72.199997,72,74.599998,73.300003,86.300003,94.900002,90,90.900002,87,84.900002,87.400002,88.400002,89.099998,88.699997,86.599998,86.599998
2020/8/18,15:00:00,G1105,70.199997,69.800003,70.099998,70,72,72.099998,73,83.300003,90.800003,90.099998,91.900002,88.199997,79.400002,81.800003,85.900002,84.599998,84.699997,83.400002,83.400002
2020/8/18,15:00:00,G1106,71.199997,NaN,70.699997,70.800003,72.300003,71.699997,73.599998,87.199997,90.300003,88.300003,90.599998,87.599998,79.900002,81.5,85.900002,86,85.800003,84.5,85.300003
2020/8/18,15:00:00,G1107,71.5,NaN,71.400002,72.199997,72.099998,73.400002,73.800003,86.900002,97.400002,87.699997,90.800003,83.800003,77.800003,78.5,83.099998,86.099998,85.400002,85.599998,85.300003
2020/8/18,15:00:00,G1108,71.900002,NaN,71.400002,72.199997,71.800003,73.400002,73.599998,84.199997,93,88.599998,90.5,82.5,77.400002,77.699997,82.5,85.699997,83.5,85.300003,83.900002
2020/8/18,15:00:00,G1109,72.900002,NaN,72.300003,72.800003,72.300003,74,74.099998,84.199997,94.5,92.400002,89.400002,84,76.5,76.300003,78.599998,81.900002,79,79.699997,77.400002
2020/8/18,15:00:00,G1110,73.800003,NaN,72.800003,73.099998,73.300003,73.099998,74.599998,85.300003,93.800003,87.300003,84.400002,79.5,75.699997,76.199997,76,77.800003,77.599998,76.699997,75.800003
2020/8/18,15:00:00,G1111,75.400002,NaN,74.900002,74.900002,75,75.099998,76.599998,87.800003,90.599998,79.800003,84.300003,80.300003,76.599998,76.5,78.099998,77.800003,79.400002,77.599998,77.5
2020/8/18,15:00:00,G1112,76.099998,NaN,75.5,75.300003,75,74.900002,77.099998,87.300003,95.199997,84,86.900002,80.099998,77.099998,76.800003,79,77.599998,79.699997,78,78.099998
2020/8/18,15:00:00,G1113,77.699997,NaN,75.699997,76.300003,76.5,76,78.599998,90.400002,94.800003,86,85.199997,81,78.400002,78.699997,80.400002,80.5,80.099998,78.900002,78.699997
2020/8/22,11:05:00,G1101,66.199997,67.199997,67.599998,68.5,67.300003,67.699997,67,74.900002,76.300003,77.5,79,76.800003,75.699997,73.199997,72.5,74,72.300003,72.099998,72.099998
2020/8/22,11:05:00,G1102,66.900002,68.300003,69.099998,69.199997,68.900002,69.199997,68.5,76.5,77.599998,77.900002,79.300003,76.900002,77.099998,73.900002,73.599998,75.099998,72.800003,73.099998,73.099998
2020/8/22,11:05:00,G1103,69.199997,68.199997,68.699997,68.5,68.900002,69.099998,68.599998,76.800003,77.900002,77.800003,78.699997,76.599998,77.199997,74,73.900002,74.900002,72.099998,72.800003,72.800003
2020/8/22,11:05:00,G1104,69.300003,68.5,69.099998,67.800003,69,69,68.800003,76.900002,78.099998,78,78.400002,76.900002,77,73.900002,74,75.199997,72.199997,72.199997,72.900002
2020/8/22,11:05:00,G1105,70.199997,71,71.099998,68.699997,70.400002,70.699997,70.900002,79.199997,80.199997,80.400002,79.400002,78.5,77.400002,75.599998,75.099998,77.199997,73.400002,73.800003,75.5
2020/8/22,11:05:00,G1106,72,71.300003,70.400002,69.300003,69.699997,70.900002,71.599998,78.800003,80.599998,80.800003,79.599998,78.5,77.400002,75.599998,74.400002,77.599998,74.5,74,76.300003
2020/8/22,11:05:00,G1107,72.599998,72.400002,69.5,70.900002,71.900002,71.900002,73,80.900002,82.900002,82.599998,80.900002,79.5,78.800003,77.199997,77.099998,79.300003,73.5,74,77.699997
2020/8/22,11:05:00,G1108,72.199997,72,69.400002,69.699997,70.5,71.199997,72.5,80.599998,82.300003,82.199997,80.199997,79.199997,78.800003,77.099998,77,79,73.099998,73.5,77.5
2020/8/22,11:05:00,G1109,73.5,72.900002,71.599998,69.5,71.099998,72.900002,71.5,81.099998,84.099998,83.400002,82,79.800003,79.699997,78.300003,77.5,80.099998,73.300003,73.099998,79
2020/8/22,11:05:00,G1110,73.599998,70.400002,70.5,70.400002,71.400002,73.699997,72.5,81.900002,84.900002,84.300003,83.199997,80.099998,80.400002,76.099998,78.699997,80.5,74.5,73.199997,80.099998
2020/8/22,11:05:00,G1111,76.900002,73,72.699997,73.699997,75.699997,73.400002,75.900002,84.5,88,87.199997,85.800003,81.800003,81.699997,76.800003,77.699997,82.699997,77,74.699997,79.300003
2020/8/22,11:05:00,G1112,77.5,71.699997,73.599998,75.800003,76.699997,74.900002,76.099998,84.699997,89.099998,87.800003,86.699997,81.900002,81.599998,77,77.400002,82.900002,77.900002,75.400002,75.900002
2020/8/22,11:05:00,G1113,79.800003,73.400002,74.5,77,79.400002,76.599998,77,87,94.599998,93.400002,90.699997,83.400002,80.5,79.5,78.699997,86,80.300003,76.099998,75.900002
2020/8/22,12:30:00,G1101,72.099998,72.099998,72.199997,68.900002,71.400002,70.300003,71,76.099998,80.900002,83.599998,83.699997,82.699997,82,82.199997,79.599998,71.400002,69.199997,81.800003,75
2020/8/22,12:30:00,G1102,73.099998,73.099998,73.099998,70.599998,72.599998,71.599998,72.400002,77.199997,81,83.800003,82.400002,77.699997,78.5,79.300003,74.800003,70.800003,69.099998,78.699997,74.900002
2020/8/22,12:30:00,G1103,72.800003,72.800003,73.5,70.900002,72.599998,72.300003,72.599998,77.599998,79.099998,82.699997,79.400002,75.699997,72.800003,72.099998,72.800003,70.199997,66.800003,72.599998,72.699997
2020/8/22,12:30:00,G1104,72.199997,72.900002,72.900002,70.699997,73.099998,72.400002,72.800003,77.599998,78.199997,81.5,78.099998,75.900002,73.400002,70.400002,72.699997,70.800003,66.800003,72.199997,72.5
2020/8/22,12:30:00,G1105,73.800003,75.5,74.900002,74.199997,75.699997,74.099998,74.900002,79.099998,78.300003,83.599998,79.5,79.300003,77,70.800003,73.400002,72.900002,67.199997,70.900002,74.099998
2020/8/22,12:30:00,G1106,74,76.300003,75.400002,75.199997,76,74.099998,76,78.800003,78.400002,83.099998,79.699997,82.099998,80.400002,69.800003,75.599998,71.5,67.699997,69.900002,71.800003
2020/8/22,12:30:00,G1107,74,77.699997,77.800003,76.599998,78,75,77,81.300003,78.900002,84.199997,80.900002,81.699997,79.5,67.800003,73.800003,70.599998,66.699997,66.400002,67.800003
2020/8/22,12:30:00,G1108,73.5,77.5,77.900002,76.5,77.699997,74.900002,77,80.900002,78.5,84,80.5,80.800003,78.900002,68.400002,73.199997,70.5,66.599998,66.099998,66.599998
2020/8/22,12:30:00,G1109,73.099998,79,79,77.599998,78.5,75,78.5,82.5,81.099998,83.699997,80.099998,79.599998,79.5,70.599998,70.699997,70.300003,67,65.900002,66.300003
2020/8/22,12:30:00,G1110,73.199997,80.099998,76.599998,76.5,78.699997,74.900002,79.199997,83.5,82.5,83.099998,77.300003,81.099998,80,72.400002,69.900002,69.900002,63.599998,65.099998,67.800003
2020/8/22,12:30:00,G1111,74.699997,79.300003,76.400002,75.400002,79.599998,77.099998,82.599998,86.400002,84.900002,85.199997,79,79,80.800003,73.300003,72.300003,69,61.700001,66.900002,65.900002
2020/8/22,12:30:00,G1112,75.400002,75.900002,75.699997,75.099998,76.900002,77.400002,83.599998,86.699997,85.699997,84.400002,80,77.199997,79.699997,73.400002,72.199997,69.699997,63,66.400002,65.900002
2020/8/22,12:30:00,G1113,76.099998,75.900002,76.900002,76.699997,78,79.300003,89.099998,92.699997,91.300003,87.199997,82.900002,77.599998,78.599998,76.5,76.900002,70.599998,64.699997,66.699997,66.900002
2020/8/26,20:15:00,G1101,81.800003,81.699997,81.5,81.400002,80,80.300003,80.400002,76.699997,83.099998,83.5,82.800003,84.900002,84.099998,84,86.099998,88.099998,86.5,86,85.699997
2020/8/26,20:15:00,G1102,82.699997,82.5,82.199997,82.099998,80.300003,80.699997,80.5,77.199997,82.900002,83.699997,83,84.300003,84.300003,84.099998,86.5,88.300003,87,86.400002,85.699997
2020/8/26,20:15:00,G1103,82.300003,82.400002,82.099998,81.800003,80.099998,80.099998,78.900002,76.5,82.199997,82.400002,82.599998,83.400002,81.800003,82.900002,85.199997,86.800003,85.800003,85,84.400002
2020/8/26,20:15:00,G1104,82.199997,82.099998,82.099998,81.599998,80,80.099998,78.199997,76.5,80.5,82.300003,82.099998,83,81.400002,82.900002,85.5,87,85.5,84.800003,84.199997
2020/8/26,20:15:00,G1105,84.099998,83.300003,83.900002,83.199997,81.599998,81.199997,79.5,78.699997,82,83.900002,83.300003,83.800003,82.400002,84,86.900002,87.900002,86.599998,84.199997,84.800003
2020/8/26,20:15:00,G1106,84.099998,83.699997,84.099998,83.300003,81.400002,81.400002,79.699997,83.599998,81.900002,83.800003,83.300003,83.900002,82.300003,84.400002,87.5,88,87.099998,84.599998,84.800003
2020/8/26,20:15:00,G1107,85.300003,85.300003,85.699997,84.800003,82.699997,83,81,81.300003,83.599998,84.599998,83.599998,84.699997,83.300003,85.5,88.599998,87.900002,86.400002,83.5,85.599998
2020/8/26,20:15:00,G1108,85.199997,85.099998,85.400002,84.400002,82.400002,82.800003,80.5,81,83.300003,84.300003,83.099998,84.300003,82.900002,85.199997,88.300003,87.599998,85.800003,82.699997,85.099998
2020/8/26,20:15:00,G1109,87,86.5,86.800003,85.599998,83.699997,83.900002,81.800003,82,84.699997,85.5,83.800003,85.699997,84,86.199997,88.400002,86.800003,84.099998,80.5,84.599998
2020/8/26,20:15:00,G1110,87.300003,87.199997,87.199997,86,84.699997,85,83.199997,85.900002,85.300003,84.099998,84.199997,85,84,85.599998,87.5,84.400002,80.400002,78.599998,81.800003
2020/8/26,20:15:00,G1111,90.400002,90.800003,91.300003,87.400002,88.099998,88,86.400002,86.900002,87.599998,86.699997,85.099998,86.199997,85.5,86.400002,87.699997,83.099998,82.900002,81.5,80.699997
2020/8/26,20:15:00,G1112,90.699997,91.099998,91.900002,87.599998,89.099998,88.5,86.800003,86.900002,88.5,86.5,84.800003,85.300003,84.599998,84.599998,86.599998,83.800003,83.599998,82.199997,80.300003
2020/8/26,20:15:00,G1113,95.400002,96.900002,97.400002,90.300003,92.599998,92.5,90.199997,90.800003,94,89.199997,85.800003,85.800003,87,85.900002,89.599998,87,87.400002,85.099998,82.300003
2020/8/28,17:10:00,G1101,54.700001,54.299999,45.5,44.200001,44.400002,45,47.299999,57,71.699997,70.5,72.800003,73.699997,73.599998,73.5,74.400002,73.099998,73.400002,69.5,69.400002
2020/8/28,17:10:00,G1102,55.099998,51.299999,45,43.799999,44.099998,42.599998,46.5,52.900002,66.699997,70,72.900002,73.400002,73.5,74,73.699997,72.800003,73.199997,69.300003,69.5
2020/8/28,17:10:00,G1103,50.900002,45.299999,43.900002,42.200001,42.700001,41.599998,43.799999,48,57.5,68.800003,71.900002,72.5,72.900002,73.599998,73.300003,71.599998,72.599998,67.699997,68.900002
2020/8/28,17:10:00,G1104,NaN,NaN,NaN,NaN,NaN,NaN,NaN,NaN,NaN,NaN,NaN,NaN,NaN,NaN,NaN,NaN,NaN,NaN,NaN
2020/8/28,17:10:00,G1105,48.700001,46.700001,46,44.5,44.700001,44.099998,44.299999,47.400002,58.700001,70.800003,73.099998,73.900002,74.599998,75.400002,73.800003,72.400002,73.400002,69.599998,70.300003
2020/8/28,17:10:00,G1106,47.900002,46.599998,46.200001,44.700001,44.799999,44.200001,44.200001,46.400002,59.099998,71,73.099998,74.099998,74.800003,75.400002,73.900002,71.900002,73.699997,70,70.5
2020/8/28,17:10:00,G1107,47.5,47.700001,46.900002,45.599998,45.700001,45.299999,44.900002,46.299999,55.799999,72.599998,74.099998,75.199997,76.400002,76.599998,75.699997,73.699997,74.300003,72.800003,73.400002
2020/8/28,17:10:00,G1108,47.400002,47.400002,46.599998,45.400002,45.5,45,44.799999,45.900002,56,72.400002,73.900002,75,76.300003,76.199997,75.800003,73.599998,74,72.800003,73.400002
2020/8/28,17:10:00,G1109,47.599998,48.099998,47,45.900002,46.099998,45.700001,45.400002,46.299999,58.599998,73.199997,73.5,75.199997,76.900002,76.099998,77,75,74.699997,75.099998,74.900002
2020/8/28,17:10:00,G1110,48.799999,49.099998,47.599998,47.099998,46.799999,46.599998,46.200001,47.099998,61,73.699997,73.199997,75.099998,77.5,76.599998,78.199997,76.699997,74.699997,75.199997,76.099998
2020/8/28,17:10:00,G1111,50.200001,50.599998,49.099998,49,48.200001,48.400002,47.700001,48.299999,63,75.400002,75.400002,76.300003,79.800003,78.800003,80.800003,79.599998,77.199997,77.300003,78.300003
2020/8/28,17:10:00,G1112,50.599998,51.200001,49.599998,49.900002,48.599998,49.200001,48.200001,48.900002,60,75.599998,75.199997,76.099998,79.599998,79.199997,81.5,80.300003,77.800003,77.300003,78.900002
2020/8/28,17:10:00,G1113,51.200001,51.700001,50.200001,50.5,49.200001,49.599998,48.700001,49.299999,59.900002,77.300003,76.199997,78,81,82,85,83.400002,80.400002,79.300003,80.699997
2020/8/30,11:30:00,G1101,62.299999,63,63.599998,63.200001,62.400002,63,62.599998,74.5,79.400002,85.400002,89.099998,92.699997,94.300003,92.599998,89.699997,92.300003,92.400002,92.699997,93.5
2020/8/30,11:30:00,G1102,62,62.799999,63.200001,63,63.400002,63.5,63.5,74.800003,79.900002,NaN,90.099998,92.599998,95.199997,93,90,92.300003,92.5,93.199997,92.900002
2020/8/30,11:30:00,G1103,61.400002,62.099998,62.599998,62.599998,64.5,62.5,63.900002,73.900002,79.599998,NaN,88.599998,89.599998,93.800003,91.400002,88.099998,90.699997,90.300003,90.800003,90.5
2020/8/30,11:30:00,G1104,61.200001,61.900002,62.5,62.599998,64.199997,62.400002,63.700001,74,79.699997,NaN,88.5,88.199997,93.099998,90.699997,88.400002,90.099998,90.300003,89,90.099998
2020/8/30,11:30:00,G1105,65.599998,64.400002,64.5,64.400002,65.699997,63.299999,65.699997,76,81.599998,86.099998,89.800003,83.400002,92.800003,89,89.699997,90.300003,89.699997,78.199997,89.800003
2020/8/30,11:30:00,G1106,65.699997,64.5,64.900002,64.5,65.699997,63.5,65.800003,76.199997,81.5,86.400002,87.5,82.599998,87.400002,85.099998,89.099998,88.400002,85.699997,74.199997,86.400002
2020/8/30,11:30:00,G1107,67.199997,66,66.199997,65.699997,66.599998,65,66.800003,77.599998,82.599998,86.599998,86.300003,80.599998,82.5,81.099998,79.800003,79,74.199997,74.300003,72.699997
2020/8/30,11:30:00,G1108,67,65.900002,66,65.400002,66.199997,64.5,66.5,77.699997,82.099998,86,84.400002,79.900002,81.300003,80.099998,78.800003,78.400002,74.5,73.900002,70.699997
2020/8/30,11:30:00,G1109,68.199997,66.800003,67,65.800003,66.699997,65.5,67.199997,78.300003,82.900002,86.300003,81.699997,79.300003,80.800003,78,77.800003,76.099998,74.099998,73.699997,71.099998
2020/8/30,11:30:00,G1110,69.400002,68,67.699997,66.800003,67.5,66.5,68.199997,79.900002,83.5,85,81.400002,80.400002,80.099998,77.699997,78.300003,76,74.699997,73.900002,72.800003
2020/8/30,11:30:00,G1111,71.900002,70.300003,70.300003,69.599998,70,69.599998,70,82.5,85.5,85.400002,83.199997,83.300003,81.800003,79.800003,80.5,78.5,76.900002,76.900002,75.400002
2020/8/30,11:30:00,G1112,72.5,71,71,NaN,70.300003,69.800003,70.300003,82.099998,84.800003,84,83.099998,83.300003,81.699997,79.699997,80.5,78.699997,77.199997,77,75.199997
2020/8/30,11:30:00,G1113,74,72.300003,73.199997,NaN,71.099998,71.5,72.099998,85.099998,89.699997,85.199997,85.5,87,84.599998,81.599998,83.400002,81,79.599998,79.699997,78.699997
2020/9/1,0:05:00,G1101,93.099998,88.099998,91.099998,88.900002,93.300003,92.199997,90.5,86.199997,89,90.599998,90,91.900002,91.900002,93.199997,92,90.699997,89.900002,92.800003,90.199997
2020/9/1,0:05:00,G1102,90.900002,88.300003,87.599998,86.400002,92,91.400002,89.900002,85.800003,87.5,90.599998,83.900002,90.099998,91.199997,92.099998,92.400002,90.900002,90.199997,91,90.400002
2020/9/1,0:05:00,G1103,85,85.300003,82.900002,81.800003,89.099998,88.099998,85.300003,83.099998,77.400002,84.599998,74.400002,84.199997,83.400002,87.599998,88.900002,88.300003,75.099998,85.199997,88.099998
2020/9/1,0:05:00,G1104,83.699997,84,81.099998,81.099998,88.099998,86.900002,84.099998,81.199997,75.099998,79.300003,73,81.199997,74.199997,85.400002,85.199997,84.800003,71.400002,81.699997,87.099998
2020/9/1,0:05:00,G1105,83.199997,81.699997,82.099998,81.900002,86.599998,87.199997,82.199997,79.900002,75.599998,75.400002,73.099998,79.099998,74.5,72.900002,70.900002,70.800003,68.5,68.5,70.800003
2020/9/1,0:05:00,G1106,82.300003,81.599998,82,82,85.5,87.099998,81.699997,77.900002,73.400002,73.800003,72.5,75.599998,73.599998,71.699997,69.699997,69.400002,68.099998,68.400002,68.800003
2020/9/1,0:05:00,G1107,79.300003,82.300003,83.199997,82.400002,82.5,89.199997,82.599998,78.699997,74,74.099998,70.699997,74.800003,72.699997,71.699997,71.400002,69.5,70.199997,69.900002,70.199997
2020/9/1,0:05:00,G1108,78.300003,81.900002,82.5,81.800003,81.699997,88.900002,82,78.599998,74.099998,74.5,70.400002,73.300003,72,71.699997,71.5,69.5,71,70,70.5
2020/9/1,0:05:00,G1109,72,81.900002,83.5,82.300003,82.300003,89.199997,83.599998,79.099998,75.199997,74.400002,69.900002,74,71.099998,72.199997,72.099998,71.599998,72,71.400002,78.699997
2020/9/1,0:05:00,G1110,72.099998,80.900002,84.099998,82.800003,83.099998,89.900002,84.800003,80.800003,77.900002,74.400002,71.400002,71.5,71.300003,71.400002,69.699997,72,76.900002,79,80
2020/9/1,0:05:00,G1111,71.099998,81.400002,86.300003,85.800003,84.5,93.599998,86.900002,83,79.300003,75.599998,72.400002,73.900002,74.099998,71.800003,76.900002,77.800003,81.5,83.400002,81.699997
2020/9/1,0:05:00,G1112,71.099998,80.599998,83.800003,86.099998,84.300003,92.800003,87.5,83.599998,79.5,75.5,72.699997,75.400002,73.599998,71.5,76.699997,79,82.5,83.199997,82
2020/9/1,0:05:00,G1113,69.5,84.900002,83.699997,92.199997,88,96.199997,91.099998,87.300003,82.900002,77.300003,74.199997,76.099998,75,73,81.599998,83.900002,87.300003,87.900002,86.699997
2020/9/1,16:45:00,G1101,67.300003,65.199997,67,68.5,69.199997,70,73.400002,72.300003,69.300003,69.800003,66.800003,71.900002,77.800003,65.400002,68,86.599998,88,88.699997,88.599998
2020/9/1,16:45:00,G1102,67,64.699997,66.699997,67.800003,69,69.900002,73.199997,71,69.5,69.099998,67.300003,71.199997,74.099998,63.799999,65.699997,81.5,85.699997,87.699997,88.599998
2020/9/1,16:45:00,G1103,65.699997,64.199997,65.900002,66,67.300003,67.5,70.199997,69.5,68.599998,68.699997,65,67.800003,70.099998,62.700001,64.300003,66.599998,81.199997,85.699997,85.599998
2020/9/1,16:45:00,G1104,65,63.799999,65.699997,65.400002,66.599998,67.199997,69.599998,67.699997,68.199997,68.300003,63.700001,68.099998,67.300003,62.5,63.799999,65.800003,78.300003,85.400002,84.800003
2020/9/1,16:45:00,G1105,65,64.900002,67.099998,66.800003,67.099998,68.199997,70.900002,68.5,67.900002,71.800003,64,69.800003,66.400002,64.300003,63.599998,66.300003,75,83.800003,81.199997
2020/9/1,16:45:00,G1106,63.799999,64.400002,67,67.099998,67.300003,68,70.5,67.400002,67,70.800003,63.799999,69.099998,66.800003,64.300003,63,65.699997,73.5,82.800003,79.599998
2020/9/1,16:45:00,G1107,64.699997,65.5,67.400002,68.199997,67.699997,68.800003,68.300003,68.599998,66.800003,69.400002,64.699997,69.5,67.099998,65,62.700001,66.599998,72.400002,82,77.599998
2020/9/1,16:45:00,G1108,64.5,65.400002,66.599998,68.199997,67.5,68.5,68,68.5,66.599998,69,65.199997,69.599998,66.900002,64.400002,62.200001,66.300003,71.400002,80.599998,77.800003
2020/9/1,16:45:00,G1109,65.099998,66.099998,66.199997,67,67,69.099998,68.699997,70,69.300003,68.900002,65.300003,70.400002,66.400002,62.599998,62.099998,64.800003,69.800003,81.300003,77.900002
2020/9/1,16:45:00,G1110,66.099998,66.900002,67.099998,67.699997,68.099998,70.300003,69.099998,71,73.5,68,66,70.5,67.900002,63.799999,63.299999,64.599998,67.900002,79.699997,78.5
2020/9/1,16:45:00,G1111,68.300003,63.700001,69.099998,69.900002,70.099998,72.599998,71.099998,74.599998,76.699997,69.400002,69.5,70.199997,68.900002,66.199997,64.900002,66.199997,69.099998,80.699997,80.099998
2020/9/1,16:45:00,G1112,67.699997,64.599998,69.300003,70.199997,70,73.400002,71.300003,76.099998,77.5,68.5,70,69.800003,69,66.599998,65,66.199997,69,80.800003,79.300003
2020/9/1,16:45:00,G1113,68.099998,65,70.5,71,70.699997,74.199997,72.300003,78.199997,80.699997,70.099998,73.699997,71.199997,70.400002,67.900002,66.300003,67.400002,70.5,83.800003,81.5
2020/9/2,15:50:00,G1101,52.700001,52.299999,54.099998,51.400002,51.5,49.799999,54.799999,58.200001,62,64.800003,65.699997,64.800003,64.699997,68.900002,74.300003,76.300003,76.400002,76.099998,77.599998
2020/9/2,15:50:00,G1102,54.5,54.400002,54.799999,52.599998,52.700001,50.799999,55.200001,59.700001,62.200001,64.900002,65.300003,64.199997,65,69.5,74.900002,76.699997,76.5,75.5,77.199997
2020/9/2,15:50:00,G1103,55.400002,54.400002,55,54,52.5,50.700001,54.099998,58.5,61.200001,62.599998,64.099998,62.599998,63.200001,70,74.900002,76.5,75.800003,73.599998,76.400002
2020/9/2,15:50:00,G1104,54.5,54.200001,55.400002,52.799999,52.099998,51.900002,53.099998,57.900002,60.599998,62.5,63.400002,62.200001,63,70.300003,75,76.400002,75.599998,73.5,76.400002
2020/9/2,15:50:00,G1105,55.5,54.099998,57.900002,53.400002,53.5,53.299999,53.900002,59.5,61.900002,63.900002,64,63.599998,64.300003,73.599998,77.199997,77.800003,77.199997,74.800003,78.099998
2020/9/2,15:50:00,G1106,54.700001,54.099998,56.900002,53.700001,53.5,54,53.900002,59.599998,60.900002,64,63.700001,63.200001,63.900002,73.900002,77.300003,77.400002,77.5,75.300003,78.400002
2020/9/2,15:50:00,G1107,55.299999,54.400002,57.400002,53.799999,55.200001,57.400002,53.599998,58.200001,59.799999,65,64.5,63.799999,64.699997,74.300003,77.400002,78.5,78.699997,75.5,79.800003
2020/9/2,15:50:00,G1108,55.200001,54.099998,56.900002,53.599998,54.799999,55.799999,52.799999,57.5,59.299999,64.599998,64.400002,63.5,64.5,73.900002,77.099998,78.599998,78.599998,75.300003,79.900002
2020/9/2,15:50:00,G1109,55.799999,54.799999,55.5,53.299999,54.5,56.5,52.400002,55.299999,59.5,65.199997,64.599998,63.400002,64.800003,72.5,75.800003,79,79.199997,76.099998,80
2020/9/2,15:50:00,G1110,56.599998,56.5,55.200001,53.5,56.200001,56.599998,55.099998,55.700001,61.400002,65.699997,65.800003,64,65.5,70.800003,72.599998,79.099998,79.900002,76.599998,79.800003
2020/9/2,15:50:00,G1111,58,57.900002,55.900002,53.900002,57,58.299999,56.900002,56.299999,61,65.400002,66.300003,65.699997,66.199997,69.5,70.099998,81,82.099998,79.199997,80.400002
2020/9/2,15:50:00,G1112,58.099998,58.099998,56.700001,54,58,58,57.900002,56.700001,60.799999,63.400002,66.900002,65.900002,65.900002,69,68.900002,79.800003,81.099998,79.599998,80.199997
2020/9/2,15:50:00,G1113,59.099998,59,57.299999,53.900002,58.799999,59.200001,60,58.099998,61.400002,62.099998,68.099998,67.099998,66.400002,69.699997,67,81.300003,82.800003,83.099998,83.400002
2020/9/3,14:40:00,G1101,44.700001,42.599998,45.299999,NaN,47.5,45.5,48,65.099998,70.099998,69.199997,67.099998,69.400002,68.900002,68,69.800003,66.800003,65.699997,62.599998,61.299999
2020/9/3,14:40:00,G1102,45.099998,43.900002,45.900002,48,51.099998,46.400002,48,65.199997,70.199997,69.199997,66.099998,69,67.800003,67.699997,69.599998,66.400002,65.800003,62.599998,61
2020/9/3,14:40:00,G1103,45.700001,43.900002,46.099998,NaN,50.099998,45.099998,46.099998,65.099998,69.800003,68.199997,64.5,68,65.300003,66,68.099998,65.400002,63.900002,61.099998,59.5
2020/9/3,14:40:00,G1104,45.900002,43.599998,45.799999,NaN,49.900002,45.200001,46.700001,64.800003,69.400002,68.400002,63.799999,67.400002,64.599998,64.599998,67.599998,64.699997,62.900002,60,59.299999
2020/9/3,14:40:00,G1105,47.5,46.5,49.700001,NaN,50,47.599998,49.799999,66.400002,70.5,69.199997,65.800003,69.5,65.699997,66,68.900002,65.199997,64.800003,62.099998,61
2020/9/3,14:40:00,G1106,47.900002,46.400002,47.799999,NaN,50.299999,48,49.299999,66.599998,70.400002,68.800003,65.900002,69.900002,65.800003,66.5,69,65.199997,65.300003,62.299999,61
2020/9/3,14:40:00,G1107,49.200001,48,49.200001,NaN,51.799999,50.299999,50.799999,68.099998,70.199997,69.800003,67.599998,70.099998,67.800003,66.199997,66.699997,66.599998,66.099998,64.699997,62
2020/9/3,14:40:00,G1108,48.599998,46.900002,48.200001,NaN,51.200001,49.799999,50.299999,66.800003,68.400002,68.400002,66.900002,69.5,67.099998,65.5,66.099998,65.800003,65.300003,64.199997,61.099998
2020/9/3,14:40:00,G1109,49.200001,47.900002,48.599998,51.900002,50.5,50.299999,50.099998,67.5,67,68.300003,67.800003,69.800003,68.300003,66.400002,65.800003,65.400002,64.900002,65.300003,61.700001
2020/9/3,14:40:00,G1110,50.799999,48.900002,48.900002,51.799999,51.700001,51.900002,51.900002,68.5,67.199997,68.300003,68.599998,70.800003,69.699997,67.900002,67.300003,66.699997,66.099998,66.300003,62.900002
2020/9/3,14:40:00,G1111,52.599998,51.099998,50.799999,53.099998,53.299999,51.799999,52.700001,70.900002,67.800003,68,69.800003,72.300003,71.900002,70,70.199997,69.300003,68,67.5,66.099998
2020/9/3,14:40:00,G1112,52.900002,51.200001,51.299999,53.200001,53.099998,52.400002,53.5,71.900002,68.099998,67.800003,70.300003,72.900002,72.099998,70.199997,70.699997,70.199997,68.099998,67.5,66.699997
2020/9/3,14:40:00,G1113,53.900002,52,51.799999,53.900002,54.599998,53.599998,55.200001,73.699997,70.300003,68,71.900002,74.699997,73.900002,72,72.300003,71.900002,69.800003,68.599998,67.800003
2020/9/4,13:00:00,G1101,71.300003,73.099998,70.300003,71.599998,73.699997,72,74.800003,81.300003,89.199997,88.599998,83.699997,87.699997,86.599998,88.099998,83.5,86.199997,85.400002,NaN,82.599998
2020/9/4,13:00:00,G1102,72.099998,72.900002,70.300003,71.400002,72.699997,70.599998,74.400002,81.099998,89.300003,86,82.599998,86.800003,85.199997,86.099998,81.400002,83.900002,NaN,83.5,82.199997
2020/9/4,13:00:00,G1103,71.699997,72,70.900002,71,71.199997,69.800003,73.199997,80.300003,87.300003,83.900002,79.099998,83.599998,82.199997,83.199997,78.400002,79.699997,NaN,NaN,79.199997
2020/9/4,13:00:00,G1104,71.800003,71.900002,71.199997,70.900002,70.800003,69.800003,73.199997,80.300003,86.5,84.400002,78.400002,83.5,81.199997,82.5,77.300003,77.599998,NaN,79.300003,78.599998
2020/9/4,13:00:00,G1105,73.300003,74.599998,72.900002,73.099998,70.599998,71,74.300003,81.900002,87.599998,84.5,75.699997,84.400002,82.300003,81.400002,75.900002,74.900002,NaN,NaN,76.900002
2020/9/4,13:00:00,G1106,73.400002,75.099998,72.900002,73.900002,70,71.400002,74.599998,82.099998,87.699997,84.099998,72.800003,84.300003,83.300003,79.900002,73.400002,73.800003,75.800003,73.400002,75.699997
2020/9/4,13:00:00,G1107,75.599998,77.099998,75.699997,75.400002,72.300003,72.800003,76.599998,84.300003,87,84.800003,83.099998,83.599998,83.5,79.199997,74.5,70.5,73.599998,72.5,74.800003
2020/9/4,13:00:00,G1108,74.800003,76.400002,75,74.5,72,72,76.099998,83.199997,86.400002,83.5,81.900002,82.400002,82,77.400002,73.400002,70,72.400002,71.199997,73.199997
2020/9/4,13:00:00,G1109,75.400002,76.599998,75.599998,75.400002,74,72.300003,76.599998,83.099998,84.400002,83.599998,82,82.699997,77,73.199997,72.900002,70,71.199997,70.699997,72.599998
2020/9/4,13:00:00,G1110,76.800003,77.800003,77.199997,76.699997,75.400002,73.900002,77.300003,83.800003,84.099998,81.599998,81.699997,82.699997,76.699997,72.199997,73.699997,73.699997,70.5,66.800003,72.599998
2020/9/4,13:00:00,G1111,79.300003,80.599998,79.900002,79.099998,78,75.900002,79.900002,87,87.900002,82.199997,83.800003,83.699997,80.5,73.199997,76.400002,75,70.5,64,67.5
2020/9/4,13:00:00,G1112,79.400002,80.800003,80.300003,79.599998,77.699997,77.800003,80.300003,86.900002,89.300003,82.199997,83.900002,82.400002,80.800003,73.099998,76.900002,74.599998,69.699997,64,65.400002
2020/9/4,13:00:00,G1113,82.300003,84.300003,83.199997,82.400002,80.800003,80.599998,82.699997,92.199997,93.099998,85.199997,84.5,84.800003,83.900002,73.800003,78.699997,74.599998,69.699997,66.699997,67.199997
2020/9/5,10:25:00,G1101,77.599998,75.800003,NaN,76.300003,NaN,72,77.300003,85.099998,86.599998,87.099998,89.599998,91.900002,92.800003,95.900002,95,94.900002,NaN,96.699997,96.300003
2020/9/5,10:25:00,G1102,77.199997,75.800003,NaN,76.800003,72.599998,73.099998,76.599998,85.199997,86.699997,86.900002,89.5,92,92.5,96.800003,96.199997,96,97,97.099998,97
2020/9/5,10:25:00,G1103,77.5,74.699997,73.900002,76.300003,NaN,73.5,74.400002,84.900002,85.900002,86.5,87.900002,91.400002,92.199997,96.099998,95.800003,95.099998,NaN,96.400002,96.300003
2020/9/5,10:25:00,G1104,77.599998,74.5,74,76.199997,72.199997,74,74.199997,84.699997,85.900002,86.5,88.099998,90.699997,91.5,96.099998,95.400002,95,96.300003,96.400002,96.699997
2020/9/5,10:25:00,G1105,80.099998,76.900002,76.400002,77.900002,74.300003,77.800003,76.599998,87.099998,88.199997,88.199997,89.599998,92.599998,93.199997,97.699997,96.800003,97.099998,NaN,97.400002,98
2020/9/5,10:25:00,G1106,79.699997,76.5,76.099998,77.400002,73.900002,77.5,76.800003,87.300003,87.900002,88.199997,89,90.699997,92.800003,96.699997,94.800003,95.900002,97.699997,96.599998,97
2020/9/5,10:25:00,G1107,81.599998,79.300003,77.800003,78.599998,75.800003,79.599998,79,86.199997,88,89.300003,90.300003,92.400002,94.099998,97.300003,97.400002,97.199997,98.099998,97.5,97.800003
2020/9/5,10:25:00,G1108,81.400002,78.800003,77.300003,78,75.099998,78.800003,78.300003,85.400002,86.800003,87.800003,90.5,91.599998,93.800003,96.5,95.199997,95.800003,96.199997,96.599998,97.300003
2020/9/5,10:25:00,G1109,81.300003,79.199997,78,78.300003,78.400002,79.599998,79.199997,84.400002,87.199997,87.400002,90.699997,91.099998,93.400002,96.099998,95.099998,94.599998,94.300003,95.599998,95.800003
2020/9/5,10:25:00,G1110,82.599998,80.599998,79.400002,79.400002,80,81,81,82.099998,88.300003,88.099998,92,92.599998,94.199997,95.5,95.199997,94.5,94.199997,94.5,95.599998
2020/9/5,10:25:00,G1111,85.800003,84.199997,82.099998,82.099998,83.099998,84.300003,84,85.099998,91.900002,91.300003,96.400002,97.300003,97.5,98.699997,98,96,95.300003,95.800003,98.400002
2020/9/5,10:25:00,G1112,86.099998,85.099998,82.400002,82.099998,83.400002,84.5,84.099998,84,91.5,91.300003,94.800003,96.599998,97.5,97.900002,97.400002,94.900002,94.400002,94.699997,97.800003
2020/9/5,10:25:00,G1113,90.099998,89.599998,85.800003,85.199997,NaN,88.5,88,88.099998,97.5,95.900002,99.800003,100,100,100,100,97.5,95.599998,97.699997,100
2020/9/8,9:00:00,G1101,85.800003,85.800003,86.699997,87.900002,88.199997,86.5,87.800003,88.199997,92.099998,91.699997,95.699997,96.199997,94.800003,93.5,94.300003,94.199997,93.800003,93.800003,NaN
2020/9/8,9:00:00,G1102,86,85.699997,87.699997,88.300003,87.5,87.199997,88.400002,88.800003,92.699997,91.599998,96.800003,97.300003,95.800003,93.5,94.900002,94.199997,94.300003,94.599998,NaN
2020/9/8,9:00:00,G1103,85.400002,85.599998,86.5,86.800003,86.699997,87.099998,86.800003,88.300003,92.400002,90.699997,95,95.099998,93.199997,91.599998,93.300003,92.5,92.5,92.599998,NaN
2020/9/8,9:00:00,G1104,85.300003,85.599998,85.699997,86.5,86.800003,86.599998,87,87.900002,92.400002,91.199997,95.599998,95.599998,93,91.199997,92.900002,92.5,92.300003,92.300003,91.400002
2020/9/8,9:00:00,G1105,86.699997,86.400002,86.599998,87.400002,87.5,87.599998,88.099998,88.400002,93,91.300003,96.099998,96.699997,93.5,93,94.300003,94.099998,93.199997,93.099998,92.5
2020/9/8,9:00:00,G1106,87.400002,86,86.199997,87.300003,87.599998,88.199997,88.400002,87.599998,92.699997,91.800003,95.400002,95.800003,93.199997,92.900002,94.800003,94.400002,93.400002,93.300003,93.099998
2020/9/8,9:00:00,G1107,86.800003,86.699997,86.900002,87.699997,88.800003,89.300003,89.699997,88.199997,92.699997,91.699997,96.400002,95.199997,92.5,93.099998,95.400002,94.300003,93.5,93.400002,91.599998
2020/9/8,9:00:00,G1108,86.199997,86.5,86.800003,87.599998,88.699997,89,89.300003,88.300003,92.599998,91.400002,95.199997,94.300003,91.800003,92.599998,94.800003,93.400002,93.099998,92.800003,91.699997
2020/9/8,9:00:00,G1109,85,85.800003,87,87.800003,88.099998,87.699997,88.900002,88.300003,91.300003,91,91.800003,92.5,90.599998,92,94.199997,90.400002,90,90.099998,90.900002
2020/9/8,9:00:00,G1110,81.199997,83.300003,83.800003,86.5,88.800003,88.5,88.900002,89.199997,89.699997,88.5,87.599998,89.5,90.099998,92,93.699997,88.900002,89,90.699997,92
2020/9/8,9:00:00,G1111,79,82.800003,83.599998,85,87.800003,88.199997,90.099998,92.400002,87.599998,90.900002,86.400002,91.099998,93.099998,95,96.099998,90.199997,90.400002,94,95.5
2020/9/8,9:00:00,G1112,81.099998,82.5,86.5,84.5,86.5,89.199997,90.300003,92.5,87.800003,90,86,90.5,92.5,94.300003,95.599998,90.5,88.300003,93.300003,95.400002
2020/9/8,9:00:00,G1113,84.199997,86.099998,86.5,92.300003,93.300003,92.099998,92.199997,96.699997,89.900002,91.699997,87.800003,93.300003,97.599998,99.199997,99.199997,94.699997,91.400002,96.599998,97.099998
2020/9/9,12:15:00,G1101,73.699997,75.900002,77.699997,81.599998,83.800003,82,84.900002,89.199997,91.199997,89.099998,90.199997,91.300003,88.400002,89.900002,92.599998,93.099998,90.5,85.099998,85.800003
2020/9/9,12:15:00,G1102,73.199997,76.599998,78.300003,80.699997,82.300003,80.599998,82.800003,88.599998,91.300003,90,90.300003,90.400002,87.699997,90.199997,93.199997,93.400002,90.699997,83.400002,86.5
2020/9/9,12:15:00,G1103,73.099998,75.900002,78.099998,78.5,78.5,78.5,80.199997,86,89.099998,87,84.900002,84.099998,84.699997,88.400002,91.5,91.400002,87.400002,81.900002,83.800003
2020/9/9,12:15:00,G1104,72.900002,76,78.400002,77.400002,77.5,77.5,80.5,85.800003,88.800003,85.199997,83.900002,82.300003,84.400002,88,91.199997,91.099998,86.599998,81.599998,82.900002
2020/9/9,12:15:00,G1105,75,77.800003,79.599998,78.699997,79,78.599998,81.300003,86.900002,88.599998,83.699997,84.400002,83.800003,84.099998,88.199997,91.400002,90.199997,85.699997,77.800003,82.599998
2020/9/9,12:15:00,G1106,75.5,77.900002,79.099998,78.900002,79.099998,78.900002,83,86.199997,87.199997,83.900002,84,83.300003,84,87.300003,89.5,81.800003,84.400002,78.400002,82.099998
2020/9/9,12:15:00,G1107,77.199997,78.5,80.199997,80.400002,80.400002,80.400002,83.800003,87.099998,86.199997,85,84,84.099998,83.5,86.599998,85.300003,78.300003,72.300003,72.599998,72.099998
2020/9/9,12:15:00,G1108,77.300003,78.400002,80.300003,NaN,80.699997,80.599998,83.699997,86.699997,85.900002,85,84.099998,83.800003,83.199997,86.099998,84.599998,78.900002,72.199997,72.199997,69
2020/9/9,12:15:00,G1109,78.199997,77.699997,80.800003,80.900002,81.199997,81.199997,83.599998,86.5,85.300003,85.099998,84.699997,83.5,82.5,85.5,84.800003,80.400002,73.199997,72.5,71.5
2020/9/9,12:15:00,G1110,79.699997,79.099998,81.900002,82.400002,82.599998,83.300003,84.199997,86.199997,84,85.599998,85.900002,84.5,83.099998,83.800003,84.099998,82.699997,77.699997,78.5,74.900002
2020/9/9,12:15:00,G1111,83,81.599998,84.400002,85.199997,86.300003,86.099998,86.800003,88,86.400002,88,88.699997,87.599998,87,85.699997,86.400002,85.099998,84.099998,83.800003,82.5
2020/9/9,12:15:00,G1112,83.199997,81.900002,84.900002,85.400002,86.300003,85.800003,87.300003,86.800003,86.300003,88.199997,88.699997,87.699997,86.900002,85.800003,86.400002,85.800003,86.699997,84.300003,84.400002
2020/9/9,12:15:00,G1113,86.800003,85.099998,88.800003,89.099998,91.5,91.099998,92.199997,86.800003,90.300003,91,94,91.699997,91.300003,90.300003,91.300003,90.099998,90.800003,88.599998,88.5
2020/9/10,17:05:00,G1101,82.199997,82.400002,83,82.5,82.800003,83.5,84.599998,78.699997,82.300003,90.300003,NaN,90.699997,92.300003,89.800003,90.099998,90.400002,90.599998,90.400002,NaN
2020/9/10,17:05:00,G1102,81.900002,81.699997,82.800003,83,82.900002,83.699997,84.300003,78.800003,NaN,90.300003,92.900002,90.099998,92.5,89.099998,90,90.599998,88.300003,90,88.900002
2020/9/10,17:05:00,G1103,81,80.699997,82,81.699997,82.900002,83.300003,83.199997,78.400002,82.099998,89.400002,NaN,88.099998,91,88.699997,88.300003,89,84.300003,84.099998,82.699997
2020/9/10,17:05:00,G1104,80.800003,80.300003,81.699997,81.400002,82.699997,83,83.199997,78.099998,81.699997,88.800003,91.099998,88.099998,90.900002,88.800003,87.099998,87.800003,82.599998,79.5,76.699997
2020/9/10,17:05:00,G1105,82.099998,82,83.300003,82.699997,84,84.5,84.699997,79.5,82.699997,89.400002,92,88.699997,91.400002,90.699997,87.900002,86.699997,81.699997,77.099998,74.900002
2020/9/10,17:05:00,G1106,82.300003,82.599998,83.5,83,84.099998,84.800003,85,79.800003,82.300003,88.800003,90.599998,88.5,89.300003,90.099998,88.699997,86.5,82.5,77.5,76
2020/9/10,17:05:00,G1107,83.5,84.400002,84.099998,84,85.699997,86.199997,85.800003,80.5,82.199997,87.400002,89,87.400002,90.599998,84.099998,90.699997,87.699997,85.300003,81.599998,79.099998
2020/9/10,17:05:00,G1108,83,84.099998,83.699997,83.900002,85.400002,86.199997,86.099998,80.800003,82.599998,86.300003,88.5,87.599998,90.099998,82.099998,89.599998,88.400002,85.400002,82.300003,79.599998
2020/9/10,17:05:00,G1109,83.400002,85.199997,83.900002,84.599998,86.400002,87.400002,87.199997,80.800003,82.400002,85.400002,87.5,88.199997,89,71.800003,84,89,87.400002,82.5,80
2020/9/10,17:05:00,G1110,84.599998,86.400002,85.5,86,86.800003,87.599998,88.099998,81.199997,84.199997,84.400002,86,88.300003,80.800003,65.099998,74.099998,81.400002,83.699997,78.300003,76.5
2020/9/10,17:05:00,G1111,86.099998,89.5,88.400002,89.300003,90.199997,90.900002,92.400002,84.099998,87.199997,85.300003,87.400002,86.699997,72.800003,60.5,67.099998,75.900002,77.699997,77.800003,78.199997
2020/9/10,17:05:00,G1112,86.199997,89.5,89,89.300003,90.099998,91.099998,92,84.400002,86.900002,85.199997,86.300003,83,71.699997,60.200001,63.5,75.300003,76.699997,76.400002,78.800003
2020/9/10,17:05:00,G1113,89.699997,94.599998,93.300003,93.199997,94.300003,95.300003,97.099998,89.300003,89.5,86.699997,85.699997,75.199997,71.800003,60.099998,66.800003,75.400002,73.599998,74.199997,82.800003
2020/9/11,12:55:00,G1101,71,71,71.400002,70.199997,70.099998,68.599998,71.300003,75.199997,72.099998,72.599998,73.5,73.900002,78.699997,81.599998,NaN,78.5,NaN,78.099998,75.300003
2020/9/11,12:55:00,G1102,71.400002,71.300003,71.099998,70.800003,70.5,69,71.099998,75.5,71.900002,73.300003,74.099998,75.099998,79.599998,82.800003,79.099998,80,77.699997,78.599998,75.800003
2020/9/11,12:55:00,G1103,71.900002,70.400002,70.800003,70.800003,70.199997,68.699997,70.699997,75,71.599998,72.300003,74,75.099998,79.300003,82.400002,NaN,78.400002,77.400002,78.5,76
2020/9/11,12:55:00,G1104,71.400002,70,70.5,70.699997,69.800003,69.099998,70.599998,74.800003,71.5,72.300003,73.699997,75.300003,79.5,81.300003,NaN,77.5,76.900002,78.800003,76.099998
2020/9/11,12:55:00,G1105,73.199997,71.099998,72.199997,72.400002,72,71.199997,73.199997,77.099998,72.699997,73.400002,75.099998,77.800003,81.199997,80.199997,71.699997,76.099998,74.699997,80.599998,77.300003
2020/9/11,12:55:00,G1106,73.5,71.099998,72.800003,73,72.199997,71.800003,73.300003,76.199997,72.300003,72.900002,75.300003,78.199997,81.699997,75.699997,NaN,72.800003,74.099998,79.400002,76
2020/9/11,12:55:00,G1107,74.800003,72.900002,74.5,74.199997,73.900002,73.099998,74.300003,77.900002,75.599998,72.800003,76,79.400002,83,72.900002,72,68.599998,69.199997,78.699997,70.699997
2020/9/11,12:55:00,G1108,74.699997,72.800003,74.699997,74,74,73.199997,74.5,77.900002,75.800003,72.599998,76.099998,79.599998,82.5,72.5,72.300003,68.900002,68.5,78.199997,67
2020/9/11,12:55:00,G1109,75.199997,73.599998,75.5,74.699997,74.199997,73,74.800003,78.699997,77.5,71.300003,75.900002,80,82.5,70.900002,72.699997,78.800003,67.800003,71.599998,67.400002
2020/9/11,12:55:00,G1110,76.199997,75.5,76.300003,76,NaN,73.800003,75.300003,80.900002,81.099998,72.800003,76.599998,80.400002,81.900002,72.400002,75.400002,80.800003,72.599998,68.300003,67.699997
2020/9/11,12:55:00,G1111,78.199997,78.5,78.800003,78.900002,78.400002,76.099998,78,82.5,84.800003,75.199997,78.400002,83.800003,80.199997,75.400002,79.099998,83.900002,81.400002,73.199997,70
2020/9/11,12:55:00,G1112,78.5,79.099998,79,79.099998,78.199997,76.5,78.699997,83.400002,85.699997,75.900002,79.5,83.300003,82.900002,75.099998,80,83.800003,84.199997,74.5,69.599998
2020/9/11,12:55:00,G1113,79.800003,81.400002,81.199997,81.5,79.5,79,81.699997,86.599998,89.400002,79,82.900002,86.199997,86.099998,82.699997,84.699997,87.5,NaN,76.099998,69.400002
2020/9/12,14:20:00,G1101,69.699997,70.199997,69.900002,72.099998,70.099998,73.900002,76.900002,80.199997,80.800003,80,81.400002,NaN,85.800003,NaN,84.5,78.800003,82.699997,84.400002,85.199997
2020/9/12,14:20:00,G1102,68.300003,69.599998,69.199997,69.5,69.300003,71,75,80.699997,79.900002,78.5,75.099998,84.699997,NaN,83,78.5,71.699997,75.599998,81.199997,83.400002
2020/9/12,14:20:00,G1103,68.099998,66.699997,66.699997,67.800003,68.699997,67.800003,69.300003,79.400002,75.199997,73.599998,69.800003,76.300003,81.5,74.099998,67.699997,62.900002,66,71,75.400002
2020/9/12,14:20:00,G1104,67.800003,66.800003,66.599998,66.599998,68.400002,67.599998,68.400002,79.400002,73.800003,71.199997,69.800003,72.099998,79,70.699997,66.599998,62.5,63.700001,70.900002,67.199997
2020/9/12,14:20:00,G1105,69.099998,68.800003,68.599998,68,69.900002,69.099998,69.699997,80.699997,69.900002,70.5,71.5,73.400002,73,70.400002,66.900002,64.599998,62.200001,63.400002,59.900002
2020/9/12,14:20:00,G1106,68.199997,68.800003,68.800003,67.900002,69.400002,69.5,69.099998,80.5,70,71.400002,71.400002,70.300003,72.199997,69.800003,66.800003,64.5,62,61.200001,60.099998
2020/9/12,14:20:00,G1107,69.599998,69.699997,70.099998,69.199997,70.099998,70.199997,69,77.199997,73.199997,72.199997,71.599998,71.5,74.599998,71.400002,66.099998,65.199997,63.900002,62.099998,59.599998
2020/9/12,14:20:00,G1108,69.5,69.699997,70,69.199997,70.099998,70.099998,68.699997,76.699997,73.400002,71.900002,71.699997,71.099998,74,71.400002,65.900002,64.900002,64,61.799999,59.299999
2020/9/12,14:20:00,G1109,69.800003,69.800003,69.699997,70.099998,70.699997,69.699997,68.5,73.800003,73.699997,72.099998,71.400002,71.099998,68.5,71.699997,70.099998,63.299999,64,62.700001,62.5
2020/9/12,14:20:00,G1110,71.5,71.099998,70.900002,71.400002,72.099998,71.300003,69.900002,73.099998,74.5,71.699997,71.900002,71.800003,68,73,69,68.900002,63.900002,63.200001,64.199997
2020/9/12,14:20:00,G1111,73.699997,73.5,73,73.5,74.699997,74.599998,73.099998,74.199997,76.900002,73.800003,73.699997,73.199997,69.300003,71.599998,70.099998,68.900002,64.699997,64.699997,65.900002
2020/9/12,14:20:00,G1112,74.300003,73.699997,73.199997,73.599998,74.699997,74.900002,74,73.699997,76.300003,73.800003,74.099998,73,68.5,70.300003,67,68.300003,64.5,64.800003,65.199997
2020/9/12,14:20:00,G1113,75.800003,75.699997,75.199997,75.5,76.300003,77,76.099998,75.400002,78.199997,75.800003,75.900002,75,69.099998,70.5,67.199997,69.699997,65.699997,65.900002,65.699997
2020/9/13,15:55:00,G1101,66.099998,69.199997,69.099998,71,70.5,72.900002,75.199997,76.400002,77.900002,90,96.900002,85,81.599998,NaN,71.199997,87.400002,86.5,91.300003,90.800003
2020/9/13,15:55:00,G1102,66.699997,69.800003,70,71.5,71,73.699997,74.699997,76.300003,78,90.099998,98.5,90.5,81.800003,75.599998,71.699997,85.800003,84.400002,89.5,87.900002
2020/9/13,15:55:00,G1103,66.900002,69.699997,69.599998,71.199997,71.400002,73.5,74.300003,76.400002,77.5,85.300003,92.400002,87.099998,76.199997,70,69.800003,81,81.099998,84.800003,85.5
2020/9/13,15:55:00,G1104,67.300003,69.699997,69.400002,71.099998,71.300003,73.599998,74.300003,76.300003,77.5,85,92.199997,88.800003,74.800003,70.099998,69.599998,80.800003,81,84.400002,86.099998
2020/9/13,15:55:00,G1105,69,72.099998,71,72.599998,73.199997,75.599998,75.5,78,78.5,85.199997,88.400002,82.099998,74.300003,70.300003,70.599998,79.900002,82.599998,81.5,81.300003
2020/9/13,15:55:00,G1106,68.400002,72.599998,71.5,73,73.400002,75.800003,75.400002,78.099998,78.699997,83.699997,83.900002,78.300003,73.900002,70.099998,71.099998,79.900002,81.900002,80.300003,79.099998
2020/9/13,15:55:00,G1107,68.900002,73.099998,70.599998,74.5,74,76.5,77.099998,79.599998,78.5,81,81.099998,74.199997,76.300003,67,70.300003,77.400002,82,81,78.300003
2020/9/13,15:55:00,G1108,69.199997,72.800003,70.599998,74.300003,74,76.599998,77.099998,79.599998,78.300003,81.5,81.400002,76,76.800003,67.199997,70,76.900002,81.800003,81.699997,78.599998
2020/9/13,15:55:00,G1109,69.400002,72.900002,72,73.699997,74.599998,76.800003,78,80.099998,78.400002,81,78.5,71.300003,75.599998,65.599998,69.900002,79.699997,82.699997,82.800003,79.900002
2020/9/13,15:55:00,G1110,70.099998,72.900002,73.300003,72.699997,75.400002,77.800003,79.5,81.300003,79.199997,81.199997,76.599998,73,75.199997,68.5,70,82.800003,83.5,83.099998,77.900002
2020/9/13,15:55:00,G1111,73.400002,75.800003,76.099998,73.300003,78,81,81.699997,83.900002,82.099998,84.699997,78.400002,73,75.699997,68.699997,72.900002,82.900002,85.900002,84.099998,80.099998
2020/9/13,15:55:00,G1112,73.199997,76.699997,76.300003,74,77.400002,80.699997,81.300003,83.800003,83.900002,83.800003,77.099998,73,75.099998,69.099998,71.099998,81.900002,85.900002,83.800003,80.599998
2020/9/13,15:55:00,G1113,73.800003,79.400002,78.199997,76.400002,78.699997,83.400002,83.900002,87.900002,91.199997,87.300003,78.400002,75.5,75.300003,70.400002,69,83.199997,88.599998,85.599998,79.5
2020/9/17,15:55:00,G1101,66,63.900002,65,65.300003,69.400002,69.099998,69,72,80.300003,86.099998,84.900002,82.900002,NaN,78.800003,77.199997,77.699997,78.699997,NaN,78
2020/9/17,15:55:00,G1102,65.800003,64.199997,65.099998,65.900002,69.099998,68.900002,69.099998,71.900002,80.300003,86.199997,83.599998,82.699997,NaN,78.699997,77.300003,77.300003,77.300003,NaN,77
2020/9/17,15:55:00,G1103,65.300003,63.599998,64.400002,66.199997,67.699997,67.199997,68,71,79.199997,84.800003,80.900002,80.800003,80.400002,77.699997,76.699997,74.800003,75.599998,NaN,75.599998
2020/9/17,15:55:00,G1104,65.199997,63.599998,64.300003,66.199997,67.699997,66.699997,67.900002,71.199997,79.300003,83.400002,80.300003,80.300003,80,77.400002,76.400002,74.199997,75.5,NaN,75.599998
2020/9/17,15:55:00,G1105,67.400002,65.800003,66.599998,68.400002,69.099998,68.099998,69.699997,73.199997,80.099998,84.599998,82.099998,80.300003,NaN,78.800003,78.099998,75.5,77.300003,NaN,76.199997
2020/9/17,15:55:00,G1106,67.699997,66.300003,66.699997,69.099998,69.300003,68.5,70,73.699997,80.099998,84.300003,81.800003,79.599998,80.800003,78.300003,78.300003,75.900002,77.5,NaN,77.900002
2020/9/17,15:55:00,G1107,68.699997,67.400002,68,70.199997,70.199997,69.099998,70.900002,74.800003,80.699997,86.300003,82,79.699997,NaN,79.5,79.599998,77.400002,78.300003,NaN,79.199997
2020/9/17,15:55:00,G1108,68.599998,67.300003,68,70.199997,70.199997,68.800003,70.900002,74.699997,80.900002,85.800003,81.5,79.699997,81,79.199997,79.699997,77,78.199997,78.5,79.099998
2020/9/17,15:55:00,G1109,69.300003,67.800003,68.300003,70.5,70.5,69.300003,71.599998,75.5,81.300003,85.599998,80.199997,78.699997,80.599998,79,79.699997,77.300003,78.599998,79.099998,78.800003
2020/9/17,15:55:00,G1110,70.5,68.699997,69.699997,71.300003,71.599998,70.900002,72.599998,76.599998,81.400002,86,79.699997,78.800003,80.5,78.900002,80.199997,78.300003,78.900002,80.099998,79.900002
2020/9/17,15:55:00,G1111,72.599998,71.400002,NaN,73.5,74.199997,73.5,75.099998,79.400002,84,86.300003,81,80.5,81.300003,80.199997,81.900002,80.099998,82.099998,82.099998,82.300003
2020/9/17,15:55:00,G1112,72.699997,71.5,72.099998,73.099998,74.699997,NaN,75.599998,79.300003,82.5,85.800003,80.300003,79.699997,80.599998,80,80.900002,79.900002,81.400002,82.699997,82.699997
2020/9/17,15:55:00,G1113,74.699997,73.300003,74,74.699997,77.099998,NaN,77.699997,81.900002,81.599998,87.599998,82.099998,81.699997,83.099998,81.5,83.300003,82.300003,84.199997,85.5,85.300003
2020/9/18,14:00:00,G1101,71.400002,72.099998,73,73.5,74,NaN,81.300003,92.699997,87.400002,86.699997,88,89.300003,NaN,90.699997,93.599998,93.599998,89,85.400002,83.400002
2020/9/18,14:00:00,G1102,72.099998,71.800003,73.300003,73.5,74.199997,71.099998,80.300003,93.099998,86.300003,85.099998,87.800003,89.599998,NaN,90.199997,93.099998,92.099998,88.099998,85.5,83.099998
2020/9/18,14:00:00,G1103,72,71.099998,72.900002,72.800003,72.400002,70.300003,78.900002,89.800003,84.300003,83.699997,86.400002,87.5,88.199997,88.5,90.199997,88.199997,85.800003,84,82.099998
2020/9/18,14:00:00,G1104,71.699997,70.900002,72.400002,72.599998,72.099998,70.400002,79.199997,90.300003,84.400002,83.800003,85.900002,87.199997,87.400002,88.199997,88.699997,87.099998,84.900002,83.099998,81.900002
2020/9/18,14:00:00,G1105,73.699997,72.800003,73.900002,74.199997,74.099998,72.400002,80.699997,89.300003,85.699997,84.699997,86.099998,87.900002,87.900002,87.5,87.900002,86.400002,86,84.199997,82.300003
2020/9/18,14:00:00,G1106,73.699997,72.900002,74.300003,74.599998,74.400002,72.699997,81.599998,86.5,85,84.199997,85.699997,88.5,88,87.199997,87.5,86.199997,85.699997,84,81.800003
2020/9/18,14:00:00,G1107,74.800003,73.699997,75.800003,76.199997,75.5,74.5,82.199997,86.400002,82.900002,83.599998,85.400002,87.5,87.199997,86.800003,86.699997,85.900002,85.800003,84.699997,82
2020/9/18,14:00:00,G1108,74.699997,73.599998,75.699997,76.199997,75.5,74.400002,82.199997,84.900002,82,83,84.699997,86.800003,86.699997,86.199997,86.099998,85.300003,85.699997,83.699997,81.800003
2020/9/18,14:00:00,G1109,75.199997,73.800003,76.300003,76.300003,75.400002,75,82.099998,85.900002,81.900002,82.599998,84.5,85.800003,86.199997,85.900002,85.800003,85,86.300003,84,82.099998
2020/9/18,14:00:00,G1110,76.800003,74.699997,77.400002,77,76.800003,76.400002,83.199997,86,82.199997,80.5,84.5,84.900002,85.5,86,86.300003,85.099998,86.699997,83.5,80.5
2020/9/18,14:00:00,G1111,78.800003,77.300003,79.099998,79,78.800003,79.699997,85.599998,87.300003,84.400002,81.5,85,87.099998,87.5,88.199997,87.400002,87.900002,87,84.599998,82.099998
2020/9/18,14:00:00,G1112,78.900002,77.300003,79.599998,79,78,79.699997,85.300003,87.5,84.099998,81.199997,85.199997,86.599998,87.199997,87.900002,87.800003,87.5,86.599998,84.199997,81.800003
2020/9/18,14:00:00,G1113,81.5,80,82,81.5,79.300003,82.099998,87.900002,88.300003,86.699997,83.300003,87.699997,89.400002,90.699997,90.5,91.400002,90.699997,88.900002,86.699997,83.300003
2020/9/20,12:10:00,G1101,67.5,67.900002,68.099998,72.400002,74.400002,74.800003,76.099998,74.400002,76.800003,86.5,89.300003,91.800003,85.800003,85.099998,89.800003,75.599998,75.400002,83.400002,90.699997
2020/9/20,12:10:00,G1102,69,67.699997,68.599998,70.199997,75,74.599998,75.699997,74.099998,74.900002,85.800003,89,91.5,80.400002,79.599998,86.800003,75.699997,74,80.099998,83.199997
2020/9/20,12:10:00,G1103,68.400002,68.800003,69.199997,69.099998,73.900002,73.599998,72.699997,73,73.199997,85.199997,86.199997,85.699997,73.900002,74.800003,81.900002,74.599998,73.900002,74.699997,72.699997
2020/9/20,12:10:00,G1104,67.400002,66.699997,69.300003,69.400002,72.300003,73.099998,71.800003,72.900002,73,84.699997,83.800003,82.900002,72.699997,74,81.699997,73.800003,73.5,74.699997,73
2020/9/20,12:10:00,G1105,70.099998,69.199997,70.800003,71.5,72.099998,73.400002,71.199997,74.199997,74.900002,85.5,82.800003,80.699997,73.599998,74.599998,80.900002,74.599998,75.099998,74.800003,75.400002
2020/9/20,12:10:00,G1106,69.800003,70,70.900002,71.800003,72.900002,74,71,73.599998,75.400002,84.199997,82.699997,77.800003,74.099998,72,81,74.099998,75,74.800003,75.800003
2020/9/20,12:10:00,G1107,72.099998,72.199997,73.699997,73.5,75,75.199997,71.199997,75.099998,76.5,86.699997,82.900002,80.400002,74.900002,75.199997,81,75.400002,77.5,78.300003,77.800003
2020/9/20,12:10:00,G1108,72,72.300003,73.5,73.599998,74.800003,75,71.199997,74.599998,76.599998,86.199997,82.400002,81.400002,74.5,74.800003,80.900002,75.800003,78,78.300003,78.599998
2020/9/20,12:10:00,G1109,73.5,72.900002,73,72.800003,74.699997,75,71.599998,74.699997,77.300003,84.699997,82.099998,81.800003,73.400002,74.699997,81.199997,75.900002,75.400002,77.800003,78.400002
2020/9/20,12:10:00,G1110,74.5,74.300003,74.199997,74,74.900002,74.699997,72.400002,75.199997,78.5,83.800003,80.800003,79,72.800003,74.800003,81.5,76.5,75.099998,79.400002,78.300003
2020/9/20,12:10:00,G1111,78.099998,77.300003,76.099998,76.699997,76.099998,75.900002,75.300003,77.400002,81.300003,87.099998,81.900002,79,74.599998,77,84,77.800003,76.199997,80.199997,79.400002
2020/9/20,12:10:00,G1112,78.699997,77.300003,76.099998,77.199997,76.199997,76.900002,75.5,77.5,81.099998,87,81.699997,78.699997,74.5,76,83.800003,78.599998,76,77.599998,79
2020/9/20,12:10:00,G1113,81,79.800003,78,79.5,78.300003,79.199997,77.599998,79,84.5,91.400002,83.699997,82.800003,76.099998,78.900002,86.599998,80,77.800003,79.099998,80.900002
2020/9/21,12:55:00,G1101,74.099998,72.900002,71.300003,72.099998,73.400002,77.099998,80.900002,87.099998,86,90,88.699997,90.800003,NaN,86.300003,90.599998,85.400002,86.599998,87.699997,88.699997
2020/9/21,12:55:00,G1102,72.5,72.900002,71.300003,72,73.5,76.5,80,86.699997,85.900002,91,88.900002,89.699997,NaN,83.699997,86.400002,83.099998,86.400002,82.599998,85.199997
2020/9/21,12:55:00,G1103,72,72.699997,71.199997,70.800003,72.5,74.400002,78.400002,84.400002,83.400002,90.099998,87.800003,86.199997,81.800003,81.5,82.099998,81.099998,83.699997,80.900002,80.599998
2020/9/21,12:55:00,G1104,72.199997,72.900002,71.400002,70.300003,72.300003,74,77.300003,84.099998,83.300003,89.699997,87.400002,84.099998,NaN,81.300003,81.699997,80.599998,81.199997,80.5,80.699997
2020/9/21,12:55:00,G1105,74,74.599998,73.400002,71.5,73.800003,75.300003,78.300003,85.400002,82.800003,91,88.699997,82.199997,NaN,81.800003,82.199997,81.599998,80.800003,81.5,82.099998
2020/9/21,12:55:00,G1106,74.199997,75,73.300003,71.900002,73.699997,75.300003,78.300003,83.5,81.900002,90,86.800003,81.400002,NaN,81.800003,82.300003,81.699997,80.699997,81.599998,81
2020/9/21,12:55:00,G1107,75.599998,76.099998,73.900002,73.800003,74.800003,75.199997,78.599998,82.400002,82.400002,91.400002,86.599998,82,83.099998,82.400002,82.900002,83.400002,82.300003,81.599998,81.699997
2020/9/21,12:55:00,G1108,75.400002,75.900002,73.900002,73.800003,74.699997,75.099998,78,82.199997,82.300003,90.900002,86.5,82.199997,82.900002,82.5,82.699997,83.300003,82.699997,81.699997,81.599998
2020/9/21,12:55:00,G1109,76,76,73.699997,74.400002,74.900002,75.599998,78.300003,81.599998,81.800003,89.5,86.699997,81.900002,81.699997,81.900002,83.099998,83.900002,82.400002,82.199997,81.599998
2020/9/21,12:55:00,G1110,77,75.699997,74.199997,76.199997,75.599998,76.5,79,82.5,81.900002,89.099998,84.400002,82.5,81.199997,79.800003,83,84.400002,83.400002,82.800003,82.699997
2020/9/21,12:55:00,G1111,78.300003,77.199997,76.300003,78.800003,77.099998,78.800003,NaN,83.800003,84.5,90.800003,86.199997,85,82.400002,82.800003,84.699997,87.300003,86.300003,85.800003,85.5
2020/9/21,12:55:00,G1112,77.599998,77.300003,76,79.099998,76.800003,79.199997,82.400002,83.599998,83.900002,90.800003,86.099998,84.900002,82.800003,82.599998,84.599998,86.800003,86.400002,85.699997,85.699997
2020/9/21,12:55:00,G1113,79.400002,78.300003,78.199997,81.300003,78.800003,81.400002,84.599998,85.699997,86.400002,93.300003,89.199997,87.900002,NaN,86,87.699997,89.5,90.099998,89.099998,89.400002
2020/9/30,16:15:00,G1101,79.800003,78.300003,78.900002,80.099998,81.5,81.699997,82.300003,83.800003,97.199997,99.099998,99.099998,99.099998,99.099998,99.800003,99.5,99.5,NaN,100,99.800003
2020/9/30,16:15:00,G1102,80,78.400002,79.099998,80.400002,81.199997,81.5,82.800003,84.800003,97.400002,99.800003,100,100,100,100,100,100,NaN,100,100
2020/9/30,16:15:00,G1103,78.900002,77.5,78.900002,79.400002,81,81.199997,81.900002,84.699997,96.800003,99.300003,99.900002,99.599998,99.599998,100,100,99.900002,NaN,100,100
2020/9/30,16:15:00,G1104,78.699997,77.699997,78.900002,79.199997,81.199997,81.099998,NaN,87.5,98.300003,99,99.699997,97.400002,98.5,99.800003,NaN,99.5,NaN,99.800003,100
2020/9/30,16:15:00,G1105,80.699997,79.5,81.199997,78,82.800003,83.300003,84.300003,89.599998,100,100,100,99.800003,100,100,100,100,NaN,100,100
2020/9/30,16:15:00,G1106,80.400002,78.699997,80.300003,76.099998,82.199997,82.599998,84,90.5,99,99.699997,99.800003,97.699997,99.699997,100,99.900002,100,NaN,100,100
2020/9/30,16:15:00,G1107,81.900002,79.800003,79.599998,75.599998,80.800003,83.599998,85.5,90.800003,98.599998,99.699997,99.699997,99.900002,100,100,100,100,NaN,98.199997,99
2020/9/30,16:15:00,G1108,82.099998,79.800003,78.800003,75.800003,80.800003,83.599998,85.5,91.199997,98.5,99.599998,98.800003,98.699997,99.800003,100,99.900002,99.099998,98.900002,99.300003,100
2020/9/30,16:15:00,G1109,82.400002,79.5,77.5,76.900002,79.400002,81.599998,86.400002,91.5,97,99,97.800003,97.5,99.5,99.800003,99.099998,98.199997,98.900002,98.800003,99.300003
2020/9/30,16:15:00,G1110,83.599998,80.099998,78.199997,79.099998,77.699997,80.400002,87.400002,91.699997,96.300003,98.400002,98,98.300003,98.900002,99.599998,99.400002,97.800003,98.699997,97.599998,97.800003
2020/9/30,16:15:00,G1111,87.300003,83.199997,81.099998,82.900002,NaN,79.699997,91.099998,95.5,99.400002,99.800003,99.900002,99.900002,100,100,100,100,100,100,100
2020/9/30,16:15:00,G1112,88,84.400002,81.599998,83.599998,81.300003,80,90.900002,95.199997,98.699997,99.099998,99.599998,99.800003,100,100,100,100,99.599998,99.699997,99.599998
2020/9/30,16:15:00,G1113,94,88.800003,85.800003,87.5,85.699997,82.800003,95.900002,100,100,100,100,100,100,100,100,100,100,100,100
