date,time,stationid,,,,,,,,,,,,,,,,,,,
2018/3/15,12:25:00,G1101,23.73,23.530001,23.27,23.17,23.120001,22.98,22.76,21.790001,20.799999,20.389999,20.15,20.07,19.68,19.540001,19.34,19.200001,19.129999,19.209999,19.299999
2018/3/15,12:25:00,G1102,23.459999,23.43,23.16,23.08,23.01,22.93,22.75,21.74,20.780001,20.33,20.08,20,19.57,19.43,19.17,19.139999,19.030001,19.15,19.280001
2018/3/15,12:25:00,G1103,23.120001,23.200001,23,22.879999,22.860001,22.77,22.67,21.530001,20.57,20.09,19.85,19.67,19.309999,19.15,18.9,18.870001,18.77,18.99,19.110001
2018/3/15,12:25:00,G1104,22.969999,23.09,22.860001,22.780001,22.74,22.629999,22.559999,21.41,20.5,20.040001,19.82,19.66,19.299999,19.18,18.93,18.879999,18.780001,19.01,19.129999
2018/3/15,12:25:00,G1105,22.780001,22.73,22.58,22.559999,22.549999,22.459999,22.370001,21.290001,20.33,19.91,19.709999,19.43,19.110001,18.879999,18.66,18.73,18.65,18.92,19.059999
2018/3/15,12:25:00,G1106,22.66,22.58,22.4,22.41,22.379999,22.290001,22.17,21.15,20.15,19.76,19.559999,19.190001,18.969999,18.709999,18.459999,18.51,18.57,18.77,18.91
2018/3/15,12:25:00,G1107,22.1,22.16,22.110001,21.99,21.940001,21.91,21.719999,20.82,19.860001,19.51,19.25,18.92,18.790001,18.450001,18.379999,18.65,18.73,18.809999,18.82
2018/3/15,12:25:00,G1108,22.02,22.049999,21.959999,21.84,21.809999,21.83,21.620001,20.690001,19.73,19.360001,19.139999,18.82,18.74,18.52,18.85,19.26,19.299999,19.16,18.68
2018/3/15,12:25:00,G1109,21.59,21.629999,21.65,21.5,21.5,21.5,21.219999,20.51,19.52,19.360001,19,18.77,18.68,18.5,18.620001,18.93,18.85,18.77,18.450001
2018/3/15,12:25:00,G1110,21.209999,21.200001,21.23,21.08,21.059999,21.120001,20.809999,20.309999,19.35,19.389999,18.940001,18.709999,18.84,18.969999,18.9,19.27,19.25,19.18,18.809999
2018/3/15,12:25:00,G1111,20.959999,20.76,20.799999,20.75,20.66,20.73,20.370001,20,19.139999,19.25,18.77,18.57,18.76,19.01,19.030001,19.16,19.32,19.17,18.940001
2018/3/15,12:25:00,G1112,20.709999,20.59,20.540001,20.58,20.530001,20.52,20.17,19.85,18.969999,19.1,18.709999,18.559999,18.83,19.24,19.32,19.34,19.459999,19.18,18.950001
2018/3/15,12:25:00,G1113,20.49,20.35,20.43,20.360001,20.280001,20.299999,19.950001,19.690001,18.959999,19.049999,18.879999,18.82,19.309999,19.4,19.34,19.280001,19.4,19.15,18.91
2018/4/14,19:30:00,G1101,26.48,26.43,26.41,26.450001,26.41,26.389999,26.32,24.809999,24.790001,24.299999,23.77,23.48,23.27,23,22.82,22.719999,22.77,22.799999,22.84
2018/4/14,19:30:00,G1102,26.440001,26.389999,26.370001,26.389999,26.389999,26.370001,26.370001,24.790001,24.76,24.290001,23.780001,23.51,23.309999,23.030001,22.82,22.73,22.76,22.799999,22.84
2018/4/14,19:30:00,G1103,26.299999,26.26,26.25,26.25,26.26,26.27,26.25,24.76,24.76,24.200001,23.620001,23.42,23.209999,22.92,22.639999,22.6,22.620001,22.700001,22.709999
2018/4/14,19:30:00,G1104,26.18,26.15,26.129999,26.129999,26.139999,26.139999,26.129999,24.719999,24.719999,24.17,23.610001,23.43,23.209999,22.879999,22.68,22.68,22.610001,22.700001,22.690001
2018/4/14,19:30:00,G1105,25.969999,25.940001,25.93,25.940001,25.969999,25.92,25.940001,24.77,24.75,24.040001,23.33,23.389999,23.209999,22.68,22.530001,22.629999,22.450001,22.540001,22.57
2018/4/14,19:30:00,G1106,25.790001,25.77,25.76,25.77,25.790001,25.73,25.76,24.639999,24.879999,24.08,23.24,23.4,23.360001,22.82,22.58,22.9,22.549999,22.51,22.5
2018/4/14,19:30:00,G1107,25.360001,25.309999,25.34,25.360001,25.35,25.280001,25.35,24.360001,24.91,24.059999,22.940001,23.32,23.299999,22.879999,22.49,22.969999,22.790001,22.530001,22.389999
2018/4/14,19:30:00,G1108,25.26,25.209999,25.25,25.27,25.26,25.18,25.25,24.360001,24.889999,24.07,22.93,23.25,23.32,22.969999,22.42,22.91,22.68,22.459999,22.299999
2018/4/14,19:30:00,G1109,24.870001,24.84,24.860001,24.860001,24.83,24.780001,24.85,24.389999,24.76,23.969999,22.93,23.26,23.42,22.879999,22.42,22.91,22.620001,22.360001,22.190001
2018/4/14,19:30:00,G1110,24.450001,24.459999,24.450001,24.440001,24.41,24.360001,24.43,24.1,24.379999,23.700001,22.809999,23.32,23.48,22.889999,22.450001,22.85,22.709999,22.440001,22.24
2018/4/14,19:30:00,G1111,24,24,23.98,23.99,23.959999,23.940001,23.959999,23.889999,23.93,23.559999,22.58,23.01,22.959999,22.530001,22.5,22.52,22.379999,22.280001,21.889999
2018/4/14,19:30:00,G1112,23.83,23.84,23.809999,23.809999,23.790001,23.77,23.780001,23.73,23.75,23.49,22.5,22.84,22.889999,22.540001,22.620001,22.41,22.309999,22.370001,21.82
2018/4/14,19:30:00,G1113,23.57,23.59,23.559999,23.549999,23.530001,23.5,23.51,23.469999,23.48,23.309999,22.190001,22.48,22.65,22.35,22.35,22.08,22.01,22.24,21.639999
2018/5/3,14:25:00,G1101,31.950001,32.490002,33.220001,31.77,31.5,31.379999,31.559999,31.01,30.23,28.610001,25.889999,25.299999,25.200001,24.629999,24.610001,24.440001,24.360001,24.440001,24.41
2018/5/3,14:25:00,G1102,31.809999,32.07,32.880001,31.66,31.41,31.370001,31.48,31.059999,30.27,28.84,26.08,24.940001,24.459999,24.59,24.450001,24.33,24.280001,24.219999,24.23
2018/5/3,14:25:00,G1103,31.49,31.84,32.299999,31.48,31.26,31.219999,31.299999,31.040001,30.209999,28.790001,26.73,25.459999,24.950001,24.290001,24.190001,24.129999,24.110001,24.129999,24.469999
2018/5/3,14:25:00,G1104,31.290001,31.6,31.950001,31.290001,31.129999,31.09,31.15,30.91,30.049999,27.82,26.77,25.200001,24.719999,24.18,24.1,24.129999,24.049999,24.1,24.48
2018/5/3,14:25:00,G1105,31.07,31.26,31.83,31.09,30.879999,30.91,30.940001,30.6,29.75,28.110001,26.33,24.709999,24.700001,24.08,23.98,24.110001,23.93,24.59,24.73
2018/5/3,14:25:00,G1106,30.9,31.110001,31.700001,30.940001,30.68,30.74,30.75,30.389999,29.549999,27.690001,26.09,25.18,25.09,24.139999,24.08,24.549999,24.25,24.82,25.25
2018/5/3,14:25:00,G1107,30.459999,30.809999,31.309999,30.48,30.23,30.33,30.309999,30.1,29.24,27.9,25.92,24.870001,24.57,23.889999,24.139999,24.690001,24.299999,24.950001,25.290001
2018/5/3,14:25:00,G1108,30.379999,31.030001,31.43,30.370001,30.15,30.200001,30.200001,29.98,29.129999,27.700001,26.030001,24.41,24.52,23.74,23.690001,23.790001,23.790001,24.59,24.879999
2018/5/3,14:25:00,G1109,29.92,30.809999,30.860001,30.040001,29.77,29.76,29.780001,29.540001,28.77,27.76,25.42,24.959999,24.5,23.610001,23.709999,24.09,23.719999,24.559999,24.66
2018/5/3,14:25:00,G1110,29.43,29.68,30.049999,29.709999,29.379999,29.33,29.379999,29.040001,28.41,26.940001,25.83,25.139999,24.299999,23.639999,24.24,24.190001,23.75,24.6,24.49
2018/5/3,14:25:00,G1111,28.950001,29.17,29.85,29.23,28.93,28.860001,28.889999,28.65,27.950001,26.49,25.25,24.719999,23.780001,23.49,24.18,23.799999,23.58,24.4,24.34
2018/5/3,14:25:00,G1112,28.75,28.959999,29.74,29.09,28.73,28.67,28.709999,28.49,27.76,26.629999,25.299999,24.290001,23.540001,23.389999,23.98,23.6,23.209999,24.43,24.18
2018/5/3,14:25:00,G1113,28.469999,28.66,29.34,28.82,28.440001,28.4,28.43,28.16,27.440001,26.379999,24.690001,24.5,23.389999,23.09,23.629999,23.49,23.08,24.530001,24.049999
2018/5/7,20:25:00,G1101,27.469999,27.559999,27.48,27.440001,27.43,27.389999,27.389999,25.790001,24.709999,24.48,24.68,24.790001,24.719999,24.5,24.35,24.02,23.49,23.360001,23.290001
2018/5/7,20:25:00,G1102,27.450001,27.51,27.440001,27.4,27.370001,27.34,27.370001,25.74,24.620001,24.48,24.639999,24.719999,24.66,24.43,24.27,23.940001,23.49,23.33,23.26
2018/5/7,20:25:00,G1103,27.34,27.35,27.290001,27.26,27.24,27.209999,27.24,25.42,24.389999,24.35,24.5,24.57,24.48,24.280001,24.1,23.690001,23.42,23.209999,23.040001
2018/5/7,20:25:00,G1104,27.209999,27.209999,27.16,27.129999,27.120001,27.08,27.1,25.25,24.25,24.219999,24.389999,24.440001,24.33,24.129999,23.959999,23.530001,23.290001,23.110001,22.940001
2018/5/7,20:25:00,G1105,27.02,27.01,26.98,26.950001,26.959999,26.91,26.92,24.77,23.870001,24.02,24.280001,24.290001,24.120001,23.940001,23.700001,23.280001,23.15,23,22.709999
2018/5/7,20:25:00,G1106,26.85,26.83,26.799999,26.799999,26.790001,26.75,26.76,24.74,23.799999,23.860001,24.139999,24.16,23.959999,23.799999,23.559999,23.120001,23.040001,22.92,22.6
2018/5/7,20:25:00,G1107,26.42,26.41,26.360001,26.41,26.370001,26.34,26.360001,24.190001,23.27,23.43,23.809999,23.780001,23.52,23.639999,23.24,22.709999,22.799999,22.629999,22.110001
2018/5/7,20:25:00,G1108,26.34,26.32,26.26,26.34,26.290001,26.26,26.280001,23.950001,23.209999,23.280001,23.690001,23.690001,23.43,23.68,23.200001,22.68,22.790001,22.6,21.940001
2018/5/7,20:25:00,G1109,25.950001,25.93,25.91,26.02,25.92,25.91,25.99,23.610001,22.809999,23.07,23.450001,23.360001,23.059999,23.75,22.92,22.450001,22.6,22.34,21.49
2018/5/7,20:25:00,G1110,25.549999,25.559999,25.549999,25.65,25.57,25.559999,25.700001,23.26,22.440001,23.379999,23.469999,23.15,22.77,23.91,22.709999,22.5,22.370001,22.040001,21.27
2018/5/7,20:25:00,G1111,25.18,25.16,25.18,25.26,25.110001,25.190001,25.280001,22.73,22.08,23.42,23.280001,23.280001,22.43,23.66,22.57,22.290001,22.02,21.780001,21.07
2018/5/7,20:25:00,G1112,25.030001,24.98,25.01,25.09,24.940001,25,25.129999,22.65,21.99,23.26,23.24,23.49,22.4,23.65,22.360001,22.049999,21.82,21.639999,20.99
2018/5/7,20:25:00,G1113,24.809999,24.74,24.75,24.83,24.709999,24.75,24.92,22.41,21.860001,23.57,23.17,23.48,22.18,23.6,22.33,21.83,21.76,21.41,20.91
2018/6/1,13:25:00,G1101,32.799999,33.619999,32.610001,32.25,32.130001,32.110001,31.99,31.110001,30.190001,29.68,29.5,29.59,29.6,28.879999,28.700001,28.07,28.219999,28.450001,28.52
2018/6/1,13:25:00,G1102,32.380001,33.279999,32.290001,32.080002,32.049999,32.080002,31.940001,30.93,30.059999,29.57,29.4,29.51,29.530001,28.66,28.57,27.93,28.139999,28.379999,28.5
2018/6/1,13:25:00,G1103,31.92,32.599998,31.950001,31.860001,31.860001,31.93,31.809999,30.780001,29.84,29.35,29.16,29.309999,29.35,28.41,28.35,27.690001,27.969999,28.23,28.389999
2018/6/1,13:25:00,G1104,31.709999,32.34,31.780001,31.709999,31.709999,31.799999,31.68,30.66,29.68,29.209999,29,29.15,29.200001,28.25,28.18,27.540001,27.83,28.110001,28.26
2018/6/1,13:25:00,G1105,31.41,31.799999,31.549999,31.48,31.5,31.6,31.48,30.629999,29.360001,29.049999,28.799999,28.93,29.030001,27.92,27.940001,27.309999,27.6,27.950001,28.120001
2018/6/1,13:25:00,G1106,31.190001,31.540001,31.360001,31.290001,31.34,31.43,31.309999,30.66,29.110001,28.92,28.709999,28.73,28.84,27.75,27.709999,27.139999,27.440001,27.84,28.059999
2018/6/1,13:25:00,G1107,30.73,31.35,30.91,30.870001,30.879999,31.030001,30.93,30.639999,28.52,28.690001,28.809999,28.41,28.41,27.299999,27.15,26.969999,27.07,27.51,28.33
2018/6/1,13:25:00,G1108,30.620001,31.23,30.780001,30.75,30.77,30.93,30.83,30.549999,28.42,28.639999,28.860001,28.35,28.32,27.18,27.059999,26.98,26.99,27.51,28.280001
2018/6/1,13:25:00,G1109,30.190001,30.74,30.360001,30.360001,30.35,30.48,30.4,30.290001,28.07,28.290001,29.120001,28.450001,28.16,26.77,26.879999,27,26.77,27.75,28.030001
2018/6/1,13:25:00,G1110,29.809999,30.07,29.99,29.98,29.959999,30.049999,29.969999,29.9,27.709999,28.16,29.08,28.469999,28.110001,26.43,27.040001,27.059999,27.219999,28.15,27.860001
2018/6/1,13:25:00,G1111,29.370001,29.450001,29.540001,29.559999,29.549999,29.58,29.52,29.450001,27.309999,28.1,28.620001,28.290001,27.82,26.08,27.139999,27,27.200001,27.879999,27.809999
2018/6/1,13:25:00,G1112,29.18,29.27,29.34,29.35,29.360001,29.379999,29.32,29.25,27.209999,28.09,28.450001,28.16,27.790001,25.93,26.870001,27.02,27.139999,27.790001,27.799999
2018/6/1,13:25:00,G1113,28.92,29,29.049999,29.07,29.110001,29.110001,29.059999,29,26.98,27.950001,28.190001,28.040001,27.74,25.65,27.129999,27.02,27.139999,27.65,27.690001
2018/6/12,9:30:00,G1101,29.110001,28.889999,28.34,28.4,28.360001,28.360001,28.389999,26.860001,25.969999,25.709999,25.57,25.440001,25.27,25.24,25.25,25.25,25.23,25.27,25.290001
2018/6/12,9:30:00,G1102,29.01,28.83,28.35,28.440001,28.370001,28.32,28.299999,26.74,25.93,25.629999,25.530001,25.379999,25.209999,25.25,25.18,25.200001,25.139999,25.190001,25.190001
2018/6/12,9:30:00,G1103,28.790001,28.68,28.34,28.4,28.290001,28.24,28.219999,26.5,25.790001,25.48,25.370001,25.23,25.120001,25.110001,25.08,25.049999,25.030001,25.040001,25.07
2018/6/12,9:30:00,G1104,28.629999,28.530001,28.25,28.280001,28.16,28.15,28.129999,26.43,25.639999,25.34,25.25,25.110001,25.01,25.030001,25.07,24.969999,24.92,24.92,24.940001
2018/6/12,9:30:00,G1105,28.360001,28.34,28.120001,28.15,28.01,27.969999,27.959999,26.18,25.5,25.139999,25.120001,25.049999,25.110001,25.08,25.110001,24.9,24.799999,24.75,24.73
2018/6/12,9:30:00,G1106,28.18,28.17,27.98,27.98,27.889999,27.799999,27.799999,26.030001,25.379999,25.01,25.1,25.030001,25.25,25.309999,25.299999,24.879999,24.709999,24.610001,24.59
2018/6/12,9:30:00,G1107,27.700001,27.719999,27.530001,27.540001,27.5,27.41,27.389999,25.65,25.110001,25.09,25.4,25.360001,25.450001,25.34,25.370001,24.969999,24.469999,24.360001,24.52
2018/6/12,9:30:00,G1108,27.58,27.610001,27.459999,27.440001,27.389999,27.309999,27.280001,25.57,25.040001,25,25.41,25.389999,25.389999,25.290001,25.360001,25,24.440001,24.33,24.459999
2018/6/12,9:30:00,G1109,27.15,27.17,27.08,27.049999,26.959999,26.91,26.92,25.26,24.82,24.92,25.440001,25.09,25.190001,25.23,25.1,25.049999,24.48,24.559999,24.73
2018/6/12,9:30:00,G1110,26.73,26.76,26.700001,26.68,26.559999,26.58,26.559999,25.08,24.91,25.1,25.24,25,25.24,25.059999,24.91,24.879999,24.83,24.540001,24.9
2018/6/12,9:30:00,G1111,26.32,26.360001,26.27,26.24,26.15,26.200001,26.15,24.969999,24.860001,25.02,25,24.76,25,25.030001,24.790001,24.530001,24.620001,24.450001,24.799999
2018/6/12,9:30:00,G1112,26.15,26.16,26.1,26.049999,25.969999,26.030001,25.959999,24.75,24.790001,24.969999,24.940001,24.610001,24.84,24.959999,24.620001,24.370001,24.559999,24.370001,24.709999
2018/6/12,9:30:00,G1113,25.889999,25.889999,25.83,25.780001,25.73,25.780001,25.68,24.639999,24.59,24.809999,24.790001,24.549999,24.629999,24.82,24.459999,24.190001,24.450001,24.450001,24.540001
2018/6/19,13:40:00,G1101,29.139999,29,29.110001,29.24,29.26,29.17,29,26.459999,26.43,26.51,26.58,26.66,26.629999,26.67,26.700001,26.82,26.809999,27.1,27.17
2018/6/19,13:40:00,G1102,28.98,28.870001,28.969999,29.01,29.09,29.040001,28.9,26.389999,26.370001,26.42,26.52,26.6,26.549999,26.540001,26.57,26.76,26.66,27.030001,27.129999
2018/6/19,13:40:00,G1103,28.76,28.700001,28.790001,28.77,28.82,28.83,28.709999,26.280001,26.209999,26.290001,26.370001,26.42,26.370001,26.41,26.42,26.719999,26.459999,26.889999,26.969999
2018/6/19,13:40:00,G1104,28.610001,28.57,28.639999,28.6,28.66,28.68,28.549999,26.23,26.18,26.200001,26.24,26.309999,26.27,26.219999,26.309999,26.67,26.309999,26.780001,26.84
2018/6/19,13:40:00,G1105,28.41,28.370001,28.459999,28.379999,28.43,28.5,28.299999,26.059999,26.030001,26.139999,26.059999,26.110001,26.16,26.15,26.17,26.780001,26.15,26.67,26.709999
2018/6/19,13:40:00,G1106,28.219999,28.200001,28.290001,28.200001,28.25,28.34,28.16,25.93,25.85,25.98,25.93,25.950001,26.17,26.040001,26.280001,26.66,26.110001,26.57,26.530001
2018/6/19,13:40:00,G1107,27.790001,27.809999,27.889999,27.780001,27.799999,27.93,27.549999,25.719999,25.59,25.620001,25.75,25.889999,26.07,26.27,26.25,26.370001,26.33,26.360001,26.280001
2018/6/19,13:40:00,G1108,27.690001,27.690001,27.780001,27.68,27.68,27.809999,27.43,25.68,25.52,25.49,25.66,25.84,26.129999,26.26,26.23,26.27,26.360001,26.33,26.190001
2018/6/19,13:40:00,G1109,27.280001,27.27,27.360001,27.27,27.27,27.360001,26.969999,25.4,25.059999,25.07,25.26,25.690001,26.200001,26.15,26.139999,25.82,26.27,26.040001,25.879999
2018/6/19,13:40:00,G1110,26.940001,26.91,27,26.9,26.92,26.950001,26.559999,25.299999,24.879999,24.790001,25.23,25.77,26.02,26.27,26.389999,25.93,26.08,25.76,25.66
2018/6/19,13:40:00,G1111,26.530001,26.51,26.620001,26.5,26.49,26.530001,26.200001,25.190001,24.709999,25.110001,25.469999,26.08,26.049999,26.049999,26.34,25.620001,25.83,25.440001,25.51
2018/6/19,13:40:00,G1112,26.34,26.32,26.440001,26.280001,26.299999,26.360001,26.07,25.129999,24.65,25.309999,25.42,26.049999,25.98,25.9,26.129999,25.469999,25.77,25.33,25.450001
2018/6/19,13:40:00,G1113,26.120001,26.09,26.209999,26.049999,26.030001,26.139999,25.889999,24.889999,24.620001,25.25,25.34,25.959999,25.639999,25.790001,25.879999,25.379999,25.75,25.33,25.43
2018/6/20,16:20:00,G1101,30.4,30.559999,30.530001,30.15,30.190001,30.15,29.959999,29.129999,27.370001,27,26.969999,26.99,27.120001,27.290001,27.469999,27.48,27.5,27.559999,27.75
2018/6/20,16:20:00,G1102,30.209999,30.27,30.33,30.01,30.01,29.99,29.85,28.940001,27.299999,26.889999,26.860001,26.879999,27.059999,27.27,27.540001,27.459999,27.469999,27.48,27.700001
2018/6/20,16:20:00,G1103,29.950001,30,30.030001,29.780001,29.76,29.77,29.629999,28.629999,26.889999,26.68,26.690001,26.799999,26.969999,27.26,27.57,27.42,27.49,27.450001,27.6
2018/6/20,16:20:00,G1104,29.799999,29.85,29.84,29.610001,29.6,29.620001,29.5,28.469999,27.049999,26.700001,26.67,26.75,26.92,27.190001,27.48,27.360001,27.379999,27.389999,27.549999
2018/6/20,16:20:00,G1105,29.58,29.58,29.540001,29.34,29.34,29.360001,29.219999,28,26.799999,26.719999,26.67,26.84,27.200001,27.26,27.360001,27.32,27.34,27.530001,27.5
2018/6/20,16:20:00,G1106,29.440001,29.43,29.370001,29.16,29.15,29.18,29.01,27.68,26.67,26.6,26.809999,26.93,27.190001,27.139999,27.219999,27.25,27.33,27.52,27.559999
2018/6/20,16:20:00,G1107,29.049999,29.02,28.9,28.73,28.75,28.690001,28.540001,27.440001,26.709999,26.58,27.35,26.98,27.219999,26.940001,27.07,27.17,27.52,27.450001,27.41
2018/6/20,16:20:00,G1108,28.959999,28.9,28.799999,28.629999,28.67,28.58,28.43,27.379999,26.620001,26.67,27.280001,26.950001,27.18,26.85,27.02,27.16,27.52,27.43,27.33
2018/6/20,16:20:00,G1109,28.549999,28.530001,28.389999,28.23,28.280001,28.120001,28,27.08,26.950001,26.49,26.91,26.559999,27.120001,26.77,27.07,27.23,27.559999,27.440001,27.15
2018/6/20,16:20:00,G1110,28.32,28.17,27.93,27.91,27.98,27.77,27.440001,26.709999,26.690001,26.57,26.719999,26.940001,26.639999,26.82,26.950001,27.32,27.379999,27.32,27.18
2018/6/20,16:20:00,G1111,27.93,27.77,27.719999,27.549999,27.690001,27.34,27.290001,26.440001,27,26.469999,26.58,26.59,26.719999,26.610001,26.549999,27.27,27.639999,27.59,27.33
2018/6/20,16:20:00,G1112,27.809999,27.6,27.530001,27.41,27.549999,27.190001,27.18,26.290001,26.870001,26.35,26.5,26.51,26.52,26.540001,26.4,27.16,27.459999,27.52,27.459999
2018/6/20,16:20:00,G1113,27.610001,27.360001,27.370001,27.209999,27.360001,26.99,26.950001,26.08,26.66,26.34,26.4,26.389999,26.24,26.34,26.33,26.93,27.190001,27.459999,27.41
2018/6/21,16:35:00,G1101,31.07,31.209999,31.120001,31,30.74,30.450001,30.280001,27.85,27.16,27.18,26.940001,26.389999,25.68,25.73,25.76,25.75,25.74,26.059999,26.16
2018/6/21,16:35:00,G1102,30.879999,30.93,30.940001,30.879999,30.639999,30.370001,30.190001,27.709999,27.07,27.030001,26.99,26.32,25.530001,25.790001,25.799999,25.84,25.77,26.139999,26.280001
2018/6/21,16:35:00,G1103,30.57,30.65,30.709999,30.610001,30.41,30.190001,30.01,27.42,26.93,26.940001,26.92,26.15,25.629999,26.209999,26.450001,26.280001,25.790001,26.17,26.48
2018/6/21,16:35:00,G1104,30.450001,30.52,30.57,30.43,30.26,30.049999,29.860001,27.24,26.860001,27.030001,26.879999,26.120001,25.559999,26.5,26.43,26.34,25.780001,26.09,26.450001
2018/6/21,16:35:00,G1105,30.23,30.25,30.32,30.18,29.99,29.809999,29.67,26.969999,26.75,27.389999,26.84,26.08,26.540001,26.940001,26.66,26.59,25.93,26.299999,26.700001
2018/6/21,16:35:00,G1106,30.07,30.01,30.15,30.030001,29.790001,29.629999,29.51,26.82,26.629999,27.129999,26.65,25.93,26.33,26.77,26.67,26.84,26.129999,26.549999,26.940001
2018/6/21,16:35:00,G1107,29.629999,29.48,29.639999,29.5,29.32,29.209999,29.09,26.42,26.49,27.15,26.299999,25.610001,26.799999,26.780001,26.82,26.620001,26.219999,26.66,27.549999
2018/6/21,16:35:00,G1108,29.540001,29.360001,29.52,29.379999,29.209999,29.1,29.01,26.32,26.459999,27.030001,26.219999,25.6,27,26.82,26.75,26.540001,26.15,26.690001,27.610001
2018/6/21,16:35:00,G1109,29.030001,28.92,29.049999,28.889999,28.77,28.66,28.57,25.940001,26.450001,26.719999,25.790001,25.09,26.459999,26.549999,26.629999,26.280001,25.809999,26.82,27.860001
2018/6/21,16:35:00,G1110,28.58,28.52,28.629999,28.51,28.389999,28.219999,28.16,25.639999,26.33,26.219999,25.440001,24.84,26.610001,26.73,26.559999,26.190001,25.559999,27.360001,27.98
2018/6/21,16:35:00,G1111,28.18,28.120001,28.15,28.110001,28,27.82,27.719999,25.33,25.870001,25.889999,25.049999,24.66,26.440001,26.59,26.41,26.200001,25.48,27.35,27.780001
2018/6/21,16:35:00,G1112,28,27.879999,27.92,27.92,27.790001,27.639999,27.540001,25.299999,25.65,25.809999,24.93,24.530001,26.360001,26.49,26.280001,26.129999,25.450001,27.25,27.58
2018/6/21,16:35:00,G1113,27.790001,27.67,27.620001,27.629999,27.559999,27.42,27.27,25.209999,25.42,25.67,24.66,24.360001,26.15,26.32,26.219999,25.959999,25.59,27.190001,27.4
2018/6/22,11:40:00,G1101,30.059999,29.809999,29.809999,29.549999,29.35,29.16,28.85,27.75,27.1,26.75,26.6,26.450001,26.4,26.299999,26.209999,26.25,26.27,26.209999,26.15
2018/6/22,11:40:00,G1102,29.98,29.719999,29.719999,29.43,29.27,29.1,28.799999,27.65,27.01,26.67,26.51,26.370001,26.33,26.23,26.1,26.15,26.190001,26.07,26.120001
2018/6/22,11:40:00,G1103,29.82,29.540001,29.549999,29.24,29.1,28.92,28.559999,27.4,26.82,26.49,26.35,26.200001,26.200001,26.09,25.940001,25.969999,26.01,25.889999,25.969999
2018/6/22,11:40:00,G1104,29.700001,29.4,29.42,29.09,28.969999,28.780001,28.370001,27.25,26.690001,26.360001,26.209999,26.110001,26.049999,25.98,25.83,25.84,25.870001,25.77,25.82
2018/6/22,11:40:00,G1105,29.48,29.18,29.190001,28.85,28.76,28.57,27.950001,26.959999,26.49,26.110001,25.99,25.950001,25.9,25.75,25.65,25.639999,25.65,25.65,25.459999
2018/6/22,11:40:00,G1106,29.299999,29.030001,29.049999,28.700001,28.6,28.41,27.65,26.74,26.309999,25.889999,25.84,25.780001,25.74,25.6,25.52,25.52,25.52,25.5,25.440001
2018/6/22,11:40:00,G1107,28.85,28.68,28.620001,28.24,28.18,27.99,27.129999,26.299999,25.85,25.440001,25.41,25.35,25.370001,25.200001,25.129999,25.139999,25.309999,25.17,25.15
2018/6/22,11:40:00,G1108,28.74,28.58,28.51,28.139999,28.07,27.9,27.030001,26.200001,25.75,25.33,25.32,25.25,25.27,25.110001,25.030001,25.040001,25.23,25.08,25.07
2018/6/22,11:40:00,G1109,28.290001,28.190001,28.07,27.709999,27.629999,27.469999,26.59,25.870001,25.34,24.9,24.98,24.860001,24.84,24.690001,24.709999,24.73,24.92,24.75,24.76
2018/6/22,11:40:00,G1110,27.860001,27.83,27.67,27.309999,27.280001,27.09,26.18,25.540001,25.09,24.620001,24.700001,24.58,24.49,24.33,24.450001,24.690001,24.74,24.52,24.639999
2018/6/22,11:40:00,G1111,27.450001,27.440001,27.24,26.85,26.889999,26.719999,25.76,25.18,24.92,24.280001,24.450001,24.309999,24.139999,23.950001,24.18,24.52,24.559999,24.24,24.360001
2018/6/22,11:40:00,G1112,27.26,27.26,27.049999,26.639999,26.74,26.559999,25.610001,25,24.92,24.08,24.26,24.190001,23.99,23.77,24.07,24.379999,24.459999,24.07,24.26
2018/6/22,11:40:00,G1113,27.02,27.030001,26.780001,26.4,26.48,26.33,25.360001,24.82,24.879999,23.969999,24.200001,23.969999,23.780001,23.49,24.049999,24.18,24.33,23.82,24.129999
2018/6/23,10:45:00,G1101,27.49,27.620001,27.51,27.379999,27.07,26.860001,26.879999,25.85,25.629999,25.24,24.790001,24.299999,24.27,23.98,24.02,24.139999,24.110001,24.16,24.18
2018/6/23,10:45:00,G1102,27.440001,27.549999,27.440001,27.360001,26.940001,26.74,26.790001,25.84,25.629999,25.209999,24.790001,24.23,24.209999,23.83,23.799999,23.969999,24.030001,24.1,24.17
2018/6/23,10:45:00,G1103,27.299999,27.309999,27.26,27.32,26.82,26.59,26.67,25.790001,25.67,25.129999,24.690001,24.129999,24.110001,23.91,23.92,24,24.01,23.99,23.969999
2018/6/23,10:45:00,G1104,27.17,27.24,27.139999,27.200001,26.76,26.49,26.690001,25.76,25.51,25.040001,24.59,24.059999,24.030001,23.790001,23.82,23.85,23.879999,23.870001,23.85
2018/6/23,10:45:00,G1105,26.969999,27.059999,27.110001,27.059999,27.01,26.809999,26.76,25.68,25.48,24.98,24.43,23.99,23.84,23.82,23.809999,23.870001,23.82,23.76,23.719999
2018/6/23,10:45:00,G1106,26.9,26.98,26.950001,26.93,26.84,26.83,26.75,25.620001,25.49,24.84,24.26,23.889999,23.620001,23.709999,23.65,23.799999,23.67,23.68,23.620001
2018/6/23,10:45:00,G1107,26.709999,26.68,26.82,26.75,26.610001,26.540001,26.6,25.280001,25.5,24.59,23.940001,23.620001,23.34,23.889999,23.51,23.719999,23.51,23.43,23.389999
2018/6/23,10:45:00,G1108,26.67,26.67,26.780001,26.719999,26.58,26.48,26.530001,25.18,25.459999,24.530001,23.870001,23.540001,23.33,23.969999,23.49,23.700001,23.459999,23.370001,23.34
2018/6/23,10:45:00,G1109,26.530001,26.52,26.530001,26.459999,26.35,26.16,26.309999,24.84,25.24,24.059999,23.52,23.190001,22.940001,24.49,23.34,23.59,23.32,23.139999,23.139999
2018/6/23,10:45:00,G1110,26.299999,26.299999,26.24,26.219999,26.030001,25.93,26.08,24.629999,25.040001,23.780001,23.26,23.09,23.049999,24.32,23.559999,23.5,23.290001,23.02,22.98
2018/6/23,10:45:00,G1111,25.959999,25.93,25.889999,25.879999,25.76,25.66,25.780001,24.35,25.33,23.48,22.99,23.23,23.27,24.01,23.450001,23.139999,23.209999,22.950001,22.77
2018/6/23,10:45:00,G1112,25.799999,25.75,25.719999,25.719999,25.620001,25.51,25.67,24.219999,25.299999,23.42,22.83,23.27,23.32,23.92,23.450001,23.01,23.23,23,22.68
2018/6/23,10:45:00,G1113,25.59,25.49,25.51,25.5,25.35,25.27,25.48,23.99,25.34,23.290001,22.59,23.360001,23.27,24.02,23.35,23.15,23.200001,22.950001,22.51
2018/6/25,10:20:00,G1101,28.719999,28.959999,29.52,29.780001,29.450001,29.09,28.74,27.469999,27.02,27.049999,27.77,27.98,28.219999,28.040001,28.48,28.690001,29.290001,29.48,29.219999
2018/6/25,10:20:00,G1102,28.59,28.73,29.280001,29.52,29.24,29,28.66,27.4,27.030001,27.059999,27.700001,27.870001,28.139999,27.91,28.280001,28.42,28.98,29.17,28.98
2018/6/25,10:20:00,G1103,28.370001,28.48,28.77,28.969999,28.950001,28.83,28.5,27.27,26.99,27.01,27.620001,27.68,27.82,27.780001,28.120001,28.17,28.530001,28.969999,28.709999
2018/6/25,10:20:00,G1104,28.23,28.32,28.58,28.76,28.709999,28.690001,28.34,27.139999,26.85,26.940001,27.49,27.559999,27.76,27.67,28.030001,28.120001,28.360001,28.85,28.559999
2018/6/25,10:20:00,G1105,28.01,28.1,28.360001,28.469999,28.450001,28.469999,28.209999,26.870001,26.870001,26.889999,27.42,27.35,27.6,27.5,27.76,27.860001,28.24,28.309999,28.309999
2018/6/25,10:20:00,G1106,27.82,27.889999,28.110001,28.25,28.24,28.290001,28.049999,26.719999,26.83,26.870001,27.299999,27.280001,27.52,27.370001,27.620001,27.709999,27.98,28.049999,28.15
2018/6/25,10:20:00,G1107,27.35,27.4,27.58,27.77,27.780001,27.860001,27.629999,26.4,26.6,26.66,27,27.18,26.950001,26.99,27.309999,27.280001,27.52,27.549999,27.68
2018/6/25,10:20:00,G1108,27.23,27.280001,27.450001,27.65,27.66,27.74,27.51,26.27,26.52,26.6,26.889999,27.08,26.85,26.870001,27.209999,27.17,27.42,27.440001,27.559999
2018/6/25,10:20:00,G1109,26.790001,26.870001,27.040001,27.200001,27.219999,27.27,27.059999,25.93,26.049999,26.219999,26.48,26.620001,26.459999,26.49,26.91,26.82,27.040001,27.059999,27.09
2018/6/25,10:20:00,G1110,26.389999,26.49,26.629999,26.719999,26.85,26.83,26.66,25.690001,25.77,25.889999,26.16,26.440001,26.4,26.17,26.58,26.51,26.639999,26.65,26.68
2018/6/25,10:20:00,G1111,25.959999,26.07,26.190001,26.280001,26.469999,26.370001,26.25,25.540001,25.540001,25.639999,25.799999,26.110001,26.040001,25.809999,26.219999,26.200001,26.27,26.209999,26.139999
2018/6/25,10:20:00,G1112,25.780001,25.889999,25.969999,26.09,26.290001,26.18,26.07,25.33,25.35,25.57,25.629999,25.93,25.84,25.690001,26.040001,26.059999,26.07,26.040001,25.91
2018/6/25,10:20:00,G1113,25.58,25.66,25.67,25.83,26.030001,25.91,25.82,25.049999,25.02,25.4,25.42,25.68,25.6,25.59,25.84,25.84,25.83,25.84,25.719999
2018/6/25,11:30:00,G1101,28.48,28.690001,29.290001,29.48,29.219999,29.57,29.809999,29,26.83,26.110001,25.6,25.43,25.65,26.139999,26.09,26.309999,26.540001,26.85,27.280001
2018/6/25,11:30:00,G1102,28.280001,28.42,28.98,29.17,28.98,29.34,29.58,28.809999,26.719999,26.219999,25.700001,25.450001,25.66,26.09,26.07,26.139999,26.469999,26.809999,27.16
2018/6/25,11:30:00,G1103,28.120001,28.17,28.530001,28.969999,28.709999,29.09,29.27,28.530001,26.52,26.23,25.610001,25.42,25.790001,25.98,26,26.110001,26.42,26.639999,27.110001
2018/6/25,11:30:00,G1104,28.030001,28.120001,28.360001,28.85,28.559999,28.98,29.08,28.389999,26.360001,26.16,25.58,25.309999,25.77,25.889999,25.879999,26.08,26.370001,26.610001,27.08
2018/6/25,11:30:00,G1105,27.76,27.860001,28.24,28.309999,28.309999,28.82,28.82,28.049999,26.120001,26.33,25.370001,25.219999,25.9,25.76,25.92,26.16,26.549999,27,27.139999
2018/6/25,11:30:00,G1106,27.620001,27.709999,27.98,28.049999,28.15,28.59,28.629999,27.93,26.09,26.27,25.299999,25.15,25.98,25.709999,25.83,26.120001,26.540001,27.190001,27.1
2018/6/25,11:30:00,G1107,27.309999,27.280001,27.52,27.549999,27.68,28.09,28.18,27.389999,26.57,25.99,24.98,25.040001,26.35,25.809999,25.969999,26.360001,26.719999,27.01,26.959999
2018/6/25,11:30:00,G1108,27.209999,27.17,27.42,27.440001,27.559999,28.01,28.08,27.299999,26.57,25.950001,24.889999,25.030001,26.49,25.83,26.02,26.389999,26.709999,26.92,26.9
2018/6/25,11:30:00,G1109,26.91,26.82,27.040001,27.059999,27.09,27.48,27.639999,26.84,26.33,25.68,24.51,25.02,26.299999,25.77,26.1,26.280001,26.6,26.65,26.58
2018/6/25,11:30:00,G1110,26.58,26.51,26.639999,26.65,26.68,27.049999,27.24,26.58,26.209999,25.530001,24.530001,25.450001,26.129999,25.889999,26.030001,26.17,26.42,26.299999,26.25
2018/6/25,11:30:00,G1111,26.219999,26.200001,26.27,26.209999,26.139999,26.68,26.77,26.209999,25.799999,25.290001,24.59,25.440001,25.82,25.790001,25.790001,26.049999,26.139999,25.889999,25.83
2018/6/25,11:30:00,G1112,26.040001,26.059999,26.07,26.040001,25.91,26.559999,26.559999,26.049999,25.629999,25.209999,24.49,25.32,25.700001,25.610001,25.66,25.889999,26.01,25.700001,25.67
2018/6/25,11:30:00,G1113,25.84,25.84,25.83,25.84,25.719999,26.290001,26.299999,25.959999,25.41,25.139999,24.370001,25.110001,25.450001,25.440001,25.459999,25.65,25.780001,25.469999,25.440001
2018/6/25,17:05:00,G1101,29.09,29,28.959999,28.940001,28.889999,28.690001,28.440001,26.73,25.75,25.43,24.68,24.65,24.799999,24.559999,24.530001,24.790001,24.870001,25.049999,25.110001
2018/6/25,17:05:00,G1102,29.1,29,28.940001,28.99,28.889999,28.74,28.49,26.83,25.74,25.43,24.639999,24.74,24.91,24.67,24.809999,25.049999,25.370001,25.440001,25.299999
2018/6/25,17:05:00,G1103,29.030001,28.860001,28.85,28.889999,28.790001,28.620001,28.4,27.059999,25.610001,25.540001,24.360001,24.98,25.75,24.82,25.379999,25.35,25.559999,25.549999,25.440001
2018/6/25,17:05:00,G1104,28.91,28.74,28.73,28.780001,28.66,28.49,28.290001,26.59,25.719999,25.450001,24.549999,25.09,25.860001,24.92,25.52,25.469999,25.6,25.629999,25.51
2018/6/25,17:05:00,G1105,28.74,28.6,28.57,28.57,28.459999,28.299999,28.09,26.48,25.309999,25.41,24.33,25.58,26.09,25.34,25.83,25.75,26.049999,25.889999,25.879999
2018/6/25,17:05:00,G1106,28.559999,28.459999,28.41,28.4,28.290001,28.139999,27.879999,26.440001,25.26,25.32,24.530001,25.48,25.959999,25.48,25.68,25.780001,26.049999,25.93,26.07
2018/6/25,17:05:00,G1107,28.110001,28.059999,27.969999,27.98,27.860001,27.73,27.629999,26.059999,24.82,25.02,24.620001,25.299999,25.629999,25.08,25.67,25.700001,25.85,25.889999,25.92
2018/6/25,17:05:00,G1108,28,27.969999,27.860001,27.879999,27.75,27.629999,27.49,25.940001,24.629999,24.91,24.690001,25.299999,25.51,25.09,25.639999,25.65,25.82,25.83,25.82
2018/6/25,17:05:00,G1109,27.540001,27.540001,27.48,27.42,27.33,27.23,27.01,25.860001,24.6,24.690001,24.620001,25.030001,25.16,24.690001,25.440001,25.389999,25.5,25.540001,25.48
2018/6/25,17:05:00,G1110,27.129999,27.209999,27.120001,27.030001,26.93,26.879999,26.67,25.57,24.48,24.52,23.92,25,24.809999,24.379999,25.299999,25.200001,25.24,25.26,25.24
2018/6/25,17:05:00,G1111,26.709999,26.790001,26.68,26.59,26.52,26.43,26.25,25.190001,24.09,24.290001,24.17,24.77,24.68,24.59,25.129999,24.91,24.959999,24.950001,24.98
2018/6/25,17:05:00,G1112,26.51,26.610001,26.469999,26.42,26.34,26.209999,26.08,24.879999,24.09,24.26,23.719999,24.719999,24.549999,24.34,25.01,24.799999,24.84,24.85,24.860001
2018/6/25,17:05:00,G1113,26.24,26.360001,26.200001,26.17,26.09,25.940001,25.690001,24.65,23.77,23.950001,23.84,24.540001,24.23,24.030001,24.790001,24.629999,24.68,24.67,24.67
2018/6/30,13:55:00,G1101,30.82,30.610001,30.709999,30.780001,30.41,30.309999,30.07,29.01,27.57,27,25.93,25.48,25.139999,25.540001,25.530001,25.639999,25.809999,26.209999,26.34
2018/6/30,13:55:00,G1102,30.639999,30.42,30.530001,30.59,30.290001,30.219999,29.99,28.860001,27.48,26.959999,25.870001,25.450001,25.120001,25.709999,25.610001,25.549999,26.059999,26.190001,26.27
2018/6/30,13:55:00,G1103,30.440001,30.17,30.290001,30.309999,30.09,30.07,29.83,28.459999,27.25,26.809999,25.65,25.43,25.17,26.129999,25.709999,25.540001,27.030001,26.370001,26.129999
2018/6/30,13:55:00,G1104,30.27,30.01,30.139999,30.129999,29.93,29.93,29.709999,28.219999,27.139999,26.690001,25.57,25.540001,25.07,26.360001,25.93,25.52,27.33,26.49,26.08
2018/6/30,13:55:00,G1105,30.030001,29.780001,29.91,29.82,29.68,29.75,29.48,28.049999,26.92,26.57,25.379999,26.24,25.85,26.940001,27.209999,27.41,28.059999,26.98,26.610001
2018/6/30,13:55:00,G1106,29.84,29.610001,29.73,29.610001,29.48,29.559999,29.309999,27.809999,26.74,26.52,25.27,26.290001,26.27,26.92,27.42,27.5,28.120001,27.26,27.27
2018/6/30,13:55:00,G1107,29.379999,29.23,29.26,29.139999,29.01,29.139999,28.889999,27.280001,26.48,26.41,25.75,26.57,26.780001,27.700001,27.73,27.559999,28.049999,27.66,27.450001
2018/6/30,13:55:00,G1108,29.25,29.120001,29.129999,29.02,28.91,29.040001,28.790001,27.190001,26.41,26.389999,25.860001,26.540001,27.049999,27.83,27.790001,27.540001,27.92,27.6,27.450001
2018/6/30,13:55:00,G1109,28.780001,28.790001,28.68,28.57,28.51,28.65,28.35,26.65,26.110001,26.5,26.389999,26.360001,27.139999,27.92,27.690001,27.27,27.48,27.33,27.43
2018/6/30,13:55:00,G1110,28.35,28.459999,28.299999,28.190001,28.17,28.200001,27.93,26.1,26.110001,26.559999,26.950001,26.110001,27.33,27.67,27.35,26.98,27.139999,27.049999,27.139999
2018/6/30,13:55:00,G1111,27.91,28.059999,27.91,27.74,27.77,27.780001,27.52,25.76,25.77,26.379999,27.15,26.530001,27.379999,27.360001,27.219999,26.77,26.790001,26.85,26.780001
2018/6/30,13:55:00,G1112,27.76,27.879999,27.73,27.559999,27.59,27.59,27.33,25.629999,25.700001,26.24,27.02,26.57,27.34,27.219999,27.209999,26.610001,26.65,26.700001,26.57
2018/6/30,13:55:00,G1113,27.58,27.67,27.530001,27.32,27.389999,27.360001,27.049999,25.49,25.93,26.16,26.73,26.530001,27.25,27.030001,27.1,26.42,26.57,26.5,26.25
2018/7/1,14:15:00,G1101,31.549999,31.83,31.43,31.18,31.200001,30.940001,30.6,29.01,24.75,23.790001,23.969999,23.639999,23.98,24.33,24.690001,25.120001,25.77,25.709999,25.709999
2018/7/1,14:15:00,G1102,31.32,31.67,31.24,31,31.01,30.74,30.450001,28.93,24.950001,23.629999,23.969999,23.459999,24.040001,24.26,24.639999,25,25.559999,25.549999,25.5
2018/7/1,14:15:00,G1103,30.959999,31.190001,31.030001,30.74,30.75,30.48,30.219999,28.629999,24.610001,23.450001,23.93,23.540001,23.98,24.16,24.549999,24.85,25.309999,25.23,25.290001
2018/7/1,14:15:00,G1104,30.76,31.01,30.84,30.57,30.540001,30.34,30.08,28.43,24.629999,23.379999,23.879999,23.49,23.99,24.120001,24.43,24.6,25.049999,25.139999,25.049999
2018/7/1,14:15:00,G1105,30.51,30.5,30.49,30.280001,30.24,30.059999,29.84,28.16,24.530001,23.469999,23.959999,23.67,23.93,24.08,24.780001,24.65,24.93,25.030001,24.99
2018/7/1,14:15:00,G1106,30.459999,30.33,30.27,30.08,30.01,29.889999,29.67,27.98,24.360001,23.309999,23.959999,23.67,23.860001,24.02,25.129999,24.59,24.98,24.959999,24.84
2018/7/1,14:15:00,G1107,30.049999,29.76,29.809999,29.58,29.530001,29.41,29.16,27.58,23.129999,22.32,24.32,23.129999,23.57,25.389999,25.549999,25.23,25.52,24.73,24.780001
2018/7/1,14:15:00,G1108,29.91,29.65,29.690001,29.469999,29.43,29.299999,29.030001,27.469999,23.92,22.91,24.4,23.360001,23.709999,24.719999,25.549999,25.48,25.75,25.23,24.459999
2018/7/1,14:15:00,G1109,29.379999,29.18,29.17,28.969999,28.98,28.860001,28.559999,27.1,23.32,24.290001,24.41,23.120001,24.530001,26.16,25.23,25.639999,26.18,24.700001,24.719999
2018/7/1,14:15:00,G1110,28.9,28.870001,28.76,28.57,28.530001,28.43,28.1,26.74,22.25,23.93,24.43,23.969999,24.790001,26.309999,25.16,25.58,26.41,24.92,26.16
2018/7/1,14:15:00,G1111,28.49,28.530001,28.34,28.23,28.120001,27.969999,27.67,26.559999,22.75,24.200001,24.43,23.92,24.85,26.110001,25.389999,25.870001,26.73,26.25,26.469999
2018/7/1,14:15:00,G1112,28.309999,28.299999,28.15,28.08,27.92,27.77,27.469999,26.440001,22.85,25.25,24.4,23.809999,24.77,25.969999,25.42,25.879999,26.75,26.41,26.57
2018/7/1,14:15:00,G1113,28.09,28.02,27.9,27.940001,27.639999,27.51,27.190001,26.219999,22.58,25.09,24.309999,23.77,24.639999,25.75,25.299999,25.82,26.68,26.57,26.790001
2018/7/3,9:45:00,G1101,29.08,29.360001,29.549999,29.76,29.57,30,29.610001,28.639999,28.59,27.639999,27.370001,27.18,27.370001,27.549999,27.98,28.15,28.030001,28.08,28
2018/7/3,9:45:00,G1102,28.940001,29.120001,29.43,29.58,29.4,29.68,29.41,28.440001,28.360001,27.549999,27.26,27.02,27.23,27.389999,27.790001,27.889999,27.84,27.85,27.889999
2018/7/3,9:45:00,G1103,28.629999,28.809999,29.24,29.290001,29.17,29.309999,29.16,28.209999,28.110001,27.32,27.059999,26.860001,27.02,27.23,27.52,27.629999,27.6,27.58,27.620001
2018/7/3,9:45:00,G1104,28.530001,28.620001,29.1,29.139999,28.99,29.129999,29.02,28.02,27.959999,27.219999,26.940001,26.68,26.91,27.08,27.42,27.5,27.43,27.42,27.450001
2018/7/3,9:45:00,G1105,28.43,28.41,28.83,28.889999,28.719999,28.889999,28.639999,27.82,27.67,26.969999,26.719999,26.469999,26.879999,26.959999,27.139999,27.32,27.18,27.219999,27.219999
2018/7/3,9:45:00,G1106,28.23,28.26,28.620001,28.73,28.559999,28.74,28.450001,27.67,27.469999,26.76,26.549999,26.27,26.709999,26.83,26.959999,27.16,27.030001,27.08,27.07
2018/7/3,9:45:00,G1107,27.860001,27.98,28.129999,28.23,28.17,28.299999,28,27.24,27.030001,26.26,26.07,26.440001,26.73,26.49,26.540001,26.780001,26.700001,26.85,26.639999
2018/7/3,9:45:00,G1108,27.809999,27.870001,27.950001,28.129999,28.059999,28.24,27.85,27.129999,26.93,26.219999,26.01,26.15,26.68,26.440001,26.440001,26.700001,26.629999,26.77,26.559999
2018/7/3,9:45:00,G1109,27.43,27.549999,27.5,27.68,27.629999,27.75,27.459999,26.799999,26.49,25.74,25.629999,26.200001,26.379999,26.1,26.16,26.459999,26.42,26.42,26.33
2018/7/3,9:45:00,G1110,27.120001,27.139999,27.15,27.290001,27.25,27.299999,27.110001,26.530001,26.129999,25.58,25.280001,26.129999,26.110001,25.83,25.91,26.33,26.219999,26.16,26.190001
2018/7/3,9:45:00,G1111,26.73,26.809999,26.700001,26.92,26.889999,26.959999,26.610001,26.35,25.77,25.24,25.09,26,25.790001,25.690001,25.719999,26.110001,25.940001,25.860001,25.93
2018/7/3,9:45:00,G1112,26.58,26.57,26.57,26.719999,26.709999,26.76,26.42,26.24,25.559999,25.139999,24.83,26.059999,25.709999,25.610001,25.57,26.040001,25.780001,25.690001,25.75
2018/7/3,9:45:00,G1113,26.33,26.299999,26.389999,26.440001,26.450001,26.540001,26.07,26.059999,25.34,25.120001,25.07,26.07,25.65,25.450001,25.41,25.889999,25.58,25.549999,25.57
2018/7/5,12:35:00,G1101,29.870001,30,NaN,NaN,NaN,NaN,30.43,29.42,28.5,28,27.73,28.25,28.07,26.360001,25.68,25.790001,25.690001,25.450001,25.18
2018/7/5,12:35:00,G1102,29.719999,29.879999,29.9,30.030001,30.08,29.809999,30.24,29.15,28.34,27.889999,27.549999,27.790001,27.709999,26.219999,25.629999,25.700001,25.610001,25.35,25.110001
2018/7/5,12:35:00,G1103,29.52,29.65,29.700001,29.66,29.790001,29.58,29.959999,28.719999,28.09,27.68,27.280001,27.360001,27.23,25.98,25.5,25.5,25.450001,25.24,24.950001
2018/7/5,12:35:00,G1104,29.389999,29.5,29.530001,29.5,29.57,29.41,29.77,28.459999,27.93,27.530001,27.120001,27.15,27.049999,25.860001,25.41,25.43,25.35,25.18,24.92
2018/7/5,12:35:00,G1105,29.17,29.290001,29.35,29.26,29.299999,29.209999,29.48,28.120001,27.67,27.25,26.83,26.790001,26.67,25.48,25.24,25.23,25.16,24.99,24.780001
2018/7/5,12:35:00,G1106,29.01,29.16,29.17,29.09,29.15,29.049999,29.209999,27.870001,27.440001,27.030001,26.65,26.559999,26.48,25.25,25.08,25.09,25.01,24.85,24.59
2018/7/5,12:35:00,G1107,28.559999,28.709999,28.75,28.620001,28.74,28.66,28.690001,27.34,27.030001,26.559999,26.26,26.120001,25.860001,24.620001,24.809999,24.73,24.68,24.549999,24.459999
2018/7/5,12:35:00,G1108,28.450001,28.639999,28.620001,28.52,28.629999,28.530001,28.57,27.26,26.950001,26.450001,26.200001,26.040001,25.74,24.549999,24.76,24.67,24.610001,24.440001,24.639999
2018/7/5,12:35:00,G1109,28.02,28.16,NaN,NaN,NaN,NaN,28.08,26.799999,26.58,26.129999,25.799999,25.68,25.17,24.07,24.48,24.389999,24.25,24.129999,24.629999
2018/7/5,12:35:00,G1110,27.65,27.799999,27.82,27.68,27.799999,27.719999,27.690001,26.450001,26.51,25.969999,26.129999,25.549999,24.639999,24.049999,24.43,24.25,23.860001,23.620001,25.110001
2018/7/5,12:35:00,G1111,27.219999,27.42,27.43,27.24,27.440001,27.290001,27.32,26.290001,26.33,26.030001,26.620001,25.41,24.26,24.24,24.530001,24.23,23.309999,23.82,25.059999
2018/7/5,12:35:00,G1112,27.02,27.200001,27.26,27.030001,27.209999,27.120001,27.120001,26.18,26.190001,26.1,26.5,25.4,24.190001,24.360001,24.51,24.290001,23.27,24.09,24.77
2018/7/5,12:35:00,G1113,26.76,26.959999,27,26.75,26.92,26.860001,26.889999,26.02,25.959999,25.940001,26.27,25.610001,24.16,24.290001,24.360001,24.25,23.379999,24.190001,24.34
2018/7/7,17:25:00,G1101,29.120001,29.1,29.139999,29.02,28.940001,29.02,29.219999,28.23,27.540001,27.309999,27.120001,26.92,26.790001,26.58,26.9,26.809999,26.879999,26.83,26.690001
2018/7/7,17:25:00,G1102,29.07,29.049999,29.08,29.02,28.98,29.08,29.209999,28.24,27.559999,27.299999,27.120001,26.93,26.82,26.629999,26.98,26.85,26.860001,26.860001,26.68
2018/7/7,17:25:00,G1103,28.91,28.889999,28.92,28.92,28.9,29.08,29.129999,28.02,27.309999,27.09,26.940001,26.780001,26.73,26.620001,26.93,26.790001,26.84,26.83,26.629999
2018/7/7,17:25:00,G1104,28.77,28.75,28.799999,28.799999,28.83,28.879999,28.99,27.92,27.200001,26.950001,26.82,26.65,26.6,26.5,26.790001,26.700001,26.74,26.74,26.51
2018/7/7,17:25:00,G1105,28.540001,28.57,28.65,28.629999,28.65,28.68,28.879999,27.49,26.870001,26.690001,26.59,26.42,26.42,26.379999,26.559999,26.51,26.75,26.57,26.440001
2018/7/7,17:25:00,G1106,28.370001,28.360001,28.52,28.49,28.41,28.49,28.66,27.610001,26.799999,26.59,26.549999,26.34,26.299999,26.25,26.360001,26.35,26.59,26.43,26.33
2018/7/7,17:25:00,G1107,27.92,28.01,28.09,28.07,28.059999,28.08,28.209999,27.200001,26.48,26.17,26.139999,26.33,26.610001,25.969999,25.92,25.959999,26.139999,26.049999,25.92
2018/7/7,17:25:00,G1108,27.809999,27.9,27.959999,28.01,27.940001,27.98,28.139999,27.16,26.459999,26.08,26.049999,26.24,26.709999,26.1,25.83,25.860001,26.049999,25.98,25.82
2018/7/7,17:25:00,G1109,27.379999,27.450001,27.52,27.57,27.58,27.6,27.73,26.790001,26.18,25.790001,25.719999,26.200001,26.83,26.299999,25.469999,25.450001,25.82,25.59,25.459999
2018/7/7,17:25:00,G1110,27.059999,27.049999,27.1,27.17,27.200001,27.27,27.360001,26.48,26.18,25.67,25.700001,26.280001,26.559999,26.6,25.91,25.16,25.65,25.27,25.16
2018/7/7,17:25:00,G1111,26.73,26.709999,26.68,26.709999,26.76,26.809999,26.940001,26.290001,25.98,25.49,25.58,25.860001,26.25,26.360001,25.959999,24.83,26.110001,25.58,24.950001
2018/7/7,17:25:00,G1112,26.57,26.58,26.549999,26.57,26.67,26.780001,26.809999,26.190001,25.959999,25.41,25.48,25.719999,26.08,26.27,26.030001,24.860001,26.030001,25.639999,25.09
2018/7/7,17:25:00,G1113,26.35,26.43,26.360001,26.35,26.360001,26.41,26.540001,25.99,25.75,25.23,25.23,25.4,25.799999,25.969999,25.91,24.889999,25.870001,25.57,25.469999
2018/7/8,10:15:00,G1101,29.530001,29.549999,30.07,29.719999,29.99,30.35,30.5,29.969999,29.469999,28.77,27.379999,27.9,28.49,28.129999,28.07,28.280001,28.42,28.700001,29.16
2018/7/8,10:15:00,G1102,29.43,29.459999,29.76,29.6,29.67,30.059999,30.190001,29.799999,29.360001,29.030001,27.690001,27.99,28.58,28.15,28,28.219999,28.360001,28.57,29.040001
2018/7/8,10:15:00,G1103,29.23,29.32,29.49,29.4,29.41,29.75,29.790001,29.57,29.200001,28.91,27.870001,28.27,28.549999,28.01,27.940001,28.360001,28.290001,28.540001,28.799999
2018/7/8,10:15:00,G1104,29.09,29.16,29.26,29.24,29.25,29.610001,29.6,29.43,29.040001,28.73,27.719999,28.23,28.469999,27.889999,27.889999,28.280001,28.280001,28.530001,28.66
2018/7/8,10:15:00,G1105,28.889999,28.950001,29,29.02,29.07,29.34,29.290001,29.190001,28.83,28.469999,27.58,28.15,28.309999,27.75,27.709999,28.389999,28.52,28.6,28.559999
2018/7/8,10:15:00,G1106,28.709999,28.75,28.82,28.83,28.870001,29.17,29.120001,28.99,28.67,28.32,27.32,28,28.139999,27.6,27.76,28.309999,28.379999,28.51,28.27
2018/7/8,10:15:00,G1107,28.26,28.290001,28.389999,28.360001,28.4,28.65,28.6,28.51,28.23,27.879999,27.15,27.719999,27.690001,27.41,27.83,28.02,28.18,28.26,28.190001
2018/7/8,10:15:00,G1108,28.139999,28.16,28.290001,28.25,28.290001,28.5,28.48,28.389999,28.139999,27.799999,27.07,27.59,27.58,27.379999,27.790001,27.92,28.120001,28.139999,28.07
2018/7/8,10:15:00,G1109,27.719999,27.73,27.870001,27.83,27.85,28.01,28.030001,27.92,27.67,27.389999,26.809999,27.25,27.18,27.209999,27.43,27.690001,27.75,27.709999,27.639999
2018/7/8,10:15:00,G1110,27.33,27.370001,27.469999,27.440001,27.450001,27.610001,27.68,27.530001,27.299999,27.129999,26.59,26.98,26.82,26.860001,27.02,27.379999,27.41,27.33,27.43
2018/7/8,10:15:00,G1111,26.969999,26.98,27.049999,27,27.07,27.24,27.23,27.07,26.879999,26.91,26.32,26.6,26.4,26.5,26.83,27.040001,27.08,26.969999,27.09
2018/7/8,10:15:00,G1112,26.799999,26.83,26.870001,26.809999,26.9,27.02,27.030001,26.879999,26.690001,26.870001,26.16,26.450001,26.209999,26.450001,26.790001,26.84,26.9,26.82,26.92
2018/7/8,10:15:00,G1113,26.57,26.59,26.6,26.549999,26.700001,26.74,26.77,26.620001,26.450001,26.450001,25.940001,26.190001,26.030001,26.299999,26.559999,26.57,26.66,26.610001,26.700001
2018/7/8,12:40:00,G1101,30.33,30.02,29.67,29.610001,29.299999,29.07,28.83,26.07,26.530001,27.059999,27.549999,28.27,29.17,29.540001,29.83,29.809999,29.85,30.58,30.16
2018/7/8,12:40:00,G1102,30.18,29.940001,29.84,29.879999,29.34,29.059999,28.940001,26.290001,26.809999,27.51,27.59,28.549999,29.15,29.41,29.709999,29.809999,29.77,30.450001,30.059999
2018/7/8,12:40:00,G1103,30.01,29.85,29.77,30.02,29.43,28.940001,28.860001,26.879999,27.889999,27.99,28.59,29.049999,29.09,29.440001,29.530001,29.68,29.690001,30.120001,29.91
2018/7/8,12:40:00,G1104,29.9,29.780001,29.59,29.879999,29.450001,28.799999,28.719999,26.99,27.93,28.15,28.639999,28.959999,28.959999,29.34,29.32,29.549999,29.57,29.99,29.76
2018/7/8,12:40:00,G1105,29.709999,29.6,29.43,29.709999,29.540001,28.65,28.59,27.23,28.1,28.610001,28.84,28.84,28.91,29,29.219999,29.360001,29.42,29.57,29.57
2018/7/8,12:40:00,G1106,29.57,29.49,29.34,29.51,29.370001,28.540001,28.379999,27.32,27.98,28.6,28.709999,28.74,28.9,28.870001,29.129999,29.219999,29.25,29.389999,29.469999
2018/7/8,12:40:00,G1107,29.049999,29.08,28.85,29.049999,28.98,28.200001,28.049999,27.219999,27.74,28.32,28.52,28.58,28.49,28.59,28.84,28.84,28.83,28.9,29.01
2018/7/8,12:40:00,G1108,28.92,28.99,28.75,28.959999,28.860001,28.059999,27.959999,27.15,27.75,28.23,28.5,28.5,28.4,28.51,28.75,28.75,28.700001,28.799999,28.889999
2018/7/8,12:40:00,G1109,28.530001,28.629999,28.43,28.629999,28.440001,27.440001,27.59,27,27.219999,27.889999,28.26,28.139999,28.07,28.120001,28.389999,28.4,28.309999,28.389999,28.440001
2018/7/8,12:40:00,G1110,28.200001,28.25,28.049999,28.290001,28.040001,27.27,27.27,26.809999,26.860001,27.549999,27.92,27.82,27.82,27.75,28.059999,27.98,27.959999,28.030001,28.049999
2018/7/8,12:40:00,G1111,27.77,27.889999,27.57,27.85,27.65,26.73,26.889999,26.52,26.6,27.26,27.49,27.469999,27.450001,27.389999,27.68,27.559999,27.57,27.690001,27.66
2018/7/8,12:40:00,G1112,27.59,27.719999,27.5,27.68,27.459999,26.51,26.75,26.360001,26.459999,27.15,27.290001,27.290001,27.25,27.24,27.52,27.379999,27.41,27.5,27.43
2018/7/8,12:40:00,G1113,27.370001,27.43,27.08,27.43,27.209999,26.42,26.52,26.129999,26.280001,26.879999,27.040001,27.030001,27.040001,27.040001,27.26,27.120001,27.17,27.27,27.15
2018/7/13,0:50:00,G1101,28.790001,28.66,28.59,28.719999,28.790001,28.74,28.77,26.76,26.290001,26.74,27.18,27.25,27.299999,27.530001,27.4,27.34,27.309999,27.440001,27.540001
2018/7/13,0:50:00,G1102,28.75,28.66,28.610001,28.690001,28.76,28.76,28.77,27.110001,26.450001,26.82,27.280001,27.450001,27.52,27.52,27.41,27.33,27.5,27.42,27.559999
2018/7/13,0:50:00,G1103,28.58,28.549999,28.52,28.559999,28.610001,28.6,28.610001,27.1,26.43,27,27.35,27.43,27.469999,27.48,27.49,27.379999,27.469999,27.35,27.540001
2018/7/13,0:50:00,G1104,28.42,28.42,28.4,28.440001,28.469999,28.459999,28.459999,27.1,26.360001,27,27.309999,27.379999,27.35,27.4,27.389999,27.25,27.309999,27.24,27.42
2018/7/13,0:50:00,G1105,28.219999,28.200001,28.209999,28.25,28.26,28.25,28.25,26.77,26.17,27.120001,27.18,27.290001,27.209999,27.290001,27.23,27.120001,27.209999,27.129999,27.299999
2018/7/13,0:50:00,G1106,28.030001,28.049999,28.049999,28.059999,28.07,28.07,28.059999,26.75,25.9,27.049999,27.030001,27.18,27.059999,27.110001,27.040001,26.969999,27.07,26.99,27.18
2018/7/13,0:50:00,G1107,27.59,27.6,27.559999,27.6,27.59,27.610001,27.59,26.33,25.92,26.83,26.74,26.799999,26.629999,26.66,26.610001,26.66,26.68,26.629999,26.790001
2018/7/13,0:50:00,G1108,27.49,27.469999,27.450001,27.49,27.48,27.48,27.48,26.450001,26.049999,26.74,26.639999,26.68,26.540001,26.549999,26.51,26.549999,26.540001,26.52,26.690001
2018/7/13,0:50:00,G1109,27.049999,27.040001,27.01,27.040001,27.01,27.030001,27.030001,26.040001,25.790001,26.34,26.24,26.280001,26.09,26.139999,26.08,26.17,26.15,26.16,26.32
2018/7/13,0:50:00,G1110,26.66,26.639999,26.6,26.65,26.58,26.629999,26.610001,25.889999,25.610001,26.02,25.870001,25.91,25.74,25.780001,25.719999,25.76,25.780001,25.9,26.01
2018/7/13,0:50:00,G1111,26.280001,26.219999,26.139999,26.209999,26.16,26.18,26.16,25.59,25.34,25.610001,25.450001,25.51,25.389999,25.379999,25.34,25.379999,25.43,25.59,25.65
2018/7/13,0:50:00,G1112,26.09,26.040001,25.950001,26.01,25.969999,25.99,25.969999,25.41,25.190001,25.43,25.26,25.32,25.219999,25.219999,25.17,25.209999,25.280001,25.440001,25.469999
2018/7/13,0:50:00,G1113,25.83,25.780001,25.709999,25.74,25.709999,25.719999,25.709999,25.09,25.1,25.16,25.02,25.049999,24.99,24.969999,24.91,25.01,25.110001,25.209999,25.200001
2018/7/14,12:40:00,G1101,30.18,30.52,30.389999,30.41,30.299999,30.040001,29.860001,28.940001,28.18,27.790001,28.15,26.1,25.33,26.08,26.530001,27.049999,27.370001,28.290001,28.51
2018/7/14,12:40:00,G1102,30.02,30.27,30.219999,30.23,30.209999,30.01,29.85,28.709999,28.049999,27.66,28.15,25.93,25.66,26.200001,26.559999,27.02,27.299999,28.09,28.290001
2018/7/14,12:40:00,G1103,29.700001,29.879999,29.889999,30.040001,30.030001,29.870001,29.719999,28.57,27.860001,27.719999,28.030001,25.9,25.629999,26.09,26.41,26.84,27.139999,27.709999,28.02
2018/7/14,12:40:00,G1104,29.51,29.709999,29.68,29.889999,29.879999,29.719999,29.58,28.469999,27.76,27.68,28.049999,25.99,25.66,26.040001,26.299999,26.709999,27.02,27.469999,27.84
2018/7/14,12:40:00,G1105,29.280001,29.5,29.379999,29.610001,29.67,29.49,29.41,28.370001,27.709999,27.84,27.74,25.809999,25.59,25.92,26.129999,26.52,26.790001,27.209999,27.620001
2018/7/14,12:40:00,G1106,29.059999,29.309999,29.190001,29.379999,29.469999,29.309999,29.23,28.370001,27.74,27.940001,27.459999,25.799999,25.530001,25.799999,26.049999,26.360001,26.639999,27.059999,27.42
2018/7/14,12:40:00,G1107,28.59,28.76,28.709999,28.83,28.98,28.879999,28.799999,28.299999,27.700001,27.629999,27.26,25.389999,25.57,25.5,25.889999,26.030001,26.389999,26.719999,26.98
2018/7/14,12:40:00,G1108,28.49,28.629999,28.610001,28.719999,28.860001,28.780001,28.700001,28.209999,27.65,27.620001,27.120001,25.17,25.5,25.450001,25.889999,26,26.299999,26.610001,26.860001
2018/7/14,12:40:00,G1109,28.030001,28.16,28.18,28.26,28.389999,28.34,28.26,27.99,27.469999,27.18,26.620001,24.870001,25.360001,25.25,25.719999,25.59,26.07,26.25,26.459999
2018/7/14,12:40:00,G1110,27.610001,27.690001,27.799999,27.82,27.940001,27.950001,27.889999,27.59,27.450001,26.950001,26.309999,24.610001,25.43,25.09,25.639999,25.290001,25.91,25.889999,26.139999
2018/7/14,12:40:00,G1111,27.139999,27.219999,27.41,27.370001,27.450001,27.51,27.450001,27.299999,27.280001,26.75,25.940001,24.32,25.41,24.91,25.610001,25.190001,25.75,25.59,25.809999
2018/7/14,12:40:00,G1112,26.93,27.040001,27.25,27.17,27.24,27.32,27.25,27.139999,27.18,26.540001,25.65,24.059999,25.33,24.75,25.620001,25.219999,25.549999,25.379999,25.67
2018/7/14,12:40:00,G1113,26.65,26.76,26.969999,26.91,26.950001,27.07,26.969999,26.870001,26.950001,26.4,25.27,23.780001,25.139999,24.57,25.559999,25.209999,25.379999,25.18,25.440001
2018/7/14,21:25:00,G1101,28.16,28.25,28.32,28.43,28.219999,28.190001,27.969999,25.889999,25.389999,25.02,24.860001,24.91,24.889999,24.889999,25.309999,24.940001,25.360001,25.59,25.549999
2018/7/14,21:25:00,G1102,28.200001,28.200001,28.34,28.42,28.25,28.190001,27.940001,25.98,25.26,24.950001,24.92,25.049999,25.07,25.129999,25.32,25.26,25.43,25.66,25.700001
2018/7/14,21:25:00,G1103,28.09,28.08,28.219999,28.26,28.129999,28.040001,27.85,25.959999,25.33,25.08,25.049999,25.18,25.110001,25.1,25.299999,25.35,25.41,25.66,25.940001
2018/7/14,21:25:00,G1104,27.950001,27.950001,28.1,28.110001,27.99,27.91,27.719999,25.98,25.540001,25.24,24.889999,25,25.120001,24.950001,25.16,25.25,25.32,25.57,25.889999
2018/7/14,21:25:00,G1105,27.75,27.780001,27.93,27.940001,27.799999,27.719999,27.5,25.809999,25.540001,25.09,24.76,24.959999,25.040001,24.84,25.02,25.280001,25.18,25.530001,25.85
2018/7/14,21:25:00,G1106,27.620001,27.6,27.75,27.77,27.620001,27.58,27.33,25.709999,25.4,24.950001,24.690001,24.93,24.85,24.68,24.809999,25.02,24.98,25.379999,25.719999
2018/7/14,21:25:00,G1107,27.18,27.200001,27.290001,27.309999,27.24,27.16,26.92,25.379999,25.639999,24.809999,24.280001,24.690001,24.75,24.440001,24.719999,25.01,24.82,25.15,25.469999
2018/7/14,21:25:00,G1108,27.1,27.09,27.190001,27.200001,27.15,27.059999,26.809999,25.41,25.52,24.6,24.09,24.450001,24.629999,24.450001,24.68,24.92,24.860001,25.08,25.389999
2018/7/14,21:25:00,G1109,26.700001,26.700001,26.75,26.77,26.75,26.629999,26.389999,25.030001,25.25,24.34,23.870001,24.35,24.360001,24.059999,24.549999,24.700001,24.639999,24.76,25.08
2018/7/14,21:25:00,G1110,26.4,26.33,26.360001,26.4,26.389999,26.280001,26,24.84,25.16,24.200001,23.719999,24.17,24.219999,24.02,24.629999,24.620001,24.530001,24.67,24.780001
2018/7/14,21:25:00,G1111,26.09,25.940001,25.959999,26.02,26,25.940001,25.58,24.559999,24.790001,23.809999,23.33,23.93,24.110001,23.82,24.58,24.450001,24.5,24.5,24.48
2018/7/14,21:25:00,G1112,25.940001,25.790001,25.780001,25.870001,25.85,25.780001,25.389999,24.290001,24.610001,23.52,23.07,23.82,23.879999,23.57,24.51,24.41,24.360001,24.43,24.290001
2018/7/14,21:25:00,G1113,25.719999,25.549999,25.5,25.639999,25.629999,25.549999,25.129999,23.98,24.280001,23.35,22.98,23.389999,23.65,23.389999,24.459999,24.290001,24.15,24.299999,24.129999
2018/7/15,13:35:00,G1101,28.219999,28.360001,28.290001,28.33,28.68,28.540001,28.280001,26.49,25.629999,25.620001,25.49,25.82,25.719999,25.860001,26.110001,26.01,25.950001,25.84,25.73
2018/7/15,13:35:00,G1102,28.09,28.23,28.18,28.200001,28.540001,28.459999,28.219999,26.290001,25.67,25.41,25.48,25.790001,25.790001,25.98,26.16,26.02,25.940001,25.84,25.75
2018/7/15,13:35:00,G1103,27.879999,27.98,27.969999,27.98,28.32,28.290001,27.959999,26.32,25.639999,25.559999,25.51,25.719999,25.74,25.940001,26.08,25.91,25.84,25.809999,25.65
2018/7/15,13:35:00,G1104,27.709999,27.84,27.809999,27.82,28.18,28.15,27.84,26.459999,25.67,25.52,25.450001,25.65,25.68,25.85,25.950001,25.75,25.76,25.639999,25.57
2018/7/15,13:35:00,G1105,27.51,27.59,27.58,27.610001,27.91,27.91,27.639999,26.389999,25.41,25.34,25.280001,25.469999,25.469999,25.67,25.75,25.65,25.57,25.6,25.379999
2018/7/15,13:35:00,G1106,27.32,27.4,27.389999,27.41,27.68,27.73,27.49,26.139999,25.209999,25.110001,25.08,25.309999,25.389999,25.49,25.610001,25.48,25.43,25.440001,25.32
2018/7/15,13:35:00,G1107,26.84,26.93,26.91,26.99,27.190001,27.26,26.940001,25.85,24.98,24.9,24.9,24.98,25.17,25.129999,25.219999,25.129999,25.1,25.02,24.98
2018/7/15,13:35:00,G1108,26.73,26.799999,26.799999,26.879999,27.07,27.15,26.870001,25.860001,24.83,24.790001,24.85,24.879999,25.1,25.02,25.110001,25.01,24.98,24.91,24.870001
2018/7/15,13:35:00,G1109,26.32,26.360001,26.35,26.42,26.629999,26.700001,26.370001,25.360001,24.469999,24.440001,24.49,24.58,24.76,24.559999,24.719999,24.700001,24.700001,24.58,24.440001
2018/7/15,13:35:00,G1110,25.92,25.940001,25.93,26.01,26.219999,26.280001,25.99,25.09,24.200001,24.190001,24.32,24.360001,24.43,24.17,24.41,24.370001,24.440001,24.35,23.969999
2018/7/15,13:35:00,G1111,25.559999,25.52,25.5,25.549999,25.790001,25.83,25.58,24.719999,23.879999,23.92,24.190001,24.280001,24.139999,23.860001,24.08,23.969999,24.139999,23.940001,23.85
2018/7/15,13:35:00,G1112,25.440001,25.34,25.299999,25.389999,25.620001,25.639999,25.35,24.459999,23.690001,23.790001,24.17,24.15,23.969999,23.77,23.940001,23.790001,23.99,23.809999,23.67
2018/7/15,13:35:00,G1113,25.16,25.08,25.02,25.129999,25.360001,25.389999,24.959999,24.25,23.459999,23.620001,24.309999,24,23.74,23.620001,23.66,23.639999,23.790001,23.610001,23.41
2018/7/17,18:35:00,G1101,33.610001,33.459999,33.389999,33.23,33.139999,33.07,32.959999,32.169998,31.360001,31.48,28.549999,27.92,28.08,28.33,28.450001,28.469999,28.139999,27.959999,28.27
2018/7/17,18:35:00,G1102,33.619999,33.52,33.419998,33.27,33.189999,33.09,33.040001,32.369999,31.540001,31.530001,28.5,27.91,28.610001,28.549999,28.940001,29.02,28.41,28.139999,28.43
2018/7/17,18:35:00,G1103,33.450001,33.41,33.360001,33.209999,33.18,33.09,33.02,32.380001,31.700001,31.48,28.58,28.33,29.6,29.52,29.540001,29.540001,28.450001,28.77,29.66
2018/7/17,18:35:00,G1104,33.32,33.259998,33.220001,33.09,33.060001,32.970001,32.900002,32.279999,31.75,31.35,28.83,28.389999,29.66,29.77,29.780001,29.719999,28.559999,28.73,29.700001
2018/7/17,18:35:00,G1105,33.169998,33.099998,33.07,32.93,32.959999,32.91,32.669998,32.119999,31.610001,31.16,29.27,29.309999,29.950001,29.889999,30,29.950001,29.690001,30.02,30.27
2018/7/17,18:35:00,G1106,32.889999,32.900002,32.869999,32.759998,32.830002,32.77,32.43,32.049999,31.43,30.98,30,29.51,29.82,29.889999,29.959999,29.870001,29.780001,30.07,30.190001
2018/7/17,18:35:00,G1107,32.380001,32.43,32.419998,32.330002,32.41,32.330002,32,31.65,31.01,30.6,30.43,29.370001,29.700001,29.940001,30.18,30.040001,30.040001,30.040001,30.200001
2018/7/17,18:35:00,G1108,32.259998,32.32,32.32,32.209999,32.290001,32.220001,31.76,31.530001,30.91,30.48,30.32,29.27,29.66,29.889999,30.139999,30.049999,30.110001,29.969999,30.120001
2018/7/17,18:35:00,G1109,31.799999,31.860001,31.85,31.76,31.84,31.780001,31.33,31.049999,30.549999,30.1,29.93,29.190001,29.719999,30.049999,30.219999,30.129999,29.950001,29.780001,29.860001
2018/7/17,18:35:00,G1110,31.41,31.469999,31.450001,31.35,31.450001,31.389999,30.860001,30.690001,30.24,29.73,29.719999,29.41,29.799999,30.120001,30.450001,30.27,29.799999,29.690001,30.030001
2018/7/17,18:35:00,G1111,30.959999,30.98,30.940001,30.889999,30.940001,30.940001,30.35,30.25,29.83,29.360001,29.629999,29.07,29.620001,30.129999,30.43,29.99,29.549999,29.790001,29.98
2018/7/17,18:35:00,G1112,30.780001,30.82,30.77,30.709999,30.74,30.75,30.280001,30.040001,29.639999,29.190001,29.48,29.01,29.469999,29.950001,30.299999,29.85,29.450001,29.690001,29.870001
2018/7/17,18:35:00,G1113,30.5,30.5,30.459999,30.42,30.440001,30.459999,30.040001,29.780001,29.360001,28.959999,29.25,29,29.42,29.940001,30.18,29.57,29.450001,29.639999,29.74
2018/7/17,22:55:00,G1101,28.059999,27.950001,27.860001,27.9,28.09,28.24,28.290001,26.639999,25.940001,25.98,26.360001,26.360001,26.01,26.02,26.139999,26.58,26.389999,26.389999,26.950001
2018/7/17,22:55:00,G1102,28.07,28,27.9,27.969999,28.110001,28.32,28.389999,26.57,25.76,25.77,26.450001,26.43,25.950001,26.32,26.35,26.58,26.43,26.5,27.120001
2018/7/17,22:55:00,G1103,28.02,27.91,27.889999,27.969999,28.040001,28.309999,28.290001,26.58,25.540001,25.870001,26.360001,26.35,26.1,26.32,26.41,26.549999,26.450001,26.440001,27.190001
2018/7/17,22:55:00,G1104,27.940001,27.799999,27.790001,27.879999,27.92,28.200001,28.209999,26.360001,25.42,25.559999,26.290001,26.23,26.01,26.33,26.389999,26.459999,26.389999,26.360001,27.24
2018/7/17,22:55:00,G1105,27.84,27.74,27.77,27.75,27.809999,28.08,28.16,26.25,25.370001,25.52,26.09,26.040001,25.93,26.200001,26.4,26.389999,26.389999,26.389999,27.24
2018/7/17,22:55:00,G1106,27.709999,27.639999,27.690001,27.67,27.66,27.950001,28.030001,26.18,25.25,25.5,25.93,25.91,25.76,26.139999,26.299999,26.370001,26.42,26.299999,27.129999
2018/7/17,22:55:00,G1107,27.33,27.360001,27.440001,27.379999,27.32,27.65,27.709999,25.84,24.969999,25.49,25.75,25.559999,25.82,26.08,26.15,26.5,26.26,26.139999,26.83
2018/7/17,22:55:00,G1108,27.280001,27.290001,27.35,27.309999,27.23,27.58,27.620001,25.73,24.860001,25.35,25.620001,25.459999,25.57,26.07,26.09,26.52,26.290001,26.139999,26.76
2018/7/17,22:55:00,G1109,26.91,27.040001,27.059999,26.940001,26.879999,27.280001,27.309999,25.530001,24.49,25.59,25.209999,25.17,25.82,25.85,26.049999,26.34,26.139999,25.83,26.41
2018/7/17,22:55:00,G1110,26.66,26.940001,26.9,26.75,26.82,27.049999,27.030001,25.389999,24.07,24.959999,24.690001,24.809999,24.74,25.73,25.809999,26.139999,25.860001,25.66,26.129999
2018/7/17,22:55:00,G1111,26.42,26.66,26.719999,26.629999,26.540001,26.77,26.68,25.02,23.85,25.219999,24.629999,25.01,25.629999,25.58,25.719999,25.9,25.58,25.549999,25.99
2018/7/17,22:55:00,G1112,26.26,26.6,26.6,26.5,26.43,26.59,26.48,24.809999,23.690001,24.5,24.4,24.75,25.43,25.42,25.68,25.75,25.450001,25.540001,25.959999
2018/7/17,22:55:00,G1113,26.139999,26.43,26.360001,26.360001,26.23,26.33,26.24,24.65,23.49,24.379999,24.27,24.58,24.299999,24.280001,25.559999,25.540001,25.309999,25.4,25.73
2018/8/3,11:50:00,G1101,31.030001,30.98,30.809999,30.620001,30.639999,30.620001,30.5,28.889999,28.17,27.370001,27.120001,27.190001,27.049999,27,27.01,27.16,27.5,27.040001,27.139999
2018/8/3,11:50:00,G1102,30.780001,30.59,30.85,30.48,30.459999,30.440001,30.389999,29.040001,28.219999,27.709999,26.889999,27.08,27.01,26.93,26.889999,26.969999,27.370001,27.209999,27.040001
2018/8/3,11:50:00,G1103,30.59,30.49,30.4,30.32,30.209999,30.219999,30.17,28.549999,27.9,27.1,27.48,27.370001,26.950001,26.73,26.870001,27.290001,27.35,26.860001,27.110001
2018/8/3,11:50:00,G1104,30.450001,30.32,30.219999,30.17,30.07,30.059999,30.030001,28.4,27.75,27.049999,27.549999,27.5,27.110001,26.690001,26.99,27.27,27.299999,26.860001,27.030001
2018/8/3,11:50:00,G1105,30.110001,30.01,29.940001,29.950001,29.84,29.82,29.790001,28.040001,27.52,27.52,27.92,27.85,27.799999,27.4,28.030001,27.84,27.360001,27.08,27.17
2018/8/3,11:50:00,G1106,29.83,29.809999,29.719999,29.75,29.67,29.66,29.57,27.82,27.360001,27.559999,28.030001,27.84,28.059999,28.26,28.1,28.209999,27.57,27.23,27.110001
2018/8/3,11:50:00,G1107,29.4,29.23,29.4,29.24,29.25,29.309999,29.17,27.450001,27.120001,27.139999,27,27.860001,27.43,28.27,28.16,28.16,27.76,27.58,27.25
2018/8/3,11:50:00,G1108,29.139999,29.219999,29.09,29.15,29.139999,29.09,28.940001,27.18,27.25,27.32,28.1,27.73,27.969999,28.129999,27.98,27.9,27.83,27.5,27.530001
2018/8/3,11:50:00,G1109,28.65,28.719999,28.66,28.700001,28.709999,28.639999,28.450001,26.75,27.27,26.99,28.15,27.41,27.9,27.809999,27.68,27.540001,27.41,27.35,27.290001
2018/8/3,11:50:00,G1110,28.299999,28.23,28.299999,28.280001,28.33,28.389999,28.24,26.83,26.639999,27.129999,27.42,27.32,27.74,27.67,27.68,27.440001,27.129999,27.110001,26.860001
2018/8/3,11:50:00,G1111,27.73,27.93,27.92,27.92,27.92,27.860001,27.709999,26.5,26.92,26.950001,27.620001,27.139999,27.629999,27.139999,27.360001,27.02,27.02,26.610001,26.84
2018/8/3,11:50:00,G1112,27.540001,27.67,27.719999,27.73,27.73,27.690001,27.51,26.43,26.83,26.870001,27.459999,27.01,27.5,26.98,27.34,26.889999,26.889999,26.52,26.83
2018/8/3,11:50:00,G1113,27.26,27.34,27.42,27.469999,27.48,27.43,27.280001,26.299999,26.620001,26.85,27.23,26.860001,27.309999,26.84,27.190001,26.799999,26.790001,26.379999,26.66
2018/8/3,16:05:00,G1101,29.92,29.860001,29.91,30.030001,29.98,29.91,29.76,29.200001,28.74,27.860001,26.280001,26.879999,26.9,26.639999,25.969999,26.049999,26.07,26.67,26.77
2018/8/3,16:05:00,G1102,29.77,29.73,29.74,29.780001,29.74,29.75,29.92,29.040001,29.15,27.530001,27.41,27.07,26.6,27.08,26.07,26.209999,26.049999,26.809999,27.059999
2018/8/3,16:05:00,G1103,29.540001,29.49,29.540001,29.629999,29.530001,29.549999,29.440001,29.07,28.190001,28.33,27.42,27.67,27.17,27.049999,25.959999,26.49,26.07,27,27.049999
2018/8/3,16:05:00,G1104,29.389999,29.35,29.379999,29.48,29.370001,29.41,29.27,28.91,28.030001,28.440001,27.66,27.629999,27.059999,27.01,25.889999,26.59,26.110001,27,27.17
2018/8/3,16:05:00,G1105,29.17,29.16,29.129999,29.139999,29.16,29.16,29.1,28.559999,27.93,28.51,27.459999,27.379999,27.17,27.02,26.360001,26.780001,26.219999,27.17,27.1
2018/8/3,16:05:00,G1106,29.01,29.02,28.959999,29,29,28.98,29,28.33,27.85,28.26,27.32,27.33,27.030001,26.940001,26.549999,26.74,26.360001,27.120001,27.25
2018/8/3,16:05:00,G1107,28.530001,28.559999,28.530001,28.459999,28.48,28.52,28.5,28.139999,27.639999,28.01,28.059999,27.610001,26.66,26.799999,26.440001,26.629999,26.5,26.9,27.469999
2018/8/3,16:05:00,G1108,28.41,28.459999,28.4,28.4,28.4,28.4,28.51,27.68,27.6,27.92,27.190001,27.16,26.719999,26.469999,26.35,26.700001,26.370001,26.82,27.23
2018/8/3,16:05:00,G1109,27.98,28.02,27.959999,27.959999,27.98,27.950001,27.98,27.27,27.459999,27.41,27.040001,26.889999,26.4,26.379999,26.33,26.99,26.290001,26.469999,26.99
2018/8/3,16:05:00,G1110,27.58,27.700001,27.549999,27.530001,27.610001,27.549999,27.530001,27.23,27.040001,27.219999,27.08,26.870001,26.139999,26.190001,26.219999,26.200001,26.469999,26.09,26.610001
2018/8/3,16:05:00,G1111,27.15,27.25,27.16,27.129999,27.190001,27.190001,27.18,26.73,26.700001,26.76,26.41,26.43,25.889999,25.83,25.98,27.16,26.41,25.59,26.43
2018/8/3,16:05:00,G1112,26.93,27.02,26.959999,26.940001,27.02,26.969999,26.99,26.530001,26.540001,26.610001,26.299999,26.219999,25.77,25.74,25.74,27.08,26.25,25.860001,26.389999
2018/8/3,16:05:00,G1113,26.66,26.77,26.67,26.719999,26.75,26.709999,26.75,26.379999,26.370001,26.15,25.98,26.030001,25.639999,25.559999,25.690001,26.85,26.35,26.040001,26.1
2018/8/6,14:20:00,G1101,31.780001,31.75,31.91,32.049999,32.110001,31.82,31.889999,30.58,30.059999,30,29.07,28.940001,27.879999,27.299999,26.84,26.370001,26.1,26.379999,26.4
2018/8/6,14:20:00,G1102,31.639999,31.74,31.860001,31.98,31.99,31.809999,31.83,30.76,30.24,30.110001,29.42,28.940001,28.610001,27.41,26.85,27.52,26.139999,26.5,26.450001
2018/8/6,14:20:00,G1103,31.549999,31.639999,31.74,31.85,31.889999,31.700001,31.780001,30.23,30.040001,30.09,29.129999,28.91,27.48,27.25,28.389999,27.93,26.459999,26.290001,26.780001
2018/8/6,14:20:00,G1104,31.440001,31.52,31.620001,31.690001,31.719999,31.6,31.639999,30.049999,29.959999,29.99,29.049999,28.969999,27.35,27.190001,28.66,28.629999,26.440001,26.25,26.93
2018/8/6,14:20:00,G1105,31.17,31.17,31.24,31.33,31.34,31.290001,31.370001,30.040001,30.280001,30.030001,29.16,29.6,27.129999,27.540001,29.17,29.41,27.209999,26.540001,28.02
2018/8/6,14:20:00,G1106,31.16,31.190001,31.23,31.280001,31.360001,31.32,31.360001,29.940001,30.360001,30.059999,29.219999,29.9,27.01,28.33,29.120001,29.41,27.92,27.4,28.34
2018/8/6,14:20:00,G1107,30.559999,30.629999,30.65,30.77,30.719999,30.77,30.84,30.33,30.040001,29.690001,29.09,29.68,29.059999,28.559999,28.77,29.41,28.629999,28.120001,28.610001
2018/8/6,14:20:00,G1108,30.48,30.530001,30.57,30.530001,30.690001,30.709999,30.74,29.48,30.049999,29.65,29.01,29.68,28.18,28.610001,28.879999,29.4,28.290001,28.280001,28.700001
2018/8/6,14:20:00,G1109,30,30.07,30.110001,30.09,30.190001,30.23,30.290001,29.129999,29.620001,29.23,28.940001,29.41,28.07,28.209999,28.77,29.15,28.42,28.219999,28.799999
2018/8/6,14:20:00,G1110,29.51,29.639999,29.68,29.690001,29.700001,29.83,29.76,29.700001,29.049999,28.879999,28.27,28.959999,28.93,28.219999,27.940001,28.73,28.690001,28.26,28.440001
2018/8/6,14:20:00,G1111,29.01,29.08,29.129999,29.110001,29.23,29.33,29.18,28.530001,28.690001,28.43,28.26,28.76,28.549999,28.200001,27.92,28.58,28.08,28.16,28.190001
2018/8/6,14:20:00,G1112,28.85,28.950001,28.98,28.92,29.040001,29.17,28.99,28.48,28.469999,28.27,28.09,28.59,28.52,28.299999,28,28.41,28.059999,28.02,28.030001
2018/8/6,14:20:00,G1113,28.530001,28.59,28.59,28.629999,28.82,28.780001,28.719999,28.389999,28.190001,28.17,27.9,28.360001,28.4,28.290001,28.15,28.17,27.83,27.879999,27.91
2018/8/7,12:40:00,G1101,32.380001,32.66,33.290001,33.060001,32.799999,32.740002,32.27,30.77,30.23,29.629999,28.18,28.01,24.26,26.27,26.34,25.58,26.889999,26.139999,25.16
2018/8/7,12:40:00,G1102,32.139999,32.529999,33.18,32.950001,32.779999,32.73,32.25,30.74,30.18,29.610001,28.370001,28.09,24.110001,24.76,26.98,25.690001,27.110001,26.559999,25.690001
2018/8/7,12:40:00,G1103,31.91,32.299999,32.98,32.709999,32.470001,32.5,32.16,30.700001,30.030001,29.379999,28.51,28.33,23.940001,24.639999,27.959999,25.83,27.030001,26.709999,26.48
2018/8/7,12:40:00,G1104,31.85,32.110001,32.689999,32.540001,32.330002,32.369999,32.110001,30.639999,29.93,29.26,28.5,28.24,24.540001,27.02,27.74,25.92,26.969999,26.610001,26.440001
2018/8/7,12:40:00,G1105,31.67,31.809999,32.360001,32.009998,31.99,32.029999,31.870001,30.67,29.83,29.24,29.74,28.200001,24.280001,26.799999,27.92,26.969999,26.84,26.709999,26.33
2018/8/7,12:40:00,G1106,31.73,31.66,32.209999,31.93,31.940001,31.969999,31.74,30.65,29.76,28.59,29.82,28.280001,24.58,27.73,27.18,25.969999,26.530001,26.969999,26.32
2018/8/7,12:40:00,G1107,31.219999,31.110001,31.540001,31.450001,31.450001,31.370001,31.25,30.940001,29.549999,29.18,29.41,29.959999,25.25,26.639999,28.200001,27.379999,26.23,25.879999,26.17
2018/8/7,12:40:00,G1108,31.280001,31.15,31.5,31.360001,31.33,31.299999,31.15,30.58,29.469999,29.16,29.66,28.040001,24.639999,27.43,27.66,27.23,25.889999,26.790001,26.08
2018/8/7,12:40:00,G1109,30.940001,30.870001,31,30.870001,30.870001,30.83,30.790001,30.07,29.02,28.879999,29.290001,27.700001,24.860001,26.940001,27.59,27.040001,25.559999,26.5,25.780001
2018/8/7,12:40:00,G1110,30.4,30.549999,30.75,30.690001,30.49,30.440001,30.219999,29.959999,29.139999,28.780001,29,29.129999,25.5,26.98,27.459999,27.030001,25.639999,25.440001,25.790001
2018/8/7,12:40:00,G1111,29.73,30.190001,30.09,29.950001,29.940001,29.889999,29.77,29.33,28.42,28.379999,28.9,27.91,25.66,27.09,27.16,26.91,25.57,26.440001,25.120001
2018/8/7,12:40:00,G1112,29.59,30.110001,30,29.84,29.799999,29.780001,29.530001,29.290001,28.27,28.35,28.690001,27.780001,25.780001,25.049999,27.049999,26.76,25.65,26.58,24.969999
2018/8/7,12:40:00,G1113,29.129999,29.709999,29.65,29.6,29.620001,29.5,29.209999,29.120001,28.040001,28.18,28.4,27.639999,25.33,26.57,26.85,26.57,25.83,26.68,24.719999
2018/8/10,2:40:00,G1101,28.700001,28.73,28.690001,28.74,28.809999,28.799999,28.52,26.92,26.559999,26.48,26.58,26.610001,26.610001,27.040001,27.780001,26.389999,26.629999,26.629999,26.49
2018/8/10,2:40:00,G1102,28.75,28.790001,28.73,28.77,28.809999,28.75,28.469999,26.809999,26.51,26.49,26.620001,26.6,26.91,27.26,28,26.65,26.59,26.65,26.51
2018/8/10,2:40:00,G1103,28.639999,28.65,28.620001,28.639999,28.66,28.59,28.309999,26.610001,26.41,26.42,26.610001,26.76,27.17,27.700001,27.950001,26.780001,26.59,26.549999,26.379999
2018/8/10,2:40:00,G1104,28.5,28.51,28.48,28.49,28.5,28.450001,28.17,26.49,26.370001,26.370001,26.530001,26.780001,27.299999,27.67,27.82,26.27,26.450001,26.459999,26.280001
2018/8/10,2:40:00,G1105,28.309999,28.290001,28.280001,28.27,28.290001,28.25,28.030001,26.32,26.52,26.540001,26.639999,26.969999,27.68,27.620001,27.73,26.450001,26.35,26.4,26.129999
2018/8/10,2:40:00,G1106,28.139999,28.110001,28.09,28.1,28.110001,28.07,27.870001,26.23,26.559999,26.610001,26.65,27.01,27.540001,27.49,27.6,26.389999,26.07,26.309999,26.01
2018/8/10,2:40:00,G1107,27.67,27.66,27.65,27.620001,27.66,27.610001,27.57,25.93,26.360001,26.459999,26.66,26.870001,27.190001,27.1,27.219999,26.799999,26.030001,25.889999,25.870001
2018/8/10,2:40:00,G1108,27.559999,27.549999,27.530001,27.530001,27.51,27.49,27.34,25.959999,26.209999,26.57,26.59,26.809999,27.030001,27.1,27.07,25.93,25.639999,25.93,25.709999
2018/8/10,2:40:00,G1109,27.129999,27.110001,27.08,27.09,27.049999,27.049999,26.889999,25.629999,25.91,26.280001,26.469999,26.51,26.620001,26.709999,26.639999,25.68,25.15,25.59,25.4
2018/8/10,2:40:00,G1110,26.719999,26.700001,26.690001,26.66,26.68,26.610001,26.58,25.57,25.67,25.84,26.17,26.129999,26.27,26.27,26.389999,25.84,25.24,25.290001,25
2018/8/10,2:40:00,G1111,26.299999,26.26,26.27,26.26,26.209999,26.190001,26.07,25.08,25.530001,25.790001,25.860001,25.9,25.84,26.030001,25.889999,25.15,24.42,25.290001,25.129999
2018/8/10,2:40:00,G1112,26.129999,26.07,26.08,26.059999,26.030001,25.98,25.879999,24.940001,25.379999,25.65,25.700001,25.73,25.68,25.870001,25.75,25.049999,24.280001,25.200001,25.02
2018/8/10,2:40:00,G1113,25.860001,25.790001,25.82,25.790001,25.76,25.709999,25.610001,24.76,25.16,25.49,25.450001,25.49,25.440001,25.629999,25.540001,24.93,24.08,25.030001,24.889999
2018/8/10,17:10:00,G1101,28.75,28.73,28.74,28.58,28.639999,28.469999,28.34,26.49,25.99,26.01,25.780001,25.73,25.82,26.02,26.09,26.049999,25.93,25.889999,25.870001
2018/8/10,17:10:00,G1102,28.68,28.700001,28.709999,28.549999,28.639999,28.469999,28.33,26.57,26.02,26.16,25.67,25.65,25.77,25.950001,25.82,25.799999,25.780001,25.76,25.780001
2018/8/10,17:10:00,G1103,28.52,28.559999,28.57,28.42,28.5,28.35,28.219999,26.450001,25.76,25.889999,25.58,25.59,25.700001,25.9,25.9,25.870001,25.790001,25.75,25.780001
2018/8/10,17:10:00,G1104,28.370001,28.4,28.42,28.280001,28.370001,28.190001,28.08,26.26,25.6,25.82,25.42,25.549999,25.780001,25.889999,25.85,25.799999,25.799999,25.76,25.75
2018/8/10,17:10:00,G1105,28.15,28.200001,28.209999,28.110001,28.190001,28.01,27.98,26.24,25.68,25.780001,25.360001,25.5,25.940001,25.92,25.76,26.07,25.93,25.809999,25.77
2018/8/10,17:10:00,G1106,27.959999,28.030001,28.030001,27.940001,28.01,27.879999,27.82,26.129999,25.370001,25.450001,25.190001,25.440001,25.879999,25.709999,25.540001,26.02,25.780001,25.709999,25.65
2018/8/10,17:10:00,G1107,27.549999,27.540001,27.6,27.549999,27.540001,27.540001,27.530001,27.01,25.24,25.559999,25.059999,25.379999,26.049999,25.629999,25.440001,25.610001,25.6,25.6,25.4
2018/8/10,17:10:00,G1108,27.379999,27.43,27.459999,27.360001,27.48,27.370001,27.360001,25.52,24.809999,25,24.75,25.299999,25.52,25.42,25.25,25.629999,25.43,25.4,25.280001
2018/8/10,17:10:00,G1109,26.92,26.98,27.040001,26.93,27.059999,26.959999,26.969999,25.469999,24.700001,24.98,24.82,25.209999,25.389999,25.18,25.01,25.34,25.110001,25.07,24.950001
2018/8/10,17:10:00,G1110,26.6,26.620001,26.620001,26.559999,26.639999,26.58,26.58,25.99,25.030001,24.809999,24.52,25.200001,25.41,25.139999,24.940001,25.18,24.879999,24.860001,24.719999
2018/8/10,17:10:00,G1111,26.09,26.200001,26.219999,26.190001,26.25,26.200001,26.18,24.969999,24.68,24.52,24.92,25.309999,25,24.99,24.870001,24.709999,24.629999,24.459999,24.440001
2018/8/10,17:10:00,G1112,25.91,26.040001,26.01,26.030001,26.049999,26.02,26,24.969999,24.57,24.299999,24.860001,25.17,24.879999,24.83,24.68,24.559999,24.5,24.34,24.24
2018/8/10,17:10:00,G1113,25.639999,25.780001,25.73,25.77,25.799999,25.75,25.73,24.790001,24.290001,24.09,24.209999,24.950001,24.67,24.639999,24.51,24.34,24.33,24.129999,24
2018/8/14,16:35:00,G1101,28.9,28.93,29.41,29.370001,29.049999,28.92,28.92,26.93,26.23,26.610001,27.32,27.290001,27.540001,27.75,27.73,27.6,27.73,27.82,27.889999
2018/8/14,16:35:00,G1102,28.74,28.76,29.389999,29.280001,28.959999,28.83,28.879999,27.040001,26.67,26.85,27.549999,27.620001,27.91,27.92,27.799999,27.610001,27.790001,27.809999,27.969999
2018/8/14,16:35:00,G1103,28.5,28.620001,29.219999,29.15,28.799999,28.700001,28.709999,26.93,26.73,27.120001,27.57,27.77,28.02,27.959999,27.73,27.52,27.75,27.809999,27.889999
2018/8/14,16:35:00,G1104,28.34,28.48,29.07,29.02,28.65,28.559999,28.57,26.91,27.129999,27.18,27.5,27.790001,27.940001,27.93,27.629999,27.389999,27.610001,27.719999,27.780001
2018/8/14,16:35:00,G1105,28.1,28.309999,28.870001,28.85,28.42,28.35,28.469999,27.049999,26.959999,27.459999,27.629999,27.9,27.85,27.91,27.52,27.24,27.51,27.620001,27.629999
2018/8/14,16:35:00,G1106,27.959999,28.17,28.66,28.700001,28.26,28.200001,28.34,27.17,27.18,27.32,27.67,27.77,27.709999,27.76,27.370001,27.18,27.360001,27.41,27.43
2018/8/14,16:35:00,G1107,27.620001,27.83,28.16,28.24,28.209999,27.91,27.879999,27.200001,27.08,27.02,27.27,27.5,27.43,27.459999,27.16,26.950001,26.99,27,27.08
2018/8/14,16:35:00,G1108,27.52,27.690001,28.139999,28.17,27.700001,27.799999,27.85,27.09,26.99,27.049999,27.24,27.360001,27.26,27.280001,26.74,26.66,26.85,26.91,27.01
2018/8/14,16:35:00,G1109,27.08,27.360001,27.709999,27.73,27.290001,27.48,27.42,26.860001,26.59,26.83,26.84,26.93,26.879999,26.92,26.42,26.34,26.4,26.450001,26.610001
2018/8/14,16:35:00,G1110,27.08,26.99,27.389999,27.290001,27.24,27.040001,27,26.67,26.209999,26.51,26.42,26.540001,26.559999,26.58,26.17,26.01,26.040001,26.18,26.18
2018/8/14,16:35:00,G1111,26.49,26.82,26.889999,26.870001,26.540001,26.74,26.67,26.120001,25.549999,26.219999,26.15,26.309999,26.219999,26.219999,25.67,25.690001,25.66,25.68,25.940001
2018/8/14,16:35:00,G1112,26.35,26.65,26.68,26.690001,26.34,26.57,26.49,26.040001,25.77,26.059999,26.02,26.16,26.049999,26.059999,25.540001,25.48,25.5,25.530001,25.790001
2018/8/14,16:35:00,G1113,26.200001,26.4,26.450001,26.450001,26.129999,26.33,26.25,25.860001,25.52,25.84,25.790001,25.9,25.809999,25.82,25.35,25.25,25.27,25.34,25.52
2018/8/19,17:15:00,G1101,29.889999,29.84,29.82,29.719999,29.530001,29.67,29.34,28.200001,27.969999,27.82,26.709999,26.57,26.25,25.77,25.42,25.33,25.280001,25.08,25.01
2018/8/19,17:15:00,G1102,29.809999,29.76,29.77,29.66,29.549999,29.67,29.26,28.15,27.91,27.73,26.809999,26.469999,26.190001,25.73,25.450001,25.139999,25.17,25,25
2018/8/19,17:15:00,G1103,29.65,29.610001,29.65,29.52,29.450001,29.58,28.940001,28.08,27.780001,27.610001,26.82,26.639999,26.34,25.809999,25.35,25.209999,25.139999,25,25.030001
2018/8/19,17:15:00,G1104,29.530001,29.459999,29.530001,29.41,29.33,29.48,28.82,27.959999,27.639999,27.530001,26.75,26.58,26.309999,25.780001,25.379999,25.17,25.139999,25.01,25.01
2018/8/19,17:15:00,G1105,29.33,NaN,29.370001,29.26,NaN,29.33,28.610001,NaN,27.51,27.34,NaN,26.52,26.25,NaN,25.309999,25.190001,25.16,25.030001,25.219999
2018/8/19,17:15:00,G1106,29.18,29.120001,29.209999,29.15,29.110001,29.17,28.440001,27.889999,27.33,27.17,26.5,26.370001,26.110001,25.73,25.18,25.049999,25.059999,24.91,25.190001
2018/8/19,17:15:00,G1107,28.85,28.74,28.879999,28.83,28.700001,28.84,28.68,27.33,27.190001,27.23,26.09,25.93,25.950001,25.65,25.1,24.83,24.889999,24.860001,25.02
2018/8/19,17:15:00,G1108,28.66,28.620001,28.67,28.66,28.73,28.639999,27.440001,27.76,26.790001,26.57,25.950001,25.629999,25.559999,25.280001,24.9,24.780001,24.780001,24.959999,25.15
2018/8/19,17:15:00,G1109,28.219999,28.25,28.26,28.26,28.33,28.25,27.08,27.459999,26.43,26.190001,25.57,25.809999,25.280001,24.799999,24.540001,24.540001,24.540001,24.76,25.07
2018/8/19,17:15:00,G1110,27.799999,27.83,27.76,27.9,27.91,27.84,26.719999,27.110001,26.16,25.879999,25.34,25.65,25.110001,24.68,24.440001,24.33,24.24,24.879999,25.08
2018/8/19,17:15:00,G1111,27.4,27.43,27.360001,27.450001,27.469999,27.469999,26.530001,26.6,25.790001,25.58,25.040001,25.549999,25.280001,NaN,24.18,24.16,24.129999,24.959999,25.040001
2018/8/19,17:15:00,G1112,27.209999,27.23,27.139999,27.209999,27.26,27.309999,26.42,26.41,25.66,25.389999,24.83,25.6,25.35,24.639999,24.110001,24.049999,24.309999,25.059999,24.969999
2018/8/19,17:15:00,G1113,26.950001,26.9,26.889999,26.92,26.93,27.07,26.24,26.15,25.559999,25.129999,24.68,25.549999,25.43,24.690001,24.059999,23.84,24.34,24.969999,24.99
2018/8/20,19:00:00,G1101,29.459999,29.41,29.440001,29.35,29.1,28.629999,28.290001,27.68,25.25,25.4,25.23,25.42,25.49,25.799999,25.75,25.790001,25.76,25.110001,24.870001
2018/8/20,19:00:00,G1102,29.639999,29.440001,29.389999,29.309999,29.15,28.559999,28.219999,27.57,25.540001,25.51,25.23,25.41,25.48,25.860001,25.82,25.83,25.709999,25.1,24.870001
2018/8/20,19:00:00,G1103,29.66,29.360001,29.24,29.200001,29.120001,28.42,28.049999,27.33,25.809999,25.790001,25.16,25.57,25.549999,26.379999,25.83,25.84,25.620001,24.950001,24.83
2018/8/20,19:00:00,G1104,29.530001,29.219999,29.110001,29.08,29.040001,28.34,27.889999,27.17,25.870001,25.99,25.120001,25.41,25.42,26.33,25.799999,25.809999,25.540001,24.77,24.690001
2018/8/20,19:00:00,G1105,29.35,29.02,28.969999,28.969999,28.98,28.17,27.65,26.9,26.459999,27.469999,25.25,25.66,25.65,26.76,26.120001,25.870001,25.360001,24.700001,24.66
2018/8/20,19:00:00,G1106,29.190001,28.91,28.860001,28.83,28.860001,28.040001,27.49,26.73,26.93,27.75,25.18,25.59,25.76,27.299999,26.92,25.860001,25.34,24.690001,24.65
2018/8/20,19:00:00,G1107,28.809999,28.709999,28.610001,28.48,28.48,28.280001,27.299999,26.74,26.91,26.98,26.280001,25.65,26.66,26.639999,26.92,26.549999,25.469999,25.059999,25.51
2018/8/20,19:00:00,G1108,28.690001,28.5,28.459999,28.379999,28.299999,27.559999,26.91,26.42,27.360001,28.790001,25.58,25.469999,26.08,27.25,27.219999,25.780001,25.08,25.25,25.280001
2018/8/20,19:00:00,G1109,28.27,28.16,28.120001,28.07,27.91,27.24,26.559999,26.07,27.879999,28.51,25.700001,25.299999,26.110001,27.08,26.85,25.540001,25.450001,25.389999,25.4
2018/8/20,19:00:00,G1110,27.9,27.860001,27.790001,27.76,27.610001,27.030001,26.25,25.860001,27.93,28.4,25.799999,25.59,26.17,27.02,26.52,25.34,25.48,25.559999,25.290001
2018/8/20,19:00:00,G1111,27.639999,27.5,27.450001,27.35,27.23,26.780001,25.889999,25.4,27.780001,28.49,25.68,25.74,26.5,26.82,26.26,25.299999,25.450001,25.33,25.129999
2018/8/20,19:00:00,G1112,27.459999,27.32,27.280001,27.16,27.040001,26.66,25.75,25.209999,27.75,28.25,25.5,25.799999,26.59,26.809999,26.16,25.42,25.379999,25.5,25.01
2018/8/20,19:00:00,G1113,27.209999,27.110001,27.049999,26.92,26.77,26.549999,25.65,24.99,27.459999,27.92,25.309999,25.84,26.6,26.92,26.07,25.459999,25.4,25.48,24.950001
2018/9/7,14:00:00,G1101,31.51,31.559999,31.82,31.549999,31.309999,31.49,31.139999,30.52,29.27,28.629999,28.4,28.18,28,28.030001,27.790001,27.75,27.690001,27.77,28.059999
2018/9/7,14:00:00,G1102,31.41,31.440001,31.58,31.450001,31.26,31.17,31,30.23,29.139999,28.469999,28.27,28.07,27.84,27.959999,27.67,27.65,27.65,27.76,27.99
2018/9/7,14:00:00,G1103,31.18,31.23,31.360001,31.27,31.110001,30.959999,30.799999,29.99,28.93,28.23,28.049999,27.9,27.67,27.870001,27.59,27.5,27.610001,27.639999,27.950001
2018/9/7,14:00:00,G1104,31.02,31.059999,31.219999,31.09,30.969999,30.85,30.68,29.860001,28.780001,28.049999,27.9,27.74,27.57,27.799999,27.530001,27.41,27.540001,27.530001,27.879999
2018/9/7,14:00:00,G1105,30.67,30.799999,30.91,30.799999,30.67,30.58,30.530001,29.66,28.540001,27.85,27.719999,27.549999,27.879999,27.969999,27.610001,27.51,27.639999,27.57,27.860001
2018/9/7,14:00:00,G1106,30.469999,30.719999,30.709999,30.59,30.48,30.450001,30.370001,29.73,28.379999,27.73,27.610001,27.379999,28.049999,28.139999,27.67,27.52,27.68,27.67,27.73
2018/9/7,14:00:00,G1107,30,30.16,30.18,30.059999,29.959999,29.959999,29.860001,29.360001,27.969999,27.66,27.48,26.93,28.190001,28.1,27.879999,27.549999,27.780001,27.780001,27.780001
2018/9/7,14:00:00,G1108,29.860001,30.059999,30.040001,29.9,29.82,29.85,29.73,29.16,27.879999,27.65,27.52,26.940001,28.1,28.129999,27.809999,27.559999,27.700001,27.66,27.76
2018/9/7,14:00:00,G1109,29.389999,29.57,29.58,29.469999,29.41,29.4,29.290001,28.83,27.91,27.68,27.940001,27.43,27.85,28.030001,27.66,27.309999,27.440001,27.5,27.459999
2018/9/7,14:00:00,G1110,28.99,29.110001,29.129999,29.01,29.01,28.99,28.879999,28.59,27.709999,27.51,27.870001,27.6,27.700001,27.790001,27.450001,27.16,27.27,27.379999,27.18
2018/9/7,14:00:00,G1111,28.52,28.700001,28.610001,28.620001,28.629999,28.610001,28.48,28.440001,27.34,27.209999,27.65,27.51,27.450001,27.43,27.219999,26.91,26.99,27.01,27
2018/9/7,14:00:00,G1112,28.33,28.51,28.360001,28.370001,28.43,28.370001,28.24,28.25,27.219999,27.129999,27.52,27.41,27.27,27.23,27.040001,26.75,26.809999,26.959999,26.83
2018/9/7,14:00:00,G1113,28.059999,28.219999,28.049999,28.110001,28.17,28.08,27.98,27.99,26.969999,27.059999,27.34,27.190001,27.059999,27.02,26.809999,26.540001,26.66,26.879999,26.67
2018/9/14,17:35:00,G1101,33.450001,33.59,33.34,33.369999,33.209999,32.990002,32.810001,32.299999,31.049999,30.879999,30.629999,30.610001,30.799999,30.700001,30.43,30.530001,30.280001,30.42,30.35
2018/9/14,17:35:00,G1102,33.470001,33.549999,33.369999,33.349998,33.279999,33.099998,33.240002,32.830002,31.440001,30.860001,30.639999,30.65,30.809999,30.639999,30.52,30.620001,30.43,30.540001,30.49
2018/9/14,17:35:00,G1103,33.470001,33.389999,33.259998,33.23,33.139999,33.110001,33.16,33.18,31.530001,30.860001,30.610001,30.66,30.790001,30.610001,30.6,30.57,30.57,30.540001,30.5
2018/9/14,17:35:00,G1104,33.240002,33.18,33.07,33.009998,32.939999,32.93,32.91,33,31.34,30.75,30.549999,30.559999,30.68,30.530001,30.540001,30.49,30.52,30.48,30.389999
2018/9/14,17:35:00,G1105,32.919998,32.91,32.709999,32.759998,32.669998,32.709999,32.75,32.740002,32,30.65,30.58,30.42,30.540001,30.540001,30.49,30.450001,30.389999,30.370001,30.24
2018/9/14,17:35:00,G1106,32.869999,32.689999,32.689999,32.619999,32.610001,32.599998,32.560001,32.549999,32.43,30.59,30.48,30.280001,30.360001,30.459999,30.450001,30.360001,30.26,30.24,30.09
2018/9/14,17:35:00,G1107,32.34,32.240002,32.169998,32.130001,32.119999,32.110001,32.07,32.049999,32.119999,30.48,30.110001,30.16,30.290001,30.370001,30.18,30.209999,30.27,30.209999,29.82
2018/9/14,17:35:00,G1108,32.23,32.150002,32,31.98,31.969999,31.969999,31.93,31.92,31.959999,30.43,30,30.110001,30.200001,30.27,30.129999,30.120001,30.200001,30.16,29.73
2018/9/14,17:35:00,G1109,31.639999,31.629999,31.530001,31.559999,31.540001,31.52,31.49,31.52,31.440001,30.690001,29.889999,30,30.280001,30.02,29.969999,29.889999,30.110001,30.07,29.77
2018/9/14,17:35:00,G1110,31.17,31.200001,31.219999,31.18,31.17,31.129999,31.110001,31.139999,31.059999,30.690001,29.950001,29.809999,30.24,30.040001,29.92,29.790001,29.82,29.879999,29.68
2018/9/14,17:35:00,G1111,30.610001,30.629999,30.559999,30.540001,30.57,30.57,30.59,30.66,30.540001,30.379999,29.540001,29.59,30,30.08,29.66,29.6,29.959999,29.889999,29.49
2018/9/14,17:35:00,G1112,30.48,30.549999,30.450001,30.440001,30.440001,30.43,30.49,30.559999,30.35,30.200001,29.4,29.709999,29.99,29.809999,29.48,29.459999,29.860001,29.76,29.299999
2018/9/14,17:35:00,G1113,30.24,30.17,30.110001,30.02,30.08,30.059999,30.17,30.200001,30.07,29.98,29.530001,29.85,29.91,29.530001,29.25,29.34,29.620001,29.540001,29.219999
2018/9/16,3:20:00,G1101,30.790001,30.82,30.65,30.48,30.469999,30.379999,29.93,28.959999,28.440001,28.24,28.530001,28.74,28.639999,28.48,28.610001,28.49,28.610001,28.49,28.639999
2018/9/16,3:20:00,G1102,30.790001,30.809999,30.65,30.52,30.540001,30.49,29.959999,29.32,28.75,28.49,28.77,28.879999,28.860001,28.58,28.75,28.549999,28.74,28.549999,28.68
2018/9/16,3:20:00,G1103,30.76,30.74,30.59,30.540001,30.5,30.450001,29.93,29.459999,NaN,NaN,NaN,NaN,NaN,NaN,NaN,NaN,NaN,NaN,NaN
2018/9/16,3:20:00,G1104,30.66,30.639999,30.459999,30.440001,30.43,30.33,29.85,29.549999,28.93,28.629999,28.940001,28.889999,28.940001,28.700001,28.780001,28.6,28.77,28.639999,28.67
2018/9/16,3:20:00,G1105,30.59,30.5,30.33,30.35,30.25,30.219999,29.75,29.540001,29.049999,28.58,29,28.860001,29.01,28.76,28.870001,28.639999,28.809999,28.790001,28.700001
2018/9/16,3:20:00,G1106,30.360001,30.35,30.219999,30.18,30.1,30.07,29.65,29.43,28.92,28.549999,28.889999,28.84,28.969999,28.690001,28.76,28.66,28.799999,28.690001,28.67
2018/9/16,3:20:00,G1107,29.950001,29.940001,29.870001,29.75,29.75,29.66,29.23,29.02,28.76,28.4,28.780001,28.67,28.809999,28.700001,28.559999,28.51,28.68,28.66,28.58
2018/9/16,3:20:00,G1108,29.82,29.809999,29.73,29.59,29.6,29.51,29.049999,28.889999,28.65,28.280001,28.67,28.559999,28.709999,28.610001,28.440001,28.42,28.530001,28.59,28.5
2018/9/16,3:20:00,G1109,29.42,29.43,29.33,29.190001,29.18,29.08,28.67,28.469999,28.290001,28.02,28.290001,28.219999,28.35,28.35,28.18,28.200001,28.219999,28.34,28.280001
2018/9/16,3:20:00,G1110,29.030001,29.040001,28.940001,28.84,28.780001,28.719999,28.35,28.09,27.969999,27.85,27.959999,27.870001,28.030001,28.08,27.9,27.950001,27.940001,28.15,28.129999
2018/9/16,3:20:00,G1111,28.639999,28.65,28.6,28.450001,28.459999,28.33,27.92,27.74,27.59,27.49,27.58,27.559999,27.629999,27.73,27.6,27.68,27.690001,27.92,27.92
2018/9/16,3:20:00,G1112,28.450001,28.459999,28.4,28.27,28.290001,28.139999,27.68,27.5,27.42,27.370001,27.389999,27.4,27.49,27.559999,27.469999,27.549999,27.57,27.700001,27.719999
2018/9/16,3:20:00,G1113,28.18,28.200001,28.15,27.959999,28.030001,27.75,27.4,27.32,27.129999,27.139999,27.049999,27.200001,27.25,27.290001,27.23,27.389999,27.370001,27.5,27.51
2018/9/16,5:50:00,G1101,30.440001,30.209999,30.08,29.27,29.709999,29.75,29.76,28.08,27.93,28.49,27.58,27.17,27.48,25.75,26.190001,26.559999,26.4,25.719999,24.719999
2018/9/16,5:50:00,G1102,30.440001,30.27,30.110001,29.41,29.75,29.780001,29.76,28.65,28.17,28.559999,27.75,27.530001,27.58,26.620001,26.389999,26.65,26.549999,25.51,24.93
2018/9/16,5:50:00,G1103,30.33,30.24,30.08,29.389999,29.6,29.74,29.690001,NaN,NaN,NaN,NaN,NaN,NaN,NaN,NaN,NaN,NaN,NaN,NaN
2018/9/16,5:50:00,G1104,30.190001,30.110001,29.93,29.27,29.530001,29.6,29.559999,28.17,28.190001,28.629999,27.66,27.52,27.58,26.65,26.709999,26.67,26.65,25.52,25.120001
2018/9/16,5:50:00,G1105,30.01,29.98,29.799999,29.190001,29.389999,29.440001,29.41,27.780001,28.049999,28.450001,27.610001,27.549999,27.43,26.65,NaN,26.83,26.540001,25.469999,25.040001
2018/9/16,5:50:00,G1106,29.9,29.82,29.639999,29.120001,29.24,29.27,29.26,26.77,28.08,28.450001,27.5,27.450001,27.34,26.639999,26.65,26.84,26.49,25.450001,24.709999
2018/9/16,5:50:00,G1107,29.450001,29.42,29.09,28.700001,28.84,28.889999,28.780001,27.200001,27.74,28.219999,27.08,27.209999,26.940001,26.379999,26.549999,26.73,26.139999,24.98,24.889999
2018/9/16,5:50:00,G1108,29.280001,29.299999,28.91,28.51,28.73,28.75,28.639999,26.709999,27.6,28.129999,26.91,27.139999,26.709999,26.17,26.459999,26.59,25.870001,24.780001,24.809999
2018/9/16,5:50:00,G1109,28.889999,28.9,28.5,28.02,28.309999,28.33,28.209999,25.59,27.23,27.809999,26.5,26.82,26.049999,25.76,26.07,26.17,25.459999,23.43,24.15
2018/9/16,5:50:00,G1110,28.51,28.5,28.139999,27.68,27.940001,27.940001,27.82,26.26,27.040001,27.469999,26.16,26.57,25.940001,25.59,25.92,25.889999,25.26,24.41,24.360001
2018/9/16,5:50:00,G1111,28.110001,28.110001,27.690001,27.219999,27.52,27.559999,27.43,23.719999,26.780001,27.09,25.83,26.280001,25.5,25.219999,25.709999,25.58,24.43,23.76,23.540001
2018/9/16,5:50:00,G1112,27.940001,27.940001,27.49,26.959999,27.309999,27.4,27.24,24.41,26.559999,26.889999,25.57,26.08,25.07,25,25.52,25.440001,24.73,22.98,23.73
2018/9/16,5:50:00,G1113,27.66,27.74,27.219999,26.83,27.129999,27.209999,26.98,25.42,26.5,26.709999,25.450001,25.92,24.879999,25,25.459999,25.27,24.68,23.809999,23.969999
2019/2/18,11:45:00,G1101,19.25,19.030001,19.049999,18.940001,18.92,18.77,18.530001,17.709999,16.25,16.209999,15.92,15.79,15.75,15.74,15.85,15.79,15.8,15.82,15.92
2019/2/18,11:45:00,G1102,19.07,18.91,18.92,18.85,18.860001,18.610001,18.42,17.450001,16.09,16.34,15.9,15.8,15.81,15.83,15.93,15.84,15.83,15.88,15.99
2019/2/18,11:45:00,G1103,18.76,18.66,18.700001,18.629999,18.66,18.57,18.370001,17.219999,15.74,16.059999,15.68,15.63,15.65,15.69,15.77,15.71,15.69,15.73,15.85
2019/2/18,11:45:00,G1104,18.639999,18.57,18.59,18.530001,18.549999,18.469999,18.309999,17.16,15.67,16.01,15.63,15.61,15.62,15.65,15.72,15.68,15.67,15.66,15.76
2019/2/18,11:45:00,G1105,18.280001,18.24,18.290001,18.209999,18.26,18.200001,18.059999,16.84,15.56,15.8,15.42,15.41,15.41,15.47,15.49,15.46,15.48,15.47,15.55
2019/2/18,11:45:00,G1106,18.059999,18.040001,18.08,18,18.040001,17.98,17.879999,16.68,15.27,15.55,15.19,15.17,15.21,15.28,15.31,15.28,15.27,15.28,15.36
2019/2/18,11:45:00,G1107,17.57,17.559999,17.6,17.51,17.530001,17.52,17.5,16.040001,15.05,15.25,14.99,14.91,14.93,14.97,14.97,14.95,14.99,15.05,15.02
2019/2/18,11:45:00,G1108,17.51,17.5,17.540001,17.450001,17.469999,17.48,17.450001,15.89,15.11,15.27,15.04,14.93,14.95,14.99,14.98,14.95,15,15.05,15.06
2019/2/18,11:45:00,G1109,17.129999,17.129999,17.18,17.110001,17.1,17.110001,17.07,15.41,14.88,14.84,14.72,14.62,14.65,14.68,14.66,14.66,14.74,14.8,14.78
2019/2/18,11:45:00,G1110,16.65,16.690001,16.719999,16.639999,16.610001,16.65,16.620001,14.94,14.73,14.5,14.42,14.34,14.35,14.38,14.4,14.45,14.58,14.72,14.62
2019/2/18,11:45:00,G1111,16.219999,16.23,16.27,16.25,16.120001,16.120001,16.129999,14.56,14.63,14.18,14.07,14.01,14.03,14.04,14.15,14.19,14.4,14.68,14.37
2019/2/18,11:45:00,G1112,16.120001,16.07,16.16,16.17,15.96,15.99,15.98,14.54,14.6,14.14,14.02,13.96,14.02,14,14.1,14.19,14.62,14.77,14.46
2019/2/18,11:45:00,G1113,15.99,15.9,15.88,16.02,15.67,15.69,15.71,14.38,NaN,NaN,NaN,NaN,NaN,NaN,NaN,NaN,NaN,NaN,NaN
2019/3/3,6:35:00,G1101,20.620001,20.75,20.799999,20.83,21.07,21.09,21.030001,20.5,20.52,19.68,18.530001,17.51,17.139999,16.83,16.74,16.780001,16.790001,16.84,16.889999
2019/3/3,6:35:00,G1102,20.92,20.969999,21.110001,21.1,21.309999,21.290001,21.25,20.93,20.65,19.559999,18.09,17.389999,17.139999,16.98,17.07,17.129999,17.190001,17.17,17.23
2019/3/3,6:35:00,G1103,21.07,21.139999,21.15,21.209999,21.370001,21.33,21.469999,21.209999,20.48,19.41,17.940001,17.27,17.030001,16.940001,17.01,17.059999,17.1,17.08,17.139999
2019/3/3,6:35:00,G1104,21.07,21.139999,21.120001,21.209999,21.370001,21.42,21.450001,21.26,20.58,19.34,17.93,17.18,16.98,16.92,16.99,17.01,17.049999,17.040001,17.1
2019/3/3,6:35:00,G1105,20.950001,20.99,21.01,21.059999,21.110001,21.15,21.190001,21.190001,20.379999,19.030001,17.440001,16.84,16.68,16.74,16.870001,16.84,16.879999,16.889999,16.940001
2019/3/3,6:35:00,G1106,20.84,20.85,20.860001,20.889999,20.93,20.959999,21,21,20.129999,18.809999,17.389999,16.790001,16.6,16.469999,16.559999,16.620001,16.66,16.690001,16.76
2019/3/3,6:35:00,G1107,20.57,20.559999,20.540001,20.549999,20.57,20.639999,20.639999,20.610001,19.66,18.34,17.059999,16.5,16.26,16.200001,16.309999,16.370001,16.43,16.469999,16.52
2019/3/3,6:35:00,G1108,20.549999,20.540001,20.530001,20.540001,20.559999,20.620001,20.620001,20.59,19.6,18.26,17.09,16.52,16.24,16.15,16.24,16.290001,16.370001,16.459999,16.49
2019/3/3,6:35:00,G1109,20.280001,20.280001,20.280001,20.290001,20.35,20.41,20.469999,20.41,19.59,17.98,16.67,16.139999,15.92,15.95,16.09,16.1,16.219999,16.299999,16.280001
2019/3/3,6:35:00,G1110,20.07,20.040001,20.02,20.07,20.24,20.34,20.32,20.18,19.549999,17.540001,16.41,15.79,15.4,15.49,15.67,15.9,16.33,16.17,16.07
2019/3/3,6:35:00,G1111,19.85,19.870001,19.809999,20.059999,20.120001,20.16,19.940001,19.83,19.440001,17.17,16.049999,15.49,15.11,15.15,15.46,15.95,16.610001,16.07,16.110001
2019/3/3,6:35:00,G1112,19.790001,19.83,19.76,20.049999,20.030001,20.040001,19.780001,19.799999,19.549999,17.09,16.030001,15.4,15.13,15.26,15.4,15.86,16.83,16.27,16.16
2019/3/3,6:35:00,G1113,19.709999,19.73,19.780001,19.940001,19.860001,19.84,19.639999,19.74,19.440001,16.9,15.93,NaN,NaN,15.39,15.3,16.219999,17.08,16.639999,16.48
2019/4/11,21:15:00,G1101,25.190001,25.459999,25.5,25.48,25.65,25.66,25.68,22.700001,21.139999,20.52,20.57,20.610001,20.639999,20.719999,20.200001,19.82,19.719999,19.870001,19.959999
2019/4/11,21:15:00,G1102,25.26,25.540001,25.469999,25.57,25.700001,25.65,25.67,21.629999,20.76,NaN,20.559999,20.9,21.08,21,20.469999,20.1,20.23,20.48,20.5
2019/4/11,21:15:00,G1103,25.18,25.48,25.32,25.440001,25.57,25.549999,25.6,21.26,20.76,20.42,20.629999,20.799999,20.860001,20.860001,20.299999,19.940001,20.18,20.4,20.540001
2019/4/11,21:15:00,G1104,25.120001,25.459999,25.25,25.360001,25.5,25.5,25.540001,20.99,20.620001,20.35,20.639999,20.780001,20.83,20.84,20.25,19.889999,20.049999,20.35,20.610001
2019/4/11,21:15:00,G1105,24.889999,25.33,25.049999,25.23,25.23,25.25,25.32,20.68,20.4,NaN,20.360001,20.65,20.67,20.59,20.01,19.66,19.98,20.120001,20.65
2019/4/11,21:15:00,G1106,24.719999,25.25,24.99,25.27,25.129999,25.059999,25.16,20.639999,20.309999,20.040001,20.120001,20.51,20.559999,20.43,19.76,19.51,19.780001,19.98,20.67
2019/4/11,21:15:00,G1107,24.5,25.219999,25.059999,25.09,25.030001,24.879999,24.719999,20.139999,19.91,19.799999,19.98,20.18,20.290001,20.07,19.33,19.17,19.620001,20.07,21.34
2019/4/11,21:15:00,G1108,24.540001,25.200001,25.049999,25.09,25.030001,24.889999,24.690001,20.24,19.91,19.790001,19.950001,20.09,20.190001,20.040001,19.35,19.09,19.620001,20.17,21.389999
2019/4/11,21:15:00,G1109,24.49,25,24.879999,24.879999,24.809999,24.639999,24.32,20.110001,19.73,19.58,19.790001,19.92,19.950001,19.799999,19.040001,19.030001,19.58,20.91,21.58
2019/4/11,21:15:00,G1110,24.530001,24.639999,24.639999,24.57,24.450001,24.16,23.85,19.77,19.549999,19.4,19.610001,19.799999,19.75,19.58,18.82,19.17,20.059999,20.9,21.620001
2019/4/11,21:15:00,G1111,24.370001,24.32,24.27,24.17,24.049999,23.690001,23.379999,19.549999,19.379999,19.219999,19.370001,19.530001,19.459999,19.33,18.610001,19.280001,19.799999,20.530001,21.23
2019/4/11,21:15:00,G1112,24.209999,24.190001,24.09,24.049999,23.91,23.52,23.219999,19.459999,19.309999,NaN,NaN,NaN,NaN,NaN,NaN,18.799999,19.639999,20.5,21.16
2019/4/11,21:15:00,G1113,24.040001,24.040001,23.940001,23.790001,23.690001,23.35,22.950001,19.360001,NaN,NaN,NaN,NaN,NaN,NaN,NaN,NaN,19.52,20.530001,21.440001
2019/4/19,12:00:00,G1101,27.049999,26.93,27.049999,27.23,27.15,27.01,26.549999,23.75,22.48,21.889999,21.65,21.5,20.99,20.75,20.66,20.530001,20.41,20.299999,20.200001
2019/4/19,12:00:00,G1102,27.120001,27.07,27.23,27.280001,27.370001,27.02,26.540001,23.190001,22.290001,21.85,21.620001,21.450001,20.65,20.610001,20.629999,20.27,20.23,20.15,NaN
2019/4/19,12:00:00,G1103,27.129999,27.18,27.280001,27.290001,27.25,27.110001,26.67,23.040001,22.209999,21.700001,21.5,21.370001,20.57,20.469999,20.58,20.24,20.17,20.1,20.02
2019/4/19,12:00:00,G1104,27.09,27.15,27.23,27.24,27.209999,27.049999,26.690001,22.91,22.129999,21.620001,21.450001,21.360001,20.42,20.360001,20.48,20.190001,20.209999,20.1,20.02
2019/4/19,12:00:00,G1105,26.969999,26.93,27.120001,27.059999,27.030001,26.889999,26.58,22.4,21.719999,21.309999,21.219999,21.02,20.26,20.32,20.4,19.969999,19.98,19.92,19.82
2019/4/19,12:00:00,G1106,26.82,26.77,26.98,26.93,26.93,26.709999,26.48,22.42,21.6,21.120001,21.139999,20.84,20.049999,20.049999,20.139999,19.780001,19.83,19.75,19.67
2019/4/19,12:00:00,G1107,26.440001,26.459999,26.57,26.549999,26.52,26.389999,25.969999,22.09,21.23,20.809999,21.02,20.450001,19.889999,19.9,19.959999,19.52,19.76,19.6,19.43
2019/4/19,12:00:00,G1108,26.4,26.43,26.540001,26.530001,26.48,26.35,26.049999,22.07,21.219999,20.76,20.940001,20.379999,19.73,19.68,19.83,19.43,19.52,19.52,19.370001
2019/4/19,12:00:00,G1109,26.16,26.1,26.25,26.17,26.1,26.01,25.65,21.84,20.85,20.52,20.73,19.98,19.709999,19.73,19.709999,19.360001,19.440001,19.32,19.200001
2019/4/19,12:00:00,G1110,25.73,25.700001,25.809999,25.77,25.66,25.559999,25.33,21.43,20.530001,20.139999,20.35,19.82,19.68,19.73,19.540001,19.209999,19.41,19.139999,19.049999
2019/4/19,12:00:00,G1111,25.290001,25.23,25.32,25.309999,25.139999,25.059999,24.969999,20.84,19.959999,19.74,20.1,19.41,19.290001,19.43,18.98,18.780001,18.99,18.709999,18.620001
2019/4/19,12:00:00,G1112,25.1,25.07,25.15,25.139999,24.940001,24.879999,24.84,20.9,19.98,19.67,20.059999,19.26,19.24,19.32,19.01,18.59,18.91,18.610001,18.559999
2019/4/19,12:00:00,G1113,24.84,24.82,24.889999,24.889999,24.709999,24.66,24.59,20.540001,19.6,19.52,19.99,18.719999,18.790001,19.18,NaN,19,18.809999,NaN,NaN
2019/4/20,13:10:00,G1101,25.129999,25.190001,25.190001,25.15,25.17,25.25,25.23,24.65,23.27,22.1,21.75,21.620001,21.370001,21.389999,21.370001,21.370001,21.469999,21.52,21.58
2019/4/20,13:10:00,G1102,25.139999,25.18,25.15,25.17,25.23,25.27,25.27,24.32,22.91,21.82,NaN,NaN,NaN,NaN,21.950001,22.139999,22.139999,21.92,22.040001
2019/4/20,13:10:00,G1103,25.040001,25.059999,25.049999,25.049999,25.110001,25.16,24.950001,24.09,22.68,21.639999,21.51,21.280001,21.16,21.24,22.059999,22.200001,22.17,22.030001,22.059999
2019/4/20,13:10:00,G1104,24.99,24.99,25.01,24.99,25.059999,25.1,24.9,24.01,22.629999,21.59,21.469999,21.200001,21.139999,21.540001,22.139999,22.35,22.27,22.059999,22.09
2019/4/20,13:10:00,G1105,24.82,24.77,24.780001,24.73,24.9,24.950001,24.549999,23.540001,21.92,21.41,NaN,NaN,21.040001,22.25,22.610001,22.42,22.43,22.42,21.950001
2019/4/20,13:10:00,G1106,24.709999,24.620001,24.629999,24.559999,24.809999,24.860001,24.469999,23.52,22,21.33,21.360001,20.790001,20.969999,21.959999,22.780001,22.66,22.48,22.51,21.93
2019/4/20,13:10:00,G1107,24.4,24.33,24.379999,24.23,24.65,24.82,24.110001,23.190001,21.5,21.1,21.219999,20.48,20.799999,22,22.950001,22.93,22.91,22.52,22.040001
2019/4/20,13:10:00,G1108,24.43,24.35,24.41,24.26,24.67,24.809999,24.049999,23.18,21.469999,21.09,21.190001,20.450001,21.52,22.190001,23.129999,22.85,23.07,22.540001,22.059999
2019/4/20,13:10:00,G1109,24.309999,24.209999,24.190001,24.09,24.620001,24.709999,23.99,22.889999,21.209999,20.940001,21.040001,20.379999,20.889999,20.879999,21.5,21.440001,21.719999,22.25,21.950001
2019/4/20,13:10:00,G1110,24.33,24.25,24.139999,24.01,24.370001,24.58,23.73,22.459999,21.139999,20.809999,20.73,20.139999,21.07,21.42,22.57,22.5,22.389999,22.040001,21.889999
2019/4/20,13:10:00,G1111,24.02,24,23.870001,23.77,24.09,24.25,23.549999,22.01,20.959999,20.74,20.469999,19.93,20.82,20.9,21.23,22.379999,22.280001,21.969999,21.889999
2019/4/20,13:10:00,G1112,23.860001,23.9,23.84,23.719999,23.99,24.139999,23.5,21.77,20.9,20.709999,20.34,19.82,21.200001,22.15,22.639999,22.530001,22.42,22.139999,22.1
2019/4/20,13:10:00,G1113,NaN,NaN,NaN,NaN,NaN,NaN,NaN,21.73,20.629999,NaN,NaN,NaN,NaN,22.35,22.83,22.6,22.809999,22.34,22.290001
2019/4/27,1:40:00,G1101,26.08,26,25.99,26.190001,26.32,26.219999,26.1,25.129999,24.68,24.440001,24.08,23.950001,23.91,24.02,NaN,24.129999,24.219999,24.27,24.299999
2019/4/27,1:40:00,G1102,26.07,26.030001,26.1,26.360001,26.34,26.280001,25.68,24.98,24.559999,24.370001,24.01,23.91,23.879999,24.08,NaN,24.129999,24.16,24.24,24.309999
2019/4/27,1:40:00,G1103,25.959999,25.93,25.98,26.16,26.190001,26.129999,25.43,24.75,24.370001,24.17,23.84,23.719999,23.700001,23.959999,24.16,24.08,24.02,24.09,24.17
2019/4/27,1:40:00,G1104,25.91,25.860001,25.92,26.07,26.1,26.049999,25.32,24.639999,24.27,24.07,23.77,23.639999,23.620001,23.91,NaN,24.030001,23.940001,24.01,24.08
2019/4/27,1:40:00,G1105,25.75,25.639999,NaN,25.780001,25.799999,NaN,24.790001,24.25,NaN,23.74,23.5,NaN,23.370001,23.690001,NaN,NaN,23.719999,NaN,23.82
2019/4/27,1:40:00,G1106,25.58,25.52,25.59,25.58,25.610001,25.58,24.780001,24.110001,23.709999,23.540001,23.32,23.110001,23.209999,23.51,NaN,23.59,23.59,NaN,23.629999
2019/4/27,1:40:00,G1107,25.190001,25.17,25.17,25.120001,25.16,25.110001,24.299999,23.780001,23.299999,23.139999,23.059999,22.68,22.84,23.1,23.190001,23.16,23.139999,23.129999,23.139999
2019/4/27,1:40:00,G1108,25.129999,25.129999,25.129999,25.07,25.110001,25.059999,24.290001,23.76,23.26,23.16,23.040001,22.65,22.82,23.049999,23.139999,23.110001,23.08,23.059999,23.08
2019/4/27,1:40:00,G1109,24.76,24.780001,24.77,24.77,24.74,24.67,23.98,23.48,23.030001,22.940001,22.860001,22.51,22.58,22.74,22.860001,22.780001,22.719999,22.68,22.74
2019/4/27,1:40:00,G1110,24.360001,24.33,24.309999,24.34,24.27,24.219999,23.540001,23.059999,22.83,22.77,22.48,22.360001,22.290001,22.33,22.620001,22.4,22.290001,22.25,22.290001
2019/4/27,1:40:00,G1111,23.9,23.84,23.82,23.860001,23.809999,23.84,23.18,22.76,22.58,22.790001,22.040001,22.040001,22.01,22.08,NaN,22.530001,21.9,21.940001,21.92
2019/4/27,1:40:00,G1112,23.74,23.66,23.639999,23.68,23.639999,23.700001,23.08,22.719999,22.49,22.75,21.91,21.93,21.9,21.99,22.440001,22.620001,21.870001,21.98,21.84
2019/4/27,1:40:00,G1113,23.51,23.42,23.389999,23.450001,23.41,23.49,23.049999,22.5,22.33,22.58,21.719999,21.690001,21.700001,21.91,22.24,22.52,22.049999,21.950001,22.07
2019/4/27,15:35:00,G1101,24.959999,25,24.709999,24.77,24.57,24.219999,23.969999,20.790001,20.700001,20.799999,20.75,20.790001,20.790001,20.82,20.879999,21.030001,21.030001,21.17,21.129999
2019/4/27,15:35:00,G1102,25.02,24.92,24.83,24.83,24.790001,24.440001,24.049999,20.51,20.709999,20.83,20.84,21.02,21.01,NaN,21.190001,21.1,21.16,21.280001,21.26
2019/4/27,15:35:00,G1103,24.940001,24.860001,24.76,24.83,24.75,24.610001,23.940001,20.309999,20.780001,21.08,21.290001,21.77,21.48,21.26,21.290001,21,21.110001,21.26,21.290001
2019/4/27,15:35:00,G1104,24.860001,24.799999,24.709999,24.780001,24.68,24.540001,24,20.26,20.51,20.65,20.700001,20.9,20.82,20.76,20.780001,20.719999,20.889999,20.959999,20.940001
2019/4/27,15:35:00,G1105,24.559999,24.540001,24.459999,24.469999,24.49,24.379999,23.360001,20.030001,20.51,NaN,21.360001,21.76,21.41,21.18,21.02,20.82,20.91,21.030001,NaN
2019/4/27,15:35:00,G1106,24.389999,24.34,24.25,24.290001,24.360001,24.209999,23.51,19.98,20.51,20.870001,21.02,21.48,21.209999,21.049999,20.809999,20.700001,20.790001,20.91,20.98
2019/4/27,15:35:00,G1107,23.9,23.860001,23.84,23.940001,23.940001,23.77,22.92,19.809999,20.16,20.379999,20.610001,21.110001,NaN,20.9,20.530001,20.530001,20.639999,20.860001,20.93
2019/4/27,15:35:00,G1108,23.84,23.799999,23.780001,23.889999,23.889999,23.73,22.98,19.860001,20.049999,20.700001,20.83,21.27,21.1,20.84,20.469999,20.450001,20.59,20.780001,20.879999
2019/4/27,15:35:00,G1109,23.469999,23.43,23.4,23.549999,23.52,23.4,22.42,19.6,19.940001,20.35,20.559999,21.129999,20.959999,20.700001,20.299999,20.379999,20.549999,20.77,20.67
2019/4/27,15:35:00,G1110,23.01,22.959999,22.92,23.08,23.040001,22.969999,22.01,19.379999,19.639999,20.09,20.209999,20.870001,20.709999,20.48,20.110001,20.049999,20.370001,20.42,20.309999
2019/4/27,15:35:00,G1111,22.51,22.5,22.459999,22.58,22.549999,22.48,21.73,19.309999,19.42,19.629999,19.83,20.6,20.23,20.26,19.870001,19.82,19.92,20.360001,20.27
2019/4/27,15:35:00,G1112,22.33,22.34,22.299999,22.389999,22.370001,22.309999,21.610001,NaN,19.34,19.620001,19.799999,20.469999,20.110001,20.24,19.77,19.709999,19.879999,20.41,20.790001
2019/4/27,15:35:00,G1113,22.09,22.110001,22.07,22.139999,22.120001,22.059999,21.58,NaN,NaN,19.709999,19.790001,20.41,20.290001,20.530001,19.6,19.549999,19.959999,20.549999,21.1
2019/4/30,11:00:00,G1101,27.58,27.559999,27.379999,27.23,27.27,27.190001,26.9,23.27,21.93,21.52,21.6,21.799999,22.02,22.43,22.459999,22.65,22.98,23.040001,23.139999
2019/4/30,11:00:00,G1102,27.530001,27.459999,27.360001,27.190001,27.200001,27.129999,25.950001,23.110001,21.870001,22.049999,22.27,22.49,22.610001,22.85,22.68,23.049999,23.280001,23.01,23.25
2019/4/30,11:00:00,G1103,27.35,27.26,27.200001,27.049999,27.030001,26.959999,25.74,22.59,21.610001,22.280001,22.370001,22.299999,22.41,22.780001,22.709999,23.24,23.190001,22.9,23.200001
2019/4/30,11:00:00,G1104,27.26,27.18,27.1,26.959999,26.950001,26.879999,25.559999,22.879999,21.540001,22.17,22.35,22.34,22.43,22.85,22.860001,23.290001,23.139999,22.91,23.18
2019/4/30,11:00:00,G1105,26.959999,26.860001,26.799999,26.67,26.67,NaN,24.57,22.389999,NaN,22.23,22.18,22.200001,22.76,23.059999,23.01,23.17,22.91,22.92,23.059999
2019/4/30,11:00:00,G1106,26.77,26.68,26.59,26.49,26.48,NaN,24.379999,21.870001,20.85,21.33,22.040001,22.290001,22.75,23.129999,23.120001,23.17,22.790001,22.860001,22.9
2019/4/30,11:00:00,G1107,26.309999,26.209999,26.120001,26.059999,26.049999,26.02,23.540001,22.08,20.6,21.030001,21.959999,22.67,22.969999,22.870001,22.889999,23.02,22.620001,22.620001,22.73
2019/4/30,11:00:00,G1108,26.25,26.15,26.08,26.02,26.02,25.99,23.58,21.889999,20.91,22.49,22.48,22.780001,23.059999,22.940001,22.879999,23.01,22.629999,22.639999,22.700001
2019/4/30,11:00:00,G1109,25.91,25.780001,25.719999,25.690001,25.68,25.68,23.459999,21.51,20.4,22.92,22.459999,22.940001,23.01,22.870001,22.57,22.73,22.42,22.52,22.559999
2019/4/30,11:00:00,G1110,25.459999,25.32,25.219999,25.290001,25.280001,25.219999,22.780001,21.52,20.120001,21.620001,22.709999,23.07,22.799999,22.58,22.290001,22.389999,22.120001,22.18,22.33
2019/4/30,11:00:00,G1111,25.01,24.889999,NaN,24.85,24.82,24.799999,22.4,21.040001,20.02,22.76,22.940001,22.92,22.879999,22.299999,22.01,22.42,22.15,22.049999,22.02
2019/4/30,11:00:00,G1112,24.860001,24.719999,24.690001,24.700001,24.66,24.66,22.25,20.860001,19.9,22.26,22.92,22.790001,22.870001,22.25,21.889999,22.309999,22.139999,21.93,21.870001
2019/4/30,11:00:00,G1113,24.629999,24.48,24.459999,24.48,24.469999,24.459999,NaN,20.9,NaN,22.42,22.73,22.700001,22.9,22.1,21.809999,22.120001,21.969999,21.75,21.67
2019/5/20,11:55:00,G1101,30.15,30,30.209999,30.25,30.5,30.57,30.83,29.01,27.360001,26.41,25.84,25.75,26,26.190001,26.450001,26.5,26.74,26.889999,27.16
2019/5/20,11:55:00,G1102,29.73,29.700001,29.860001,30.08,30.02,30.450001,30.719999,28.58,27.02,26.51,25.879999,25.969999,26.27,26.4,26.639999,26.639999,26.9,27.16,27.370001
2019/5/20,11:55:00,G1103,29.48,29.49,29.639999,29.870001,29.799999,30.01,30.309999,28.209999,26.68,26.35,25.639999,25.870001,26.219999,26.32,26.51,26.57,26.809999,27.09,27.32
2019/5/20,11:55:00,G1104,29.34,29.4,29.58,29.690001,29.73,29.879999,30.200001,28.209999,26.969999,26.33,25.66,25.889999,26.17,26.309999,26.440001,26.57,26.809999,27.049999,27.290001
2019/5/20,11:55:00,G1105,28.98,29.09,29.32,29.17,29.35,29.440001,29.620001,27.77,26.219999,25.99,25.27,25.66,25.93,26.17,26.190001,26.360001,26.57,26.84,26.99
2019/5/20,11:55:00,G1106,28.790001,28.860001,29.02,28.99,29.18,29.25,29.440001,27.83,26.280001,25.84,25.299999,25.719999,25.93,26.16,26.200001,26.280001,26.5,26.74,26.969999
2019/5/20,11:55:00,G1107,28.280001,28.35,28.4,28.57,28.610001,28.799999,29.049999,27.34,25.67,25.4,25.040001,25.48,25.540001,25.879999,25.959999,26.059999,26.219999,26.5,26.65
2019/5/20,11:55:00,G1108,28.219999,28.309999,28.34,28.52,28.57,28.77,28.99,27.34,25.93,25.51,25.09,25.450001,25.540001,25.860001,25.98,26.08,26.23,26.540001,26.700001
2019/5/20,11:55:00,G1109,27.85,27.85,27.940001,28.040001,28.219999,28.34,28.639999,26.959999,25.9,25.139999,24.969999,25.18,25.209999,25.620001,25.809999,25.879999,26.040001,26.299999,26.41
2019/5/20,11:55:00,G1110,27.35,27.52,27.540001,27.48,27.73,27.889999,27.940001,26.450001,26.120001,25.040001,25.059999,24.950001,25.09,25.559999,25.780001,25.719999,25.93,26.110001,26.139999
2019/5/20,11:55:00,G1111,26.879999,27.030001,27.02,27.07,27.23,27.41,27.41,26.09,25.92,25.139999,25.27,25.08,25.33,25.559999,25.799999,25.66,25.879999,25.98,25.75
2019/5/20,11:55:00,G1112,26.700001,26.870001,26.870001,26.91,27.07,27.290001,27.23,25.959999,25.93,25.25,25.26,24.93,25.280001,25.51,25.940001,25.84,26,26.040001,25.83
2019/5/20,11:55:00,G1113,26.51,26.610001,26.66,26.799999,26.780001,26.959999,26.959999,25.84,25.75,25.200001,25.200001,25.030001,25.190001,25.75,25.92,25.85,25.889999,25.940001,25.83
2019/5/20,20:45:00,G1101,27.92,28.120001,28.16,28.1,28.09,28.049999,27.889999,26.879999,26.02,25.540001,24.940001,24.790001,24.860001,24.049999,23.98,23.940001,23.809999,23.82,23.790001
2019/5/20,20:45:00,G1102,28.209999,28.24,28.33,28.190001,28.110001,28.25,28.32,26.690001,25.77,25.549999,24.67,24.84,24.77,NaN,NaN,NaN,24.049999,24.360001,24.09
2019/5/20,20:45:00,G1103,28.27,28.299999,28.41,28.450001,28.4,28.52,28.280001,26.66,25.6,25.41,24.83,24.83,24.73,23.559999,23.700001,23.700001,23.92,24.18,24
2019/5/20,20:45:00,G1104,28.25,28.299999,28.43,28.42,28.450001,28.530001,28.219999,26.559999,25.549999,25.280001,24.65,24.690001,24.65,23.5,23.629999,23.639999,23.969999,24.16,23.969999
2019/5/20,20:45:00,G1105,28.24,28.32,28.32,28.33,28.35,28.34,28.059999,26.379999,25.32,25.09,24.719999,24.58,24.33,NaN,NaN,NaN,23.98,23.91,23.73
2019/5/20,20:45:00,G1106,28.139999,28.139999,28.139999,28.18,28.190001,28.16,27.92,26.18,25.16,24.940001,24.620001,24.4,24.110001,23.34,23.299999,23.4,24.290001,23.799999,23.719999
2019/5/20,20:45:00,G1107,27.74,27.790001,27.790001,27.809999,27.790001,27.700001,27.6,26.049999,24.860001,24.77,24.440001,24.139999,23.75,23.379999,23.110001,23.209999,24.15,23.41,23.299999
2019/5/20,20:45:00,G1108,27.719999,27.799999,27.809999,27.809999,27.77,27.700001,27.6,26.09,24.75,24.85,24.440001,24.110001,23.690001,23.360001,23.040001,23.1,24.57,23.469999,23.33
2019/5/20,20:45:00,G1109,27.49,27.57,27.639999,27.51,27.49,27.42,27.299999,25.959999,24.690001,25.040001,24.23,23.950001,23.469999,23.34,22.959999,23.030001,24.48,23.200001,23.09
2019/5/20,20:45:00,G1110,27.219999,27.33,27.459999,27.280001,27.16,27.059999,26.940001,25.629999,24.549999,25,24.049999,23.559999,23.030001,23.219999,22.860001,23.049999,24.379999,22.98,23.42
2019/5/20,20:45:00,G1111,26.879999,26.91,27.040001,26.940001,26.85,26.67,26.48,25.32,24.559999,25.23,23.75,23.190001,22.4,23.02,22.540001,23.620001,24.190001,22.940001,23.67
2019/5/20,20:45:00,G1112,26.700001,26.74,26.889999,26.83,26.73,26.58,26.34,25.280001,24.469999,25.25,23.83,23.139999,22.290001,22.860001,22.34,23.110001,24.01,23.17,23.690001
2019/5/20,20:45:00,G1113,26.440001,26.52,26.639999,26.629999,26.49,26.360001,26.09,25.08,24.379999,25.129999,23.959999,22.959999,NaN,NaN,23.030001,23.42,23.780001,23.309999,23.66
2019/5/25,14:55:00,G1101,28.870001,29.059999,29.16,29.23,29.27,28.99,28.76,27,26.9,26.610001,26.790001,27.129999,27.549999,27.709999,27.799999,27.889999,28.030001,28.07,28.129999
2019/5/25,14:55:00,G1102,28.85,28.969999,29.059999,29.09,28.99,28.879999,28.32,26.889999,26.790001,26.77,26.92,27.25,27.719999,27.82,27.73,27.98,28.1,28.08,28.09
2019/5/25,14:55:00,G1103,28.66,28.76,28.75,28.82,28.76,28.67,28.110001,27.040001,26.82,26.98,27,27.639999,27.629999,27.67,27.68,27.969999,28.040001,28.030001,28.049999
2019/5/25,14:55:00,G1104,28.57,28.66,28.639999,28.709999,28.66,28.58,28.02,26.98,26.790001,27,27.09,27.75,27.68,27.67,27.68,27.93,27.99,27.98,27.99
2019/5/25,14:55:00,G1105,28.27,28.299999,28.33,28.41,28.34,28.26,27.77,26.940001,26.75,26.969999,27.129999,27.700001,27.549999,27.57,27.51,27.74,27.75,27.719999,27.719999
2019/5/25,14:55:00,G1106,28.08,28.09,28.129999,28.219999,28.139999,28.049999,27.610001,26.639999,26.74,26.9,27.200001,27.549999,27.5,27.389999,27.42,27.59,27.6,27.559999,27.610001
2019/5/25,14:55:00,G1107,27.59,27.639999,27.66,27.75,27.66,27.57,27.190001,26.530001,26.459999,26.85,27.01,27.200001,27.280001,27.17,27.15,27.219999,27.200001,27.190001,27.25
2019/5/25,14:55:00,G1108,27.540001,27.6,27.610001,27.700001,27.6,27.52,27.139999,26.58,26.48,26.82,26.98,27.17,27.24,27.17,27.120001,27.18,27.17,27.16,27.26
2019/5/25,14:55:00,G1109,27.17,27.25,27.26,27.32,27.219999,27.139999,26.780001,26.34,26.110001,26.57,26.719999,26.82,26.879999,26.879999,26.82,26.860001,26.860001,26.879999,26.93
2019/5/25,14:55:00,G1110,26.700001,26.809999,26.75,26.860001,26.74,26.65,26.41,26.02,25.65,26.17,26.32,26.379999,26.379999,26.43,26.440001,26.43,26.43,26.459999,26.49
2019/5/25,14:55:00,G1111,26.219999,26.309999,26.299999,26.32,26.219999,26.139999,25.950001,25.639999,25.24,25.719999,25.85,25.889999,25.879999,26.049999,25.99,25.950001,25.93,25.99,26
2019/5/25,14:55:00,G1112,26.049999,26.120001,26.08,26.110001,26.02,25.969999,25.790001,25.540001,25.129999,25.559999,25.700001,25.719999,25.690001,25.889999,25.82,25.77,25.75,25.82,25.83
2019/5/25,14:55:00,G1113,25.780001,25.84,25.799999,25.83,25.74,25.719999,25.59,25.389999,25.01,25.34,25.450001,25.459999,25.440001,25.65,25.559999,25.549999,25.5,25.559999,25.57
2019/6/2,14:30:00,G1101,29.58,29.780001,29.799999,30.01,29.950001,29.76,29.780001,29.15,28.719999,26.049999,25.559999,25.42,25.280001,25.209999,25.280001,25.41,25.75,26,26.07
2019/6/2,14:30:00,G1102,29.27,29.469999,29.440001,29.709999,29.48,29.67,29.43,28.940001,28.41,25.719999,25.360001,25.309999,25.629999,25.799999,25.73,25.85,26.139999,26.1,26.43
2019/6/2,14:30:00,G1103,28.93,29.309999,29.139999,29.370001,29.139999,29.370001,29.110001,28.780001,28.18,25.58,25.34,25.219999,25.530001,25.73,25.68,25.98,26.16,26.120001,26.459999
2019/6/2,14:30:00,G1104,28.809999,29.219999,29.030001,29.200001,28.99,29.219999,28.98,28.690001,28.059999,25.59,25.43,25.17,25.49,25.73,25.690001,26.07,26.200001,26.15,26.440001
2019/6/2,14:30:00,G1105,28.5,28.83,28.690001,28.76,28.620001,28.700001,28.58,28.389999,27.74,25.299999,25.25,25.09,25.43,25.58,NaN,26.059999,26.139999,NaN,26.440001
2019/6/2,14:30:00,G1106,28.290001,28.57,28.48,28.51,28.43,28.530001,28.370001,28.200001,27.389999,25.15,25.15,25.049999,25.290001,25.469999,25.469999,25.92,26.02,26.08,26.35
2019/6/2,14:30:00,G1107,27.870001,27.99,27.98,27.98,27.98,27.940001,27.84,27.75,27.040001,24.68,25.15,24.889999,25.309999,25.18,25.32,25.75,25.92,25.969999,26.209999
2019/6/2,14:30:00,G1108,27.809999,27.93,27.940001,27.93,27.93,27.9,27.780001,27.700001,26.959999,24.57,25.18,24.889999,25.32,25.17,25.35,25.75,25.92,26,26.25
2019/6/2,14:30:00,G1109,27.42,27.5,27.58,27.52,27.57,27.48,27.4,27.32,26.75,24.23,24.99,24.57,25.280001,24.959999,25.35,25.559999,25.790001,26.02,26.059999
2019/6/2,14:30:00,G1110,27.01,27.01,27.129999,27.08,27.07,27,26.950001,26.870001,26.139999,24.030001,24.610001,24.24,25.43,24.969999,25.280001,25.540001,25.66,25.889999,25.879999
2019/6/2,14:30:00,G1111,26.52,26.5,26.629999,26.57,26.610001,26.540001,26.450001,26.33,25.73,NaN,24.120001,23.92,25.23,24.969999,25.129999,25.26,25.35,25.639999,25.639999
2019/6/2,14:30:00,G1112,26.25,26.200001,26.280001,26.16,26.25,26.25,26.08,26,24.959999,23.309999,23.74,23.57,24.91,24.700001,24.969999,24.969999,25.08,25.370001,25.360001
2019/6/2,14:30:00,G1113,26.219999,26.17,26.25,26.1,26.23,26.219999,26,25.93,25.1,23.35,23.629999,23.26,24.209999,24.77,25.1,24.940001,25.15,25.42,25.360001
2019/6/3,5:20:00,G1101,26.01,25.99,26.01,25.950001,25.959999,25.91,25.860001,23.940001,23.77,23.98,24.049999,24.200001,24.299999,24.4,24.559999,24.65,24.65,24.690001,24.74
2019/6/3,5:20:00,G1102,26.040001,26,25.99,25.969999,26.01,26.030001,25.85,23.43,24.139999,24.379999,24.51,24.549999,24.67,24.92,24.91,24.76,24.719999,24.709999,24.74
2019/6/3,5:20:00,G1103,25.950001,25.950001,25.959999,25.92,25.940001,25.98,25.85,23.57,24.33,24.450001,24.51,24.559999,24.620001,24.799999,24.809999,24.65,24.639999,24.65,24.719999
2019/6/3,5:20:00,G1104,25.92,25.93,25.93,25.870001,25.889999,25.93,25.75,23.610001,24.370001,24.440001,24.5,24.5,24.58,24.700001,24.76,24.6,24.620001,24.6,24.67
2019/6/3,5:20:00,G1105,25.75,25.75,25.76,25.709999,25.73,25.76,25.6,23.379999,24.370001,24.379999,24.4,24.42,NaN,24.5,24.540001,24.42,24.459999,24.440001,24.469999
2019/6/3,5:20:00,G1106,25.620001,25.620001,25.639999,25.65,25.67,25.68,25.49,23.16,24.290001,24.299999,24.309999,24.32,24.360001,24.360001,24.42,24.299999,24.34,24.299999,24.34
2019/6/3,5:20:00,G1107,25.299999,25.290001,25.32,25.33,25.32,25.35,25.190001,23.92,24.1,24.17,24.01,24.09,24.030001,24.08,24.120001,24.01,24.040001,24.030001,24.059999
2019/6/3,5:20:00,G1108,25.290001,25.26,25.32,25.309999,25.299999,25.33,25.18,24.01,24.129999,24.190001,24.02,24.15,24.030001,24.040001,24.110001,23.99,24.030001,24,24.030001
2019/6/3,5:20:00,G1109,25.030001,25.02,25.09,25.059999,25.049999,25.07,24.879999,23.809999,24.09,24.07,23.85,23.950001,23.82,23.76,23.77,23.75,23.76,23.780001,23.82
2019/6/3,5:20:00,G1110,24.719999,24.73,24.76,24.75,24.73,24.75,24.51,23.360001,24.26,23.879999,23.66,23.879999,23.51,23.48,23.43,23.51,23.530001,23.549999,23.59
2019/6/3,5:20:00,G1111,24.41,24.41,24.43,24.389999,24.34,24.450001,24.280001,23.110001,23.940001,23.59,23.49,23.42,23.23,23.09,23.049999,23.18,23.16,23.18,23.26
2019/6/3,5:20:00,G1112,24.139999,24.17,24.16,24.08,24.049999,24.16,23.91,23.049999,23.73,23.440001,23.35,23.139999,22.85,22.780001,22.790001,22.92,22.879999,22.9,22.98
2019/6/3,5:20:00,G1113,24.18,24.15,24.17,24.08,24.059999,24.15,24.049999,22.82,23.690001,23.780001,23.469999,23.049999,22.799999,22.780001,22.860001,23.02,22.940001,22.91,23.01
2019/6/10,17:25:00,G1101,29.26,29.26,29.32,29.24,29.280001,29.25,29.42,24.129999,23.200001,23.42,23.65,23.610001,23.360001,23.18,23.049999,22.969999,22.959999,23,23.040001
2019/6/10,17:25:00,G1102,29.209999,29.34,29.309999,29.27,29.200001,29.219999,29.42,23.15,NaN,23.809999,23.799999,23.959999,23.6,NaN,23.370001,23.32,23.27,23.219999,23.43
2019/6/10,17:25:00,G1103,29.110001,29.200001,29.18,29.17,29.129999,29.120001,29.27,23.07,23,24.040001,23.889999,23.92,23.42,23.34,23.389999,23.27,23.280001,23.35,23.43
2019/6/10,17:25:00,G1104,29.040001,29.139999,29.09,29.110001,29.049999,29.07,29.200001,22.870001,23.08,23.91,23.799999,24.049999,23.469999,23.33,23.309999,23.17,23.23,23.299999,23.219999
2019/6/10,17:25:00,G1105,28.85,28.9,28.84,28.91,28.82,28.809999,28.91,22.610001,NaN,23.68,23.57,23.68,23.209999,23.219999,23.33,23.07,22.959999,23.24,23.32
2019/6/10,17:25:00,G1106,28.68,28.719999,28.66,28.73,28.65,28.639999,28.76,22.66,22.700001,23.5,23.360001,23.389999,22.92,23.02,23.08,23.030001,22.76,23,23.209999
2019/6/10,17:25:00,G1107,28.23,28.299999,28.23,28.33,28.25,28.219999,28.41,22.299999,22.59,22.969999,22.950001,23.309999,22.889999,22.889999,23.01,23.08,22.82,23.27,23.639999
2019/6/10,17:25:00,G1108,28.200001,28.25,28.190001,28.299999,28.23,28.219999,28.4,22.34,22.639999,23.01,22.950001,23.110001,22.83,22.860001,22.91,23.059999,22.790001,23.290001,23.66
2019/6/10,17:25:00,G1109,27.84,27.92,27.84,27.98,27.93,27.950001,28.15,22.09,22.49,22.790001,22.780001,23.02,22.629999,22.73,22.719999,23.02,22.870001,23.26,23.59
2019/6/10,17:25:00,G1110,27.4,27.5,27.450001,27.530001,27.559999,27.5,27.719999,21.82,22.190001,22.450001,22.540001,22.51,22.360001,22.52,22.48,22.92,22.969999,23.08,23.48
2019/6/10,17:25:00,G1111,26.969999,27.040001,26.99,27.129999,27.1,27.09,27.33,21.6,NaN,22.219999,22.290001,22.09,22.02,22.26,22.200001,22.780001,22.74,23.110001,23.309999
2019/6/10,17:25:00,G1112,26.68,26.709999,26.73,26.75,26.809999,26.790001,27.059999,21.42,21.780001,21.82,21.77,21.67,21.6,21.35,21.540001,22.120001,22.290001,22.719999,22.959999
2019/6/10,17:25:00,G1113,26.67,26.709999,26.74,26.719999,26.84,26.799999,27.139999,21.4,21.780001,22.049999,21.950001,21.83,21.75,21.549999,21.76,22.209999,22.379999,22.91,23.110001
2019/6/11,9:25:00,G1101,25.959999,25.98,26.110001,26.309999,26.35,26.299999,26.25,25.469999,24.91,24.190001,24.209999,24.17,23.969999,23.83,23.92,24,24.049999,24.190001,24.389999
2019/6/11,9:25:00,G1102,25.889999,25.959999,26.110001,26.35,26.389999,26.190001,26.120001,26.02,25.01,24.379999,24.52,24.280001,24.07,23.9,23.99,24.190001,24.299999,24.389999,24.379999
2019/6/11,9:25:00,G1103,25.74,25.799999,26.01,26.18,26.32,26.030001,25.99,26.07,24.969999,24.4,24.440001,24.24,24.049999,23.879999,24.18,24.4,24.360001,24.41,24.32
2019/6/11,9:25:00,G1104,25.68,25.76,25.93,26.07,26.27,25.959999,25.889999,26.200001,24.940001,24.35,24.370001,24.16,24.049999,23.82,24.17,24.43,24.32,24.370001,24.360001
2019/6/11,9:25:00,G1105,25.52,25.610001,25.790001,25.879999,26.08,25.74,25.67,26,24.690001,24.27,24.15,24.040001,23.9,23.719999,24.02,24.24,24.41,24.440001,24.450001
2019/6/11,9:25:00,G1106,25.52,25.620001,25.559999,25.58,25.77,25.65,25.540001,25.83,24.469999,24.139999,24.110001,23.959999,23.75,23.58,23.889999,24.110001,24.32,24.41,24.52
2019/6/11,9:25:00,G1107,25.17,25.219999,25.25,25.309999,25.41,25.43,25.33,25.34,23.99,23.860001,24.26,23.77,23.59,23.42,23.780001,23.92,24.33,24.75,24.43
2019/6/11,9:25:00,G1108,25.219999,25.24,25.299999,25.360001,25.48,25.360001,25.309999,25.290001,23.940001,23.860001,24.16,23.75,23.540001,23.459999,23.790001,23.92,24.459999,24.75,24.42
2019/6/11,9:25:00,G1109,25.389999,25.389999,25.32,25.57,25.719999,25.08,25.129999,24.969999,23.6,23.58,24.139999,23.85,23.26,23.35,23.709999,23.91,24.799999,24.530001,24.33
2019/6/11,9:25:00,G1110,25.35,25.33,25.360001,25.530001,25.57,25.200001,25.129999,24.67,23.129999,23.25,24.110001,23.629999,22.99,23.309999,23.74,23.969999,24.440001,24.450001,24.190001
2019/6/11,9:25:00,G1111,25.209999,25.27,25.309999,25.43,25.440001,25.190001,25.219999,24.18,22.620001,22.799999,24.110001,23.18,22.969999,22.84,23.41,23.799999,24,24.18,24.24
2019/6/11,9:25:00,G1112,NaN,NaN,NaN,NaN,NaN,NaN,NaN,NaN,NaN,NaN,NaN,NaN,NaN,NaN,NaN,NaN,NaN,NaN,NaN
2019/6/11,9:25:00,G1113,25.34,25.48,25.48,25.459999,25.41,25,24.940001,22.91,22.18,22.389999,23.780001,22.950001,22.959999,22.34,23.07,23.639999,23.99,23.92,24.26
2019/6/11,16:30:00,G1101,28.66,28.549999,28.49,28.389999,28.290001,28.24,28,25.780001,24.780001,24.5,24.52,24.32,24.18,24,24.110001,24.049999,24.190001,24.110001,24.01
2019/6/11,16:30:00,G1102,28.51,28.43,28.389999,28.34,28.27,28.24,27.549999,25.540001,25.18,24.6,24.57,24.43,24.139999,24.129999,24.16,24.309999,24.16,24.08,24.01
2019/6/11,16:30:00,G1103,28.280001,28.24,28.209999,28.190001,28.15,28.09,27.280001,25.42,25.09,24.469999,24.43,24.16,24.030001,23.870001,24.08,24.24,24.08,23.940001,23.889999
2019/6/11,16:30:00,G1104,28.190001,28.16,28.120001,28.1,28.07,28.040001,27.24,25.34,25.02,24.51,24.360001,24.27,23.940001,23.889999,24.059999,24.16,23.969999,23.870001,23.82
2019/6/11,16:30:00,G1105,27.879999,27.84,27.84,27.809999,27.799999,27.84,26.940001,25.1,24.75,24.33,24.200001,24.08,23.76,23.57,23.790001,23.98,23.82,23.67,23.709999
2019/6/11,16:30:00,G1106,27.690001,27.639999,27.65,27.629999,27.610001,27.700001,26.84,24.91,24.59,24.17,23.98,23.940001,23.58,23.41,23.6,23.799999,23.719999,23.559999,23.620001
2019/6/11,16:30:00,G1107,27.23,27.26,27.209999,27.16,27.209999,27.299999,26.299999,24.440001,24.02,23.950001,23.66,23.65,23.25,23.440001,23.43,23.5,23.67,23.389999,23.49
2019/6/11,16:30:00,G1108,27.18,27.24,27.18,27.129999,27.200001,27.290001,26.299999,24.42,24.030001,23.940001,23.68,23.66,23.200001,23.48,23.48,23.51,23.719999,23.389999,23.48
2019/6/11,16:30:00,G1109,26.860001,26.950001,26.91,26.83,26.950001,26.99,25.969999,24.049999,23.620001,23.620001,23.57,23.290001,22.950001,23.4,23.690001,23.52,23.92,23.48,23.25
2019/6/11,16:30:00,G1110,26.549999,26.629999,26.59,26.549999,26.549999,26.620001,25.5,23.59,23.25,23.26,23.16,22.84,22.74,23.709999,23.950001,23.98,24.040001,23.77,23.809999
2019/6/11,16:30:00,G1111,26.25,26.24,26.17,26.200001,26.15,26.18,24.870001,23.18,22.92,22.799999,22.83,22.610001,22.51,23.969999,23.889999,23.790001,24.030001,23.83,23.870001
2019/6/11,16:30:00,G1112,NaN,NaN,NaN,NaN,NaN,NaN,NaN,NaN,NaN,NaN,NaN,NaN,NaN,NaN,NaN,NaN,NaN,NaN,NaN
2019/6/11,16:30:00,G1113,25.969999,25.889999,25.83,25.879999,25.83,25.870001,24.43,22.83,22.440001,22.48,22.49,22.51,22.299999,24.09,24.25,23.76,24.17,23.719999,23.59
2019/6/13,7:55:00,G1101,26.42,26.610001,26.809999,26.969999,26.700001,26.889999,26.82,26.16,25.120001,25.059999,24.469999,24.15,24.120001,24.18,24.18,24.190001,24.450001,24.74,24.969999
2019/6/13,7:55:00,G1102,26.48,26.690001,26.82,26.67,26.790001,26.91,26.67,NaN,NaN,NaN,NaN,NaN,24.559999,24.6,NaN,25.139999,25.17,25.17,25.25
2019/6/13,7:55:00,G1103,26.629999,26.709999,26.860001,26.6,26.709999,26.83,26.639999,25.719999,24.450001,24.799999,24.17,24.200001,24.799999,24.6,24.76,25.309999,25.32,25.360001,25.18
2019/6/13,7:55:00,G1104,26.690001,26.77,26.940001,26.549999,26.75,26.809999,26.59,25.610001,24.6,24.75,24.049999,24.24,24.790001,24.559999,24.84,25.299999,25.219999,25.370001,25.110001
2019/6/13,7:55:00,G1105,26.719999,26.799999,26.85,26.379999,26.83,26.719999,26.459999,NaN,24.32,NaN,24.09,NaN,24.389999,24.639999,24.91,25.33,25.25,25.299999,25.620001
2019/6/13,7:55:00,G1106,26.75,26.76,26.77,26.15,26.959999,26.700001,26.389999,25.129999,24.17,24.59,23.85,23.969999,24.459999,24.73,25,25.360001,25.43,25.5,25.93
2019/6/13,7:55:00,G1107,27.08,26.950001,26.92,26.26,27,26.700001,26.190001,24.76,24.870001,24.33,23.540001,23.57,24.25,24.76,25.15,25.530001,25.959999,26.09,26.1
2019/6/13,7:55:00,G1108,27.07,27.049999,26.99,26.34,27.08,26.77,26.200001,24.809999,24.549999,24.360001,24.24,23.65,24.33,24.91,25.370001,25.719999,26.059999,26.26,26.120001
2019/6/13,7:55:00,G1109,27.030001,26.969999,26.969999,26.32,27.02,26.879999,25.959999,24.5,24.309999,24.17,24.75,23.59,24.379999,25.049999,25.5,26.219999,26.1,26.280001,26.09
2019/6/13,7:55:00,G1110,26.92,26.790001,26.790001,26.34,26.76,26.700001,26.01,24.200001,25.219999,24.049999,24.99,23.52,24.629999,25.16,26.01,27.01,27.02,26.48,26.030001
2019/6/13,7:55:00,G1111,26.709999,26.559999,26.58,26.26,26.549999,26.379999,25.940001,23.940001,24.42,NaN,24.73,23.43,24.709999,25.370001,27.030001,27.110001,26.889999,26.43,26.01
2019/6/13,7:55:00,G1112,NaN,NaN,NaN,NaN,NaN,NaN,NaN,NaN,NaN,NaN,NaN,NaN,NaN,NaN,NaN,NaN,NaN,NaN,NaN
2019/6/13,7:55:00,G1113,26.440001,26.25,26.43,25.98,26.370001,26.209999,25.690001,23.67,24.07,23.77,23.42,23.26,25.209999,25.58,27.139999,26.940001,26.6,26.450001,26.15
2019/6/13,15:00:00,G1101,30.01,29.879999,29.799999,29.639999,29.51,29.32,29.09,27.280001,26.360001,26.040001,25.940001,25.889999,25.870001,25.940001,25.93,26.02,26.18,26.379999,26.57
2019/6/13,15:00:00,G1102,29.82,29.74,29.620001,29.540001,29.42,29.280001,28.92,26.440001,NaN,NaN,25.84,26.190001,26.32,26.219999,26.299999,26.23,26.24,26.49,26.5
2019/6/13,15:00:00,G1103,29.610001,29.540001,29.4,29.35,29.24,29.110001,28.719999,26.219999,26.08,25.879999,26.01,26,26.18,26.110001,26.24,26.110001,26.219999,26.35,26.43
2019/6/13,15:00:00,G1104,29.5,29.440001,29.299999,29.25,29.15,29.02,28.610001,26.129999,26.040001,25.860001,25.940001,25.940001,26.1,26.059999,26.219999,26.1,26.27,26.33,26.459999
2019/6/13,15:00:00,G1105,29.190001,29.120001,28.99,28.950001,28.860001,28.719999,28.309999,NaN,NaN,25.540001,25.719999,25.73,25.98,25.98,26.030001,25.98,26.25,26.120001,26.290001
2019/6/13,15:00:00,G1106,29,28.93,28.809999,NaN,28.68,28.530001,28.129999,25.889999,25.690001,25.35,25.620001,25.67,25.940001,25.959999,25.91,25.92,26.25,26.030001,26.219999
2019/6/13,15:00:00,G1107,28.459999,28.440001,28.360001,28.309999,28.219999,28.059999,27.67,25.67,25.27,25.07,25.209999,25.549999,26.059999,25.780001,25.620001,26.01,26.18,25.790001,25.959999
2019/6/13,15:00:00,G1108,28.42,28.389999,28.32,28.27,28.18,28.01,27.629999,25.67,25.26,25.059999,25.51,25.610001,26.309999,25.780001,25.610001,26.030001,26.25,25.799999,25.940001
2019/6/13,15:00:00,G1109,28.030001,27.98,27.98,27.9,27.85,27.639999,27.27,25.469999,25.09,24.82,25.52,25.42,26.780001,25.629999,25.4,25.99,26.4,25.75,25.68
2019/6/13,15:00:00,G1110,27.549999,27.51,27.549999,27.440001,27.42,27.209999,26.84,25.16,24.93,24.940001,25.4,25.17,26.540001,25.540001,25.15,25.76,26.389999,25.860001,25.389999
2019/6/13,15:00:00,G1111,27.059999,27.02,27.030001,26.950001,26.959999,NaN,26.379999,24.84,24.709999,25.02,25.16,25.09,26.25,25.709999,24.809999,25.559999,26.24,26.18,25.25
2019/6/13,15:00:00,G1112,26.93,26.860001,26.889999,26.799999,26.84,26.74,26.190001,24.780001,24.639999,24.290001,24.620001,24.559999,25.07,25.299999,24.860001,25.6,26.219999,26.17,25.4
2019/6/13,15:00:00,G1113,26.700001,26.65,26.690001,26.690001,26.690001,26.66,25.92,24.66,24.57,24.33,25.01,25.42,26.09,26.16,25.120001,25.57,26.209999,26.23,25.870001
2019/6/18,10:20:00,G1101,30.870001,31.139999,30.719999,30.76,30.690001,30.469999,30.299999,29.52,28.700001,28.459999,28.799999,29.42,29.67,29.18,29.01,29.049999,29.120001,29.16,29.209999
2019/6/18,10:20:00,G1102,30.66,31.030001,30.530001,30.469999,30.48,30.33,30.049999,29.34,28.629999,28.34,28.58,29.15,29.190001,29.01,28.91,29.01,29.059999,29.09,29.200001
2019/6/18,10:20:00,G1103,30.360001,30.530001,30.24,30.219999,30.219999,30.129999,29.870001,29.16,28.459999,28.09,28.280001,28.809999,28.82,28.780001,28.719999,28.82,28.9,28.870001,29.09
2019/6/18,10:20:00,G1104,30.26,30.41,30.139999,30.129999,30.15,30.040001,29.790001,29.07,28.379999,28.01,28.16,28.700001,28.719999,28.68,28.629999,28.719999,28.809999,28.82,29.02
2019/6/18,10:20:00,G1105,29.9,29.92,29.82,29.77,29.82,29.73,29.5,28.82,28.110001,27.75,27.83,28.370001,28.309999,NaN,28.309999,28.43,28.540001,28.549999,28.780001
2019/6/18,10:20:00,G1106,29.709999,29.67,29.639999,29.6,29.65,29.549999,29.32,28.610001,27.940001,27.620001,27.68,28.209999,28.110001,28.139999,28.129999,28.27,28.360001,28.41,28.59
2019/6/18,10:20:00,G1107,29.209999,29.040001,29.139999,29.09,29.16,29.110001,28.809999,28.1,27.52,27.43,27.42,27.950001,27.66,27.719999,27.709999,27.940001,27.889999,27.959999,28.129999
2019/6/18,10:20:00,G1108,29.15,29,29.110001,29.059999,29.110001,29.07,28.780001,28.07,27.48,27.440001,27.370001,27.950001,27.610001,27.68,27.67,27.93,27.85,27.92,28.09
2019/6/18,10:20:00,G1109,28.73,28.620001,28.73,28.709999,28.74,28.719999,28.360001,27.700001,27.23,27.27,27.190001,28,27.290001,27.360001,27.450001,27.66,27.49,27.549999,27.73
2019/6/18,10:20:00,G1110,28.23,28.15,28.25,28.23,28.280001,28.26,27.9,27.290001,26.870001,26.99,27.1,27.65,27.17,26.959999,27.129999,27.25,27.049999,27.15,27.27
2019/6/18,10:20:00,G1111,27.709999,27.690001,27.73,27.790001,27.780001,27.780001,27.41,26.879999,26.469999,26.610001,26.809999,27.209999,26.83,26.57,26.719999,26.799999,26.57,26.690001,26.83
2019/6/18,10:20:00,G1112,27.469999,27.459999,27.57,27.620001,27.58,27.59,27.27,26.790001,26.33,26.48,26.690001,27.1,26.77,26.450001,26.65,26.67,26.41,26.51,26.700001
2019/6/18,10:20:00,G1113,27.17,27.23,27.33,27.379999,27.33,27.34,27.040001,26.610001,26.129999,26.299999,26.530001,26.889999,26.610001,26.25,26.51,26.459999,26.190001,26.280001,26.530001
2019/6/24,12:55:00,G1101,28.629999,28.639999,28.5,28.379999,28.299999,28.200001,28.219999,27.49,26.639999,26.209999,25.959999,25.879999,25.790001,25.790001,25.870001,25.84,25.709999,25.709999,25.77
2019/6/24,12:55:00,G1102,28.610001,28.76,28.6,28.43,28.35,28.309999,28.24,27.309999,26.549999,26.209999,26,25.870001,25.74,25.780001,25.870001,25.84,25.719999,25.74,25.799999
2019/6/24,12:55:00,G1103,28.58,28.73,28.59,28.440001,28.41,28.35,28.190001,27.299999,26.41,26.110001,25.969999,25.76,25.639999,25.76,25.889999,25.82,25.67,25.639999,25.690001
2019/6/24,12:55:00,G1104,28.559999,28.68,28.5,28.379999,28.379999,28.32,28.129999,27.290001,26.34,26.059999,25.950001,25.68,25.49,25.65,25.809999,25.74,25.6,25.559999,25.610001
2019/6/24,12:55:00,G1105,28.389999,28.450001,28.33,28.209999,28.17,28.139999,28.02,27.43,26.040001,26,26.34,25.530001,25.48,25.639999,25.780001,25.639999,25.51,25.5,25.48
2019/6/24,12:55:00,G1106,28.25,28.280001,28.200001,28.09,28.059999,28.02,27.91,27.620001,26.07,26.030001,26.459999,25.469999,25.629999,25.690001,25.780001,25.559999,25.459999,25.49,25.43
2019/6/24,12:55:00,G1107,27.82,27.85,27.799999,27.700001,27.66,27.66,27.379999,27.52,26.139999,26.07,26.42,25.709999,25.9,25.959999,25.83,25.610001,25.66,25.860001,25.9
2019/6/24,12:55:00,G1108,27.780001,27.83,27.77,27.67,27.629999,27.629999,27.35,27.51,26.290001,26.09,26.42,25.91,25.879999,25.940001,25.959999,25.67,25.76,25.889999,25.959999
2019/6/24,12:55:00,G1109,27.459999,27.5,27.450001,27.34,27.290001,27.24,27.049999,27.209999,26.5,26.030001,26.209999,26.01,26.040001,26.030001,25.809999,25.790001,25.83,25.870001,25.73
2019/6/24,12:55:00,G1110,26.99,27.040001,27.030001,26.98,26.940001,26.75,26.68,26.85,26.690001,26.049999,26.280001,26.41,26.040001,25.799999,26.030001,26,26.030001,25.92,25.950001
2019/6/24,12:55:00,G1111,26.610001,26.620001,26.66,26.57,26.540001,26.25,26.27,26.440001,26.370001,26.15,26.049999,26.09,25.91,25.85,26.139999,26.059999,26,26.110001,26.1
2019/6/24,12:55:00,G1112,26.450001,26.51,26.52,26.450001,26.450001,26.129999,26.18,26.43,26.219999,26.129999,26,26.02,25.889999,25.860001,26.059999,26.02,25.99,26.110001,26.049999
2019/6/24,12:55:00,G1113,26.27,26.370001,26.35,26.27,26.290001,26.01,25.99,26.370001,26.120001,26.18,25.92,25.889999,25.83,25.85,25.940001,25.940001,25.92,26,25.969999
2019/6/29,10:45:00,G1101,30.889999,30.940001,30.809999,30.57,30.450001,30.309999,30.92,29.540001,28.23,27.719999,27.530001,27.35,27.549999,27.700001,27.92,28.219999,28.379999,28.620001,28.879999
2019/6/29,10:45:00,G1102,30.540001,30.59,30.389999,30.389999,30.24,30.190001,30.68,28.959999,27.92,27.639999,27.469999,27.49,27.68,27.82,27.889999,28.18,28.32,28.549999,28.76
2019/6/29,10:45:00,G1103,30.200001,30.15,30.129999,30.120001,30,30,30.299999,28.76,27.75,27.450001,27.219999,27.48,27.58,27.83,27.719999,27.950001,28.190001,28.219999,28.559999
2019/6/29,10:45:00,G1104,30.110001,30.09,30.09,30,29.92,29.9,30.190001,28.66,27.58,27.379999,26.76,26.809999,27.57,27.75,27.57,27.82,28.129999,28.209999,28.559999
2019/6/29,10:45:00,G1105,29.690001,29.82,29.780001,29.67,29.58,29.620001,29.83,28.4,27.58,27.129999,26.870001,27.77,27.940001,27.639999,27.5,27.540001,27.940001,28.190001,28.42
2019/6/29,10:45:00,G1106,29.459999,29.700001,29.66,29.49,29.43,29.43,29.629999,28.32,27.57,26.969999,26.93,27.84,28.15,27.67,27.540001,27.42,27.83,28.23,28.360001
2019/6/29,10:45:00,G1107,28.959999,29.139999,29.07,28.98,28.940001,28.940001,29.1,28.030001,27.52,26.639999,26.799999,28.02,28.129999,27.75,27.370001,27.370001,27.950001,28.08,28.129999
2019/6/29,10:45:00,G1108,28.93,29.110001,29.030001,28.93,28.889999,28.879999,29.049999,28.059999,27.59,26.629999,26.639999,27.98,28.200001,27.809999,27.42,27.41,28.040001,28.08,28.120001
2019/6/29,10:45:00,G1109,28.540001,28.68,28.639999,28.57,28.540001,28.51,28.68,28.02,27.41,26.33,26.610001,27.91,28.18,27.82,27.34,27.610001,27.879999,27.82,27.870001
2019/6/29,10:45:00,G1110,28.059999,28.25,28.18,28.120001,28.09,28.02,28.23,27.66,27.040001,26.07,26.4,27.700001,28.07,27.549999,27.530001,27.6,27.940001,27.540001,27.66
2019/6/29,10:45:00,G1111,27.559999,27.700001,27.690001,27.620001,27.58,27.540001,27.73,27.309999,26.639999,25.790001,26.200001,27.469999,27.790001,NaN,NaN,NaN,NaN,NaN,NaN
2019/6/29,10:45:00,G1112,NaN,NaN,NaN,NaN,NaN,27.42,27.5,27.190001,26.440001,25.75,26.219999,27.379999,27.65,27.23,27.41,27.790001,27.700001,27.219999,27.110001
2019/6/29,10:45:00,G1113,27.26,27.27,27.17,27.280001,27.110001,27.17,27.290001,27.07,26.280001,25.700001,26.110001,27.24,27.5,27.309999,27.34,27.700001,27.540001,27.469999,26.92
2019/6/30,3:05:00,G1101,29.15,29.219999,29.139999,29,29.16,29.24,29.139999,28.530001,27.940001,27.57,26.26,26.25,26.309999,26.24,26.200001,26.23,26.209999,26.1,26.02
2019/6/30,3:05:00,G1102,29.309999,29.34,29.32,29.200001,29.280001,29.299999,29.32,28.6,27.76,27.1,26.040001,27.59,26.67,26.23,26.49,26.49,26.17,26.200001,26.1
2019/6/30,3:05:00,G1103,29.27,29.25,29.24,29.200001,29.18,29.190001,29.219999,28.83,27.76,27.01,26.4,27.25,26.799999,26.549999,27,26.57,26.26,26.559999,26.83
2019/6/30,3:05:00,G1104,29.23,29.219999,29.190001,29.139999,29.120001,29.139999,29.23,28.969999,27.73,26.709999,26.4,27.690001,26.780001,26.549999,27.08,26.52,26.26,26.65,27.07
2019/6/30,3:05:00,G1105,29.059999,29.059999,29.02,28.93,28.91,28.940001,28.99,28.74,27.73,27.17,26.969999,27.65,26.74,26.879999,27.459999,26.5,26.85,26.969999,27.4
2019/6/30,3:05:00,G1106,28.950001,28.91,28.860001,28.74,28.82,28.790001,28.809999,28.610001,27.57,27.129999,26.77,27.07,26.82,27.049999,27.610001,26.629999,26.940001,27.459999,27.870001
2019/6/30,3:05:00,G1107,28.530001,28.48,28.440001,28.42,28.4,28.41,28.370001,28.190001,27.559999,27.42,26.93,27.43,27.09,27.33,27.41,26.84,26.809999,28.219999,28.42
2019/6/30,3:05:00,G1108,28.469999,28.41,28.370001,28.34,28.32,28.35,28.280001,28.120001,27.5,27.299999,27.040001,27.379999,27.040001,27.309999,27.639999,26.889999,26.9,28.26,28.5
2019/6/30,3:05:00,G1109,28.110001,28.040001,27.99,27.950001,27.950001,27.969999,27.879999,27.74,27.09,26.879999,27.01,27.35,27.18,27.41,27.639999,27.129999,27.16,28.280001,28.559999
2019/6/30,3:05:00,G1110,27.65,27.57,27.530001,27.48,27.469999,27.530001,27.389999,27.25,26.700001,26.9,26.860001,27.18,27.25,27.16,27.129999,27.07,27.209999,28.049999,28.24
2019/6/30,3:05:00,G1111,27.129999,27.059999,27.02,27.02,26.959999,27.01,26.91,26.709999,26.52,26.51,26.59,26.809999,27.040001,27.129999,26.959999,26.879999,27.219999,27.83,28.08
2019/6/30,3:05:00,G1112,26.950001,26.879999,26.85,26.870001,26.809999,26.84,26.76,26.540001,26.389999,26.27,26.6,26.690001,26.92,27.01,26.92,26.790001,27.18,27.700001,28.02
2019/6/30,3:05:00,G1113,26.709999,26.639999,26.620001,26.66,26.59,26.59,26.549999,26.33,26.17,25.959999,26.24,26.639999,26.799999,26.940001,26.76,26.65,27.07,27.620001,27.870001
2019/6/30,10:20:00,G1101,30.91,30.74,31,31.34,31.27,31.52,31.129999,30.6,30.280001,30,28.68,28.6,28.5,28.639999,28.68,28.790001,28.790001,NaN,NaN
2019/6/30,10:20:00,G1102,30.49,30.57,30.83,31,31.059999,30.66,30.75,30.27,30.08,29.59,28.799999,28.74,28.559999,29.030001,NaN,NaN,29.15,29,29.299999
2019/6/30,10:20:00,G1103,30.27,30.26,30.52,30.790001,30.690001,30.450001,NaN,NaN,29.879999,29.41,29.16,28.9,28.77,29.190001,29.02,28.6,29.43,28.85,29.190001
2019/6/30,10:20:00,G1104,NaN,NaN,NaN,NaN,30.57,30.280001,30.360001,29.950001,29.790001,29.33,29.129999,28.969999,29.059999,29.219999,29.059999,28.66,29.440001,28.93,29.469999
2019/6/30,10:20:00,G1105,29.889999,29.860001,30.08,30.24,30.219999,29.870001,29.940001,29.639999,29.5,29.049999,29,28.77,28.940001,29.16,29.139999,29.139999,29.43,29.24,29.49
2019/6/30,10:20:00,G1106,29.690001,29.73,29.91,29.98,29.99,29.75,29.68,29.459999,29.309999,28.93,28.969999,28.639999,28.860001,29.059999,29.030001,29.219999,29.469999,29.42,29.379999
2019/6/30,10:20:00,G1107,29.190001,29.4,29.389999,29.48,29.540001,29.209999,29.17,29.02,28.879999,28.77,28.92,28.790001,28.85,28.889999,28.9,29.23,29.34,29.200001,29.209999
2019/6/30,10:20:00,G1108,29.059999,29.389999,29.280001,29.389999,29.459999,29.110001,29.120001,28.940001,28.809999,28.799999,28.92,28.82,28.870001,28.879999,28.860001,29.219999,29.27,29.139999,29.16
2019/6/30,10:20:00,G1109,28.82,29,29.02,29.120001,29.1,28.73,28.700001,28.59,28.52,28.67,28.66,28.83,28.790001,28.629999,29.01,29.040001,29.049999,28.98,28.91
2019/6/30,10:20:00,G1110,28.559999,28.540001,28.620001,28.700001,28.620001,28.190001,28.26,28.17,28.379999,28.25,28.290001,28.440001,28.629999,28.549999,28.639999,28.780001,28.73,28.68,28.67
2019/6/30,10:20:00,G1111,28.110001,27.98,27.92,28.209999,28.059999,27.74,27.84,27.639999,28.08,27.959999,28.33,28.02,28.290001,28.139999,28.379999,28.290001,28.280001,28.4,28.49
2019/6/30,10:20:00,G1112,28.01,28,27.709999,28.08,27.83,27.58,27.719999,27.48,28.049999,27.889999,28.469999,27.860001,28.18,28.02,28.219999,28.139999,28.110001,28.25,28.440001
2019/6/30,10:20:00,G1113,27.65,27.790001,27.469999,27.870001,27.59,27.440001,27.6,27.32,27.860001,27.73,28.26,27.68,28,27.809999,27.98,28.1,27.870001,28.049999,28.18
2019/6/30,14:25:00,G1101,32.720001,32.75,32.82,32.869999,32.639999,32.259998,32.060001,29.91,28.73,27.74,27.01,26.32,25.92,25.549999,25.16,25.440001,25.77,25.65,25.440001
2019/6/30,14:25:00,G1102,32.450001,32.439999,32.59,32.66,32.369999,32.16,31.85,29.57,28.32,27.030001,26.440001,25.620001,25.299999,24.940001,24.99,25.469999,25.860001,25.74,25.290001
2019/6/30,14:25:00,G1103,32.220001,32.18,32.310001,32.41,32.16,31.98,31.65,29.440001,28.32,26.969999,26.5,26.1,26.17,26.200001,26.23,26.26,26.17,27.32,25.68
2019/6/30,14:25:00,G1104,32.139999,32.099998,32.220001,32.34,32.09,31.92,31.59,29.290001,28.190001,27.299999,26.58,26.389999,26.32,26.43,26.370001,26.49,26.190001,27.389999,25.639999
2019/6/30,14:25:00,G1105,31.799999,31.860001,31.889999,31.950001,31.780001,31.66,31.52,28.860001,27.790001,26.85,26.799999,26.549999,26.219999,26.370001,26.969999,27.07,26.799999,27.43,25.629999
2019/6/30,14:25:00,G1106,31.65,31.709999,31.76,31.780001,31.6,31.459999,31.280001,28.610001,27.65,26.91,26.940001,26.540001,25.940001,26.25,26.99,27.07,26.91,27.379999,25.35
2019/6/30,14:25:00,G1107,31.200001,31.219999,31.360001,31.26,31.08,31.01,30.889999,28.059999,27.280001,26.83,27.1,26.34,25.92,26.68,27.209999,27.280001,27.139999,27.18,25.469999
2019/6/30,14:25:00,G1108,31.120001,31.17,31.299999,31.18,31,30.950001,30.82,28.15,27.24,26.73,26.99,26.200001,25.959999,26.709999,27.32,27.34,27.190001,27.190001,25.49
2019/6/30,14:25:00,G1109,30.75,30.780001,30.91,30.780001,30.620001,30.559999,30.450001,27.719999,26.83,26.950001,27.27,26.360001,25.969999,26.74,27.33,27.24,26.93,27.040001,25.42
2019/6/30,14:25:00,G1110,30.26,30.35,30.450001,30.290001,30.15,30.129999,29.99,27.57,26.370001,26.799999,27.09,26.17,25.780001,26.58,27.059999,27.200001,27.040001,26.700001,25.879999
2019/6/30,14:25:00,G1111,29.77,29.860001,29.98,29.77,29.629999,29.629999,29.530001,27.34,26,26.709999,26.870001,25.75,25.540001,26.24,27,27.01,27,26.389999,26.139999
2019/6/30,14:25:00,G1112,29.59,29.719999,29.85,29.610001,29.49,29.469999,29.43,27.32,26.02,26.57,26.93,25.870001,25.959999,26.26,26.98,26.950001,26.879999,26.33,26.209999
2019/6/30,14:25:00,G1113,29.32,29.5,29.59,29.35,29.280001,29.26,29.25,27.200001,26.059999,26.49,26.629999,25.57,25.219999,26.110001,26.93,26.780001,26.73,26.17,26.059999
2019/7/3,15:05:00,G1101,28.33,28.389999,28.43,28.389999,28.34,28.280001,28.07,27.120001,26.6,26.129999,25.940001,26.040001,25.92,25.799999,25.74,25.719999,25.67,25.629999,25.68
2019/7/3,15:05:00,G1102,28.25,28.33,28.370001,28.32,28.299999,28.27,27.85,26.809999,26.24,25.860001,25.91,26.049999,25.9,25.73,25.709999,25.68,25.6,25.639999,25.66
2019/7/3,15:05:00,G1103,28.030001,28.129999,28.17,28.120001,28.120001,28.139999,27.780001,26.66,26.290001,25.889999,25.77,25.889999,25.77,25.66,25.59,25.530001,25.5,25.52,25.549999
2019/7/3,15:05:00,G1104,27.940001,28.040001,28.07,28.02,28.030001,28.040001,27.68,26.719999,26.209999,25.799999,25.719999,25.790001,25.67,25.549999,25.530001,25.469999,25.41,25.450001,25.469999
2019/7/3,15:05:00,G1105,27.639999,27.73,27.76,27.73,27.75,27.74,27.379999,26.5,25.940001,25.690001,25.57,25.52,25.459999,25.290001,25.280001,25.27,25.219999,25.25,25.26
2019/7/3,15:05:00,G1106,27.459999,27.530001,27.57,27.549999,27.559999,27.549999,27.190001,26.219999,25.77,25.52,25.389999,25.32,25.290001,25.139999,25.1,25.1,25.059999,25.09,25.129999
2019/7/3,15:05:00,G1107,27.049999,27.1,27.120001,27.110001,27.110001,27.1,26.700001,25.940001,25.469999,25.610001,25.18,25,25.040001,24.790001,24.780001,24.82,24.799999,24.9,24.799999
2019/7/3,15:05:00,G1108,26.98,27.030001,27.040001,27.059999,27.059999,27.040001,26.639999,25.92,25.379999,25.66,25.23,24.98,25,24.75,24.74,24.77,24.76,24.85,24.790001
2019/7/3,15:05:00,G1109,26.6,26.690001,26.66,26.75,26.719999,26.66,26.27,25.42,25.17,25.440001,24.99,24.629999,24.65,24.49,24.43,24.48,24.42,24.57,24.5
2019/7/3,15:05:00,G1110,26.17,26.26,26.18,26.389999,26.280001,26.219999,25.860001,24.93,24.73,25.190001,24.780001,24.35,24.33,24.17,24.139999,24.17,24.129999,24.25,24.309999
2019/7/3,15:05:00,G1111,25.77,25.790001,25.700001,25.93,25.780001,25.73,25.27,24.459999,24.67,24.940001,24.43,24.049999,23.940001,23.76,24.030001,23.879999,23.860001,24.059999,24.129999
2019/7/3,15:05:00,G1112,25.610001,25.620001,25.559999,25.75,25.620001,25.58,25.24,24.360001,24.82,24.860001,24.33,23.940001,23.9,23.74,23.92,23.82,23.83,24.049999,24.15
2019/7/3,15:05:00,G1113,25.43,25.389999,25.389999,25.51,25.450001,25.42,25.040001,24.1,24.950001,24.799999,24.24,23.790001,23.84,23.65,23.82,23.700001,23.76,24.049999,24.129999
2019/7/4,17:15:00,G1101,30.040001,30.110001,30.030001,30.040001,29.950001,30,29.9,29.200001,27.59,27.42,27.6,27.790001,27.9,28.02,28.040001,28.16,28.059999,27.99,27.99
2019/7/4,17:15:00,G1102,30.01,30.190001,30.01,29.99,30,29.950001,29.99,28.870001,27.530001,27.59,27.75,28.1,28.09,28.110001,28.33,28.200001,28.110001,28.08,28.08
2019/7/4,17:15:00,G1103,29.870001,30.059999,29.85,29.92,29.84,29.799999,29.889999,28.950001,27.540001,27.74,27.780001,28.24,28.16,28.110001,28.309999,28.24,28.120001,28.09,28
2019/7/4,17:15:00,G1104,29.790001,29.98,29.77,29.860001,29.76,29.75,29.82,28.809999,27.459999,27.76,27.799999,28.290001,28.139999,28.1,28.27,28.18,28.049999,28.049999,28.01
2019/7/4,17:15:00,G1105,29.549999,29.709999,29.52,29.6,29.530001,29.51,29.57,28.59,27.35,27.700001,27.75,28.129999,27.950001,27.99,28.1,28.030001,27.870001,27.889999,28.01
2019/7/4,17:15:00,G1106,29.41,29.530001,29.32,29.42,29.360001,29.389999,29.4,28.33,27.18,27.610001,27.66,28,27.84,27.860001,27.93,27.9,27.77,27.790001,27.950001
2019/7/4,17:15:00,G1107,29.07,29.09,28.9,29,28.969999,29.01,29.040001,27.91,26.889999,27.559999,27.76,27.73,27.530001,27.48,27.51,27.559999,27.530001,27.559999,27.58
2019/7/4,17:15:00,G1108,29,29.030001,28.84,28.93,28.9,28.950001,29,27.889999,26.860001,27.52,27.73,27.68,27.51,27.450001,27.469999,27.51,27.51,27.52,27.559999
2019/7/4,17:15:00,G1109,28.66,28.65,28.559999,28.59,28.530001,28.59,28.66,27.469999,26.49,27.25,27.52,27.379999,27.190001,27.139999,27.120001,27.24,27.25,27.309999,27.209999
2019/7/4,17:15:00,G1110,28.200001,28.18,28.120001,28.129999,28.059999,28.129999,28.15,26.98,26.18,26.959999,27.09,26.950001,26.780001,26.799999,26.700001,26.82,26.85,26.889999,26.77
2019/7/4,17:15:00,G1111,27.700001,27.66,27.639999,27.66,27.540001,27.65,27.67,26.370001,25.92,26.530001,26.59,26.459999,26.34,26.360001,26.25,26.360001,26.389999,26.379999,26.360001
2019/7/4,17:15:00,G1112,27.530001,27.49,27.49,27.5,27.370001,27.49,27.51,26.33,25.84,26.379999,26.41,26.299999,26.200001,26.209999,26.1,26.190001,26.23,26.209999,26.26
2019/7/4,17:15:00,G1113,27.290001,27.27,27.25,27.290001,27.129999,27.25,27.280001,26.190001,25.709999,26.18,26.18,26.059999,25.98,25.969999,25.889999,25.950001,25.99,25.98,26.120001
2019/7/10,6:20:00,G1101,28.389999,28.459999,28.4,28.379999,28.02,27.629999,27.290001,26.290001,25.719999,25.76,25.67,25.66,25.73,25.790001,26.030001,26,25.98,26.190001,26.26
2019/7/10,6:20:00,G1102,28.450001,28.4,28.35,28.200001,27.889999,27.530001,27.17,26.219999,25.629999,25.889999,25.799999,25.940001,26.110001,26.129999,26.370001,26.25,26.129999,26.389999,26.32
2019/7/10,6:20:00,G1103,28.290001,28.24,28.200001,27.969999,27.690001,27.34,26.98,26.09,25.540001,25.879999,25.780001,26.08,26.129999,26.280001,26.379999,26.35,26.18,26.370001,26.25
2019/7/10,6:20:00,G1104,28.209999,28.18,28.129999,27.870001,27.57,27.26,26.889999,26.08,25.530001,25.85,25.799999,26.110001,26.209999,26.280001,26.370001,26.4,26.23,26.440001,26.25
2019/7/10,6:20:00,G1105,27.950001,27.93,27.879999,27.639999,27.200001,26.99,26.639999,26.08,25.6,25.790001,25.690001,26.030001,26.15,26.23,26.25,26.620001,26.34,26.5,26.389999
2019/7/10,6:20:00,G1106,27.790001,27.77,27.75,27.48,26.98,26.83,26.459999,25.889999,25.59,25.700001,25.6,26.02,26.15,26.16,26.17,26.93,26.59,26.49,26.450001
2019/7/10,6:20:00,G1107,27.4,27.4,27.370001,26.99,26.530001,26.49,26.08,25.99,25.530001,25.51,25.59,26.07,26.129999,26,25.98,27.129999,27.02,26.73,26.65
2019/7/10,6:20:00,G1108,27.34,27.34,27.33,26.98,26.5,26.450001,26.120001,25.959999,25.540001,25.530001,25.58,26.08,26.1,25.969999,25.969999,27.290001,27.110001,26.77,26.700001
2019/7/10,6:20:00,G1109,27.02,27.02,27.01,26.65,26.200001,26.360001,25.790001,25.629999,25.43,25.25,25.309999,25.950001,25.92,25.75,25.82,27.07,27.09,26.74,26.860001
2019/7/10,6:20:00,G1110,26.68,26.639999,26.690001,26.32,25.709999,26.02,25.379999,25.26,24.629999,24.98,25.24,25.700001,25.620001,25.540001,25.68,26.85,26.93,26.82,26.709999
2019/7/10,6:20:00,G1111,26.34,26.23,26.309999,25.9,25.24,25.610001,24.93,24.75,25.01,24.700001,24.98,25.68,25.219999,25.469999,25.42,26.52,26.73,26.66,26.540001
2019/7/10,6:20:00,G1112,26.190001,26.110001,26.200001,25.83,25.139999,25.43,24.780001,24.549999,24.629999,24.66,24.870001,26.01,25.1,25.540001,25.309999,26.51,26.68,26.610001,26.440001
2019/7/10,6:20:00,G1113,26.049999,25.93,25.98,25.629999,24.98,25.26,24.6,24.360001,24.360001,24.540001,24.68,26.379999,24.870001,25.65,25.18,26.540001,26.620001,26.52,26.24
2019/7/14,13:25:00,G1101,30.469999,30.41,30.639999,30.48,30.25,30.040001,29.92,28.379999,26.690001,26.42,26.370001,26.1,26.190001,26.43,26.459999,26.52,26.6,26.84,26.860001
2019/7/14,13:25:00,G1102,30.219999,30.23,30.51,30.33,30.08,29.860001,29.83,27.639999,26.540001,26.24,26.09,26.290001,26.35,26.360001,26.290001,26.51,26.68,26.860001,26.9
2019/7/14,13:25:00,G1103,29.99,29.98,30.190001,30.129999,29.870001,29.66,29.66,27.42,26.32,26.200001,25.969999,26.26,26.450001,26.389999,26.309999,26.43,26.73,26.780001,26.809999
2019/7/14,13:25:00,G1104,29.889999,29.9,30.049999,30.01,29.780001,29.58,29.59,27.43,26.190001,26.08,25.93,26.17,26.49,26.360001,26.299999,26.41,26.76,26.75,26.82
2019/7/14,13:25:00,G1105,29.549999,29.57,29.66,29.68,29.4,29.26,29.309999,27.360001,26.02,25.889999,25.709999,25.879999,26.43,26.299999,26.360001,26.280001,26.59,26.57,26.67
2019/7/14,13:25:00,G1106,29.379999,29.4,29.42,29.52,29.209999,29.09,29.129999,27.17,25.870001,25.790001,25.57,25.790001,26.35,26.33,26.32,26.15,26.43,26.43,26.540001
2019/7/14,13:25:00,G1107,28.82,28.860001,28.879999,29,28.690001,28.68,28.709999,26.77,25.66,25.709999,25.49,25.870001,26.370001,26.309999,26,25.889999,26.16,26.120001,26.559999
2019/7/14,13:25:00,G1108,28.77,28.83,28.799999,28.950001,28.58,28.620001,28.66,26.709999,25.540001,25.780001,25.530001,25.860001,26.32,26.32,25.969999,25.870001,26.120001,26.1,26.65
2019/7/14,13:25:00,G1109,28.389999,28.41,28.379999,28.549999,28.26,28.290001,28.290001,26.360001,25.18,25.5,25.370001,26.23,26.27,26.209999,25.780001,25.639999,25.860001,26,26.83
2019/7/14,13:25:00,G1110,27.940001,27.950001,27.84,28.1,27.82,27.889999,27.82,26.049999,24.77,25.370001,25.190001,26.48,26.48,25.92,25.49,25.33,25.65,26.280001,27.16
2019/7/14,13:25:00,G1111,27.41,27.42,27.309999,27.540001,27.32,27.51,27.32,25.66,24.58,25.110001,25.059999,26.49,26.559999,25.98,25.35,25.08,25.559999,27.02,27.139999
2019/7/14,13:25:00,G1112,27.25,27.139999,27.120001,27.370001,27.08,27.33,27.17,25.6,24.65,25.25,25.16,26.309999,26.440001,25.9,25.540001,25.16,25.879999,27.09,27.059999
2019/7/14,13:25:00,G1113,27,26.790001,26.940001,27.120001,26.91,27.15,26.93,25.459999,24.700001,25.120001,25.540001,26.110001,26.26,25.75,25.860001,25.209999,25.799999,27.02,27.09
2019/7/18,17:10:00,G1101,32.32,32.119999,31.889999,31.540001,31.309999,31.389999,31.35,27.82,25.959999,24.280001,24.200001,25.6,26.690001,26.74,26.690001,27.030001,27.25,27.49,27.530001
2019/7/18,17:10:00,G1102,32.259998,32,31.709999,31.4,31.26,31.41,31.35,26.690001,25.950001,25.469999,25.76,26.76,27.690001,27.32,27.370001,27.389999,27.49,27.610001,27.65
2019/7/18,17:10:00,G1103,32.150002,31.889999,31.540001,31.209999,31.09,31.280001,31.200001,26.809999,25.790001,25.4,27.459999,27.4,27.959999,28.370001,27.83,27.57,27.52,27.639999,27.65
2019/7/18,17:10:00,G1104,32.060001,31.82,31.450001,31.120001,31.030001,31.219999,31.139999,26.57,25.76,25.82,27.799999,27.74,28.139999,28.58,28.26,27.67,27.49,27.700001,27.68
2019/7/18,17:10:00,G1105,31.85,31.549999,31.129999,30.780001,30.799999,30.98,30.870001,26.6,26.08,26.950001,27.780001,28.23,29.85,28.860001,28.959999,28.1,27.51,27.68,27.83
2019/7/18,17:10:00,G1106,31.719999,31.379999,30.99,30.6,30.629999,30.83,30.690001,25.530001,25.870001,26.940001,27.82,28.219999,29.68,29.280001,29.32,28.23,27.65,27.92,28.049999
2019/7/18,17:10:00,G1107,31.35,30.92,30.5,30.16,30.309999,30.41,30.24,25.219999,26.129999,27.59,27.809999,28.25,29.67,30.59,29.309999,28.549999,28.610001,28.51,28.620001
2019/7/18,17:10:00,G1108,31.309999,30.860001,30.450001,30.110001,30.25,30.360001,30.18,25.389999,26.209999,27.67,27.73,28.25,29.719999,30.719999,29.41,28.690001,28.67,28.68,28.68
2019/7/18,17:10:00,G1109,30.98,30.469999,30.07,29.75,29.85,30,29.82,25.209999,26.23,27.23,27.49,28.35,29.629999,30.379999,29.76,29.190001,28.530001,29.15,28.969999
2019/7/18,17:10:00,G1110,30.610001,30.040001,29.639999,29.360001,29.4,29.57,29.35,24.52,25.049999,27.09,27.120001,28.219999,29.34,29.790001,29.799999,29.190001,28.610001,29.25,29.02
2019/7/18,17:10:00,G1111,30.200001,29.610001,29.190001,28.99,28.92,29.08,28.77,23.9,26.35,27.07,27.030001,28.07,29.26,29.540001,29.92,28.98,28.91,29.48,29.08
2019/7/18,17:10:00,G1112,30.17,29.42,29.200001,28.879999,28.75,28.950001,28.67,24.17,25.799999,26.67,26.969999,28.16,29.280001,30.030001,29.93,28.950001,29.110001,29.610001,29.17
2019/7/18,17:10:00,G1113,30.08,29.280001,29.1,28.690001,28.52,28.709999,28.4,23.73,25.66,26.41,26.82,28.139999,29.219999,30.190001,29.9,28.84,29.040001,29.719999,29.59
2019/7/19,12:25:00,G1101,32.220001,32.32,32.07,32.200001,32.18,32.360001,32.27,31.040001,29.24,29,28.540001,27.969999,27.459999,27.139999,27.030001,26.959999,26.809999,27.040001,26.58
2019/7/19,12:25:00,G1102,32.110001,31.969999,32,32.080002,32.07,32.240002,32.169998,30.6,29,28.860001,28.469999,27.73,27.32,27.219999,27.110001,27.01,27.01,26.940001,26.57
2019/7/19,12:25:00,G1103,31.91,31.709999,31.82,31.889999,31.92,32.009998,32,30.48,28.84,28.74,28.41,27.6,27.280001,27.049999,26.99,26.91,26.99,26.959999,26.59
2019/7/19,12:25:00,G1104,31.83,31.610001,31.719999,31.809999,31.84,31.889999,31.91,30.34,28.790001,28.690001,28.35,27.48,27.23,26.969999,26.889999,26.85,26.940001,26.889999,26.51
2019/7/19,12:25:00,G1105,31.459999,31.280001,31.42,31.57,31.530001,31.59,31.639999,30.02,28.530001,28.5,28.18,27.23,27,26.799999,26.620001,26.629999,26.67,26.639999,26.34
2019/7/19,12:25:00,G1106,31.26,31.120001,31.219999,31.42,31.360001,31.459999,31.459999,29.889999,28.370001,28.35,28,27.01,26.9,26.68,26.440001,26.610001,26.48,26.469999,26.23
2019/7/19,12:25:00,G1107,30.85,30.700001,30.82,30.98,30.98,31.030001,31,29.450001,28.030001,28.200001,27.639999,26.65,26.690001,26.41,26.08,26.51,26.049999,26.280001,26.059999
2019/7/19,12:25:00,G1108,30.780001,30.65,30.74,30.93,30.93,30.969999,30.940001,29.389999,27.950001,28.139999,27.6,26.620001,26.629999,26.34,26.049999,26.52,25.940001,26.26,26.02
2019/7/19,12:25:00,G1109,30.42,30.290001,30.42,30.57,30.549999,30.58,30.57,29.030001,27.77,27.92,27.26,26.360001,26.379999,26.040001,25.889999,26.129999,25.73,26.02,26.389999
2019/7/19,12:25:00,G1110,29.940001,29.84,30.040001,30.120001,30.120001,30.059999,30.129999,28.690001,27.41,27.639999,26.9,25.969999,26.309999,25.9,25.68,25.91,25.84,25.82,26.32
2019/7/19,12:25:00,G1111,29.450001,29.34,29.6,29.629999,29.68,29.559999,29.629999,28.25,27.110001,27.41,26.48,25.59,26.190001,25.870001,25.49,25.719999,25.91,25.879999,27.370001
2019/7/19,12:25:00,G1112,29.290001,29.190001,29.43,29.469999,29.559999,29.41,29.469999,28.15,27.030001,27.26,26.42,25.559999,25.959999,26,25.450001,25.700001,25.879999,26.030001,27.52
2019/7/19,12:25:00,G1113,29.049999,29,29.18,29.23,29.360001,29.16,29.25,27.98,26.889999,27.25,26.290001,25.379999,26.059999,25.879999,25.610001,25.540001,25.809999,26.790001,27.48
2019/7/25,10:20:00,G1101,30.360001,29.719999,29.48,29.48,29.48,29.389999,29.23,28.280001,27.370001,27.35,27.6,27.98,28.59,29.139999,29.639999,29.639999,29.83,30.16,30.370001
2019/7/25,10:20:00,G1102,30.059999,29.57,29.4,29.51,29.58,29.450001,28.959999,27.9,27.43,27.559999,27.66,28.16,28.610001,28.889999,29.530001,29.52,29.540001,29.76,30.290001
2019/7/25,10:20:00,G1103,29.91,29.540001,29.32,29.48,29.48,29.379999,28.780001,27.790001,27.559999,27.68,27.799999,28.01,28.389999,28.629999,29.309999,29.129999,29.25,29.469999,29.860001
2019/7/25,10:20:00,G1104,29.82,29.52,29.290001,29.43,29.42,29.32,28.709999,27.780001,27.68,27.6,27.790001,27.969999,28.309999,28.559999,29.17,29.02,29.18,29.370001,29.75
2019/7/25,10:20:00,G1105,29.5,29.290001,29.24,29.25,29.200001,29.040001,28.469999,27.74,27.75,27.58,27.75,27.860001,28,28.24,28.799999,28.73,28.76,29.02,29.35
2019/7/25,10:20:00,G1106,29.309999,29.129999,29.09,29.110001,29.040001,28.9,28.34,27.790001,27.65,27.610001,27.700001,27.82,27.860001,28.09,28.629999,28.57,28.629999,28.82,29.110001
2019/7/25,10:20:00,G1107,28.860001,28.66,28.65,28.690001,28.629999,28.549999,27.83,27.530001,27.610001,27.42,27.370001,27.42,27.52,27.82,27.92,28.17,28.17,28.309999,28.549999
2019/7/25,10:20:00,G1108,28.809999,28.59,28.59,28.629999,28.58,28.51,27.85,27.5,27.75,27.440001,27.32,27.34,27.49,27.889999,27.889999,28.139999,28.190001,28.24,28.440001
2019/7/25,10:20:00,G1109,28.52,28.219999,28.209999,28.24,28.219999,28.15,27.629999,27.32,27.469999,27.18,27.030001,27.049999,27.389999,27.75,27.6,27.73,27.879999,27.83,28.030001
2019/7/25,10:20:00,G1110,28.07,27.77,27.77,27.780001,27.809999,27.74,27.360001,26.809999,27.09,26.870001,26.57,27.4,27.24,27.48,27.27,27.299999,27.559999,27.35,27.690001
2019/7/25,10:20:00,G1111,27.549999,27.290001,27.290001,27.280001,27.34,27.27,26.969999,26.74,26.639999,26.540001,26.27,27.209999,27.059999,26.959999,26.99,26.91,27.129999,26.879999,27.309999
2019/7/25,10:20:00,G1112,27.32,27.15,27.120001,27.139999,27.200001,27.1,26.91,26.709999,26.559999,26.459999,26.309999,27.129999,26.969999,26.85,26.879999,26.82,27.040001,26.709999,27.08
2019/7/25,10:20:00,G1113,27.1,26.91,26.889999,26.93,26.969999,26.889999,26.77,26.549999,26.32,26.389999,26.290001,26.92,26.790001,26.59,26.780001,26.73,26.83,26.469999,26.99
2019/7/29,17:10:00,G1101,30.18,30.25,30.17,29.98,30.030001,29.860001,29.57,27.65,26.190001,26.059999,26.15,25.91,25.690001,25.879999,26.139999,25.73,25.6,25.42,25.530001
2019/7/29,17:10:00,G1102,30.389999,30.440001,30.360001,29.98,30.16,29.82,29.43,27.309999,26.120001,26.08,26.18,25.690001,25.790001,26.17,26.110001,25.6,25.610001,25.530001,25.700001
2019/7/29,17:10:00,G1103,30.35,30.34,30.24,29.93,30.01,29.889999,29.309999,27.190001,26.059999,26.049999,26.1,25.84,25.799999,26.15,26.08,25.530001,25.6,25.48,25.639999
2019/7/29,17:10:00,G1104,30.24,30.27,30.139999,29.860001,29.93,29.83,29.24,27.07,26.01,25.98,26.02,25.77,25.780001,26.139999,25.959999,25.48,25.49,25.440001,25.58
2019/7/29,17:10:00,G1105,29.99,30.01,29.860001,29.639999,29.66,29.5,28.870001,26.719999,25.84,25.77,25.76,25.440001,25.75,25.98,25.790001,25.26,25.290001,25.25,25.25
2019/7/29,17:10:00,G1106,29.809999,29.809999,29.66,29.51,29.48,29.34,28.709999,26.65,25.67,25.639999,25.66,25.469999,25.77,25.879999,25.67,25.129999,25.129999,25.219999,25.15
2019/7/29,17:10:00,G1107,29.379999,29.379999,29.190001,29.049999,29.030001,28.870001,28.23,26.379999,25.370001,25.4,25.620001,25.299999,25.629999,25.49,25.219999,24.700001,25.23,25.02,25
2019/7/29,17:10:00,G1108,29.32,29.32,29.120001,28.98,28.959999,28.799999,28.17,26.35,25.280001,25.4,25.67,25.219999,25.639999,25.440001,25.209999,24.690001,25.24,24.98,25.01
2019/7/29,17:10:00,G1109,28.940001,28.92,28.780001,28.610001,28.59,28.459999,27.790001,26.190001,25.41,25.5,25.709999,25.110001,25.370001,25.110001,24.879999,24.51,24.940001,24.700001,24.83
2019/7/29,17:10:00,G1110,28.52,28.42,28.309999,28.15,28.110001,28,27.309999,26.08,25.59,25.639999,25.969999,24.889999,25.02,24.690001,24.379999,24.440001,24.639999,24.549999,24.58
2019/7/29,17:10:00,G1111,28.059999,27.9,27.75,27.65,27.6,27.5,26.799999,25.65,25.34,25.52,25.9,24.68,24.610001,24.25,23.92,24.18,24.75,24.42,24.200001
2019/7/29,17:10:00,G1112,27.860001,27.76,27.58,27.5,27.43,27.32,26.690001,25.42,25.450001,25.440001,25.780001,24.809999,24.540001,24.139999,23.860001,24,24.77,24.41,24.15
2019/7/29,17:10:00,G1113,27.68,27.49,27.290001,27.25,27.18,27.040001,26.379999,25.32,25.219999,25.5,25.73,24.75,24.32,23.92,23.75,23.940001,24.68,24.51,24.059999
2019/8/8,17:40:00,G1101,35.75,36.209999,35.5,35.84,36.060001,36.189999,36.66,35.360001,34.360001,34.049999,33.84,33.880001,33.919998,33.970001,33.57,32.689999,32.599998,32.41,32.25
2019/8/8,17:40:00,G1102,35.68,36.310001,35.68,35.549999,36.16,36.029999,36.599998,35.299999,35.049999,34.759998,34,34.139999,33.959999,34.27,33.330002,32.759998,32.630001,32.549999,32.330002
2019/8/8,17:40:00,G1103,35.779999,35.939999,35.540001,35.349998,35.98,35.900002,36.349998,36.02,35.919998,34.790001,34.060001,34.139999,34.080002,34.18,33.41,32.790001,32.610001,32.52,32.279999
2019/8/8,17:40:00,G1104,35.619999,35.939999,35.52,35.23,35.650002,35.830002,36.240002,36.259998,35.990002,34.75,34.049999,34.07,34.080002,34.099998,33.380001,32.75,32.52,32.48,32.209999
2019/8/8,17:40:00,G1105,35.439999,35.490002,35.029999,NaN,35.48,35.509998,35.77,35.689999,35.389999,34.720001,33.990002,33.799999,33.849998,33.810001,33.220001,32.5,32.27,32.330002,32.02
2019/8/8,17:40:00,G1106,35.32,35.470001,34.689999,34.509998,35.25,35.330002,35.52,35.509998,35.299999,34.700001,34.02,33.66,33.66,33.639999,33.209999,32.34,32.18,32.18,31.9
2019/8/8,17:40:00,G1107,34.82,34.66,34.130001,34.189999,34.57,34.830002,34.970001,34.810001,34.66,34.419998,33.799999,33.290001,33.209999,33.240002,32.560001,31.92,31.889999,31.809999,31.639999
2019/8/8,17:40:00,G1108,34.82,34.66,34.09,34.200001,34.619999,34.790001,34.959999,34.869999,34.66,34.41,33.740002,33.220001,33.169998,33.200001,32.540001,31.889999,31.889999,31.77,31.68
2019/8/8,17:40:00,G1109,34.400002,34.080002,33.59,33.990002,34.310001,34.419998,34.599998,34.259998,34.169998,34.060001,33.400002,32.98,32.91,32.869999,32.41,31.75,31.91,31.780001,31.620001
2019/8/8,17:40:00,G1110,33.919998,33.200001,33.02,33.41,33.82,34.009998,34.099998,33.73,33.650002,33.68,32.959999,32.669998,32.709999,32.529999,32.110001,31.540001,31.74,31.709999,31.549999
2019/8/8,17:40:00,G1111,33,32.470001,32.509998,32.75,33.150002,33.310001,33.27,33.130001,33.119999,33.02,32.459999,32.419998,32.32,32.18,31.83,31.129999,31.4,31.360001,31.639999
2019/8/8,17:40:00,G1112,32.98,32.439999,32.450001,32.82,33.150002,33.200001,33.380001,33.099998,32.939999,32.779999,32.290001,32.32,32.349998,32.07,31.74,31.02,31.32,31.309999,31.58
2019/8/8,17:40:00,G1113,32.709999,32.259998,32.209999,32.630001,32.84,33,33.110001,32.66,32.560001,32.5,32.07,32.099998,32.169998,31.879999,31.559999,30.9,31.17,31.200001,31.360001
2019/8/8,21:05:00,G1101,31.120001,31.209999,31.049999,31.040001,31.219999,31.440001,31.530001,30.889999,29.629999,27.549999,26.889999,26.27,26.58,28.41,29.24,26.530001,26.549999,26.75,26.799999
2019/8/8,21:05:00,G1102,31.27,31.370001,31.25,31.42,31.59,31.6,31.620001,30.99,28.93,27.190001,26.969999,26.68,28.6,29.33,30.219999,26.799999,26.940001,26.969999,26.879999
2019/8/8,21:05:00,G1103,31.309999,31.5,31.5,31.530001,31.58,31.58,31.52,30.91,29.07,26.76,27.52,26.75,28.889999,29.780001,30.48,27.299999,27.379999,27.049999,26.92
2019/8/8,21:05:00,G1104,31.309999,31.49,31.49,31.450001,31.52,31.540001,31.450001,30.860001,29,27.450001,27.530001,27.16,28.75,30.17,30.52,27.5,27.43,27.01,26.889999
2019/8/8,21:05:00,G1105,31.17,31.24,31.219999,31.209999,31.290001,31.34,31.23,30.700001,28.41,27.549999,27.65,27.700001,28.52,30.440001,30.42,27.790001,27.43,26.91,26.719999
2019/8/8,21:05:00,G1106,31.030001,31.059999,31.040001,31.07,31.16,31.190001,31.07,30.459999,28.59,27.35,27.41,28.26,28.93,30.610001,30.700001,28.33,27.389999,26.82,26.719999
2019/8/8,21:05:00,G1107,30.66,30.700001,30.67,30.65,30.879999,30.879999,30.809999,29.959999,28.290001,27.24,27.959999,28.450001,28.889999,30.15,30.959999,29.620001,27.24,26.809999,26.940001
2019/8/8,21:05:00,G1108,30.59,30.66,30.639999,30.610001,30.860001,30.85,30.780001,29.889999,28.23,27.59,27.82,28.52,29.18,30.33,31.08,29.65,27.200001,26.780001,26.98
2019/8/8,21:05:00,G1109,30.23,30.43,30.379999,30.49,30.65,30.610001,30.549999,29.48,28,28.33,28.129999,28.24,29.41,30.120001,30.879999,29.629999,27.57,26.790001,27.209999
2019/8/8,21:05:00,G1110,29.93,30.450001,30.190001,30.43,30.360001,30.280001,30.190001,29.059999,27.639999,27.18,28.139999,28.27,28.67,29.9,30.57,29.389999,27.719999,26.65,27.110001
2019/8/8,21:05:00,G1111,30.200001,30.48,30.16,30.370001,30.02,30.049999,29.92,28.690001,27.360001,27.889999,28.01,28.040001,28.6,29.559999,30.16,29.18,27.780001,26.870001,27.379999
2019/8/8,21:05:00,G1112,30.200001,30.469999,30.4,30.379999,30.07,30.07,29.959999,28.59,27.280001,27.610001,27.99,28,28.59,29.51,30.07,29.360001,27.76,27.040001,27.5
2019/8/8,21:05:00,G1113,30.459999,30.379999,30.309999,30.370001,30.120001,30.030001,29.98,28.389999,27.48,27.799999,27.950001,28.139999,28.280001,29.48,30.09,29.17,27.68,27.290001,27.540001
2019/8/17,12:00:00,G1101,31.27,31.16,30.91,30.83,30.9,30.74,30.610001,30.09,29.33,28.690001,27.99,26.15,25.379999,25.360001,25.59,25.709999,25.85,25.790001,25.91
2019/8/17,12:00:00,G1102,30.969999,30.860001,30.639999,30.719999,30.780001,30.57,30.469999,29.799999,29.040001,28.48,27.84,25.860001,25.48,25.530001,25.719999,25.780001,25.85,25.790001,25.85
2019/8/17,12:00:00,G1103,30.690001,30.65,30.379999,30.530001,30.549999,30.389999,30.280001,29.629999,28.84,28.379999,27.66,25.709999,25.379999,25.540001,26.059999,26.129999,26.17,25.879999,25.84
2019/8/17,12:00:00,G1104,30.59,30.549999,30.35,30.440001,30.43,30.290001,30.18,29.52,28.75,28.309999,27.639999,25.52,25.33,25.99,26.23,26.16,26.299999,25.799999,25.879999
2019/8/17,12:00:00,G1105,30.219999,30.290001,30.049999,30.120001,30.15,30.02,29.889999,29.139999,28.469999,28.049999,27.360001,25.200001,25.43,26.530001,26.6,26.34,26.32,26.08,25.950001
2019/8/17,12:00:00,G1106,30.059999,30.16,29.93,29.940001,30,29.870001,29.709999,28.99,28.32,27.91,27.17,25.09,25.540001,26.459999,26.709999,26.530001,26.33,26.26,26.559999
2019/8/17,12:00:00,G1107,29.67,29.77,29.469999,29.530001,29.57,29.4,29.27,28.610001,28.139999,27.450001,26.66,25.200001,25.93,26.25,26.52,26.379999,26.299999,26.389999,26.559999
2019/8/17,12:00:00,G1108,29.6,29.690001,29.42,29.459999,29.51,29.35,29.209999,28.58,28.08,27.4,26.700001,25.4,25.99,26.209999,26.6,26.5,26.33,26.450001,26.58
2019/8/17,12:00:00,G1109,29.219999,29.23,29.040001,29.110001,29.16,28.99,28.85,28.32,27.809999,27.08,26.4,25.459999,25.84,25.73,26.6,26.23,26.200001,26.4,26.5
2019/8/17,12:00:00,G1110,28.790001,28.68,28.6,28.610001,28.719999,28.530001,28.43,27.969999,27.389999,26.690001,25.959999,25.16,25.719999,26.09,26.379999,26.08,26.18,26.25,26.26
2019/8/17,12:00:00,G1111,28.26,28.120001,28.09,28.059999,28.209999,28.08,27.969999,27.57,26.93,26.17,25.6,24.700001,25.559999,26.209999,26.129999,26.190001,26.09,25.98,26.139999
2019/8/17,12:00:00,G1112,28.120001,27.959999,27.93,27.889999,28.059999,27.91,27.780001,27.41,26.690001,26.129999,25.309999,24.639999,25.42,25.99,26.07,26.209999,26.030001,25.93,26.110001
2019/8/17,12:00:00,G1113,27.91,27.75,27.700001,27.67,27.809999,27.67,27.549999,27.219999,26.540001,26.09,25.120001,24.5,25.27,25.84,26,26.059999,25.91,25.889999,26.17
2019/8/18,12:50:00,G1101,29.030001,28.9,28.92,28.68,28.6,28.540001,28.26,27.030001,26.32,26.290001,25.940001,25.469999,25.370001,25.41,25.58,25.950001,26.08,26.23,26.299999
2019/8/18,12:50:00,G1102,28.91,28.780001,28.719999,28.52,28.49,28.42,28.09,26.700001,26.23,26.219999,25.98,25.67,25.67,25.67,25.76,26.059999,26.190001,26.280001,26.32
2019/8/18,12:50:00,G1103,28.780001,28.58,28.43,28.299999,28.309999,28.23,27.950001,26.58,26.049999,26.1,25.93,25.469999,25.59,25.620001,25.809999,26.030001,26.16,26.25,26.25
2019/8/18,12:50:00,G1104,28.690001,28.48,28.33,28.190001,28.209999,28.129999,27.85,26.51,25.98,26.030001,25.9,25.219999,25.459999,25.6,25.790001,25.959999,26.129999,26.190001,26.209999
2019/8/18,12:50:00,G1105,28.41,28.190001,28.030001,27.84,27.93,27.809999,27.540001,26.200001,25.799999,25.92,25.83,25.200001,25.5,25.6,25.709999,25.83,26.030001,26.049999,26.040001
2019/8/18,12:50:00,G1106,28.26,28.040001,27.879999,27.629999,27.74,27.610001,27.34,26.059999,25.73,25.860001,25.709999,25.129999,25.42,25.530001,25.6,25.74,25.93,25.940001,25.92
2019/8/18,12:50:00,G1107,27.870001,27.57,27.309999,27.129999,27.25,27.190001,26.91,25.809999,25.43,25.68,25.440001,24.75,25.1,25.25,25.459999,25.59,25.700001,25.68,25.6
2019/8/18,12:50:00,G1108,27.85,27.51,27.219999,27.09,27.200001,27.129999,26.84,25.780001,25.379999,25.65,25.459999,24.84,25.16,25.35,25.52,25.610001,25.700001,25.66,25.57
2019/8/18,12:50:00,G1109,27.620001,27.17,26.860001,26.940001,26.940001,26.77,26.450001,25.440001,25.209999,25.370001,25.08,24.719999,24.959999,25.299999,25.49,25.549999,25.549999,25.24,25.43
2019/8/18,12:50:00,G1110,27.27,26.799999,26.43,26.780001,26.73,26.379999,26.049999,25.280001,25.23,25.030001,24.84,24.540001,24.629999,25.139999,25.5,25.459999,25.360001,24.74,25.620001
2019/8/18,12:50:00,G1111,26.809999,26.42,26,26.76,26.5,26.07,25.74,25.190001,25.25,24.459999,24.92,24.290001,24.42,24.780001,25.540001,25.07,25,24.51,25.629999
2019/8/18,12:50:00,G1112,26.690001,26.52,25.870001,26.610001,26.469999,26.01,25.48,25.18,25.209999,24.450001,25.1,24.370001,24.309999,24.75,25.48,25.02,24.91,24.59,25.620001
2019/8/18,12:50:00,G1113,26.540001,26.620001,25.77,26.469999,26.299999,26.040001,25.219999,25.27,25.200001,24.299999,25.450001,24.209999,24.049999,24.68,25.27,25.049999,24.799999,25.030001,25.540001
2019/8/18,15:00:00,G1101,26.66,26.719999,26.73,26.709999,26.68,26.74,26.74,24.73,24.370001,24.549999,24.860001,24.92,24.92,24.77,24.690001,24.690001,24.73,24.780001,24.84
2019/8/18,15:00:00,G1102,26.690001,26.780001,26.68,26.68,26.74,26.889999,26.799999,24.280001,24.860001,25.049999,25.190001,25,24.940001,24.83,24.73,24.75,24.75,24.809999,24.879999
2019/8/18,15:00:00,G1103,26.620001,26.67,26.59,26.549999,26.639999,26.82,26.77,23.9,24.889999,25.059999,25.110001,24.969999,24.870001,24.73,24.67,24.65,24.65,24.719999,24.77
2019/8/18,15:00:00,G1104,26.58,26.629999,26.52,26.549999,26.65,26.780001,26.74,23.709999,24.889999,25.02,25.040001,24.940001,24.809999,24.790001,24.639999,24.57,24.6,24.66,24.67
2019/8/18,15:00:00,G1105,26.4,26.43,26.26,26.379999,26.540001,26.610001,26.549999,23.34,24.860001,24.9,24.889999,24.84,24.610001,24.559999,24.469999,24.41,24.440001,24.459999,24.48
2019/8/18,15:00:00,G1106,26.219999,26.25,26.129999,26.26,26.360001,26.459999,26.41,23.24,24.83,24.809999,24.799999,24.68,24.48,24.43,24.41,24.280001,24.42,24.290001,24.299999
2019/8/18,15:00:00,G1107,25.9,25.860001,25.84,25.99,26.07,26.139999,26.120001,22.85,24.68,24.459999,24.5,24.34,24.139999,24.08,24.040001,23.969999,24.1,24.09,23.959999
2019/8/18,15:00:00,G1108,25.879999,25.83,25.809999,25.969999,26.030001,26.1,26.09,23.030001,24.629999,24.450001,24.43,24.299999,24.129999,24.09,24.02,23.98,24.08,24.110001,24.01
2019/8/18,15:00:00,G1109,25.620001,25.57,25.57,25.73,25.780001,25.889999,25.84,22.879999,24.33,24.200001,24.200001,24.129999,23.83,23.85,23.719999,23.75,23.85,23.870001,23.77
2019/8/18,15:00:00,G1110,25.389999,25.299999,25.379999,25.469999,25.51,25.59,25.58,22.559999,24.09,23.799999,24.01,23.17,23.48,23.51,23.42,23.540001,23.52,23.59,23.34
2019/8/18,15:00:00,G1111,25.030001,24.969999,25.15,25.040001,25.15,25.209999,25.27,22.219999,24.1,23.51,23.68,23.120001,23.15,23.27,23.190001,23.24,23.200001,23.17,23.02
2019/8/18,15:00:00,G1112,24.959999,24.809999,25.049999,24.889999,25.030001,25.09,25.18,22,24.030001,23.41,23.33,23.52,23.110001,23.18,23.07,23.049999,23.17,22.98,22.92
2019/8/18,15:00:00,G1113,24.879999,24.690001,24.940001,24.76,24.92,25.07,25.1,21.889999,23.83,23.18,22.969999,22.700001,22.799999,22.790001,22.889999,22.91,23.129999,22.879999,22.83
2019/8/19,17:55:00,G1101,30.790001,30.799999,30.73,30.68,30.700001,30.639999,30.73,30.09,28.27,27.780001,27.25,25.49,25.049999,24.950001,24.709999,24.76,24.41,24.58,24.559999
2019/8/19,17:55:00,G1102,30.690001,30.77,30.67,30.66,30.65,30.68,30.629999,29.110001,28.17,27.57,26.459999,24.67,25.23,24.98,24.879999,24.860001,24.809999,24.799999,24.85
2019/8/19,17:55:00,G1103,30.549999,30.620001,30.450001,30.540001,30.549999,30.58,30.5,28.76,28.110001,27.389999,26.51,26.6,25.200001,25.08,25.07,25.02,24.940001,24.889999,24.84
2019/8/19,17:55:00,G1104,30.530001,30.559999,30.35,30.459999,30.5,30.51,30.450001,28.639999,28.16,27.280001,26.370001,26.26,25.110001,25.129999,25.49,25.030001,25.059999,24.91,24.85
2019/8/19,17:55:00,G1105,30.27,30.280001,30.120001,30.24,30.24,30.23,30.24,28.33,28.25,27.08,26.07,26.389999,25.02,25.370001,25.870001,25.129999,25.209999,24.85,25.139999
2019/8/19,17:55:00,G1106,30.110001,30.129999,29.969999,30.049999,30.049999,30.08,30.07,28.16,28.57,27.02,25.940001,26.49,25.219999,25.209999,26.030001,25.530001,26.35,24.700001,25.790001
2019/8/19,17:55:00,G1107,29.700001,29.709999,29.58,29.610001,29.6,29.629999,29.629999,27.67,28.780001,27.129999,26.030001,26.92,25.610001,25.530001,26.120001,27.02,27.389999,25.32,25.950001
2019/8/19,17:55:00,G1108,29.639999,29.67,29.52,29.58,29.549999,29.57,29.58,27.59,28.780001,27.18,26.120001,26.75,25.73,25.629999,26.24,27.030001,27.469999,25.790001,26.02
2019/8/19,17:55:00,G1109,29.280001,29.34,29.17,29.219999,29.18,29.209999,29.200001,27.25,28.42,27.690001,26.309999,26.57,25.709999,25.639999,26.26,26.879999,27.469999,26.42,26.139999
2019/8/19,17:55:00,G1110,28.889999,28.92,28.77,28.82,28.75,28.74,28.74,26.860001,27.91,28.15,26.73,26.24,25.82,25.559999,25.91,26.82,27.18,26.35,25.950001
2019/8/19,17:55:00,G1111,28.48,28.459999,28.34,28.360001,28.309999,28.25,28.280001,26.42,27.42,28.4,26.709999,26.25,25.469999,25.459999,25.860001,26.59,26.889999,26.51,25.73
2019/8/19,17:55:00,G1112,28.34,28.32,28.209999,28.209999,28.16,28.09,28.129999,26.280001,27.27,28.450001,26.700001,26.549999,25.290001,25.4,25.9,26.709999,26.870001,26.5,25.790001
2019/8/19,17:55:00,G1113,28.139999,28.120001,28.040001,27.969999,27.950001,27.85,27.889999,26.059999,27.030001,28.18,26.59,26.67,25.26,25.34,25.85,26.68,26.82,26.34,26.049999
2019/8/20,16:40:00,G1101,29.24,29.27,29.32,29.24,29.1,28.969999,28.780001,27.23,26.5,26.25,26.370001,26.49,26.48,26.709999,26.67,26.549999,26.43,26.74,27.059999
2019/8/20,16:40:00,G1102,29.129999,29.15,29.200001,29.18,29.02,28.940001,28.700001,26.700001,26.17,26.58,26.940001,26.57,26.49,26.790001,26.75,26.469999,26.559999,27.15,27.110001
2019/8/20,16:40:00,G1103,28.98,29,29.01,29.030001,28.879999,28.83,28.620001,27.120001,26.969999,26.690001,27.33,26.610001,26.51,26.799999,26.780001,26.33,26.540001,27.33,27.15
2019/8/20,16:40:00,G1104,28.93,28.93,28.969999,28.950001,28.799999,28.75,28.52,27.110001,26.950001,26.620001,27.379999,26.6,26.530001,26.860001,26.74,26.25,26.59,27.370001,27.1
2019/8/20,16:40:00,G1105,28.719999,28.700001,NaN,28.68,28.52,28.459999,28.24,26.969999,NaN,26.790001,27.35,26.639999,26.790001,27.030001,NaN,26.09,26.67,27.48,27.1
2019/8/20,16:40:00,G1106,28.540001,28.58,28.58,28.48,28.35,28.299999,27.98,26.940001,26.719999,26.74,27.23,26.799999,26.790001,27.280001,26.85,25.959999,27.15,27.459999,27.450001
2019/8/20,16:40:00,G1107,28.110001,28.15,28.139999,28.02,27.889999,27.84,27.540001,26.84,26.549999,26.700001,27.049999,26.639999,26.57,27.620001,27.030001,25.98,27.25,27.16,27.17
2019/8/20,16:40:00,G1108,28.049999,28.1,28.09,27.98,27.85,27.790001,27.57,26.83,26.370001,26.75,27.200001,26.549999,26.58,27.639999,27.209999,26.030001,27.209999,27.129999,27.139999
2019/8/20,16:40:00,G1109,27.700001,27.77,27.74,27.629999,27.459999,27.43,27.26,26.6,26.25,26.59,27.110001,26.66,26.84,27.43,27.17,26.459999,26.879999,26.84,27.309999
2019/8/20,16:40:00,G1110,27.35,27.5,27.41,27.24,27.030001,27.139999,26.700001,26.23,26,26.32,27.01,26.629999,26.66,27.190001,26.91,26.610001,26.559999,26.66,27.43
2019/8/20,16:40:00,G1111,26.92,27.15,27.190001,26.940001,26.610001,27.190001,26.209999,25.83,25.9,26.200001,26.77,26.280001,26.33,26.91,26.57,26.290001,26.379999,26.799999,26.99
2019/8/20,16:40:00,G1112,26.780001,27.01,27.200001,26.98,26.49,27.219999,26.030001,25.690001,25.959999,26.129999,26.77,26.27,26.219999,26.860001,26.440001,26.139999,26.32,26.73,26.84
2019/8/20,16:40:00,G1113,26.6,26.85,27.07,26.91,26.389999,27.1,25.83,25.57,25.719999,26,26.59,26.33,26.110001,26.719999,26.25,25.860001,26.23,26.59,26.65
2019/8/23,11:00:00,G1101,30.719999,30.889999,30.82,30.84,31.280001,31.690001,31.27,30.02,29.540001,29.360001,29.209999,29.17,29.25,29.299999,29.51,29.559999,29.889999,29.780001,29.9
2019/8/23,11:00:00,G1102,30.6,30.52,30.43,30.809999,31.200001,31.32,30.84,29.610001,29.43,29.290001,29.120001,29.110001,29.190001,29.190001,29.280001,29.34,29.6,29.57,29.549999
2019/8/23,11:00:00,G1103,30.4,30.370001,30.17,30.51,31.030001,31.01,30.610001,29.43,29.280001,29.190001,28.98,28.93,28.99,29,29.030001,29.08,29.290001,29.290001,29.290001
2019/8/23,11:00:00,G1104,30.35,30.32,30.15,30.440001,30.92,30.98,30.67,29.34,29.209999,29.129999,28.889999,28.860001,28.889999,28.9,28.940001,29,29.17,29.190001,29.18
2019/8/23,11:00:00,G1105,29.780001,30.15,30.379999,30.42,30.5,30.59,30.540001,29.01,28.969999,28.879999,28.620001,28.620001,28.59,28.57,28.629999,28.73,28.780001,28.719999,28.879999
2019/8/23,11:00:00,G1106,29.51,29.92,30.379999,30.379999,30.629999,30.450001,30.57,28.84,28.790001,28.700001,28.5,28.43,28.4,28.370001,28.52,28.629999,28.5,28.58,28.639999
2019/8/23,11:00:00,G1107,29.17,29.709999,29.48,30.01,30.120001,29.719999,30.120001,28.48,28.379999,28.280001,28.059999,27.98,27.98,27.889999,28.27,28.190001,28.02,28.059999,28.07
2019/8/23,11:00:00,G1108,29.18,29.67,29.48,29.969999,30.07,29.780001,29.84,28.42,28.32,28.23,28.040001,27.950001,27.950001,27.85,28.200001,28.16,27.99,27.98,27.98
2019/8/23,11:00:00,G1109,28.93,29.540001,28.9,29.43,29.690001,29.389999,29.120001,28.200001,27.99,27.889999,27.74,27.66,27.620001,27.49,27.98,27.83,27.709999,27.639999,27.59
2019/8/23,11:00:00,G1110,28.610001,29.27,28.530001,29.040001,29.17,28.790001,28.51,27.790001,27.559999,27.48,27.41,27.299999,27.23,27.129999,27.629999,27.379999,27.25,27.1,27.110001
2019/8/23,11:00:00,G1111,29.030001,29.15,28.459999,28.530001,28.690001,28.389999,28.26,27.459999,27.129999,27.040001,26.940001,26.889999,26.950001,26.67,27.27,27,26.709999,26.58,26.6
2019/8/23,11:00:00,G1112,28.790001,29.110001,28.690001,28.33,28.59,28.32,28.139999,27.35,26.98,26.940001,26.9,26.77,26.76,26.52,27.309999,26.91,26.559999,26.41,26.43
2019/8/23,11:00:00,G1113,28.16,28.549999,28.4,28.139999,28.41,27.969999,28.07,27.209999,26.780001,26.790001,26.83,26.610001,26.57,26.309999,27.209999,26.780001,26.370001,26.17,26.219999
2019/8/25,1:00:00,G1101,33,32.740002,32.66,32.790001,32.650002,32.700001,32.810001,31.940001,30.299999,29.889999,29.299999,28.85,28.559999,28.530001,28.219999,28.34,27.82,27.58,27.700001
2019/8/25,1:00:00,G1102,33.07,32.869999,32.759998,32.799999,32.68,32.790001,32.970001,30.66,29.950001,29.690001,28.99,28.73,28.65,28.65,28.370001,28.48,27.73,27.73,27.950001
2019/8/25,1:00:00,G1103,33.029999,32.93,32.790001,32.790001,32.700001,32.790001,32.959999,30.389999,29.73,29.52,28.809999,28.58,28.629999,28.66,28.26,28.379999,28.08,27.860001,28.309999
2019/8/25,1:00:00,G1104,32.98,32.93,32.790001,32.75,32.689999,32.759998,32.869999,30.209999,29.6,29.43,28.709999,28.530001,28.66,28.6,28.23,28.34,28.040001,28,28.32
2019/8/25,1:00:00,G1105,32.790001,32.720001,32.630001,32.52,32.509998,32.540001,32.59,29.84,29.360001,29.07,28.43,28.34,28.57,28.43,28.209999,28.15,27.860001,27.98,28.139999
2019/8/25,1:00:00,G1106,32.689999,32.57,32.57,32.360001,32.369999,32.400002,32.400002,29.6,29.17,28.940001,28.26,28.370001,28.690001,28.35,28.030001,28.07,27.709999,27.889999,27.99
2019/8/25,1:00:00,G1107,32.32,32.189999,32.240002,32.09,31.969999,32.040001,32.09,29.219999,28.719999,28.42,27.98,28.889999,28.559999,28.65,27.82,27.790001,27.610001,28.200001,28.700001
2019/8/25,1:00:00,G1108,32.279999,32.169998,32.220001,32.060001,31.93,32.009998,32.040001,29.17,28.66,28.35,27.950001,28.879999,28.559999,28.690001,27.76,27.75,27.68,28.719999,28.860001
2019/8/25,1:00:00,G1109,32.02,31.91,31.91,31.790001,31.610001,31.700001,31.74,28.82,28.4,27.99,28.35,28.629999,28.459999,28.559999,27.91,27.639999,28.43,29.23,29.34
2019/8/25,1:00:00,G1110,31.610001,31.620001,31.469999,31.540001,31.219999,31.280001,31.299999,28.360001,28.139999,27.620001,29.139999,28.200001,29.07,29.08,27.43,27.709999,29.610001,29.690001,29.969999
2019/8/25,1:00:00,G1111,31.209999,31.309999,31.08,31.219999,30.82,30.790001,30.84,27.83,27.76,27.629999,28.85,27.84,29.16,28.809999,27.77,28.58,29.49,29.690001,29.67
2019/8/25,1:00:00,G1112,31.08,31.209999,30.969999,31.139999,30.700001,30.66,30.700001,27.709999,27.68,27.75,28.700001,27.83,29.190001,28.780001,28.040001,29.1,29.389999,29.610001,29.6
2019/8/25,1:00:00,G1113,30.9,31.02,30.77,30.92,30.540001,30.450001,30.58,27.549999,27.610001,27.879999,28.49,27.870001,29.02,28.700001,28.25,29.26,29.23,29.440001,29.469999
2019/8/26,15:40:00,G1101,28.52,28.360001,28.35,28.49,28.379999,28.48,28.120001,25.48,25.18,25.190001,25.16,25.08,25.139999,25.25,25.43,25.34,25.4,25.459999,25.51
2019/8/26,15:40:00,G1102,28.139999,28.16,28.290001,28.440001,28.33,28.389999,27.530001,25.190001,25.129999,25.139999,NaN,NaN,25.16,25.26,NaN,25.27,25.41,25.67,25.67
2019/8/26,15:40:00,G1103,27.889999,28,28.059999,28.200001,28.139999,28.27,27.25,25.09,25.07,25.02,24.959999,24.98,25.049999,25.129999,25.18,25.059999,25.23,25.610001,25.610001
2019/8/26,15:40:00,G1104,27.790001,27.93,27.98,28.08,28.049999,28.190001,27.18,24.959999,25.01,24.93,24.9,24.93,24.959999,25.07,25.110001,25,25.209999,25.530001,25.549999
2019/8/26,15:40:00,G1105,27.5,27.639999,27.67,27.74,27.790001,27.9,26.719999,24.83,24.93,24.75,NaN,NaN,NaN,NaN,24.85,24.92,25.059999,25.35,25.200001
2019/8/26,15:40:00,G1106,27.290001,27.41,27.49,27.530001,27.65,27.690001,26.459999,24.68,24.799999,24.700001,24.719999,24.76,24.719999,24.870001,24.700001,24.82,24.91,25.209999,25.08
2019/8/26,15:40:00,G1107,26.84,26.959999,27.049999,27.059999,27.200001,27.209999,25.799999,24.370001,24.549999,24.48,24.43,24.450001,24.43,24.35,24.42,24.57,24.610001,24.74,24.809999
2019/8/26,15:40:00,G1108,26.799999,26.93,26.99,27.01,27.139999,27.18,25.84,24.459999,24.610001,24.530001,24.4,24.48,24.450001,24.379999,24.42,24.549999,24.6,24.690001,24.77
2019/8/26,15:40:00,G1109,26.450001,26.51,26.65,26.67,26.799999,26.85,25.559999,24.23,24.389999,24.43,23.940001,24.280001,24.299999,24.040001,24.43,24.6,24.559999,24.57,24.610001
2019/8/26,15:40:00,G1110,26.15,26.08,26.379999,26.33,26.379999,26.389999,25.15,23.969999,24.01,24.190001,23.610001,24.030001,24.049999,24.02,24.41,24.379999,24.32,24.459999,24.5
2019/8/26,15:40:00,G1111,25.77,25.620001,25.99,25.959999,25.93,26.059999,24.549999,23.77,23.690001,23.82,23.35,23.700001,23.719999,24.17,24.309999,24.17,24.25,24.27,24.190001
2019/8/26,15:40:00,G1112,25.68,25.459999,25.85,25.82,25.780001,25.93,24.4,23.709999,23.549999,23.629999,23.32,23.59,23.690001,24.200001,24.4,24.139999,24.26,24.17,24.08
2019/8/26,15:40:00,G1113,25.540001,25.309999,25.65,25.65,25.59,25.91,24.24,23.690001,23.459999,23.389999,23.799999,23.719999,23.58,24.16,24.370001,24.26,24.25,24.16,24.17
2019/8/29,15:40:00,G1101,30.84,30.74,30.6,30.92,30.6,30.639999,30.51,29.66,28.559999,27.5,27.719999,27.74,27.889999,27.43,27.200001,26.559999,26.440001,27.059999,26.98
2019/8/29,15:40:00,G1102,30.67,30.530001,30.370001,30.690001,30.41,30.450001,30.34,29.48,28.41,27.450001,27.73,27.709999,27.969999,27.5,27.18,26.700001,26.68,27.23,27.15
2019/8/29,15:40:00,G1103,30.42,30.280001,30.15,30.360001,30.15,30.209999,30.08,29.219999,28.209999,27.309999,27.719999,27.629999,27.940001,27.41,27.07,26.719999,26.870001,27.209999,27.41
2019/8/29,15:40:00,G1104,30.32,30.15,30.049999,30.190001,30.030001,30.059999,29.969999,29.09,28.110001,27.209999,27.68,27.540001,27.870001,27.299999,27.01,26.719999,26.93,27.23,27.629999
2019/8/29,15:40:00,G1105,29.940001,29.84,29.799999,29.879999,29.75,29.75,29.719999,28.82,27.879999,27,27.52,27.450001,27.700001,27.040001,26.780001,26.610001,27.870001,27.27,27.629999
2019/8/29,15:40:00,G1106,29.700001,29.639999,29.66,29.66,29.540001,29.530001,29.549999,28.68,27.73,26.860001,27.450001,27.360001,27.52,26.83,26.700001,26.620001,28.059999,27.440001,27.51
2019/8/29,15:40:00,G1107,29.200001,29.16,29.190001,29.139999,29.15,29.040001,29.110001,28.16,27.35,26.75,27.51,27.059999,27.129999,26.610001,26.379999,27.09,28.280001,27.34,27.17
2019/8/29,15:40:00,G1108,29.08,29.030001,29.08,29.040001,29.040001,28.940001,28.99,28.01,27.209999,26.68,27.43,26.98,27.02,26.459999,26.26,26.959999,28.24,27.25,27.07
2019/8/29,15:40:00,G1109,28.690001,28.629999,28.690001,28.65,28.65,28.57,28.610001,27.66,26.85,26.6,27.17,26.780001,26.6,26.43,26.219999,27,28,27.1,26.889999
2019/8/29,15:40:00,G1110,28.209999,28.16,28.18,28.219999,28.209999,28.15,28.18,27.299999,26.389999,26.73,26.9,26.57,26.32,26.379999,26.360001,26.74,27.620001,27.139999,26.639999
2019/8/29,15:40:00,G1111,27.74,27.700001,27.709999,27.75,27.74,27.719999,27.709999,26.889999,25.93,26.389999,26.559999,26.82,26.09,26.469999,26.309999,26.58,27.139999,27.139999,26.67
2019/8/29,15:40:00,G1112,27.549999,27.51,27.530001,27.549999,27.540001,27.549999,27.530001,26.780001,25.75,26.26,26.389999,26.780001,26.059999,26.309999,26.23,26.469999,26.969999,27.02,26.75
2019/8/29,15:40:00,G1113,27.26,27.23,27.26,27.26,27.26,27.25,27.27,26.5,25.639999,26.18,26.219999,26.629999,26.049999,26.200001,26.17,26.5,26.75,26.98,26.639999
2019/8/31,15:40:00,G1101,30.209999,29.76,30.059999,30.059999,30.290001,30.219999,30.24,28.58,27.84,27.719999,27.610001,27.41,27.379999,27.129999,26.940001,26.75,26.74,26.809999,26.48
2019/8/31,15:40:00,G1102,30.01,29.629999,29.98,29.790001,30.059999,30.129999,30.1,28.530001,27.83,27.709999,27.58,27.4,27.299999,27.040001,26.9,26.75,26.809999,26.790001,26.459999
2019/8/31,15:40:00,G1103,29.700001,29.42,29.790001,29.690001,29.940001,30,29.969999,28.389999,27.66,27.559999,27.379999,27.309999,27.17,26.9,26.77,26.82,26.68,26.610001,26.35
2019/8/31,15:40:00,G1104,29.620001,29.35,29.67,29.549999,29.780001,29.879999,29.83,28.190001,27.52,27.48,27.280001,27.219999,27.059999,26.860001,26.709999,26.76,26.59,26.49,26.26
2019/8/31,15:40:00,G1105,29.34,29.120001,29.35,29.35,29.540001,29.59,29.58,27.68,27.219999,27.280001,27.16,27.110001,26.809999,26.889999,26.709999,26.610001,26.34,26.27,26.040001
2019/8/31,15:40:00,G1106,29.190001,29,29.219999,29.040001,29.309999,29.370001,29.360001,27.76,27.030001,27.120001,27.139999,26.940001,26.66,26.93,26.629999,26.4,26.17,26.08,25.92
2019/8/31,15:40:00,G1107,28.67,28.809999,28.66,28.59,28.73,28.610001,28.690001,27.51,26.780001,26.780001,27.110001,26.719999,26.43,26.700001,26.209999,25.940001,25.82,25.77,25.83
2019/8/31,15:40:00,G1108,28.559999,28.709999,28.540001,28.469999,28.6,28.5,28.610001,27.23,26.700001,26.74,27.01,26.629999,26.309999,26.559999,26.08,25.809999,25.700001,25.67,25.700001
2019/8/31,15:40:00,G1109,28.190001,28.42,28.200001,28.049999,28.1,28.129999,28.299999,27.030001,26.41,26.559999,26.91,26.32,26.059999,26.280001,25.690001,25.540001,25.360001,25.34,25.459999
2019/8/31,15:40:00,G1110,27.719999,27.709999,27.790001,27.639999,27.75,27.690001,27.809999,26.879999,26.059999,26.440001,26.77,26.030001,25.83,26.219999,25.299999,25.299999,25.139999,25.139999,25.200001
2019/8/31,15:40:00,G1111,27.33,27.23,27.290001,27.18,27.309999,27.219999,27.290001,26.59,25.639999,26.16,26.41,25.790001,25.860001,26.08,24.91,24.879999,24.799999,24.709999,24.719999
2019/8/31,15:40:00,G1112,27.17,27.02,27.18,26.99,27.110001,27.040001,27.09,26.540001,25.549999,26.09,26.26,25.66,25.68,25.99,24.76,24.719999,24.65,24.58,24.57
2019/8/31,15:40:00,G1113,26.950001,26.73,26.889999,26.74,26.83,26.780001,26.780001,26.450001,25.309999,26,26.08,25.469999,25.450001,25.75,24.59,24.530001,24.41,24.309999,24.309999
2019/9/1,13:25:00,G1101,31.290001,30.91,31.24,31.15,31.24,31.540001,31.34,30.76,30.98,28.17,25.549999,25.83,26.1,26.32,26.540001,26.57,26.59,26.65,25.73
2019/9/1,13:25:00,G1102,31.190001,30.74,31.07,30.969999,31.120001,31.41,31.280001,30.74,30.91,28.08,25.65,25.799999,25.879999,26.32,26.49,26.610001,26.58,26.68,25.65
2019/9/1,13:25:00,G1103,30.58,30.49,30.709999,30.76,30.77,31.08,31.07,30.559999,30.709999,28.110001,25.52,25.6,25.85,26.26,26.34,26.469999,26.48,26.559999,25.440001
2019/9/1,13:25:00,G1104,30.370001,30.370001,30.48,30.629999,30.639999,30.93,30.9,30.530001,30.639999,28.33,25.48,25.469999,26.360001,26.34,26.290001,26.41,26.48,26.549999,25.23
2019/9/1,13:25:00,G1105,30.040001,30.120001,30.200001,30.360001,30.389999,30.610001,30.49,30.209999,30.26,27.870001,25.4,25.530001,26.549999,26.26,26.219999,26.33,26.459999,26.49,24.93
2019/9/1,13:25:00,G1106,29.799999,29.959999,30.07,30.17,30.26,30.389999,30.43,30.25,30.209999,27.67,25.42,25.92,26.530001,26.280001,26.200001,26.219999,26.440001,26.389999,24.799999
2019/9/1,13:25:00,G1107,29.299999,29.469999,29.709999,29.74,29.84,29.879999,29.91,29.809999,29.780001,27.209999,26.1,26.440001,26.190001,25.99,26.25,26.08,26.18,26.110001,24.16
2019/9/1,13:25:00,G1108,29.190001,29.370001,29.58,29.639999,29.67,29.74,29.790001,29.709999,29.620001,27.120001,25.82,26.469999,26.17,25.809999,26.200001,26,26.129999,26.040001,24.09
2019/9/1,13:25:00,G1109,28.83,29.049999,29.190001,29.209999,29.23,29.34,29.389999,29.379999,29.290001,26.629999,25.620001,26.389999,26.200001,25.68,27.24,25.93,25.91,25.809999,23.65
2019/9/1,13:25:00,G1110,28.42,28.6,28.690001,28.75,28.959999,28.879999,29.059999,29.049999,28.93,26.280001,25.459999,26.129999,26.32,26.5,27.27,25.950001,25.73,25.610001,23.33
2019/9/1,13:25:00,G1111,28.01,28.09,28.17,28.309999,28.27,28.17,28.450001,28.41,28.35,25.809999,25.559999,26.120001,26.200001,26.59,26.91,26.15,25.780001,25.360001,23.49
2019/9/1,13:25:00,G1112,27.83,27.940001,27.98,28.139999,28.059999,28.040001,28.290001,28.200001,28.25,25.68,25.6,26.040001,26.1,26.610001,26.790001,26.09,25.67,25.219999,23.190001
2019/9/1,13:25:00,G1113,27.540001,27.629999,27.66,27.870001,27.77,27.799999,27.99,27.84,27.809999,25.6,25.459999,25.91,25.879999,26.52,26.6,25.92,25.639999,25.09,23.280001
2019/9/2,13:30:00,G1101,29.73,29.639999,29.370001,29.58,29.6,29.52,29.41,28.77,28.030001,27.18,25.780001,25.51,25.83,25.809999,25.73,25.780001,25.25,24.6,24.629999
2019/9/2,13:30:00,G1102,29.66,29.690001,29.41,29.549999,29.629999,29.559999,29.549999,28.83,28.16,27.23,25.780001,25.42,25.809999,25.83,25.700001,25.709999,25.17,24.540001,24.610001
2019/9/2,13:30:00,G1103,29.450001,29.549999,29.370001,29.43,29.48,29.5,29.42,28.799999,28.18,27.17,25.77,25.5,25.74,25.65,25.57,25.58,25.110001,24.440001,24.57
2019/9/2,13:30:00,G1104,29.370001,29.450001,29.27,29.35,29.4,29.41,29.34,28.700001,28.09,27.08,25.68,25.4,25.67,25.58,25.469999,25.48,25.059999,24.41,24.620001
2019/9/2,13:30:00,G1105,29.17,29.200001,29.08,29.110001,29.200001,29.190001,29.129999,28.4,27.93,26.950001,25.43,25.309999,25.65,25.389999,25.33,25.26,24.84,24.360001,24.75
2019/9/2,13:30:00,G1106,29,29,28.9,28.93,29.02,29.01,28.969999,28.18,27.82,26.700001,25.290001,25.18,25.610001,25.219999,25.190001,25.120001,24.66,24.33,24.74
2019/9/2,13:30:00,G1107,28.5,28.530001,28.440001,28.469999,28.59,28.549999,28.58,27.370001,27.629999,26.6,25.26,25.24,25.51,25.049999,25.07,24.98,24.49,24.57,24.65
2019/9/2,13:30:00,G1108,28.389999,28.41,28.33,28.34,28.48,28.42,28.459999,27.620001,27.51,26.450001,25.120001,25.33,25.450001,24.959999,25.059999,24.889999,24.360001,24.450001,24.540001
2019/9/2,13:30:00,G1109,28,28.030001,27.98,27.969999,28.120001,28,28.09,27.290001,27.15,26.16,24.940001,25.360001,25.33,24.92,25.040001,24.73,24.15,24.379999,24.34
2019/9/2,13:30:00,G1110,27.559999,27.58,27.559999,27.540001,27.68,27.530001,27.68,26.82,26.709999,25.889999,24.75,25.41,25.030001,24.860001,24.82,24.51,24.08,24.190001,24.1
2019/9/2,13:30:00,G1111,27.139999,27.110001,27.139999,27.1,27.209999,27.07,27.17,26.33,26.290001,25.49,24.57,25.17,24.690001,24.59,24.52,24.18,24.030001,23.969999,23.9
2019/9/2,13:30:00,G1112,26.959999,26.92,26.950001,26.93,27.030001,26.879999,26.959999,26.23,26.059999,24.969999,24.43,25.049999,24.52,24.440001,24.440001,24.07,23.950001,23.84,23.74
2019/9/2,13:30:00,G1113,26.690001,26.66,26.639999,26.68,26.76,26.58,26.65,25.959999,25.870001,25.18,24.35,24.83,24.41,24.280001,24.389999,23.969999,23.84,23.74,23.610001
2019/9/3,15:55:00,G1101,30.530001,30.66,30.42,30.530001,30.35,30.43,30.17,29.08,26.889999,26.889999,26.639999,25.860001,25.5,25.32,25.17,25.610001,25.6,27.02,26.459999
2019/9/3,15:55:00,G1102,30.459999,30.610001,30.33,30.440001,30.309999,30.389999,30.27,29.23,26.870001,26.950001,26.74,25.780001,25.459999,25.27,25.4,25.75,25.84,27.440001,26.83
2019/9/3,15:55:00,G1103,30.219999,30.370001,30.219999,30.25,30.200001,30.24,30.17,29.16,26.75,26.969999,26.719999,25.83,25.32,25.18,25.780001,25.870001,26.09,28.299999,27.41
2019/9/3,15:55:00,G1104,30.16,30.200001,30.08,30.17,30.1,30.139999,30.1,28.959999,26.690001,27.02,26.790001,25.700001,25.27,25.16,25.870001,25.940001,26.280001,28.48,27.57
2019/9/3,15:55:00,G1105,29.889999,29.889999,29.889999,29.959999,29.950001,29.9,29.889999,28.74,26.52,26.98,26.540001,25.25,24.950001,25.040001,25.75,26.049999,26.950001,28.639999,27.809999
2019/9/3,15:55:00,G1106,29.639999,29.58,29.639999,NaN,NaN,29.690001,29.68,28.66,NaN,26.92,26.52,25.33,NaN,NaN,NaN,26.24,NaN,28.629999,NaN
2019/9/3,15:55:00,G1107,29.08,29.08,29.16,29.219999,29.200001,29.190001,29.23,28.25,26.299999,26.709999,26.040001,25.01,24.5,25.4,25.9,26.6,27.610001,28.51,27.549999
2019/9/3,15:55:00,G1108,29,28.940001,29.049999,29.110001,29.09,29.08,29.1,28.08,26.33,26.59,26.02,24.92,24.52,25.540001,25.93,26.6,27.58,28.459999,27.41
2019/9/3,15:55:00,G1109,28.559999,28.52,28.690001,28.73,28.709999,28.67,28.67,27.799999,26.110001,26.280001,25.74,24.66,24.41,25.559999,26.16,26.74,27.25,28.139999,27.059999
2019/9/3,15:55:00,G1110,28.030001,28.059999,28.25,28.33,28.309999,28.290001,28.26,27.440001,26.059999,25.959999,25.280001,24.59,24.42,25.6,26.18,26.809999,26.889999,27.790001,26.84
2019/9/3,15:55:00,G1111,27.459999,27.6,27.700001,27.77,27.719999,27.709999,27.74,27.18,25.66,25.66,25.129999,24.629999,24.940001,25.51,26.309999,26.450001,26.51,27.34,26.49
2019/9/3,15:55:00,G1112,27.299999,27.459999,27.59,27.639999,27.59,27.559999,27.549999,26.950001,25.52,25.5,24.9,24.52,25.049999,25.469999,26.43,26.32,26.34,27.16,26.370001
2019/9/3,15:55:00,G1113,26.98,27.139999,27.27,27.299999,27.190001,27.129999,27.200001,26.67,25.5,25.209999,24.780001,24.360001,25.049999,25.27,26.370001,26.290001,26.1,26.870001,26.18
2019/9/4,15:05:00,G1101,29.32,29.66,29.540001,29.4,29.379999,29.139999,29.049999,27.969999,27.040001,26.879999,26.459999,25.870001,25.1,24.969999,24.76,24.790001,24.84,24.84,24.809999
2019/9/4,15:05:00,G1102,29.18,29.469999,29.42,29.35,29.35,29.290001,29.190001,27.91,27.07,26.85,26.42,25.790001,25.02,25.01,24.780001,24.67,24.809999,24.84,24.82
2019/9/4,15:05:00,G1103,28.969999,29.16,29.16,29.200001,29.17,29.120001,29.1,27.700001,26.940001,26.68,26.25,25.809999,24.98,24.709999,24.459999,24.5,24.639999,24.690001,24.68
2019/9/4,15:05:00,G1104,28.879999,29.040001,29.040001,29.1,29.08,29.030001,29.02,27.6,26.83,26.58,26.139999,25.74,24.940001,24.66,24.389999,24.41,24.59,24.620001,24.620001
2019/9/4,15:05:00,G1105,28.6,28.77,28.799999,28.82,28.84,28.83,28.77,27.27,26.620001,26.379999,25.99,25.5,24.719999,24.469999,24.120001,24.370001,24.459999,24.440001,24.469999
2019/9/4,15:05:00,G1106,NaN,NaN,NaN,28.620001,NaN,NaN,NaN,NaN,NaN,NaN,NaN,NaN,NaN,NaN,NaN,NaN,NaN,NaN,NaN
2019/9/4,15:05:00,G1107,27.950001,28.09,28.110001,28.15,28.200001,28.25,28.110001,26.68,26.049999,25.719999,25.280001,24.98,24.35,23.959999,24.23,24.450001,24.290001,24.18,24.24
2019/9/4,15:05:00,G1108,27.83,27.98,28,28.030001,28.09,28.139999,27.99,26.559999,25.93,25.6,25.15,24.860001,24.15,23.98,24.43,24.309999,24.129999,24.02,24.1
2019/9/4,15:05:00,G1109,27.440001,27.610001,27.620001,27.629999,27.74,27.76,27.610001,26.280001,25.67,25.209999,24.74,24.549999,23.860001,24.07,24.450001,24.280001,23.9,24.110001,23.92
2019/9/4,15:05:00,G1110,27,27.18,27.16,27.18,27.25,27.309999,27.16,26.09,25.360001,24.870001,24.42,24.15,23.49,24.219999,24.4,24.469999,23.700001,24.389999,23.629999
2019/9/4,15:05:00,G1111,26.540001,26.68,26.709999,26.74,26.790001,26.84,26.700001,25.77,25.09,24.52,24.17,23.75,23.129999,24.469999,24.41,24.879999,23.66,24.4,23.92
2019/9/4,15:05:00,G1112,26.34,26.49,26.5,26.549999,26.6,26.610001,26.51,25.700001,25.120001,24.35,23.98,23.610001,22.83,24.219999,24.549999,24.91,23.77,24.49,24.17
2019/9/4,15:05:00,G1113,26.07,26.24,26.209999,26.27,26.309999,26.33,26.219999,25.59,25.23,24.200001,24.02,23.469999,22.68,23.4,24.34,24.83,23.940001,24.57,24.280001
2019/9/5,14:10:00,G1101,30.809999,30.91,30.639999,31.25,30.98,30.690001,30.809999,30.209999,29.309999,29.190001,28.48,28.139999,27.91,27.5,27.879999,27.93,28.049999,28.209999,27.209999
2019/9/5,14:10:00,G1102,30.530001,30.67,30.42,31.040001,30.73,30.42,30.559999,30.190001,29.299999,29.280001,28.4,28,27.84,27.450001,27.77,27.98,28.129999,28.219999,27.24
2019/9/5,14:10:00,G1103,30.190001,30.35,30.139999,30.67,30.360001,30.25,30.209999,30.02,29.26,29.200001,28.23,27.92,27.75,27.360001,27.969999,28.1,28.16,28.09,27.27
2019/9/5,14:10:00,G1104,30.040001,30.18,30.02,30.530001,30.200001,30.23,30.040001,29.93,29.16,29.110001,28.129999,27.91,27.780001,27.389999,28.209999,28.08,28.16,28,27.209999
2019/9/5,14:10:00,G1105,29.75,29.84,29.76,30.16,29.870001,30.24,29.73,29.68,28.92,28.879999,27.9,28,27.82,27.690001,28.42,28.01,28.16,27.790001,27.43
2019/9/5,14:10:00,G1106,29.549999,29.639999,29.549999,29.85,29.68,30.15,29.52,29.48,28.73,28.690001,27.809999,27.889999,27.74,27.68,28.299999,27.950001,28.040001,27.620001,27.309999
2019/9/5,14:10:00,G1107,29.08,29.200001,29.09,29.25,29.209999,29.559999,29.040001,29.01,28.33,28.32,27.790001,28.08,27.73,27.610001,27.92,27.610001,27.629999,27.26,27.02
2019/9/5,14:10:00,G1108,28.950001,29.1,28.969999,29.110001,29.09,29.440001,28.9,28.889999,28.209999,28.200001,27.73,28,27.620001,27.59,27.85,27.51,27.52,27.129999,26.93
2019/9/5,14:10:00,G1109,28.6,28.690001,28.620001,28.719999,28.67,28.940001,28.52,28.52,27.82,27.83,27.450001,27.690001,27.379999,27.389999,27.469999,27.18,27.15,26.780001,26.719999
2019/9/5,14:10:00,G1110,28.16,28.219999,28.190001,28.280001,28.219999,28.389999,28.09,28.09,27.41,27.389999,27.15,27.25,27.030001,27.059999,27.1,26.9,26.690001,26.4,26.469999
2019/9/5,14:10:00,G1111,27.68,27.77,27.709999,27.780001,27.790001,27.700001,27.629999,27.610001,26.98,26.93,26.700001,26.77,26.68,26.620001,26.639999,26.540001,26.24,26.01,26.139999
2019/9/5,14:10:00,G1112,27.49,27.620001,27.49,27.57,27.59,27.540001,27.469999,27.42,26.809999,26.74,26.51,26.58,26.549999,26.43,26.440001,26.370001,26.049999,25.879999,26.01
2019/9/5,14:10:00,G1113,27.219999,27.43,27.209999,27.290001,27.280001,27.360001,27.190001,27.15,26.58,26.469999,26.26,26.360001,26.280001,26.139999,26.17,26.1,25.790001,25.700001,25.77
2019/9/11,21:05:00,G1101,28.74,28.66,28.65,28.709999,28.76,29.219999,29.110001,27.450001,27.209999,27.1,27.24,26.98,26.700001,26.620001,26.23,26.190001,26.65,26.57,26.24
2019/9/11,21:05:00,G1102,28.959999,28.68,28.67,28.889999,29.02,29.41,29.120001,27.68,27.41,27.389999,27.32,26.98,26.780001,26.950001,26.52,26.35,26.74,26.809999,26.48
2019/9/11,21:05:00,G1103,29.34,29.120001,28.969999,29.139999,29.209999,29.370001,28.969999,27.42,27.559999,27.75,27.6,27.030001,26.860001,26.93,26.860001,26.610001,26.870001,26.879999,26.73
2019/9/11,21:05:00,G1104,29.440001,29.280001,29.110001,29.18,29.24,29.360001,28.91,27.530001,27.559999,27.82,27.690001,27.15,27.040001,27.43,27.120001,26.77,27.08,26.98,26.85
2019/9/11,21:05:00,G1105,29.299999,29.24,29.120001,29.23,29.17,29.129999,28.67,27.309999,27.709999,27.85,27.889999,28.07,28.360001,28.889999,27.530001,27.49,27.49,27.35,27.09
2019/9/11,21:05:00,G1106,29.23,29.17,29.139999,29.25,29.1,29,28.549999,27.32,27.76,27.73,27.860001,28.18,28.51,28.790001,28.26,27.440001,27.42,27.48,27.09
2019/9/11,21:05:00,G1107,28.98,29.01,28.950001,28.98,28.780001,28.610001,28.110001,27.5,27.58,27.76,27.799999,28.02,28.35,28.790001,28.73,27.889999,27.51,27.540001,27.26
2019/9/11,21:05:00,G1108,28.889999,28.940001,28.870001,28.879999,28.719999,28.5,27.959999,27.33,27.559999,27.74,27.709999,27.959999,28.290001,28.639999,28.379999,28.23,27.57,27.48,27.129999
2019/9/11,21:05:00,G1109,28.629999,28.709999,28.610001,28.57,28.459999,28.17,27.6,27.190001,27.620001,27.82,27.5,27.719999,28.08,28.299999,28.040001,27.809999,27.549999,27.469999,27.190001
2019/9/11,21:05:00,G1110,28.299999,28.33,28.25,28.27,28.17,27.799999,27.200001,26.969999,27.33,27.84,27.290001,27.58,27.73,27.969999,28.049999,27.639999,27.52,27.459999,27.200001
2019/9/11,21:05:00,G1111,27.870001,27.889999,27.91,27.879999,27.77,27.540001,26.99,26.559999,27.08,27.530001,27.059999,27.290001,27.33,27.57,27.129999,27.48,27.25,27.450001,27.16
2019/9/11,21:05:00,G1112,27.709999,27.719999,27.77,27.73,27.58,27.469999,26.620001,26.33,26.98,27.459999,27.129999,27.17,27.18,27.469999,27.15,27.23,27.09,27.360001,27.110001
2019/9/11,21:05:00,G1113,27.469999,27.49,27.6,27.52,27.389999,27.219999,26.9,26.139999,26.790001,27.34,27.08,27,27.02,27.24,27.110001,27.059999,27.15,27.309999,27.030001
2019/9/14,19:10:00,G1101,29.709999,29.639999,29.360001,29.370001,29.41,29.4,29.190001,28.040001,27.51,27.5,27.17,26.82,26.42,26.440001,26.389999,26.440001,26.51,26.58,26.780001
2019/9/14,19:10:00,G1102,29.780001,29.700001,29.52,29.459999,29.51,29.52,29.280001,28.030001,27.459999,27.540001,27.18,26.77,26.370001,26.389999,26.389999,26.52,26.5,26.629999,26.91
2019/9/14,19:10:00,G1103,29.690001,29.610001,29.48,29.42,29.52,29.469999,29.23,27.879999,27.309999,27.49,27.08,26.74,26.23,26.200001,26.26,26.530001,26.440001,26.59,26.85
2019/9/14,19:10:00,G1104,29.620001,29.549999,29.440001,29.370001,29.43,29.41,29.190001,27.799999,27.219999,27.440001,27.049999,26.690001,26.120001,26.110001,26.190001,26.639999,26.450001,26.549999,26.83
2019/9/14,19:10:00,G1105,29.450001,29.35,29.24,29.24,29.219999,29.219999,29.049999,27.610001,27.07,27.459999,27.26,26.870001,25.9,25.870001,26.469999,26.889999,26.549999,26.59,26.92
2019/9/14,19:10:00,G1106,29.27,29.17,29.07,29.08,29.030001,29.07,28.940001,27.49,26.940001,27.559999,27.41,27.23,25.74,25.76,26.68,26.75,26.639999,26.719999,26.780001
2019/9/14,19:10:00,G1107,28.84,28.74,28.68,28.68,28.6,28.66,28.610001,27.379999,26.719999,27.360001,27.52,27.43,25.6,25.67,26.24,26.83,26.93,27.209999,26.559999
2019/9/14,19:10:00,G1108,28.719999,28.610001,28.57,28.559999,28.49,28.540001,28.530001,27.34,26.639999,27.280001,27.530001,27.42,25.549999,25.59,26.23,26.9,27.110001,27.33,26.620001
2019/9/14,19:10:00,G1109,28.360001,28.200001,28.190001,28.200001,28.42,28.190001,28.25,27.18,26.559999,27.129999,27.290001,27.280001,25.6,25.440001,26.280001,27.09,27.120001,27.370001,26.889999
2019/9/14,19:10:00,G1110,27.940001,27.75,27.809999,27.83,28.129999,27.799999,27.84,26.91,26.58,27,26.790001,26.93,25.559999,25.860001,26.950001,27.290001,27.18,27.299999,26.84
2019/9/14,19:10:00,G1111,27.5,27.32,27.459999,27.5,27.73,27.360001,27.43,26.58,26.469999,26.719999,26.379999,26.629999,26.23,26.030001,26.66,26.860001,26.85,27.01,26.639999
2019/9/14,19:10:00,G1112,27.299999,27.139999,27.23,27.370001,27.549999,27.16,27.27,26.4,26.33,26.540001,26.25,26.48,26.23,26.08,26.51,26.700001,26.639999,26.940001,26.5
2019/9/14,19:10:00,G1113,27.059999,26.83,26.98,27.1,27.299999,26.959999,27.02,26.209999,26.34,26.33,26.16,26.27,26.190001,26.120001,26.290001,26.41,26.32,26.73,26.389999
2019/9/15,3:05:00,G1101,25.200001,25.190001,25.309999,25.440001,25.74,25.76,25.379999,24.82,25.110001,23.280001,22.92,22.559999,22.1,21.68,21.83,21.940001,22.07,22.309999,22.540001
2019/9/15,3:05:00,G1102,25.4,25.5,25.65,25.66,25.83,25.84,25.549999,25.09,25.6,23.870001,23.67,24.549999,22.709999,21.940001,22.120001,22.27,22.440001,22.99,23.040001
2019/9/15,3:05:00,G1103,25.49,25.709999,25.809999,25.75,25.889999,25.889999,25.66,25.35,25.809999,25.450001,25.639999,25.68,23.799999,22.469999,24.610001,23.33,23.33,24.18,24.450001
2019/9/15,3:05:00,G1104,25.52,25.67,25.82,25.75,25.879999,25.879999,25.709999,25.459999,25.85,25.780001,25.709999,25.75,24.610001,23.370001,25.27,24.709999,24.190001,25.43,25.82
2019/9/15,3:05:00,G1105,25.59,25.75,25.85,25.809999,25.879999,25.950001,25.66,25.43,25.73,26.35,25.969999,26.360001,25.68,25.540001,25.65,25.76,25.99,26.129999,25.950001
2019/9/15,3:05:00,G1106,25.459999,25.540001,25.690001,25.719999,25.799999,26.139999,25.719999,25.610001,26.24,26.700001,26.370001,26.4,25.799999,25.379999,25.459999,25.639999,25.93,26.02,25.85
2019/9/15,3:05:00,G1107,25.27,25.309999,25.450001,25.540001,25.57,26.809999,25.75,26.26,26.58,25.959999,26.17,26.6,25.66,25.68,25.91,26.129999,25.719999,26.34,26.040001
2019/9/15,3:05:00,G1108,25.190001,25.25,25.389999,25.540001,25.52,26.790001,25.68,26.07,26.610001,25.9,25.969999,26.629999,25.77,25.700001,26.07,26.309999,26.049999,26.450001,26.120001
2019/9/15,3:05:00,G1109,25.09,25.709999,25.75,26.040001,26.190001,26.66,25.93,25.84,26.07,25.93,25.620001,26.290001,26.02,25.68,25.67,26.690001,26.280001,26.34,26.389999
2019/9/15,3:05:00,G1110,25.540001,25.92,26,26.08,26.209999,26.280001,26.16,25.639999,26.51,26.040001,25.49,26,26.110001,25.91,26.040001,26.190001,26.08,26.08,26.08
2019/9/15,3:05:00,G1111,25.450001,25.610001,25.57,25.67,25.780001,25.82,26.030001,25.610001,26.41,26.049999,25.48,25.66,25.809999,25.610001,25.969999,25.700001,25.67,25.66,25.74
2019/9/15,3:05:00,G1112,25.280001,25.48,25.370001,25.48,25.59,25.629999,25.91,25.530001,26.49,26.07,25.48,25.540001,25.66,25.42,25.860001,25.450001,25.49,25.530001,25.620001
2019/9/15,3:05:00,G1113,25.16,25.34,25.129999,25.219999,25.35,25.389999,25.66,24.780001,26.49,25.83,25.209999,25.379999,25.42,25.120001,25.530001,25.26,25.219999,25.389999,25.469999
2019/9/16,17:10:00,G1101,30.34,30.18,29.93,29.84,29.969999,29.809999,29.65,28.309999,25.700001,24.35,24.25,23.77,24.889999,25.200001,24.65,24.700001,24.879999,24.75,24.860001
2019/9/16,17:10:00,G1102,30.370001,30.26,29.99,29.85,29.969999,29.790001,29.74,28.23,25.68,24.23,24.219999,24.139999,24.690001,25.16,24.709999,24.780001,25.049999,24.92,24.92
2019/9/16,17:10:00,G1103,30.299999,30.139999,29.91,29.780001,29.889999,29.66,29.629999,27.99,25.629999,24.209999,25.18,26.35,24.9,25.290001,24.690001,24.809999,25.01,24.85,24.889999
2019/9/16,17:10:00,G1104,30.219999,30.09,29.84,29.700001,29.84,29.58,29.57,27.860001,25.52,24.200001,25.129999,26.950001,24.75,25.25,24.66,24.780001,25,24.82,24.860001
2019/9/16,17:10:00,G1105,30,29.860001,29.629999,29.530001,29.620001,29.440001,29.370001,27.719999,25.040001,24.209999,25.209999,27.370001,25.02,25.24,24.59,24.75,24.85,24.719999,24.709999
2019/9/16,17:10:00,G1106,29.809999,29.719999,29.459999,29.379999,29.440001,29.389999,29.209999,27.49,25.139999,24.110001,24.58,27.120001,24.98,25,24.48,24.709999,24.74,24.860001,24.950001
2019/9/16,17:10:00,G1107,29.360001,29.360001,29.049999,28.959999,29.01,28.99,28.91,27.139999,24.610001,23.889999,25.440001,27,24.879999,24.75,24.41,24.379999,24.43,24.690001,25.549999
2019/9/16,17:10:00,G1108,29.23,29.24,28.93,28.84,28.889999,28.879999,28.799999,27.030001,24.700001,23.889999,25.139999,26.969999,25.139999,24.809999,24.5,24.620001,24.469999,24.950001,25.76
2019/9/16,17:10:00,G1109,28.84,28.84,28.559999,28.440001,28.49,28.51,28.450001,26.780001,24.48,23.67,24.33,26.16,25.190001,25.059999,24.950001,25.27,24.77,25.370001,26.35
2019/9/16,17:10:00,G1110,28.389999,28.4,28.129999,28.01,28.040001,28.07,28.059999,26.33,24.25,23.610001,24.459999,25.559999,24.879999,25.790001,25.639999,25.709999,25.68,25.950001,27.41
2019/9/16,17:10:00,G1111,27.92,27.91,27.690001,27.59,27.559999,27.620001,27.629999,25.85,23.969999,23.690001,25.1,25.27,24.67,25.559999,25.459999,25.68,25.969999,26.74,27.17
2019/9/16,17:10:00,G1112,27.719999,27.719999,27.51,27.41,27.379999,27.43,27.440001,25.76,24.040001,23.41,23.84,25.07,24.440001,25.530001,25.370001,25.620001,26.18,26.860001,27.02
2019/9/16,17:10:00,G1113,27.459999,27.459999,27.24,27.15,27.110001,27.15,27.16,25.530001,24.280001,23.41,24.610001,25.02,24.4,25.49,25.26,25.5,26.35,26.700001,26.799999
2019/9/17,15:40:00,G1101,31.700001,32.939999,31.809999,32.099998,32.599998,32.700001,32.869999,31.65,30.93,28.940001,28.68,28.559999,28.639999,28.58,28.52,28.52,28.549999,28.58,28.49
2019/9/17,15:40:00,G1102,NaN,NaN,NaN,NaN,NaN,NaN,NaN,NaN,NaN,NaN,NaN,NaN,NaN,NaN,NaN,NaN,28.639999,28.67,28.540001
2019/9/17,15:40:00,G1103,31.27,32.689999,31.76,31.99,32.490002,32.5,32.310001,31.389999,30.93,28.780001,28.639999,28.530001,28.629999,28.540001,28.530001,28.690001,28.690001,28.610001,28.51
2019/9/17,15:40:00,G1104,31.139999,32.549999,31.639999,31.91,32.52,32.509998,32.189999,31.32,30.889999,28.700001,28.559999,28.48,28.67,28.530001,28.450001,28.65,28.65,28.57,28.440001
2019/9/17,15:40:00,G1105,31.01,32.330002,31.540001,31.6,32.150002,32.299999,31.82,31.07,30.65,28.5,28.42,28.34,28.799999,28.540001,28.280001,28.530001,28.559999,28.51,28.360001
2019/9/17,15:40:00,G1106,30.870001,32.130001,31.41,31.75,32.380001,32.240002,31.870001,30.92,30.690001,28.440001,28.49,28.25,28.83,28.530001,28.129999,28.370001,28.43,28.4,28.25
2019/9/17,15:40:00,G1107,30.639999,31.6,31.110001,31.24,31.639999,31.620001,31.190001,30.57,30.290001,28.35,28.6,28.110001,28.66,28.68,27.99,28.17,28.110001,28.059999,27.91
2019/9/17,15:40:00,G1108,30.530001,31.49,31.049999,31.16,31.5,31.42,30.98,30.360001,30.139999,28.24,28.540001,28.129999,28.58,28.59,27.950001,28.09,28.040001,27.940001,27.83
2019/9/17,15:40:00,G1109,30.1,31.200001,30.709999,30.559999,31.059999,31.040001,30.41,30.23,29.959999,27.91,28.299999,28.110001,28.27,28.309999,27.969999,28.110001,27.860001,27.620001,27.59
2019/9/17,15:40:00,G1110,29.75,30.639999,30.24,30.139999,30.700001,30.690001,29.860001,29.52,29.610001,27.48,28.040001,27.75,27.93,27.950001,27.809999,27.9,27.799999,27.23,27.219999
2019/9/17,15:40:00,G1111,29.43,30.440001,30.18,29.940001,30.139999,29.99,29.299999,29.030001,29,27.17,27.68,27.33,27.57,27.52,27.52,27.5,27.450001,27.08,26.889999
2019/9/17,15:40:00,G1112,29.33,30.25,29.77,29.610001,30.15,30.129999,29.030001,28.809999,28.809999,27.08,27.540001,27.17,27.35,27.379999,27.34,27.35,27.299999,26.940001,26.75
2019/9/17,15:40:00,G1113,29.49,29.969999,29.719999,29.469999,29.9,29.639999,28.74,28.530001,28.57,26.950001,27.42,26.93,27.15,27.27,27.07,27.17,27.08,26.75,26.57
2019/9/17,17:15:00,G1101,28.440001,28.309999,28.16,27.950001,27.940001,27.860001,27.709999,27.09,26.360001,25.07,24.33,24.32,26.190001,25.219999,24.93,24.940001,25.139999,24.92,24.879999
2019/9/17,17:15:00,G1102,28.469999,28.32,28.110001,27.950001,27.950001,27.84,27.68,27.059999,26.42,24.98,24.450001,24.620001,26.26,25.219999,24.99,24.940001,25.120001,24.889999,24.860001
2019/9/17,17:15:00,G1103,28.4,28.23,27.959999,27.860001,27.85,27.709999,27.52,26.889999,26.290001,24.91,24.49,25.01,26.5,25.16,25.1,24.91,25.030001,24.75,24.73
2019/9/17,17:15:00,G1104,28.33,28.18,27.879999,27.799999,27.799999,27.610001,27.4,26.790001,26.23,24.809999,24.219999,24.99,26.33,25.09,25.059999,24.84,24.950001,24.65,24.639999
2019/9/17,17:15:00,G1105,28.290001,28.129999,27.780001,27.67,27.66,27.43,27.120001,26.52,25.93,24.530001,25.32,25.559999,26.280001,25.08,25.24,24.75,24.75,24.540001,24.440001
2019/9/17,17:15:00,G1106,28.26,28.07,27.690001,27.540001,27.59,27.280001,26.91,26.34,25.75,24.42,25.02,25.940001,26.129999,25.18,25.51,24.709999,24.58,24.48,24.34
2019/9/17,17:15:00,G1107,27.9,27.82,27.77,27.4,27.360001,27,26.65,25.84,25.370001,25.25,25.83,25.98,25.969999,25.620001,26.389999,24.709999,24.540001,24.940001,24.51
2019/9/17,17:15:00,G1108,27.82,27.709999,27.709999,27.370001,27.389999,26.9,26.559999,25.700001,25.23,24.57,25.83,26.129999,25.940001,25.549999,26.809999,24.65,24.549999,25.09,24.639999
2019/9/17,17:15:00,G1109,27.58,27.370001,27.48,27.24,27.290001,26.58,26.299999,25.33,24.93,25.59,25.540001,25.84,25.85,25.370001,26.719999,25.25,25.059999,25.27,25.1
2019/9/17,17:15:00,G1110,27.25,27.200001,27.129999,26.889999,26.9,26.23,25.92,24.92,24.610001,25.5,25.610001,25.709999,26.32,26.459999,27.540001,25.16,25.25,25.08,24.719999
2019/9/17,17:15:00,G1111,26.889999,26.870001,26.82,26.530001,26.459999,25.91,25.5,24.530001,24.280001,26.42,23.790001,24.959999,25.870001,26.719999,27.27,25.200001,25.030001,24.879999,24.389999
2019/9/17,17:15:00,G1112,26.74,26.700001,26.65,26.42,26.27,25.870001,25.34,24.41,24.110001,25.559999,22.530001,23.25,23.440001,23.139999,27.110001,25.34,24.969999,25.309999,24.450001
2019/9/17,17:15:00,G1113,26.52,26.43,26.379999,26.209999,26.030001,25.790001,25.17,24.290001,23.959999,24.6,22.48,25.42,26.09,27.440001,26.959999,25.629999,25.17,25.93,24.709999
2019/9/26,17:45:00,G1101,30.76,31.09,30.85,30.799999,30.67,30.49,30.290001,28.4,28.200001,28.02,27.99,27.76,27.780001,27.549999,27.299999,27.24,27.290001,27.27,27.16
2019/9/26,17:45:00,G1102,30.83,31.040001,30.860001,30.860001,30.719999,30.58,30.440001,28.639999,28.200001,28.190001,28.16,28.09,27.98,27.68,27.49,27.559999,27.59,27.51,27.41
2019/9/26,17:45:00,G1103,30.73,30.83,30.82,30.700001,30.559999,30.49,30.379999,28.559999,28.15,28.24,28.26,28.049999,27.940001,27.76,27.68,27.610001,27.629999,27.65,27.58
2019/9/26,17:45:00,G1104,30.540001,30.65,30.68,30.57,30.469999,30.379999,30.290001,28.469999,28.09,28.17,28.200001,27.969999,27.85,27.75,27.610001,27.540001,27.6,27.620001,27.540001
2019/9/26,17:45:00,G1105,30.48,30.51,30.51,30.379999,30.309999,30.200001,30.09,28.32,28.129999,27.92,28,27.76,27.690001,27.65,27.450001,27.360001,27.41,27.379999,27.35
2019/9/26,17:45:00,G1106,30.120001,30.25,30.15,30.139999,30,29.889999,29.9,28.290001,27.969999,27.73,27.809999,27.59,27.51,27.5,27.299999,27.16,27.24,27.209999,27.16
2019/9/26,17:45:00,G1107,29.68,29.74,29.73,29.610001,29.51,29.389999,29.48,28.290001,27.58,27.43,27.370001,27.190001,27.1,27.120001,26.93,26.809999,26.85,26.790001,26.76
2019/9/26,17:45:00,G1108,29.52,29.65,29.59,29.459999,29.389999,29.25,29.35,28.16,27.469999,27.309999,27.25,27.09,27,26.99,26.799999,26.700001,26.73,26.67,26.639999
2019/9/26,17:45:00,G1109,29.1,29.23,29.219999,29.049999,28.99,28.870001,28.93,27.889999,27.57,27.059999,26.940001,26.73,26.68,26.709999,26.459999,26.42,26.35,26.34,26.299999
2019/9/26,17:45:00,G1110,28.77,28.780001,28.639999,28.530001,28.360001,28.43,28.389999,27.17,26.700001,26.610001,26.43,26.389999,26.42,26.16,26.07,25.959999,25.950001,25.93,25.93
2019/9/26,17:45:00,G1111,28.1,28.17,28.280001,28.08,27.959999,27.870001,27.959999,27.940001,26.91,26.370001,26.09,25.98,26.01,25.98,25.700001,25.66,25.540001,25.610001,25.6
2019/9/26,17:45:00,G1112,27.969999,28.129999,27.91,27.780001,27.700001,27.76,27.790001,26.48,26.18,26.02,25.879999,25.82,25.75,25.66,25.549999,25.360001,25.41,25.4,25.32
2019/9/26,17:45:00,G1113,NaN,27.68,27.83,27.59,27.41,27.41,27.51,26.059999,26.379999,25.85,25.959999,25.530001,25.57,25.549999,25.299999,25.27,25.24,25.16,25.08
2019/10/6,14:55:00,G1101,29.25,29.129999,28.73,28.85,28.85,28.85,28.530001,27.24,26.440001,26.129999,25.959999,25.879999,25.950001,25.940001,25.9,26.02,26.01,25.860001,25.9
2019/10/6,14:55:00,G1102,29.219999,29.129999,28.879999,28.969999,28.91,28.9,28.65,27.139999,26.34,26.059999,25.9,25.84,25.92,25.879999,25.83,25.969999,25.93,25.780001,25.940001
2019/10/6,14:55:00,G1103,29,28.959999,28.82,28.99,28.879999,28.82,28.66,26.940001,26.120001,25.870001,25.700001,25.68,25.77,25.709999,25.629999,25.76,25.75,25.66,25.809999
2019/10/6,14:55:00,G1104,28.889999,28.860001,28.77,28.91,28.809999,28.709999,28.65,26.82,26.01,25.76,25.59,25.57,25.68,25.620001,25.530001,25.66,25.639999,25.559999,25.75
2019/10/6,14:55:00,G1105,28.68,28.629999,28.610001,28.67,28.6,28.559999,28.41,26.549999,25.709999,25.51,25.360001,25.360001,25.540001,25.4,25.299999,25.42,25.41,25.360001,25.51
2019/10/6,14:55:00,G1106,28.5,28.459999,28.459999,28.49,28.450001,28.379999,28.24,26.379999,25.48,25.32,25.17,25.200001,25.5,25.219999,25.15,25.23,25.24,25.190001,25.34
2019/10/6,14:55:00,G1107,28.059999,28.01,28.07,28.040001,28.02,27.969999,27.809999,25.940001,24.969999,24.889999,24.76,24.84,25.190001,24.82,24.889999,24.84,24.85,24.75,24.91
2019/10/6,14:55:00,G1108,27.940001,27.879999,27.950001,27.91,27.9,27.83,27.68,25.82,24.82,24.77,24.639999,24.74,25.190001,24.700001,24.82,24.73,24.73,24.620001,24.780001
2019/10/6,14:55:00,G1109,27.57,27.52,27.59,27.540001,27.530001,27.459999,27.32,25.5,24.43,24.43,24.34,24.629999,25.34,24.52,24.74,24.51,24.440001,24.26,24.42
2019/10/6,14:55:00,G1110,27.190001,27.129999,27.17,27.120001,27.1,27.040001,26.91,25.129999,24,24.1,24.34,24.73,25.84,24.59,24.870001,24.700001,24.190001,23.879999,24.049999
2019/10/6,14:55:00,G1111,26.790001,26.709999,26.700001,26.67,26.65,26.610001,26.48,24.75,23.629999,23.92,24.360001,25.139999,25.809999,24.620001,24.73,24.6,23.959999,23.5,23.66
2019/10/6,14:55:00,G1112,26.610001,26.52,26.52,26.469999,26.459999,26.42,26.290001,24.59,23.549999,23.959999,24.459999,25.219999,25.700001,25.01,24.790001,24.620001,23.84,23.370001,23.5
2019/10/6,14:55:00,G1113,26.33,26.24,26.26,26.200001,26.17,26.129999,26.01,24.42,23.5,24.290001,24.57,25.219999,25.58,25.23,25.35,24.809999,23.99,23.290001,23.26
2019/10/13,2:55:00,G1101,25.889999,25.799999,25.790001,25.6,25.700001,25.889999,25.76,25.15,24.389999,23.98,23.700001,23.68,23.98,24.07,23.690001,23.57,23.67,23.59,23.450001
2019/10/13,2:55:00,G1102,26.01,25.870001,25.940001,25.65,25.879999,25.93,25.73,25.219999,24.549999,24.01,23.76,23.73,23.99,24.120001,23.780001,23.58,23.700001,23.629999,23.530001
2019/10/13,2:55:00,G1103,25.92,25.870001,25.9,25.6,25.9,25.879999,25.629999,25.07,24.309999,24.040001,23.690001,23.65,23.93,24.02,23.620001,23.459999,23.52,23.5,23.440001
2019/10/13,2:55:00,G1104,25.889999,25.93,25.9,25.549999,25.879999,25.809999,25.549999,25.01,24.49,24,23.66,23.629999,23.870001,23.940001,23.540001,23.379999,23.43,23.42,23.360001
2019/10/13,2:55:00,G1105,25.709999,26.219999,25.82,25.48,25.780001,25.889999,25.33,24.709999,24.32,23.940001,23.549999,23.49,23.690001,23.76,23.34,23.120001,23.190001,23.24,23.190001
2019/10/13,2:55:00,G1106,25.620001,26.32,25.969999,25.48,25.67,25.790001,25.15,24.48,24.18,23.799999,23.41,23.370001,23.58,23.610001,23.17,23,23.049999,23.110001,23.030001
2019/10/13,2:55:00,G1107,25.360001,26.24,25.940001,25.620001,25.860001,25.48,24.870001,24.129999,23.92,23.51,23.18,23.190001,23.219999,23.25,22.860001,22.639999,22.700001,22.74,22.75
2019/10/13,2:55:00,G1108,25.370001,26.18,25.91,25.690001,25.950001,25.42,24.780001,23.959999,23.76,23.41,23.09,23.09,23.110001,23.120001,22.719999,22.540001,22.57,22.629999,22.620001
2019/10/13,2:55:00,G1109,25.24,25.940001,25.790001,25.68,26.16,25.620001,24.66,23.629999,23.440001,23.17,22.91,22.799999,22.84,22.799999,22.370001,22.41,22.280001,22.389999,22.450001
2019/10/13,2:55:00,G1110,24.68,25.43,25.469999,25.41,25.98,25.48,24.43,23.309999,23.200001,22.950001,22.84,22.51,22.639999,22.49,22,22.49,22.049999,22.33,22.290001
2019/10/13,2:55:00,G1111,24.23,25.01,25.209999,25.15,25.67,25.08,24.290001,23.01,22.77,22.68,22.65,22.32,22.379999,22.23,21.68,22.59,21.91,22.450001,22.49
2019/10/13,2:55:00,G1112,23.9,24.799999,25.030001,24.969999,25.440001,24.85,24.120001,22.879999,22.6,22.549999,22.59,22.43,22.280001,22.15,21.65,22.58,21.85,22.42,22.559999
2019/10/13,2:55:00,G1113,23.58,24.4,24.77,24.879999,25.200001,24.379999,24.1,22.700001,22.309999,22.360001,22.51,22.440001,22.15,22.030001,21.610001,22.450001,21.9,22.370001,22.52
2019/10/14,4:10:00,G1101,25.27,25.299999,25.4,25.49,25.540001,25.549999,25.209999,24.23,23.57,23.42,23.52,23.41,23.34,23.25,23.280001,23.34,23.290001,23.299999,23.299999
2019/10/14,4:10:00,G1102,25.35,25.4,25.459999,25.6,25.530001,25.6,25.25,24.27,23.629999,23.49,23.629999,23.549999,23.450001,23.35,23.360001,23.41,23.370001,23.34,23.33
2019/10/14,4:10:00,G1103,25.360001,25.43,25.440001,25.59,25.469999,25.48,25.110001,24.25,23.67,23.639999,23.690001,23.549999,23.469999,23.43,23.51,23.549999,23.48,23.379999,23.35
2019/10/14,4:10:00,G1104,25.360001,25.4,25.4,25.559999,25.41,25.4,25.030001,24.15,23.610001,23.68,23.68,23.48,23.459999,23.440001,23.549999,23.549999,23.49,23.42,23.370001
2019/10/14,4:10:00,G1105,25.23,25.25,25.26,25.360001,25.26,25.18,24.809999,24.18,23.690001,23.690001,23.639999,23.43,23.41,23.41,23.4,23.459999,23.469999,23.4,23.389999
2019/10/14,4:10:00,G1106,25.07,25.09,25.1,25.16,25.09,25,24.629999,24.07,23.620001,23.559999,23.5,23.360001,23.290001,23.25,23.280001,23.34,23.379999,23.379999,23.309999
2019/10/14,4:10:00,G1107,24.690001,24.66,24.690001,24.66,24.700001,24.530001,24.200001,23.74,23.379999,23.190001,23.129999,22.92,22.950001,22.83,22.99,23.280001,23.41,23.280001,23.139999
2019/10/14,4:10:00,G1108,24.58,24.559999,24.559999,24.5,24.59,24.379999,24.049999,23.6,23.27,23.07,23,22.799999,22.84,22.74,23.09,23.35,23.389999,23.190001,23.120001
2019/10/14,4:10:00,G1109,24.23,24.219999,24.18,24.129999,24.290001,24.01,23.700001,23.379999,23.02,22.75,22.67,22.549999,22.5,22.559999,23.450001,23.629999,23.66,23.469999,23.610001
2019/10/14,4:10:00,G1110,23.790001,23.809999,23.719999,23.68,23.9,23.57,23.34,23,22.68,22.459999,22.34,22.469999,22.309999,22.82,23.41,23.530001,23.58,23.620001,23.67
2019/10/14,4:10:00,G1111,23.34,23.34,23.280001,23.200001,23.450001,23.139999,22.92,22.59,22.370001,22.35,22.23,22.700001,22.59,22.77,23,23.25,23.459999,23.48,23.49
2019/10/14,4:10:00,G1112,23.15,23.139999,23.120001,23.030001,23.24,22.91,22.77,22.379999,22.309999,22.34,22.290001,22.690001,22.57,22.719999,22.84,23.07,23.32,23.309999,23.34
2019/10/14,4:10:00,G1113,22.879999,22.879999,22.85,22.799999,22.98,22.65,22.530001,22.190001,22.23,22.200001,22.27,22.540001,22.5,22.690001,22.74,22.83,23.18,23.129999,23.139999
2020/2/15,23:10:00,G1101,19.77,19.780001,19.780001,19.790001,19.77,19.77,19.76,19.17,18.4,17.959999,17.65,17.549999,17.4,17.25,17.059999,16.950001,16.790001,16.76,16.73
2020/2/15,23:10:00,G1102,19.75,19.76,19.75,19.76,19.75,19.75,19.74,19.09,18.34,17.889999,17.610001,17.52,17.360001,17.200001,17.02,16.91,16.790001,16.74,16.690001
2020/2/15,23:10:00,G1103,19.639999,19.66,19.65,19.66,19.65,19.629999,19.620001,18.93,18.15,17.68,17.43,17.34,17.209999,17.02,16.860001,16.76,16.65,16.610001,16.57
2020/2/15,23:10:00,G1104,19.58,19.610001,19.58,19.6,19.57,19.559999,19.549999,18.85,18.030001,17.57,17.32,17.209999,17.120001,16.9,16.75,16.66,16.57,16.530001,16.51
2020/2/15,23:10:00,G1105,19.42,19.43,19.450001,19.469999,19.450001,19.4,19.41,18.58,17.83,17.34,17.059999,16.969999,16.9,16.68,16.549999,16.469999,16.379999,16.33,16.290001
2020/2/15,23:10:00,G1106,19.33,19.33,19.32,19.33,19.309999,19.26,19.26,18.540001,17.709999,17.200001,16.889999,16.809999,16.74,16.51,16.35,16.26,16.200001,16.16,16.120001
2020/2/15,23:10:00,G1107,19.1,19.1,19.110001,19.1,19.049999,18.959999,18.99,18.360001,17.870001,17.129999,16.65,16.48,16.370001,16.16,16,15.9,15.83,15.8,15.74
2020/2/15,23:10:00,G1108,19.030001,19.02,19.02,19.02,18.959999,18.860001,18.889999,18.26,17.92,17.129999,16.57,16.379999,16.25,16.040001,15.86,15.76,15.7,15.67,15.61
2020/2/15,23:10:00,G1109,18.84,18.799999,18.82,18.780001,18.77,18.65,18.67,18.290001,18.190001,17.940001,16.5,16.35,16.07,15.86,15.63,15.51,15.5,15.45,15.35
2020/2/15,23:10:00,G1110,18.629999,18.58,18.620001,18.549999,18.549999,18.459999,18.469999,18.24,18.23,18.16,16.790001,16.58,16,15.93,15.5,15.36,15.48,15.35,15.16
2020/2/15,23:10:00,G1111,18.360001,18.309999,18.299999,18.290001,18.299999,18.23,18.209999,18.030001,18.02,18,17.049999,16.84,16.17,16.1,15.45,15.4,15.41,15.17,14.9
2020/2/15,23:10:00,G1112,18.280001,18.23,18.200001,18.209999,18.209999,18.139999,18.110001,17.959999,17.950001,17.93,17.280001,16.92,16.49,16.24,15.66,15.43,15.44,15.14,14.85
2020/2/15,23:10:00,G1113,18.110001,18.1,18.040001,18.15,18.040001,17.98,17.940001,17.77,17.75,17.719999,17.450001,16.860001,16.709999,16.309999,15.95,15.49,15.42,15.02,14.7
2020/5/10,15:40:00,G1101,31.870001,31.91,31.67,31.67,NaN,31.190001,31.110001,30.450001,30.08,28.440001,27,25.030001,22.450001,21.91,NaN,22.32,22.33,22.299999,22.389999
2020/5/10,15:40:00,G1102,31.709999,31.83,31.57,31.559999,31.440001,31.16,31.1,30.42,30.059999,28.370001,26.969999,24.889999,22.610001,21.959999,NaN,22.389999,22.389999,22.379999,22.6
2020/5/10,15:40:00,G1103,31.469999,31.59,31.370001,31.35,31.26,31.049999,31,30.280001,29.92,28.08,26.709999,24.82,22.469999,21.870001,21.99,22.32,22.309999,22.41,22.690001
2020/5/10,15:40:00,G1104,31.370001,NaN,31.290001,NaN,31.17,NaN,NaN,30.200001,NaN,NaN,NaN,NaN,NaN,NaN,NaN,22.290001,NaN,22.41,NaN
2020/5/10,15:40:00,G1105,31.08,31.15,31.08,30.950001,30.940001,30.82,30.690001,29.959999,29.59,27.67,26.34,24.32,22,21.530001,21.82,22.07,22.190001,22.84,22.700001
2020/5/10,15:40:00,G1106,30.940001,30.959999,30.870001,30.780001,30.73,30.629999,30.549999,29.799999,29.42,27.48,26.23,24.209999,22.120001,21.52,21.85,21.93,22.24,22.9,23.129999
2020/5/10,15:40:00,G1107,30.48,30.52,30.379999,30.299999,30.27,30.200001,30.129999,29.389999,29,26.98,25.82,23.799999,21.860001,21.23,22.17,21.66,22.299999,22.889999,23.77
2020/5/10,15:40:00,G1108,30.32,30.33,30.200001,30.129999,30.110001,30.049999,29.99,29.23,28.83,26.82,25.67,23.629999,21.540001,21.040001,21.93,21.58,22.26,22.790001,23.73
2020/5/10,15:40:00,G1109,29.99,29.969999,29.799999,29.73,29.74,29.690001,29.66,28.959999,28.51,26.48,25.370001,22.9,21.57,20.93,21.74,21.889999,22.200001,22.969999,23.809999
2020/5/10,15:40:00,G1110,29.700001,29.530001,29.42,29.33,29.33,29.299999,29.25,28.690001,28.16,26.110001,25.049999,23.16,21.67,20.709999,21.67,22.700001,22.42,23.16,23.93
2020/5/10,15:40:00,G1111,29.27,29.049999,28.93,28.91,28.860001,28.83,28.809999,28.309999,27.92,25.639999,24.51,22.940001,21.84,20.82,21.75,22.690001,22.77,23.16,24.08
2020/5/10,15:40:00,G1112,29.030001,28.85,28.73,28.709999,28.68,28.66,28.629999,28.17,27.82,25.48,24.440001,22.85,21.91,21.32,21.77,22.610001,22.709999,22.99,24.41
2020/5/10,15:40:00,G1113,28.75,28.549999,28.48,28.43,28.4,28.389999,28.35,27.91,27.73,25.26,24.139999,22.67,22.139999,21.73,22.049999,22.459999,22.52,22.92,24.68
2020/5/11,20:55:00,G1101,28.290001,NaN,28.299999,28.370001,28.280001,28.360001,28.24,25.02,22.940001,22.379999,21.959999,21.92,22.030001,22.200001,22.389999,22.690001,NaN,22.85,23
2020/5/11,20:55:00,G1102,28.34,NaN,28.280001,28.379999,28.309999,28.42,28.280001,24.93,23.040001,22.360001,21.959999,21.93,22.09,22.26,22.469999,22.84,NaN,22.93,23.030001
2020/5/11,20:55:00,G1103,28.209999,28.290001,28.139999,28.23,28.18,28.299999,28.15,24.65,22.32,22.01,21.77,21.76,21.950001,22.15,22.49,22.85,22.860001,22.950001,22.969999
2020/5/11,20:55:00,G1104,28.139999,NaN,28.059999,NaN,NaN,NaN,NaN,NaN,NaN,NaN,21.809999,NaN,21.969999,NaN,22.59,NaN,22.83,NaN,22.959999
2020/5/11,20:55:00,G1105,27.959999,28.01,27.860001,27.91,27.870001,27.969999,27.879999,24.24,22.57,21.98,21.67,21.690001,21.879999,22.17,22.559999,22.9,22.719999,22.870001,22.790001
2020/5/11,20:55:00,G1106,27.780001,27.83,27.719999,27.73,27.700001,27.799999,27.709999,24.049999,22.33,21.75,21.530001,21.530001,21.709999,22.110001,22.610001,22.9,22.610001,22.84,22.67
2020/5/11,20:55:00,G1107,27.34,27.4,27.290001,27.299999,27.32,27.370001,27.290001,23.49,21.379999,21.1,21.01,21.209999,21.34,22.01,22.280001,22.700001,22.27,22.530001,22.26
2020/5/11,20:55:00,G1108,27.18,27.280001,27.139999,27.15,27.190001,27.23,27.15,23.34,21.23,20.959999,20.91,21.110001,21.23,21.98,22.24,22.709999,22.209999,22.52,22.219999
2020/5/11,20:55:00,G1109,26.82,26.940001,26.77,26.790001,26.799999,26.83,26.809999,23.01,21.25,20.790001,20.719999,20.969999,21.049999,21.549999,22.190001,22.43,21.940001,22.25,22.01
2020/5/11,20:55:00,G1110,26.450001,26.58,26.379999,26.35,26.459999,26.469999,26.43,22.66,20.85,20.450001,20.5,20.82,20.889999,21.18,22.02,22.26,21.66,22.040001,21.85
2020/5/11,20:55:00,G1111,26.049999,26.15,26.059999,25.969999,26.23,26.139999,26,22.16,20.610001,20.190001,20.389999,20.6,20.73,21.120001,22,22.129999,21.450001,21.92,21.67
2020/5/11,20:55:00,G1112,25.889999,25.969999,25.959999,25.780001,26.059999,26.030001,25.85,22.17,20.700001,20.040001,20.41,20.540001,20.6,20.870001,22.059999,21.959999,21.43,21.889999,21.620001
2020/5/11,20:55:00,G1113,25.73,25.75,25.84,25.559999,25.889999,25.879999,25.639999,21.940001,20.52,19.84,20.389999,20.440001,20.5,20.6,21.879999,21.84,21.33,21.77,21.48
2020/5/18,2:10:00,G1101,25.969999,25.879999,26.059999,NaN,25.889999,NaN,25.98,25.370001,23.24,23.25,23.51,24.01,23.93,23.74,23.84,24.27,23.889999,NaN,NaN
2020/5/18,2:10:00,G1102,26.16,26.049999,26.049999,25.98,25.91,25.93,25.969999,25.719999,23.290001,23.43,23.77,24.120001,24.02,23.870001,23.82,24.32,23.959999,NaN,23.58
2020/5/18,2:10:00,G1103,26.02,25.959999,26.01,25.93,25.85,25.860001,25.950001,25.700001,23.040001,23.67,23.809999,24.040001,23.959999,23.879999,23.870001,24.209999,23.950001,23.780001,23.43
2020/5/18,2:10:00,G1104,NaN,25.92,NaN,NaN,25.809999,NaN,25.950001,NaN,23.34,NaN,23.879999,NaN,23.889999,NaN,23.92,NaN,NaN,NaN,23.389999
2020/5/18,2:10:00,G1105,25.790001,25.799999,25.85,25.76,25.719999,25.74,25.790001,25.610001,23.200001,23.700001,23.809999,NaN,23.77,23.73,23.870001,23.66,23.77,23.559999,23.49
2020/5/18,2:10:00,G1106,25.700001,25.68,25.68,25.639999,25.639999,25.620001,25.65,25.51,23.219999,23.59,23.67,23.73,23.84,23.709999,23.790001,23.620001,23.620001,23.6,23.610001
2020/5/18,2:10:00,G1107,25.450001,25.360001,25.35,25.309999,25.27,25.309999,25.32,25.139999,22.93,23.24,23.309999,23.389999,23.48,23.58,23.559999,23.5,23.43,23.559999,23.73
2020/5/18,2:10:00,G1108,25.299999,25.209999,25.209999,25.17,25.129999,25.209999,25.209999,24.98,22.76,23.129999,23.17,23.26,23.370001,23.43,23.440001,23.459999,23.290001,23.549999,23.73
2020/5/18,2:10:00,G1109,24.93,24.92,24.940001,24.889999,24.860001,24.9,24.940001,24.700001,22.75,22.9,22.860001,23.040001,23.129999,23.219999,23.200001,23.540001,23.360001,23.469999,23.67
2020/5/18,2:10:00,G1110,24.610001,24.639999,24.709999,24.65,24.6,24.58,24.610001,24.459999,22.74,22.559999,22.67,22.870001,22.950001,22.99,23.1,23.280001,23.280001,23.280001,23.84
2020/5/18,2:10:00,G1111,24.290001,24.360001,24.379999,24.290001,24.18,24.209999,24.200001,24.07,22.469999,22.23,22.389999,22.48,22.620001,22.77,22.879999,22.99,23.33,23.129999,23.85
2020/5/18,2:10:00,G1112,24.18,24.280001,24.23,24.16,24,24.120001,24.08,23.91,22.459999,22.120001,22.26,22.35,22.5,22.85,22.809999,22.940001,23.440001,23.129999,23.940001
2020/5/18,2:10:00,G1113,24.07,24.17,24.139999,23.950001,23.780001,23.969999,23.860001,23.629999,22.719999,21.959999,22.09,22.27,22.290001,22.879999,22.610001,22.860001,23.68,23.139999,23.959999
2020/5/20,13:10:00,G1101,29.17,29.040001,29.190001,29.23,29.16,29.09,28.73,27.280001,26.450001,26.280001,26.030001,26.299999,26.559999,26.57,NaN,26.83,26.98,27.15,27.51
2020/5/20,13:10:00,G1102,29.23,29.1,29.200001,29.209999,29.139999,29.049999,28.790001,27.469999,26.389999,26.299999,26.16,26.4,26.68,26.780001,NaN,26.9,27.040001,27.139999,27.450001
2020/5/20,13:10:00,G1103,29.110001,29,29.059999,29,28.93,28.889999,28.67,27.58,26.67,26.360001,26.309999,26.440001,26.690001,26.969999,26.860001,26.85,26.940001,26.98,27.129999
2020/5/20,13:10:00,G1104,29.040001,NaN,28.98,NaN,28.83,NaN,28.629999,NaN,26.48,NaN,26.27,26.4,26.690001,NaN,26.92,26.83,26.879999,NaN,27.030001
2020/5/20,13:10:00,G1105,28.9,28.690001,28.73,28.639999,28.59,28.57,28.309999,27.07,26.389999,26.18,26.16,26.42,26.629999,26.790001,26.870001,26.780001,26.700001,26.82,26.860001
2020/5/20,13:10:00,G1106,28.73,28.530001,28.540001,28.459999,28.389999,28.360001,28.02,26.66,25.959999,26,25.99,26.379999,26.49,26.700001,26.76,26.6,26.610001,26.790001,26.83
2020/5/20,13:10:00,G1107,28.290001,28.09,28.08,27.959999,27.940001,27.93,27.629999,26.549999,25.969999,25.870001,25.77,26.200001,26.440001,26.440001,26.33,26.16,26.34,26.42,26.629999
2020/5/20,13:10:00,G1108,28.139999,27.950001,27.93,27.790001,27.780001,27.77,27.52,26.360001,25.66,25.66,25.629999,26.110001,26.34,26.32,26.18,26.02,26.23,26.32,26.5
2020/5/20,13:10:00,G1109,27.75,27.610001,27.559999,27.42,27.41,27.379999,27.209999,26.190001,25.49,25.4,25.360001,25.66,26.139999,25.98,25.84,25.860001,26.07,26.120001,26.24
2020/5/20,13:10:00,G1110,27.33,27.25,27.18,26.99,27.049999,27.02,26.799999,25.9,25.370001,25.23,25.17,25.549999,25.870001,25.68,25.549999,25.75,25.84,25.969999,25.860001
2020/5/20,13:10:00,G1111,26.870001,26.799999,26.77,26.549999,26.65,26.6,26.389999,25.629999,25.129999,25.01,24.879999,25.209999,25.440001,25.360001,25.27,25.469999,25.5,25.59,25.52
2020/5/20,13:10:00,G1112,26.690001,26.629999,26.59,26.43,26.51,26.440001,26.219999,25.360001,24.969999,24.889999,24.75,25.049999,25.280001,25.209999,25.190001,25.360001,25.360001,25.440001,25.43
2020/5/20,13:10:00,G1113,26.41,26.370001,26.32,26.18,26.25,26.200001,25.870001,25.01,24.5,24.620001,24.540001,24.870001,25.049999,25,25.01,25.209999,25.129999,25.190001,25.299999
2020/5/21,15:25:00,G1101,29.16,NaN,29.27,29.24,29.26,29.209999,29.120001,NaN,27.52,NaN,25.620001,NaN,25.27,25.370001,25.6,25.73,25.700001,25.639999,25.809999
2020/5/21,15:25:00,G1102,29.09,NaN,29.23,29.200001,29.25,29.25,29.129999,NaN,27.200001,NaN,25.66,NaN,25.25,25.559999,25.67,25.76,25.700001,25.629999,25.780001
2020/5/21,15:25:00,G1103,28.889999,28.940001,29.030001,29.02,29.049999,29.1,29,NaN,27.35,NaN,25.610001,25.27,25.389999,25.559999,25.639999,25.67,25.540001,25.51,25.75
2020/5/21,15:25:00,G1104,28.799999,NaN,NaN,NaN,28.940001,NaN,NaN,NaN,NaN,NaN,NaN,NaN,NaN,NaN,25.66,NaN,25.51,NaN,25.74
2020/5/21,15:25:00,G1105,28.540001,28.6,28.66,28.65,28.68,28.799999,28.709999,NaN,27.200001,26.26,25.540001,25.450001,25.42,25.629999,25.549999,25.51,25.280001,25.49,26.530001
2020/5/21,15:25:00,G1106,28.360001,28.43,28.459999,28.48,28.51,28.59,28.51,27.360001,27.07,26.049999,25.440001,25.32,25.360001,25.620001,25.4,25.34,25.120001,26.030001,26.98
2020/5/21,15:25:00,G1107,27.959999,27.98,28,28.049999,28.110001,28.09,28.08,27.700001,27.02,25.290001,25.08,25.129999,25.549999,25.4,25.07,25.040001,25.32,26.83,27.16
2020/5/21,15:25:00,G1108,27.74,27.83,27.84,27.879999,27.93,27.940001,27.940001,27.16,27.049999,24.870001,25.129999,24.93,25.42,25.379999,25.030001,24.950001,25.26,26.85,27.110001
2020/5/21,15:25:00,G1109,27.370001,27.450001,27.469999,27.5,27.549999,27.59,27.540001,27.25,27.1,24.459999,25,24.76,25.4,25.24,24.780001,24.66,25.91,26.889999,26.92
2020/5/21,15:25:00,G1110,26.99,27.059999,27.09,27.120001,27.129999,27.190001,27.15,26.91,26.889999,24.059999,24.719999,24.82,25.51,24.959999,24.530001,24.43,26.200001,27.209999,27.16
2020/5/21,15:25:00,G1111,26.559999,NaN,26.68,26.690001,26.700001,26.76,26.73,26.540001,26.5,23.66,24.459999,24.950001,25.280001,24.43,24.18,24.25,25.889999,27.27,27.049999
2020/5/21,15:25:00,G1112,26.41,26.459999,26.51,26.52,26.530001,26.549999,26.549999,26.59,26.360001,23.51,24.360001,24.91,25.129999,24.129999,24.07,24.549999,25.75,27.129999,26.879999
2020/5/21,15:25:00,G1113,26.15,26.219999,26.26,26.27,26.27,26.299999,26.27,26.129999,26.26,NaN,24.049999,24.76,24.9,23.85,23.82,24.709999,25.6,26.940001,26.889999
2020/5/22,20:15:00,G1101,27,26.9,26.889999,26.93,26.83,27.040001,26.57,25.49,25.16,24.969999,24.82,NaN,24.76,24.77,24.799999,NaN,25.030001,25.01,24.799999
2020/5/22,20:15:00,G1102,27.040001,26.969999,26.969999,27,26.969999,27.139999,26.610001,25.530001,25.33,25.040001,24.879999,24.889999,24.84,24.84,24.85,24.950001,25.1,25.030001,24.83
2020/5/22,20:15:00,G1103,26.91,26.879999,26.889999,26.860001,26.860001,27.030001,26.52,25.389999,25.23,24.879999,24.82,24.889999,24.84,24.93,24.870001,25.02,25.110001,24.950001,24.700001
2020/5/22,20:15:00,G1104,NaN,26.83,NaN,26.799999,NaN,NaN,NaN,25.280001,NaN,24.809999,NaN,24.940001,NaN,24.879999,NaN,25.059999,NaN,25,NaN
2020/5/22,20:15:00,G1105,26.690001,26.610001,26.66,26.639999,26.6,26.799999,25.959999,25.129999,24.98,24.950001,24.98,24.889999,25.1,24.85,24.85,25.299999,25.290001,24.92,24.48
2020/5/22,20:15:00,G1106,26.58,26.48,26.5,26.530001,26.559999,26.66,25.99,25.07,25.08,24.809999,25,24.870001,25.24,24.82,24.879999,25.6,25.32,24.799999,24.35
2020/5/22,20:15:00,G1107,26.52,26.610001,26.440001,26.59,26.4,26.379999,25.610001,24.98,24.9,24.83,24.889999,24.879999,25.1,25,25.23,25.5,25.16,24.370001,24.24
2020/5/22,20:15:00,G1108,26.389999,26.48,26.4,26.5,26.370001,26.280001,25.690001,24.76,24.91,24.74,24.780001,24.870001,25.08,24.809999,24.959999,25.389999,25.110001,24.370001,24
2020/5/22,20:15:00,G1109,26.190001,26.16,26.219999,26.23,26.34,26.27,25.66,24.68,24.68,24.57,24.6,24.65,24.860001,24.84,24.85,25.16,24.93,24.030001,23.91
2020/5/22,20:15:00,G1110,25.85,25.889999,25.879999,25.860001,25.98,26,25.559999,24.620001,24.690001,24.4,24.620001,24.540001,24.620001,24.68,24.73,24.91,24.700001,23.690001,23.93
2020/5/22,20:15:00,G1111,25.42,25.42,25.459999,25.49,25.549999,25.549999,25.27,24.370001,24.530001,24.190001,24.290001,24.299999,24.41,24.370001,24.32,24.610001,24.34,23.299999,23.719999
2020/5/22,20:15:00,G1112,25.25,25.25,25.290001,25.35,25.379999,25.360001,24.98,24.26,24.389999,24.08,23.950001,24.16,24.190001,24.25,24.26,24.219999,24.040001,23.129999,24.01
2020/5/22,20:15:00,G1113,24.99,25.02,25.040001,25.08,25.120001,25.110001,24.75,24.07,24.139999,23.690001,24.07,24.1,24.110001,24,24.23,24.17,23.870001,23.07,23.440001
2020/6/2,13:20:00,G1101,29.030001,29,29.030001,29.040001,28.99,28.99,28.84,27.120001,26.959999,26.469999,25.34,25.040001,24.98,25.139999,25.110001,24.91,25.059999,25.15,25.389999
2020/6/2,13:20:00,G1102,28.99,28.950001,28.99,29.01,28.969999,28.98,28.860001,27.030001,26.91,26.469999,25.34,25.08,24.969999,25.049999,25,24.91,25.049999,25.120001,25.43
2020/6/2,13:20:00,G1103,28.780001,28.76,28.77,28.83,28.790001,28.809999,28.690001,26.67,26.639999,26.290001,25.16,24.959999,24.82,24.889999,25.08,24.950001,24.93,25.139999,25.360001
2020/6/2,13:20:00,G1104,28.690001,28.68,28.68,28.73,28.700001,28.73,28.610001,26.58,26.530001,26.209999,25.120001,24.959999,24.809999,24.91,25.1,24.93,24.9,25.129999,25.309999
2020/6/2,13:20:00,G1105,28.440001,28.42,28.450001,28.52,28.5,28.469999,28.379999,26.209999,26.290001,26,24.9,24.809999,24.85,25.52,25.08,24.940001,24.700001,25.219999,25.41
2020/6/2,13:20:00,G1106,28.27,28.24,28.27,28.33,28.309999,28.27,28.209999,26.01,26.200001,25.82,24.84,24.629999,24.85,25.860001,24.9,24.799999,24.610001,25.379999,25.549999
2020/6/2,13:20:00,G1107,27.809999,27.77,27.860001,27.870001,27.889999,27.879999,27.780001,25.639999,26.299999,25.43,25.040001,24.42,25.08,26.280001,25.27,24.58,24.9,26.110001,25.66
2020/6/2,13:20:00,G1108,27.68,27.629999,27.639999,27.719999,27.709999,27.709999,27.6,25.540001,26.110001,25.4,24.52,24.450001,25.290001,26.389999,25.33,24.620001,24.91,26.08,25.57
2020/6/2,13:20:00,G1109,27.280001,27.299999,27.219999,27.35,27.299999,27.309999,27.219999,25.32,25.969999,25.18,24.85,24.530001,25.290001,26.51,25.209999,25.24,25.620001,26.16,25.75
2020/6/2,13:20:00,G1110,26.85,26.91,26.84,26.959999,26.870001,26.940001,26.84,25.15,25.629999,25.18,25.139999,24.719999,25.66,26.18,25,25.540001,25.92,26.32,25.719999
2020/6/2,13:20:00,G1111,26.450001,26.440001,26.469999,26.5,26.42,26.5,26.43,25.059999,25.549999,25.110001,24.969999,24.85,25.51,25.73,24.799999,25.540001,25.85,26.049999,25.450001
2020/6/2,13:20:00,G1112,26.25,26.280001,26.27,26.32,26.219999,26.290001,26.25,25.08,25.35,25.01,24.950001,24.719999,25.4,25.639999,24.610001,25.42,25.709999,25.889999,25.42
2020/6/2,13:20:00,G1113,25.99,26.01,26.040001,26.030001,26,26.030001,26.02,25.25,25.190001,24.889999,24.84,24.540001,25.23,25.59,24.5,25.219999,25.549999,25.639999,25.34
2020/6/5,17:55:00,G1101,29.209999,29.24,29.23,29.219999,29.309999,29.32,29.24,28.42,27.52,27.040001,25.48,24.860001,24.950001,24.700001,24.629999,24.57,24.43,24.370001,24.540001
2020/6/5,17:55:00,G1102,29.200001,29.209999,29.209999,29.209999,29.309999,29.309999,29.219999,28.5,27.5,27,25.41,24.889999,25.059999,24.74,24.68,24.66,24.5,24.5,24.719999
2020/6/5,17:55:00,G1103,29.049999,29.059999,29.059999,29.059999,29.200001,29.17,29.09,28.530001,27.360001,26.870001,25.360001,24.98,25.059999,24.76,24.620001,24.790001,24.549999,24.860001,24.879999
2020/6/5,17:55:00,G1104,28.959999,28.969999,28.969999,28.98,29.110001,29.110001,29.01,28.41,27.280001,26.85,25.32,24.9,25.09,24.82,24.66,24.959999,24.58,25.040001,24.91
2020/6/5,17:55:00,G1105,28.780001,28.77,28.77,28.77,28.9,28.93,28.77,28.120001,27.07,26.67,24.870001,25.059999,25.209999,25.129999,24.83,25.57,24.6,25.040001,25.17
2020/6/5,17:55:00,G1106,28.6,28.58,28.58,28.620001,28.76,28.75,28.59,27.91,26.969999,26.639999,24.809999,25.049999,25.33,25.41,25.040001,25.73,24.67,24.92,25.139999
2020/6/5,17:55:00,G1107,28.18,28.18,28.18,28.17,28.309999,28.34,28.190001,27.57,26.83,26.559999,24.84,25.110001,25.93,25.879999,25.98,25.809999,24.59,24.610001,24.75
2020/6/5,17:55:00,G1108,28.040001,28,28,28.02,28.139999,28.18,28.02,27.469999,26.42,26.299999,24.75,25.15,25.93,25.860001,25.889999,25.74,24.379999,24.43,24.52
2020/6/5,17:55:00,G1109,27.709999,27.629999,27.66,27.67,27.75,27.790001,27.67,27.200001,25.860001,26.309999,25.1,25.48,25.889999,26.18,25.780001,25.6,24.540001,24.290001,24.790001
2020/6/5,17:55:00,G1110,27.360001,27.18,27.27,27.34,27.389999,27.379999,27.290001,26.809999,25.610001,26.379999,25.280001,25.719999,25.77,26.370001,25.790001,25.65,24.860001,24.76,25.110001
2020/6/5,17:55:00,G1111,26.860001,26.83,26.82,26.85,26.98,26.85,26.83,26.23,25.76,26.209999,25.57,25.709999,25.23,26.41,25.73,25.610001,25.32,25.35,25.530001
2020/6/5,17:55:00,G1112,26.73,26.700001,26.65,26.690001,26.799999,26.67,26.65,26.139999,25.65,26.190001,25.42,25.620001,25.370001,26.440001,25.620001,25.93,25.620001,25.32,25.799999
2020/6/5,17:55:00,G1113,26.459999,26.440001,26.370001,26.43,26.6,26.360001,26.4,25.93,25.83,26.07,25.290001,25.459999,25.32,26.469999,25.4,26.200001,25.879999,25.309999,26.32
2020/6/6,0:10:00,G1101,28.280001,28.309999,28.26,28.24,28.16,28.059999,28.01,26.889999,26.42,26.049999,25.690001,25.51,25.23,25.5,25.58,25.59,25.559999,25.610001,25.4
2020/6/6,0:10:00,G1102,28.459999,28.49,28.389999,28.33,28.309999,28.200001,28.07,26.879999,26.5,26.190001,25.77,25.59,25.299999,25.66,25.719999,25.76,25.690001,25.719999,25.549999
2020/6/6,0:10:00,G1103,28.5,28.459999,28.389999,28.290001,28.33,28.27,28.1,26.77,26.43,26.24,25.75,25.469999,25.280001,25.65,25.790001,25.74,25.65,25.66,25.469999
2020/6/6,0:10:00,G1104,28.459999,28.41,28.33,28.25,28.32,28.24,28.07,26.66,26.34,26.139999,25.709999,25.4,25.26,25.629999,25.780001,25.709999,25.59,25.59,25.469999
2020/6/6,0:10:00,G1105,28.290001,28.209999,28.209999,28.09,28.18,28.120001,27.93,26.5,26.35,26,25.559999,25.26,25.33,25.6,25.809999,25.6,25.43,25.49,25.280001
2020/6/6,0:10:00,G1106,28.139999,28.059999,28.07,27.940001,28.030001,27.98,27.77,26.370001,26.33,25.940001,25.370001,25.16,25.280001,25.5,25.780001,25.450001,25.42,25.379999,25.110001
2020/6/6,0:10:00,G1107,27.709999,27.629999,27.68,27.6,27.629999,27.65,27.389999,26.110001,26,25.75,25.219999,25.190001,25.25,25.23,25.290001,25.07,25.41,25.09,24.82
2020/6/6,0:10:00,G1108,27.540001,27.5,27.530001,27.42,27.51,27.51,27.290001,25.9,25.9,25.68,25.18,25.07,25.120001,25.139999,25.139999,24.950001,25.299999,24.99,24.690001
2020/6/6,0:10:00,G1109,27.17,27.190001,27.200001,27.09,27.200001,27.17,27.01,25.690001,25.809999,25.83,25.110001,25.860001,25.040001,25,24.93,24.85,25.190001,24.790001,24.49
2020/6/6,0:10:00,G1110,26.790001,26.860001,26.84,26.780001,26.82,26.799999,26.690001,25.75,25.99,26.139999,25.629999,26.219999,25.32,25.17,25.15,24.639999,25.25,24.59,24.299999
2020/6/6,0:10:00,G1111,26.42,26.469999,26.389999,26.4,26.33,26.35,26.209999,25.66,26.16,26.07,25.84,26.16,25.6,25.889999,25.200001,24.99,26.17,24.379999,24.530001
2020/6/6,0:10:00,G1112,26.25,26.33,26.23,26.25,26.23,26.200001,26.120001,25.34,26.209999,26.049999,25.799999,26.27,25.49,25.93,25.25,25.219999,26.299999,24.690001,24.549999
2020/6/6,0:10:00,G1113,25.98,26.07,25.99,26.040001,26.02,25.98,25.93,24.780001,26.110001,25.940001,25.74,26.23,25.379999,25.85,25.33,25.27,26.26,25.360001,24.57
2020/6/8,4:45:00,G1101,27.959999,28.01,27.9,28.01,27.98,28.01,28.01,26.6,25.889999,24.389999,23.889999,24.200001,24.049999,24.389999,24.879999,24.790001,25.040001,25.209999,25.209999
2020/6/8,4:45:00,G1102,28.040001,28.07,27.969999,28.059999,28.040001,28.07,28.09,26.58,25.83,24.309999,23.870001,24.139999,24,24.41,25.040001,24.84,25.059999,25.35,25.290001
2020/6/8,4:45:00,G1103,28,28.01,27.93,28.02,27.99,27.99,28.01,26.33,25.610001,24.120001,23.700001,24.030001,23.870001,24.209999,25.049999,24.82,25.17,25.32,25.299999
2020/6/8,4:45:00,G1104,27.959999,27.98,27.889999,27.969999,27.950001,27.950001,27.969999,25.959999,25.559999,24.08,23.620001,24.02,24.01,24.559999,25.07,24.82,25.16,25.27,25.209999
2020/6/8,4:45:00,G1105,27.82,27.84,27.76,27.83,27.809999,27.799999,27.790001,25.559999,25.43,23.959999,23.51,23.76,23.639999,25,25,24.879999,25.27,25.16,25.09
2020/6/8,4:45:00,G1106,27.68,27.690001,27.629999,27.700001,27.67,27.700001,27.639999,25.040001,25.110001,23.83,23.370001,23.549999,23.780001,24.940001,24.84,24.91,25.389999,25.07,24.950001
2020/6/8,4:45:00,G1107,27.35,27.309999,27.280001,27.309999,27.25,27.309999,27.27,24.780001,25.08,23.639999,23.610001,23.6,23.620001,24.610001,24.459999,25.110001,25.35,24.700001,24.610001
2020/6/8,4:45:00,G1108,27.139999,27.17,27.139999,27.16,27.139999,27.16,27.120001,24.73,25.02,23.48,23.5,23.299999,23.59,24.65,24.450001,25.129999,25.32,24.639999,24.49
2020/6/8,4:45:00,G1109,26.82,26.85,26.84,26.83,26.809999,26.85,26.799999,24.51,24.879999,23.200001,23.440001,23.129999,23.34,24.49,24.33,25.059999,25.23,24.43,24.280001
2020/6/8,4:45:00,G1110,26.48,26.52,26.5,26.530001,26.450001,26.51,26.469999,24.379999,24.66,22.790001,23.57,22.870001,23.27,24.35,24.459999,25.18,25.209999,24.200001,24.059999
2020/6/8,4:45:00,G1111,26.08,26.139999,26.1,26.110001,26.040001,26.09,26.120001,24.32,24.450001,22.639999,23.5,22.860001,23.15,23.940001,24.809999,25.049999,25.040001,23.91,23.98
2020/6/8,4:45:00,G1112,25.950001,26,25.950001,25.98,25.93,25.969999,25.99,24.48,24.469999,22.5,23.59,22.76,23.51,24.16,24.98,24.92,24.99,23.85,23.889999
2020/6/8,4:45:00,G1113,25.73,25.84,25.75,25.74,25.700001,25.709999,25.709999,24.559999,24.4,22.200001,23.5,22.58,22.959999,24.58,25.16,24.76,24.93,23.68,23.809999
2020/6/8,11:45:00,G1101,26.379999,26.4,27.049999,27.41,27.620001,27.57,27.469999,26.620001,25.219999,26.209999,26.65,26.889999,26.75,26.700001,26.34,26.530001,26.5,26.139999,26.059999
2020/6/8,11:45:00,G1102,26.309999,26.389999,27.07,27.43,27.629999,27.59,27.360001,26.540001,25.120001,26.469999,27.08,27.049999,26.790001,26.75,26.389999,26.719999,26.52,26.309999,26.18
2020/6/8,11:45:00,G1103,26.200001,26.290001,26.889999,27.32,27.51,27.469999,27.309999,26.49,25.1,27,27.049999,27.09,26.709999,26.620001,26.280001,26.530001,26.35,26.27,26.219999
2020/6/8,11:45:00,G1104,26.16,26.360001,26.85,27.27,27.41,27.450001,27.209999,26.24,25.110001,27.17,27.17,27.09,26.629999,26.57,26.4,26.66,26.299999,26.26,26.190001
2020/6/8,11:45:00,G1105,26.280001,26.620001,26.67,27.299999,27.290001,27.290001,27.120001,25.860001,25.280001,26.889999,27.35,26.85,26.440001,26.360001,26.450001,26.57,26.129999,26.200001,26.16
2020/6/8,11:45:00,G1106,26.23,26.549999,26.559999,27.25,27.200001,27.190001,27.02,25.68,25.4,27.02,25.719999,26.639999,26.290001,26.280001,26.360001,26.41,25.98,26.08,26.059999
2020/6/8,11:45:00,G1107,26.469999,26.610001,26.32,27.09,27.07,26.93,26.809999,25.23,26.440001,26.549999,27.139999,26.379999,25.98,26.209999,26.15,25.98,25.870001,25.950001,25.950001
2020/6/8,11:45:00,G1108,26.370001,26.530001,26.24,26.92,26.77,26.76,26.68,25.049999,25.610001,26.889999,27.17,26.26,25.889999,26.139999,26.049999,25.85,25.780001,25.879999,25.889999
2020/6/8,11:45:00,G1109,26.219999,26.34,26.190001,26.67,26.559999,26.43,26.43,24.629999,25.43,26.549999,26.91,25.969999,25.68,26.110001,25.709999,25.51,25.790001,26.030001,25.879999
2020/6/8,11:45:00,G1110,26.07,26.07,26,26.450001,26.389999,26.219999,26.26,24.040001,25.25,25.799999,26.65,25.620001,25.379999,25.809999,25.57,25.24,25.940001,26.719999,26.16
2020/6/8,11:45:00,G1111,25.74,25.75,25.68,25.83,25.93,25.68,26.07,23.559999,25.219999,25.41,25.860001,25.389999,24.91,25.83,25.25,24.969999,26.639999,26.77,26.26
2020/6/8,11:45:00,G1112,25.66,25.67,25.559999,25.68,25.709999,25.34,25.98,23.49,25.18,25.33,25.99,25.389999,24.93,25.959999,25.09,25.02,26.709999,26.709999,26.18
2020/6/8,11:45:00,G1113,25.48,25.51,25.43,25.700001,25.65,25.139999,25.98,23.32,24.969999,25.16,25.709999,25.030001,24.290001,25.98,25.02,25.15,26.559999,26.540001,25.950001
2020/6/9,20:45:00,G1101,28.57,28.52,28.51,28.629999,28.48,28.52,28.41,27.01,26.66,26.530001,26.280001,25.27,24.76,24.700001,24.77,25.07,24.98,24.68,24.700001
2020/6/9,20:45:00,G1102,28.559999,28.5,28.57,28.629999,28.540001,28.58,28.469999,26.959999,26.639999,26.5,26.24,25.34,24.83,24.85,24.940001,25.17,25.09,24.85,24.83
2020/6/9,20:45:00,G1103,28.450001,28.440001,28.469999,28.52,28.48,28.48,28.440001,26.75,26.41,26.309999,26.059999,25.34,24.93,24.860001,25.02,25.15,25.1,24.950001,24.9
2020/6/9,20:45:00,G1104,28.4,28.379999,28.42,28.459999,28.389999,28.389999,28.389999,26.700001,26.32,26.209999,25.950001,25.219999,24.940001,24.83,25.02,25.16,25.08,24.950001,24.9
2020/6/9,20:45:00,G1105,28.23,28.25,28.25,28.26,28.219999,28.17,28.17,26.370001,26.040001,25.93,25.66,24.98,24.959999,24.83,25.110001,25.17,25.09,25.049999,24.98
2020/6/9,20:45:00,G1106,28.110001,28.1,28.110001,28.07,28.07,27.99,27.99,26.17,25.83,25.73,25.48,24.879999,24.93,24.76,25.07,25.18,25.07,25.01,24.889999
2020/6/9,20:45:00,G1107,27.68,27.65,27.719999,27.67,27.66,27.610001,27.57,25.65,25.4,25.23,25,24.73,24.76,24.690001,24.84,25.040001,25.09,24.85,24.77
2020/6/9,20:45:00,G1108,27.52,27.49,27.549999,27.5,27.5,27.459999,27.41,25.5,25.23,25.049999,24.83,24.52,24.610001,24.559999,24.74,24.969999,25.08,24.709999,24.620001
2020/6/9,20:45:00,G1109,27.15,27.139999,27.200001,27.18,27.15,27.129999,27.07,25.15,24.85,24.65,24.49,24.23,24.700001,24.790001,24.809999,25.18,25.290001,24.57,24.440001
2020/6/9,20:45:00,G1110,26.780001,26.790001,26.809999,26.84,26.82,26.77,26.709999,24.77,24.469999,24.24,24.17,24.110001,24.969999,25.26,25.1,26.209999,26.35,24.84,24.58
2020/6/9,20:45:00,G1111,26.33,26.34,26.33,26.51,26.379999,26.34,26.290001,24.290001,23.98,23.76,23.879999,24.02,25.41,26.299999,25.799999,26.34,26.49,25.02,24.700001
2020/6/9,20:45:00,G1112,26.18,26.18,26.16,26.41,26.200001,26.18,NaN,24.09,23.809999,23.629999,23.950001,24.07,25.780001,26.530001,26.17,NaN,26.34,25.129999,NaN
2020/6/9,20:45:00,G1113,25.92,25.93,25.889999,26.219999,25.959999,25.91,25.889999,23.77,23.549999,23.48,23.879999,24.129999,25.99,26.379999,26.200001,26.440001,26.059999,25.42,25.1
2020/6/13,10:25:00,G1101,30.629999,31.24,30.93,30.719999,30.940001,31.01,30.870001,30.299999,28.879999,28.77,28.48,28.110001,27.950001,27.85,27.870001,28.049999,28.32,28.709999,29.040001
2020/6/13,10:25:00,G1102,30.459999,31.02,30.67,30.469999,30.799999,30.91,30.9,30.25,28.93,28.9,28.58,28.200001,27.969999,27.799999,27.870001,27.9,28.25,28.65,28.93
2020/6/13,10:25:00,G1103,30.209999,30.49,30.389999,30.299999,30.76,30.57,30.559999,30.02,28.889999,28.879999,28.459999,28.15,27.77,27.709999,27.709999,27.799999,28.040001,28.4,28.66
2020/6/13,10:25:00,G1104,30.09,30.280001,30.27,30.190001,30.59,30.379999,30.360001,29.9,28.77,28.809999,28.35,28.09,27.65,27.610001,27.65,27.799999,27.959999,28.4,28.59
2020/6/13,10:25:00,G1105,29.77,30.01,30.1,30.01,30.299999,30.18,30.059999,29.639999,28.709999,28.59,28.139999,27.91,27.42,27.389999,27.4,27.6,27.709999,28.18,28.4
2020/6/13,10:25:00,G1106,29.549999,29.790001,29.959999,29.860001,29.959999,29.950001,29.780001,29.450001,28.5,28.51,27.99,27.74,27.23,27.190001,27.290001,27.4,27.66,27.93,28.290001
2020/6/13,10:25:00,G1107,29.049999,29.290001,29.6,29.51,29.389999,29.370001,29.1,28.940001,28.1,28.129999,27.549999,27.280001,26.780001,26.75,27.01,26.959999,27.27,27.49,27.65
2020/6/13,10:25:00,G1108,28.959999,29.219999,29.540001,29.440001,29.27,29.290001,29.01,28.85,27.950001,28.08,27.48,27.190001,26.690001,26.66,26.959999,26.91,27.17,27.41,27.559999
2020/6/13,10:25:00,G1109,28.57,28.82,29.219999,29.16,28.91,28.950001,28.690001,28.52,27.77,27.709999,27.129999,26.75,26.32,26.33,26.629999,26.75,26.700001,27.030001,27.139999
2020/6/13,10:25:00,G1110,28.08,28.32,28.74,28.51,28.43,28.41,28.209999,28.08,27.469999,27.209999,26.66,26.290001,25.92,26.16,26.23,26.459999,26.34,26.6,26.67
2020/6/13,10:25:00,G1111,27.57,27.809999,28.15,27.860001,27.93,27.92,27.82,27.559999,27.23,26.82,26.27,26.030001,25.639999,25.93,25.879999,26.030001,26.07,26.110001,26.23
2020/6/13,10:25:00,G1112,27.43,27.620001,28.030001,27.68,27.73,27.700001,27.620001,27.41,27,26.65,26.110001,25.879999,25.530001,25.84,25.77,25.950001,25.940001,25.98,26.08
2020/6/13,10:25:00,G1113,27.139999,27.360001,27.719999,27.440001,27.440001,27.379999,27.309999,27.16,26.690001,26.379999,25.879999,25.59,25.32,25.66,25.620001,25.74,25.82,25.76,25.780001
2020/6/14,15:45:00,G1101,28.75,28.719999,28.879999,28.59,28.57,28.52,28.25,27.700001,26.5,26.620001,26.700001,26.91,27.01,27.15,27.1,27.41,27.280001,27.290001,27.5
2020/6/14,15:45:00,G1102,28.780001,28.76,28.93,28.690001,28.530001,28.51,28.280001,27.84,26.59,26.709999,26.75,26.860001,26.940001,27.059999,27.01,27.360001,27.15,27.35,27.51
2020/6/14,15:45:00,G1103,28.6,28.73,28.780001,28.540001,28.379999,28.34,28.15,27.68,26.57,26.76,26.709999,26.809999,26.83,26.83,26.959999,27.209999,27.129999,27.469999,27.450001
2020/6/14,15:45:00,G1104,28.52,28.68,28.68,28.459999,28.280001,28.23,28.110001,27.59,26.51,26.790001,26.65,26.860001,26.77,26.719999,26.9,27.08,27.07,27.59,27.48
2020/6/14,15:45:00,G1105,28.379999,28.469999,28.440001,28.23,28.07,27.98,27.959999,27.280001,26.379999,26.73,26.549999,26.82,26.82,26.799999,26.98,27.32,27.48,27.6,27.52
2020/6/14,15:45:00,G1106,28.25,28.27,28.209999,28.059999,27.9,27.790001,27.799999,26.91,26.389999,26.549999,26.450001,26.68,26.74,26.940001,27.08,27.299999,27.57,27.459999,27.389999
2020/6/14,15:45:00,G1107,27.889999,27.82,27.74,27.610001,27.459999,27.379999,27.4,26.610001,26.01,26.26,26.17,26.450001,26.5,26.82,26.940001,27.299999,27.27,27.16,27.08
2020/6/14,15:45:00,G1108,27.83,27.73,27.65,27.530001,27.389999,27.33,27.309999,26.5,25.940001,26.18,26.200001,26.440001,26.530001,26.75,26.889999,27.26,27.200001,27.110001,27.08
2020/6/14,15:45:00,G1109,27.49,27.35,27.27,27.16,27.030001,27.01,26.92,26.110001,25.540001,25.92,26.08,26.25,26.43,26.48,26.75,27.059999,26.870001,26.809999,26.879999
2020/6/14,15:45:00,G1110,27.01,26.9,26.780001,26.709999,26.66,26.559999,26.42,25.639999,25.129999,25.59,25.74,25.93,26.129999,26.16,26.42,26.620001,26.450001,26.42,26.530001
2020/6/14,15:45:00,G1111,26.530001,26.459999,26.32,26.280001,26.25,26.219999,25.99,25.25,24.73,25.35,25.379999,25.57,25.700001,25.889999,26.049999,26.139999,26.08,26.02,26.08
2020/6/14,15:45:00,G1112,26.35,26.26,26.129999,26.1,26.09,26.059999,25.790001,25.049999,24.66,25.25,25.27,25.57,25.57,25.76,25.91,25.91,25.969999,25.870001,25.950001
2020/6/14,15:45:00,G1113,26.07,25.950001,25.860001,25.83,25.83,25.780001,25.440001,24.74,24.49,25.040001,25.07,25.389999,25.33,25.52,25.610001,25.639999,25.74,25.620001,25.76
2020/6/14,17:25:00,G1101,28.5,28.709999,28.93,28.93,28.790001,28.85,28.77,27.59,26.16,25.959999,25.450001,25.549999,25.77,25.73,25.629999,25.65,26.040001,26.26,26.459999
2020/6/14,17:25:00,G1102,28.4,28.639999,29.02,28.940001,28.83,28.92,28.84,27.76,26.41,26.15,25.58,25.68,25.879999,25.82,25.629999,25.73,26.120001,26.370001,26.620001
2020/6/14,17:25:00,G1103,28.25,28.49,28.9,28.780001,28.74,28.799999,28.75,27.83,26.799999,26.040001,25.639999,25.85,25.91,25.879999,25.66,25.84,26.23,26.33,26.549999
2020/6/14,17:25:00,G1104,28.209999,28.440001,28.799999,28.719999,28.66,28.709999,28.66,27.790001,26.84,26,25.700001,26.02,25.91,25.85,25.73,26.02,26.299999,26.290001,26.450001
2020/6/14,17:25:00,G1105,27.959999,28.389999,28.549999,28.51,28.459999,28.48,28.459999,27.450001,26.889999,25.719999,25.82,26.17,26.200001,25.92,25.83,26.450001,26.370001,26.1,26.219999
2020/6/14,17:25:00,G1106,27.84,28.26,28.370001,28.32,28.309999,28.34,28.32,27.1,26.82,25.540001,25.790001,26.110001,26.23,26.059999,25.860001,26.42,26.290001,26.030001,26.01
2020/6/14,17:25:00,G1107,27.440001,27.82,27.940001,27.879999,27.93,27.969999,27.950001,26.129999,26.91,25.65,25.57,26.190001,26.200001,26.08,25.98,26.1,25.91,25.629999,25.719999
2020/6/14,17:25:00,G1108,27.41,27.73,27.85,27.82,27.870001,27.92,27.870001,26.200001,26.83,25.620001,25.49,26.15,26.18,26.07,25.950001,26.040001,25.860001,25.559999,25.639999
2020/6/14,17:25:00,G1109,27.110001,27.379999,27.48,27.49,27.559999,27.57,27.52,25.83,26.57,25.35,25.450001,25.85,26.01,25.82,25.66,25.73,25.530001,25.25,25.34
2020/6/14,17:25:00,G1110,26.780001,26.940001,27.030001,27.040001,27.139999,27.1,27.07,25.620001,26.309999,25.110001,25.17,25.43,25.629999,25.41,25.24,25.280001,25.120001,24.85,24.950001
2020/6/14,17:25:00,G1111,26.450001,26.43,26.59,26.59,26.91,26.620001,26.6,25.49,25.940001,24.809999,24.870001,25.34,25.34,25.059999,24.85,24.870001,24.690001,24.48,24.559999
2020/6/14,17:25:00,G1112,26.370001,26.27,26.41,26.43,26.77,26.440001,26.43,25.280001,25.790001,24.629999,24.799999,25.24,25.200001,24.879999,24.700001,24.700001,24.52,24.33,24.41
2020/6/14,17:25:00,G1113,26.08,26,26.120001,26.190001,26.51,26.16,26.129999,24.879999,25.58,24.549999,24.620001,25.07,24.950001,24.68,24.459999,24.41,24.23,24.08,24.209999
2020/6/16,11:05:00,G1101,29.889999,30.15,29.809999,29.459999,29.52,29.43,29.469999,28.6,27.040001,26.91,27.16,27.719999,27.389999,27.950001,28.73,28.49,27.969999,28.190001,28.110001
2020/6/16,11:05:00,G1102,29.66,29.959999,29.639999,29.43,29.41,29.34,29.35,28.48,26.940001,26.790001,27.02,27.52,27.33,27.73,28.450001,28.360001,27.690001,27.959999,27.84
2020/6/16,11:05:00,G1103,29.309999,29.66,29.33,29.23,29.200001,29.110001,29.17,28.110001,26.73,26.57,26.73,27.110001,27.139999,27.370001,28.110001,28.01,27.530001,27.540001,27.530001
2020/6/16,11:05:00,G1104,29.23,29.549999,29.18,29.110001,29.08,28.99,29.049999,27.950001,26.620001,26.459999,26.549999,26.950001,27.07,27.219999,28,27.889999,27.389999,27.370001,27.459999
2020/6/16,11:05:00,G1105,28.93,29.1,28.84,28.83,28.790001,28.709999,28.74,27.530001,26.34,26.200001,26.25,26.67,26.91,26.940001,27.59,27.549999,27.09,27.07,27.280001
2020/6/16,11:05:00,G1106,28.67,28.809999,28.610001,28.629999,28.559999,28.51,28.51,27.290001,26.219999,26.02,26.059999,26.530001,26.85,26.73,27.34,27.18,26.98,26.889999,27.139999
2020/6/16,11:05:00,G1107,27.969999,28.209999,28.120001,28.139999,28.09,28.040001,27.98,26.709999,26.219999,25.709999,25.790001,26.280001,26.76,26.23,26.75,26.719999,26.709999,26.469999,26.66
2020/6/16,11:05:00,G1108,27.879999,28.07,28.02,28.040001,28,27.959999,27.879999,26.620001,26.290001,25.66,25.84,26.209999,26.73,26.15,26.66,26.620001,26.690001,26.469999,26.59
2020/6/16,11:05:00,G1109,27.52,27.67,27.629999,27.66,27.610001,27.610001,27.49,26.17,26.15,25.66,26.27,26.049999,26.469999,25.809999,26.26,26.299999,26.700001,26.35,26.280001
2020/6/16,11:05:00,G1110,27.07,27.16,27.16,27.18,27.15,27.18,27.040001,25.709999,25.690001,25.610001,26.09,25.799999,26.309999,25.43,25.73,25.98,26.459999,26.129999,25.950001
2020/6/16,11:05:00,G1111,26.58,26.700001,26.690001,26.709999,26.690001,26.73,26.559999,25.299999,25.18,25.42,25.639999,25.469999,25.99,25.17,25.27,25.709999,26.290001,25.860001,25.68
2020/6/16,11:05:00,G1112,26.389999,26.51,26.52,26.52,26.48,26.530001,26.370001,25.059999,25.02,25.27,25.459999,25.34,25.83,25.1,25.129999,25.629999,26.200001,25.700001,25.58
2020/6/16,11:05:00,G1113,26.1,26.219999,26.23,26.23,26.18,26.24,26.09,24.77,24.700001,25.059999,25.190001,25.139999,25.57,24.92,24.950001,25.559999,26.040001,25.5,25.639999
2020/6/17,18:00:00,G1101,29.559999,29.459999,29.379999,29.26,29.17,29.09,28.959999,27.01,26.33,26.48,26.58,26.889999,26.99,27.200001,27.42,27.76,27.950001,27.809999,27.74
2020/6/17,18:00:00,G1102,29.49,29.4,29.370001,29.25,29.17,29.059999,28.950001,27.01,26.41,26.57,26.700001,27.030001,27.120001,27.440001,27.66,27.940001,28.17,28.07,28.16
2020/6/17,18:00:00,G1103,29.290001,29.190001,29.18,29.09,29.02,28.9,28.799999,26.860001,26.389999,26.639999,26.66,27.07,27.18,27.639999,27.93,28.040001,28.360001,28.23,28.280001
2020/6/17,18:00:00,G1104,29.15,29.16,29.049999,28.99,28.9,28.809999,28.67,26.68,26.32,26.66,26.74,26.969999,27.190001,27.73,28.040001,27.93,28.32,28.209999,28.24
2020/6/17,18:00:00,G1105,28.91,28.92,28.85,28.73,28.68,28.57,28.459999,26.440001,26.23,26.98,26.82,27.02,27.4,27.65,28.120001,28.01,28.190001,28.1,28.040001
2020/6/17,18:00:00,G1106,28.719999,28.76,28.67,28.540001,28.48,28.379999,28.299999,26.35,26.16,27.07,26.879999,26.940001,27.370001,27.549999,28.01,27.950001,28.02,27.940001,27.879999
2020/6/17,18:00:00,G1107,28.25,28.26,28.190001,28.049999,28.030001,27.950001,27.84,25.91,26.09,27.040001,27.049999,26.799999,27.07,27.200001,27.67,27.57,27.610001,27.58,27.51
2020/6/17,18:00:00,G1108,28.16,28.16,28.09,27.959999,27.940001,27.879999,27.75,25.84,26.110001,27.02,27.02,26.799999,27,27.129999,27.6,27.48,27.559999,27.5,27.440001
2020/6/17,18:00:00,G1109,27.790001,27.77,27.690001,27.6,27.559999,27.610001,27.379999,25.629999,26.24,26.85,26.860001,26.65,26.68,26.860001,27.27,27.129999,27.25,27.15,27.09
2020/6/17,18:00:00,G1110,27.34,27.33,27.219999,27.139999,27.09,27.200001,26.93,25.360001,26.01,26.65,26.65,26.379999,26.280001,26.49,26.77,26.700001,26.799999,26.74,26.68
2020/6/17,18:00:00,G1111,26.83,26.91,26.780001,26.719999,26.59,26.719999,26.48,25.27,25.92,26.379999,26.389999,26.059999,26,26.24,26.309999,26.290001,26.4,26.33,26.280001
2020/6/17,18:00:00,G1112,26.74,26.719999,26.549999,26.540001,26.450001,26.549999,26.290001,24.969999,25.85,26.299999,26.209999,26.030001,25.940001,26.32,26.15,26.129999,26.23,26.16,26.120001
2020/6/17,18:00:00,G1113,26.440001,26.459999,26.27,26.27,26.18,26.290001,26.02,24.91,25.709999,26.08,25.940001,25.879999,25.82,26.309999,25.9,25.969999,25.93,25.92,25.84
2020/6/28,5:40:00,G1101,28.139999,28.049999,28.15,28.15,28.1,28.049999,27.790001,26,25.32,25.959999,26.51,26.360001,26.74,26.809999,26.860001,26.65,27.290001,27.280001,26.940001
2020/6/28,5:40:00,G1102,28.15,28.120001,28.219999,28.209999,28.209999,28.120001,27.85,25.91,25.18,26.139999,26.75,26.66,26.860001,26.91,26.969999,27.309999,27.59,27.559999,27.309999
2020/6/28,5:40:00,G1103,28.15,27.959999,28.200001,28.23,28.209999,28.129999,27.870001,25.719999,25.360001,26.68,26.959999,26.99,26.950001,27.030001,27.23,27.68,27.639999,27.6,27.77
2020/6/28,5:40:00,G1104,28.129999,27.91,28.16,28.16,28.18,28.129999,27.82,25.620001,25.450001,26.690001,27.030001,27.059999,26.92,27,27.389999,27.65,27.58,27.58,27.809999
2020/6/28,5:40:00,G1105,28.01,27.84,28.01,28,28.01,28.040001,27.48,25.530001,25.67,26.66,26.99,26.91,26.91,26.91,27.389999,27.440001,27.42,27.48,27.73
2020/6/28,5:40:00,G1106,27.84,27.75,27.860001,27.860001,27.84,27.9,27.450001,25.58,25.620001,26.639999,26.809999,26.83,26.809999,26.83,27.24,27.290001,27.26,27.32,27.6
2020/6/28,5:40:00,G1107,27.42,27.379999,27.459999,27.4,27.42,27.450001,26.99,25.540001,25.57,26.59,26.370001,26.58,26.530001,26.75,26.98,26.950001,26.85,26.879999,27.26
2020/6/28,5:40:00,G1108,27.35,27.309999,27.379999,27.33,27.35,27.360001,26.870001,25.43,25.74,26.530001,26.33,26.540001,26.450001,26.74,26.9,26.940001,26.780001,26.799999,27.219999
2020/6/28,5:40:00,G1109,27,26.969999,27.01,27.01,27.030001,27.040001,26.450001,25.32,25.709999,26.280001,26.110001,26.280001,26.280001,26.48,26.639999,26.629999,26.459999,26.52,26.92
2020/6/28,5:40:00,G1110,26.559999,26.549999,26.530001,26.559999,26.6,26.6,25.950001,25.200001,25.65,25.940001,26.07,26.02,25.969999,26.049999,26.43,26.4,26.110001,26.16,26.58
2020/6/28,5:40:00,G1111,26.1,26.1,26.1,26.110001,26.15,26.17,25.540001,25.01,25.290001,25.620001,25.77,25.67,25.67,25.73,26.190001,25.99,25.790001,25.9,26.209999
2020/6/28,5:40:00,G1112,25.92,25.92,25.92,25.959999,25.99,26.01,25.280001,24.959999,25.16,25.49,25.65,25.559999,25.549999,25.59,26.09,25.780001,25.67,25.83,26.139999
2020/6/28,5:40:00,G1113,25.629999,25.639999,25.629999,25.68,25.709999,25.73,25.1,24.73,25.01,25.34,25.379999,25.290001,25.389999,NaN,25.9,25.49,25.51,25.620001,25.93
2020/7/1,12:00:00,G1101,30.799999,30.870001,30.719999,31.280001,31.68,31.27,30.809999,29.959999,29.48,27.549999,26.75,26.01,26.360001,26.389999,26.709999,27.049999,27.25,27.1,26.790001
2020/7/1,12:00:00,G1102,30.610001,30.68,30.620001,31.059999,31.200001,31.16,30.75,29.91,29.57,27.23,26.790001,26.059999,26.26,26.51,26.84,27.25,27.209999,27.17,26.940001
2020/7/1,12:00:00,G1103,30.379999,30.389999,30.360001,30.82,30.9,30.959999,30.450001,29.719999,29.51,27.379999,26.780001,26.25,26.379999,26.6,26.92,27.25,27.059999,27.129999,NaN
2020/7/1,12:00:00,G1104,NaN,NaN,NaN,30.719999,30.860001,30.879999,30.41,29.610001,29.42,27.1,26.799999,26.219999,26.379999,26.6,26.969999,27.209999,27.09,27.059999,NaN
2020/7/1,12:00:00,G1105,30.059999,29.92,30.110001,30.379999,30.51,30.59,30.190001,29.379999,29.190001,27.139999,26.58,26.02,26.360001,26.58,27.209999,27.09,27.040001,27.08,NaN
2020/7/1,12:00:00,G1106,29.9,29.75,29.93,30.15,30.35,30.379999,30,29.18,29.030001,26.5,26.34,26.200001,26.27,26.6,27.16,27.049999,27.110001,27.16,NaN
2020/7/1,12:00:00,G1107,29.42,29.360001,29.66,29.98,29.790001,29.84,29.48,28.67,28.57,26.780001,26.709999,26.110001,26.25,26.74,27.030001,26.75,26.950001,27.120001,NaN
2020/7/1,12:00:00,G1108,29.33,29.309999,29.610001,29.9,29.73,29.75,29.41,28.559999,28.360001,26.540001,26.690001,26.129999,26.17,26.719999,26.93,26.700001,26.98,27.059999,NaN
2020/7/1,12:00:00,G1109,29.02,29.09,29.43,29.58,29.35,29.299999,29.030001,28.200001,28.1,26.1,26.34,26.030001,26.190001,26.57,26.73,26.66,27.059999,26.969999,NaN
2020/7/1,12:00:00,G1110,28.610001,28.75,29.02,29.280001,28.950001,28.790001,28.610001,27.74,27.65,26.27,26.219999,26.040001,25.870001,26.42,26.51,26.540001,26.99,27.23,NaN
2020/7/1,12:00:00,G1111,28.51,28.48,28.469999,28.68,28.610001,28.299999,28.139999,27.280001,27.200001,26.07,25.83,25.74,25.57,26.129999,26.280001,26.48,26.75,26.790001,NaN
2020/7/1,12:00:00,G1112,28.18,28.370001,28.360001,28.5,28.4,28.17,27.9,27.09,26.99,25.9,25.85,25.77,25.58,26.049999,26.16,26.5,26.68,26.59,NaN
2020/7/1,12:00:00,G1113,28.01,28.07,28.190001,28.4,28.200001,27.92,27.700001,26.83,26.74,25.549999,25.35,25.6,25.4,25.84,26.01,26.280001,NaN,26.459999,NaN
2020/7/2,12:10:00,G1101,30.280001,30.49,30.709999,30.370001,30.030001,29.870001,29.469999,28.73,27.65,27.450001,28.209999,29.01,29.41,29.639999,29.879999,30.129999,30.139999,29.969999,29.959999
2020/7/2,12:10:00,G1102,30.16,30.370001,30.559999,30.27,30,29.809999,29.459999,28.809999,27.639999,27.5,28.23,28.790001,29.32,29.549999,29.77,30.02,29.98,29.92,29.940001
2020/7/2,12:10:00,G1103,29.82,30.08,30.219999,30.07,29.82,29.620001,29.32,28.719999,27.360001,27.65,28.209999,28.6,29,29.299999,29.49,29.700001,29.709999,29.709999,29.77
2020/7/2,12:10:00,G1104,29.73,29.98,30.059999,29.969999,29.719999,29.52,29.23,28.639999,27.299999,27.639999,28.17,28.469999,28.940001,29.209999,29.379999,29.620001,29.610001,29.629999,29.68
2020/7/2,12:10:00,G1105,29.5,29.700001,29.74,29.65,29.440001,29.23,28.99,28.35,27.18,27.809999,28.030001,28.290001,28.700001,28.98,29.15,29.360001,29.34,29.35,29.41
2020/7/2,12:10:00,G1106,29.32,29.52,29.559999,29.440001,29.26,29.030001,28.82,28.32,26.889999,27.83,27.950001,28.190001,28.450001,28.76,28.940001,29.17,29.139999,29.16,29.190001
2020/7/2,12:10:00,G1107,28.85,29.040001,29.049999,28.950001,28.809999,28.530001,28.360001,27.85,26.719999,27.68,27.67,27.860001,27.959999,28.27,28.440001,28.690001,28.610001,28.639999,28.65
2020/7/2,12:10:00,G1108,28.75,28.950001,28.950001,28.860001,28.709999,28.440001,28.27,27.76,26.65,27.68,27.6,27.82,27.91,28.190001,28.370001,28.639999,28.52,28.540001,28.540001
2020/7/2,12:10:00,G1109,28.379999,28.58,28.540001,28.450001,28.299999,28.049999,27.809999,27.379999,26.59,27.450001,27.34,27.719999,27.629999,27.83,28.040001,28.23,28.15,28.15,28.139999
2020/7/2,12:10:00,G1110,27.940001,28.049999,28.01,27.91,27.860001,27.59,27.4,26.93,26.42,27.1,26.959999,27.4,27.200001,27.290001,27.620001,27.66,27.67,27.66,27.67
2020/7/2,12:10:00,G1111,27.52,27.530001,27.6,27.440001,27.51,27.120001,26.940001,26.48,26.24,26.76,26.790001,27.139999,26.879999,26.950001,27.190001,27.26,27.200001,27.16,27.18
2020/7/2,12:10:00,G1112,27.280001,27.370001,27.379999,27.290001,27.280001,26.93,26.76,26.27,26.15,26.6,26.76,26.969999,26.75,26.83,27.01,27.139999,27.01,26.959999,27
2020/7/2,12:10:00,G1113,27.02,27.1,27.110001,27.01,27.09,26.65,26.52,25.99,25.889999,26.370001,26.58,26.76,26.540001,26.559999,26.75,26.75,26.719999,26.719999,26.74
2020/7/2,14:40:00,G1101,31.08,30.75,30.58,30.67,30.629999,30.59,30.299999,29.219999,27.08,26.049999,25.799999,25.860001,25.809999,25.68,25.77,25.83,26.1,26.280001,26.440001
2020/7/2,14:40:00,G1102,30.92,30.59,30.469999,30.530001,30.48,30.41,30.209999,29.16,27.059999,26.040001,25.77,25.790001,25.76,25.58,25.77,25.799999,26.1,26.33,26.41
2020/7/2,14:40:00,G1103,30.65,30.35,30.23,30.24,30.24,30.129999,29.98,29.040001,26.91,25.92,25.66,25.790001,25.629999,25.49,25.690001,25.700001,26.09,26.299999,26.379999
2020/7/2,14:40:00,G1104,30.540001,30.280001,30.120001,30.129999,30.110001,29.99,29.879999,28.950001,26.82,25.83,25.6,25.809999,25.57,25.49,25.67,25.77,26.16,26.360001,26.4
2020/7/2,14:40:00,G1105,30.25,29.92,29.82,29.82,29.76,NaN,29.620001,28.459999,26.6,25.629999,25.540001,25.75,25.459999,25.709999,25.940001,26.040001,26.940001,26.92,26.780001
2020/7/2,14:40:00,G1106,29.950001,29.68,29.610001,29.639999,29.52,NaN,29.4,28.24,26.41,25.549999,25.58,25.709999,25.57,26.049999,26.33,26.610001,26.969999,26.969999,27.01
2020/7/2,14:40:00,G1107,29.360001,29.139999,29.110001,29.18,28.879999,28.870001,28.879999,27.74,25.99,25.4,25.82,26.190001,26.18,26.57,27.24,27.139999,27.26,27.23,27.209999
2020/7/2,14:40:00,G1108,29.23,29.049999,29.02,29.08,28.780001,28.77,28.790001,27.66,25.98,25.389999,25.93,26.34,26.33,26.530001,27.24,27.23,27.26,27.25,27.209999
2020/7/2,14:40:00,G1109,28.860001,28.690001,28.68,28.68,28.42,28.4,28.360001,27.33,25.83,25.33,26.17,26.190001,26.129999,26.620001,27.07,27.09,27.129999,27.09,27.049999
2020/7/2,14:40:00,G1110,28.360001,28.24,28.219999,28.24,27.969999,27.950001,27.879999,26.9,25.76,25.469999,25.99,26.049999,25.75,26.629999,26.719999,26.82,26.940001,26.799999,26.719999
2020/7/2,14:40:00,G1111,27.74,27.719999,27.73,27.75,27.540001,NaN,27.42,26.66,25.950001,25.84,26,25.950001,25.73,26.35,26.299999,26.48,26.68,26.58,26.450001
2020/7/2,14:40:00,G1112,27.549999,27.58,27.559999,27.57,27.33,27.299999,27.209999,26.42,26.35,25.82,25.969999,25.889999,25.780001,26.280001,26.25,26.32,26.59,26.469999,26.34
2020/7/2,14:40:00,G1113,27.299999,27.32,27.27,27.27,27.07,27,26.92,26.209999,25.92,25.75,25.780001,25.77,25.73,26.07,26.02,26.09,26.379999,26.34,26.17
2020/7/4,13:40:00,G1101,31.24,31.200001,31.200001,31.139999,31.209999,31.139999,30.93,29.76,29.139999,29.41,29.459999,29.75,27.76,27.68,27.200001,27.35,27.549999,27.709999,27.84
2020/7/4,13:40:00,G1102,31.15,31.1,31.110001,31.059999,31.129999,31.040001,30.84,29.549999,28.870001,28.959999,29.25,29.450001,27.66,27.559999,27.120001,27.24,27.389999,27.6,27.709999
2020/7/4,13:40:00,G1103,30.92,30.889999,30.889999,30.84,30.889999,30.809999,30.639999,29.25,28.66,28.6,28.809999,29.059999,27.41,27.35,26.93,27,27.09,27.389999,27.49
2020/7/4,13:40:00,G1104,30.82,30.790001,30.799999,30.74,30.799999,30.700001,30.549999,29.120001,28.540001,28.450001,28.629999,28.889999,27.299999,27.25,26.82,26.91,26.98,27.280001,27.379999
2020/7/4,13:40:00,G1105,30.530001,30.48,30.530001,30.469999,30.459999,30.43,30.27,28.709999,28.26,28.09,28.299999,28.51,27.08,26.99,26.57,26.66,26.74,27.040001,27.07
2020/7/4,13:40:00,G1106,30.27,30.280001,30.32,30.280001,30.27,30.23,30.07,28.5,28.110001,27.91,28.07,28.309999,26.93,26.860001,26.4,26.48,26.58,26.85,26.879999
2020/7/4,13:40:00,G1107,29.799999,29.75,29.870001,29.77,29.809999,29.75,29.58,28.040001,27.790001,27.450001,27.549999,27.879999,26.469999,26.379999,25.959999,26.07,26.200001,26.440001,26.41
2020/7/4,13:40:00,G1108,29.690001,29.67,29.77,29.67,29.719999,29.629999,29.49,27.940001,27.73,27.360001,27.48,27.799999,26.379999,26.309999,25.91,26.030001,26.219999,26.360001,26.33
2020/7/4,13:40:00,G1109,29.25,29.290001,29.379999,29.280001,29.370001,29.25,29.1,27.549999,27.52,27.02,27.17,27.469999,26.059999,25.99,25.629999,25.75,25.99,26,25.98
2020/7/4,13:40:00,G1110,28.77,28.780001,28.92,28.799999,28.93,28.780001,28.65,27.09,27.58,26.75,26.92,27.219999,25.629999,25.530001,25.309999,25.33,25.610001,25.6,25.549999
2020/7/4,13:40:00,G1111,28.299999,28.299999,28.43,28.32,28.459999,28.309999,28.18,26.799999,27.35,26.68,27,27.16,25.190001,25.139999,25.030001,25.209999,25.35,25.200001,25.139999
2020/7/4,13:40:00,G1112,28.17,28.120001,28.23,28.129999,28.219999,28.110001,27.969999,26.66,27.280001,26.59,26.98,27.01,25.02,25.190001,24.969999,25.16,25.360001,25.059999,25
2020/7/4,13:40:00,G1113,27.84,27.82,27.950001,27.84,27.950001,27.84,27.66,26.540001,27.08,26.49,26.85,26.85,24.790001,25.07,25.16,25.08,25.1,24.860001,24.76
2020/7/7,9:20:00,G1101,29.6,29.620001,29.540001,29.639999,29.459999,29.48,29.790001,28.32,26.870001,26.65,27.209999,27.450001,27.74,28.33,28.200001,28.610001,29.360001,29.469999,29.68
2020/7/7,9:20:00,G1102,29.459999,29.49,29.360001,29.450001,29.34,29.4,29.6,28.18,26.860001,26.67,27.26,27.41,27.66,28.07,28.17,28.51,29.030001,29.290001,29.459999
2020/7/7,9:20:00,G1103,29.190001,29.219999,29.120001,29.190001,29.110001,29.16,29.33,28.059999,26.85,26.77,27.23,27.360001,27.440001,27.700001,28,28.209999,28.620001,29.059999,29.16
2020/7/7,9:20:00,G1104,29.110001,29.129999,29,29.040001,29,29.09,29.23,28.02,26.83,26.92,27.209999,27.23,27.33,27.76,27.91,28.120001,28.52,28.92,29.059999
2020/7/7,9:20:00,G1105,28.790001,28.82,28.790001,28.73,28.75,28.799999,28.91,27.77,26.709999,27.049999,27.440001,27.01,27.18,27.540001,27.709999,27.889999,28.18,28.66,28.719999
2020/7/7,9:20:00,G1106,28.559999,28.59,28.59,28.52,28.530001,28.57,28.74,27.700001,26.76,26.92,27.59,26.950001,27.01,27.440001,27.450001,27.68,28.01,28.43,28.469999
2020/7/7,9:20:00,G1107,28.040001,28.120001,28.07,27.99,28.059999,28,28.139999,27.389999,26.52,27.27,27.629999,26.83,26.68,27,27.059999,27.27,27.49,27.77,27.790001
2020/7/7,9:20:00,G1108,27.940001,27.950001,27.99,27.9,27.98,27.870001,28.07,27.34,26.450001,27.34,27.639999,26.809999,26.66,26.92,26.99,27.17,27.379999,27.66,27.690001
2020/7/7,9:20:00,G1109,27.530001,27.5,27.59,27.540001,27.6,27.49,27.780001,27.030001,26.389999,27.24,27.32,26.84,26.540001,26.540001,26.780001,26.84,27.02,27.139999,27.370001
2020/7/7,9:20:00,G1110,27.040001,26.950001,27.110001,27.059999,27.15,26.959999,27.26,26.610001,26.23,26.879999,26.83,26.950001,26.360001,26.26,26.450001,26.52,26.610001,26.719999,27.059999
2020/7/7,9:20:00,G1111,26.559999,26.42,26.68,26.68,26.719999,26.43,26.790001,26.059999,25.940001,26.52,26.389999,26.65,26.129999,26.07,26.139999,26.200001,26.35,26.370001,26.620001
2020/7/7,9:20:00,G1112,26.41,26.299999,26.48,26.469999,26.51,26.309999,26.530001,25.959999,25.85,26.370001,26.27,26.48,25.99,26.09,25.98,26.059999,26.25,26.299999,26.450001
2020/7/7,9:20:00,G1113,26.26,26.15,26.219999,26.190001,26.24,26.01,26.24,25.68,25.65,26.08,26.120001,26.24,25.83,25.9,25.9,25.940001,26.059999,26.120001,26.209999
2020/7/20,7:10:00,G1101,28.379999,28.389999,28.43,28.540001,28.540001,28.49,28.370001,26.74,26.459999,26.450001,26.75,26.75,26.889999,27.059999,27.040001,27.4,27.42,27.709999,27.629999
2020/7/20,7:10:00,G1102,28.450001,28.540001,28.559999,28.58,28.540001,28.52,28.26,26.73,26.540001,26.5,26.73,26.74,26.9,27.18,27.16,27.41,27.49,27.790001,27.700001
2020/7/20,7:10:00,G1103,28.459999,28.450001,28.459999,28.440001,28.42,28.42,28.040001,26.639999,26.5,26.440001,26.6,26.719999,26.91,27.24,27.27,27.58,27.549999,27.790001,27.68
2020/7/20,7:10:00,G1104,28.389999,28.360001,28.379999,28.35,28.35,28.34,28,26.559999,26.42,26.379999,26.549999,26.690001,26.959999,27.280001,27.34,27.58,27.59,27.700001,27.610001
2020/7/20,7:10:00,G1105,28.200001,28.139999,28.15,28.139999,28.200001,28.16,27.73,26.33,26.309999,26.299999,26.530001,26.639999,27.02,27.280001,27.32,27.49,27.52,27.540001,27.6
2020/7/20,7:10:00,G1106,28.030001,27.98,27.98,28.02,28.049999,28.01,27.5,26.16,26.17,26.219999,26.450001,26.610001,26.91,27.15,27.17,27.32,27.41,27.43,27.49
2020/7/20,7:10:00,G1107,27.66,27.6,27.66,27.610001,27.58,27.629999,27,25.82,26.059999,26.059999,26.209999,26.389999,26.690001,26.799999,26.84,27,27.110001,27.07,27.190001
2020/7/20,7:10:00,G1108,27.57,27.51,27.57,27.530001,27.469999,27.549999,26.860001,25.809999,26.049999,26.040001,26.139999,26.32,26.65,26.73,26.82,26.950001,27.049999,27.030001,27.120001
2020/7/20,7:10:00,G1109,27.200001,27.17,27.219999,27.190001,27.110001,27.24,26.33,25.639999,25.860001,25.940001,25.870001,26.030001,26.370001,26.52,26.68,26.780001,26.83,26.76,26.84
2020/7/20,7:10:00,G1110,26.68,26.77,26.790001,26.77,26.66,26.860001,25.879999,25.610001,25.6,25.77,25.58,25.870001,26.08,26.24,26.49,26.620001,26.49,26.450001,26.440001
2020/7/20,7:10:00,G1111,26.139999,26.35,26.34,26.41,26.27,26.450001,25.51,25.309999,25.280001,25.67,25.52,25.639999,25.809999,26.26,26.32,26.41,26.290001,26.200001,26
2020/7/20,7:10:00,G1112,26.030001,26.139999,26.129999,26.25,26.129999,26.27,25.23,25.18,25.139999,25.65,25.5,25.5,25.82,26.209999,26.120001,26.209999,26.129999,26.040001,25.870001
2020/7/20,7:10:00,G1113,25.870001,25.790001,25.780001,26.049999,25.889999,26.030001,24.950001,24.93,24.99,25.43,25.51,25.34,25.780001,25.959999,25.98,25.959999,25.879999,25.799999,25.66
2020/7/21,13:25:00,G1101,32.189999,32.869999,32.360001,31.99,31.99,31.73,31.540001,31.01,29.639999,28.41,28.120001,27.34,27.040001,27.24,27.139999,27.219999,27.809999,28.5,28.92
2020/7/21,13:25:00,G1102,31.809999,32.619999,32.150002,31.879999,31.780001,31.629999,31.5,31.040001,29.59,28.459999,28.200001,27.4,27.1,27.42,27.139999,27.200001,27.969999,28.450001,28.68
2020/7/21,13:25:00,G1103,31.440001,31.959999,31.84,31.620001,31.57,31.41,31.33,30.860001,29.549999,28.530001,28.23,27.49,27.450001,27.700001,27.219999,27.309999,28.08,28.780001,28.58
2020/7/21,13:25:00,G1104,31.280001,31.889999,31.719999,31.530001,31.440001,31.290001,31.219999,30.76,29.42,28.709999,28.09,27.620001,27.68,27.690001,27.120001,27.32,28.15,28.780001,28.32
2020/7/21,13:25:00,G1105,30.99,31.23,31.370001,31.200001,31.09,31.030001,30.969999,30.52,29.18,29.040001,27.92,28.6,28.66,28.030001,26.959999,27.43,28.42,28.9,28.280001
2020/7/21,13:25:00,G1106,30.82,30.940001,31.190001,31.02,30.860001,30.83,30.82,30.33,29.200001,28.83,27.92,28.790001,28.620001,27.870001,27.110001,27.530001,28.290001,29.309999,28.719999
2020/7/21,13:25:00,G1107,30.35,30.48,30.68,30.42,30.32,30.27,30.33,29.870001,28.950001,28.73,27.860001,28.549999,28.280001,28.02,27.139999,27.42,27.67,29.25,29.09
2020/7/21,13:25:00,G1108,30.27,30.41,30.57,30.34,30.209999,30.18,30.26,29.790001,28.940001,28.66,27.84,28.530001,28.209999,27.98,27.15,27.4,27.780001,29.139999,29.120001
2020/7/21,13:25:00,G1109,29.950001,29.969999,30.16,29.9,29.790001,29.780001,29.870001,29.450001,28.99,28.43,27.75,28.17,27.950001,27.66,27.25,27.35,27.9,28.93,29.18
2020/7/21,13:25:00,G1110,29.49,29.41,29.6,29.34,29.299999,29.35,29.35,29,28.77,27.98,27.540001,27.690001,27.709999,27.6,27.379999,27.32,27.950001,28.51,28.549999
2020/7/21,13:25:00,G1111,29.1,28.940001,29.02,28.879999,28.870001,28.969999,28.879999,28.469999,28.299999,27.51,27.379999,27.200001,27.43,27.469999,27.24,27.41,27.52,28.16,28.02
2020/7/21,13:25:00,G1112,28.9,28.76,28.83,28.700001,28.67,28.77,28.700001,28.34,28.09,27.209999,27.129999,27.08,27.309999,27.51,26.950001,27.309999,27.360001,28.09,27.92
2020/7/21,13:25:00,G1113,28.66,28.48,28.559999,28.43,28.4,28.5,28.43,28.040001,27.84,26.959999,26.98,26.82,27.07,27.25,26.719999,27.110001,27.25,27.93,27.709999
2020/7/29,13:15:00,G1101,32.919998,33.439999,33.799999,34.369999,34.459999,34.209999,34.880001,33.540001,33.049999,32.869999,32.41,31.700001,30.91,30.129999,30.18,29.959999,29.200001,27.879999,26.57
2020/7/29,13:15:00,G1102,32.830002,33.119999,33.439999,34,33.950001,33.889999,34.52,33.369999,33,32.889999,32.509998,32.009998,31.27,30.639999,30.809999,30.120001,29.200001,28.120001,26.66
2020/7/29,13:15:00,G1103,32.580002,32.880001,32.75,33.509998,33.240002,33.459999,33.98,33.209999,32.73,32.669998,32.43,32.110001,31.360001,31.370001,31.16,30.469999,29.059999,28.040001,26.809999
2020/7/29,13:15:00,G1104,32.450001,32.59,32.66,33.290001,33.110001,33.380001,33.799999,33.080002,32.630001,32.610001,32.330002,32.02,31.34,31.379999,31.139999,30.559999,29.07,28.120001,26.91
2020/7/29,13:15:00,G1105,32.18,32.330002,32.48,32.759998,32.57,33.07,33.360001,32.650002,32.349998,32.400002,32.09,31.82,31.120001,31.16,31.139999,30.690001,28.620001,28.030001,27.559999
2020/7/29,13:15:00,G1106,32.040001,32.16,32.310001,32.549999,32.360001,32.799999,33.290001,32.290001,32.130001,32.23,31.91,31.67,31,31.01,31,30.58,28.23,27.780001,27.77
2020/7/29,13:15:00,G1107,31.639999,31.620001,31.9,31.790001,31.709999,32.34,32.66,31.809999,31.66,31.73,31.48,31.26,30.639999,30.68,30.59,30.309999,28.059999,27.52,27.950001
2020/7/29,13:15:00,G1108,31.59,31.51,31.84,31.68,31.620001,32.259998,32.610001,31.74,31.58,31.620001,31.41,31.190001,30.59,30.620001,30.52,30.190001,28.16,26.969999,27.98
2020/7/29,13:15:00,G1109,31.129999,31.200001,31.42,31.42,31.24,31.73,31.940001,31.41,31.24,31.299999,31.030001,30.83,30.299999,30.34,30.17,29.84,28.139999,27.35,27.74
2020/7/29,13:15:00,G1110,30.57,30.780001,30.780001,30.82,30.77,31.120001,31.110001,30.969999,30.809999,30.84,30.6,30.41,29.9,30,29.77,29.440001,27.950001,26.940001,27.549999
2020/7/29,13:15:00,G1111,30.040001,30.32,30.4,30.41,30.23,30.530001,30.459999,30.459999,30.360001,30.370001,30.15,30.02,29.51,29.76,NaN,28.99,27.700001,26.780001,27.6
2020/7/29,13:15:00,G1112,29.879999,30.129999,30.18,30.219999,30.049999,30.299999,30.25,30.25,30.16,30.200001,29.950001,29.9,29.34,29.629999,29.16,28.860001,27.42,26.5,27.610001
2020/7/29,13:15:00,G1113,29.620001,29.75,29.91,29.940001,29.75,29.76,29.959999,29.950001,29.9,30.049999,29.66,29.65,29.17,29.4,NaN,28.58,27.379999,26.4,27.280001
2020/7/30,13:15:00,G1101,NaN,33.150002,33.299999,32.959999,32.91,33.470001,33.59,32.509998,32.02,31.809999,31.459999,31.23,31.41,31.030001,31.139999,31.23,31.35,31.280001,31.530001
2020/7/30,13:15:00,G1102,32.610001,32.970001,32.950001,32.900002,32.880001,33.189999,33.290001,32.459999,32.049999,31.98,31.51,31.379999,31.459999,31.120001,31.200001,31.18,31.280001,31.209999,31.459999
2020/7/30,13:15:00,G1103,32.439999,32.59,32.560001,32.720001,32.709999,32.900002,32.889999,32.25,31.959999,32.02,31.49,31.309999,31.379999,31.030001,31.16,31.059999,31.200001,31.07,31.360001
2020/7/30,13:15:00,G1104,32.330002,32.450001,32.419998,32.610001,32.59,32.759998,32.709999,32.169998,31.91,31.940001,31.42,31.26,31.280001,30.950001,31.129999,30.99,31.18,31.030001,31.32
2020/7/30,13:15:00,G1105,32.060001,32.169998,32.09,32.310001,32.330002,32.419998,32.389999,31.92,31.74,31.690001,31.200001,31.139999,31.040001,30.73,31.059999,30.98,31.1,30.969999,31.15
2020/7/30,13:15:00,G1106,31.870001,32,31.92,32.110001,32.16,32.200001,32.209999,31.76,31.59,31.52,31.040001,31.02,30.860001,30.610001,30.91,30.91,31,30.92,31.049999
2020/7/30,13:15:00,G1107,31.379999,31.469999,31.43,31.59,31.67,31.639999,31.700001,31.27,31.129999,31.110001,30.719999,30.690001,30.33,30.25,30.540001,30.58,30.620001,30.59,30.75
2020/7/30,13:15:00,G1108,31.290001,31.379999,31.35,31.5,31.57,31.51,31.610001,31.18,31.040001,31.030001,30.66,30.620001,30.23,30.190001,30.469999,30.51,30.549999,30.530001,30.709999
2020/7/30,13:15:00,G1109,30.92,30.98,30.98,31.129999,31.219999,31.129999,31.24,30.809999,30.67,30.629999,30.450001,30.41,29.809999,29.950001,30.129999,30.190001,30.26,30.23,30.43
2020/7/30,13:15:00,G1110,30.43,30.469999,30.540001,30.66,30.709999,30.68,30.73,30.32,30.25,30.08,30.059999,29.969999,29.32,29.629999,29.690001,29.75,29.9,29.82,30.01
2020/7/30,13:15:00,G1111,29.950001,30,30.049999,30.18,30.209999,30.219999,30.25,29.91,29.780001,29.629999,29.549999,29.51,28.879999,29.219999,29.26,29.32,29.459999,29.4,29.719999
2020/7/30,13:15:00,G1112,29.76,29.82,29.879999,30.01,30.049999,30.030001,30.07,29.74,29.629999,29.4,29.370001,29.34,28.690001,29.17,29.110001,29.16,29.309999,29.23,29.59
2020/7/30,13:15:00,G1113,29.459999,29.540001,29.620001,29.700001,29.75,29.75,29.780001,29.49,29.35,29.129999,29.09,29.030001,28.469999,28.9,28.889999,28.91,29.040001,29,29.33
2020/8/1,13:05:00,G1101,28.879999,28.790001,28.67,28.280001,28.43,28.610001,28.5,27.85,26.6,26.42,26.75,27.43,27.73,27.59,27.07,27.02,26.32,25.49,25.059999
2020/8/1,13:05:00,G1102,28.9,28.799999,28.77,28.35,28.5,28.58,28.43,27.93,26.74,26.450001,26.92,27.48,27.809999,27.66,27.15,27.16,26.280001,25.48,25.209999
2020/8/1,13:05:00,G1103,28.74,28.700001,28.74,28.309999,28.219999,28.42,28.290001,27.75,26.66,26.35,26.879999,27.360001,27.74,27.620001,27.110001,27.08,26.219999,25.4,25.190001
2020/8/1,13:05:00,G1104,28.629999,28.629999,28.65,28.219999,28.110001,28.32,28.190001,27.629999,26.629999,26.26,26.9,27.35,27.65,27.559999,27.01,27.01,26.120001,25.440001,25.23
2020/8/1,13:05:00,G1105,28.360001,28.43,28.43,28.01,27.92,28.09,27.940001,27.450001,26.540001,26.280001,26.950001,27.280001,27.42,27.4,26.83,26.799999,25.92,25.290001,25.42
2020/8/1,13:05:00,G1106,28.209999,28.27,28.24,27.82,27.74,27.9,27.780001,27.18,26.34,26.17,26.75,27.09,27.280001,27.110001,26.690001,26.700001,25.860001,25.040001,25.290001
2020/8/1,13:05:00,G1107,27.75,27.790001,27.82,27.34,27.23,27.41,27.33,26.74,26.120001,26.09,26.610001,26.719999,26.860001,26.790001,26.48,26.35,25.66,24.889999,25.540001
2020/8/1,13:05:00,G1108,27.67,27.719999,27.73,27.26,27.17,27.34,27.24,26.639999,26.049999,26.07,26.52,26.65,26.77,26.68,26.440001,26.26,25.610001,24.85,25.450001
2020/8/1,13:05:00,G1109,27.309999,27.360001,27.370001,26.91,26.85,26.969999,26.870001,26.309999,25.75,25.92,26.280001,26.360001,26.469999,26.33,26.18,25.99,25.41,24.709999,25.42
2020/8/1,13:05:00,G1110,26.879999,26.9,26.889999,26.469999,26.48,26.549999,26.379999,25.870001,25.43,25.57,26.01,25.950001,26.059999,25.889999,25.780001,25.620001,25,24.77,25.360001
2020/8/1,13:05:00,G1111,26.52,26.459999,26.469999,26.040001,25.99,26.110001,25.889999,25.49,25.139999,25.209999,25.690001,25.59,25.68,25.5,25.35,25.35,24.629999,24.58,25.370001
2020/8/1,13:05:00,G1112,26.360001,26.280001,26.280001,25.85,25.84,25.950001,25.709999,25.25,25.059999,25.09,25.549999,25.41,25.469999,25.35,25.190001,25.17,24.43,24.540001,25.49
2020/8/1,13:05:00,G1113,26.129999,26.030001,25.99,25.65,25.540001,25.67,25.440001,24.92,24.860001,24.9,25.290001,25.139999,25.190001,25.08,24.969999,24.940001,24.129999,24.389999,25.309999
2020/8/3,13:55:00,G1101,28.16,28.459999,29.139999,28.9,28.879999,28.65,28.549999,27.33,26.74,26.76,26.700001,26.370001,26.42,26.15,25.870001,25.68,25.27,25.16,25.459999
2020/8/3,13:55:00,G1102,28.18,28.48,29.01,28.92,28.969999,28.389999,28.370001,27.23,26.65,26.65,26.51,26.280001,26.309999,26.049999,25.83,25.6,25.16,25.110001,25.43
2020/8/3,13:55:00,G1103,27.83,28.17,28.98,28.719999,28.559999,28.23,28.1,27,26.459999,26.469999,26.25,26.08,26.059999,25.85,25.67,25.4,25.030001,25.01,25.32
2020/8/3,13:55:00,G1104,27.66,28.040001,28.809999,28.549999,28.290001,28.02,28.02,26.83,26.370001,26.360001,26.129999,25.99,25.950001,25.68,25.559999,25.34,24.959999,24.950001,25.219999
2020/8/3,13:55:00,G1105,27.35,27.809999,28.360001,28.290001,27.709999,27.68,27.690001,26.540001,26.379999,26.09,25.9,25.76,25.639999,25.450001,25.26,25.129999,24.799999,24.799999,24.99
2020/8/3,13:55:00,G1106,27.16,27.52,28.02,27.93,27.450001,27.610001,27.48,26.48,26.32,26.040001,25.809999,25.66,25.549999,25.280001,25.040001,24.959999,24.610001,24.65,24.799999
2020/8/3,13:55:00,G1107,26.91,26.99,27.190001,27.309999,27.15,26.969999,27.01,26.200001,26.02,26.139999,25.51,25.49,25.16,25.02,24.610001,24.629999,24.370001,24.66,24.530001
2020/8/3,13:55:00,G1108,26.85,26.959999,27.01,27.15,27.01,26.83,26.92,26.129999,25.959999,26.120001,25.52,25.450001,25.09,24.969999,24.540001,24.59,24.34,24.620001,24.48
2020/8/3,13:55:00,G1109,26.49,26.780001,26.51,26.629999,26.68,26.360001,26.540001,25.84,25.6,25.860001,25.450001,25.379999,24.889999,24.700001,24.370001,24.379999,24.27,24.42,24.209999
2020/8/3,13:55:00,G1110,25.969999,25.92,26.190001,26.25,26.24,25.92,26.040001,25.43,25.25,25.26,25.129999,25.059999,24.540001,24.41,24.190001,24.120001,24.1,24.290001,24.18
2020/8/3,13:55:00,G1111,25.219999,25.549999,25.75,25.860001,25.799999,25.42,25.6,25.08,25,24.870001,24.84,24.75,24.6,24.379999,23.93,23.879999,23.959999,24.030001,23.99
2020/8/3,13:55:00,G1112,25.120001,25.469999,25.59,25.629999,25.57,25.27,25.389999,24.9,24.91,24.790001,24.780001,24.639999,24.530001,24.27,23.870001,23.77,23.84,23.889999,23.91
2020/8/3,13:55:00,G1113,24.969999,25.26,25.35,25.280001,25.299999,25.059999,25.120001,24.690001,24.67,24.49,24.629999,24.469999,24.440001,23.959999,23.76,23.549999,23.690001,23.73,23.799999
2020/8/4,11:05:00,G1101,29.459999,29.07,28.969999,29.370001,29.780001,29.700001,29.309999,28.66,27.9,27.5,27.98,26.860001,27.48,27.85,27.75,27.98,28.25,28.48,28.809999
2020/8/4,11:05:00,G1102,29.290001,29.040001,28.959999,29.190001,29.610001,29.719999,29.16,28.709999,28,27.85,28.209999,27.41,27.780001,27.950001,27.969999,28.059999,28.200001,28.6,28.860001
2020/8/4,11:05:00,G1103,28.889999,28.719999,28.700001,28.76,29.18,29.66,28.84,28.540001,28.02,27.82,28.02,27.51,28,27.950001,28.01,28.129999,28.27,28.66,28.6
2020/8/4,11:05:00,G1104,28.809999,28.610001,28.66,28.68,29.059999,29.530001,28.76,28.459999,27.940001,27.799999,27.969999,27.559999,27.99,27.870001,27.99,28.09,28.280001,28.43,28.559999
2020/8/4,11:05:00,G1105,28.43,28.450001,28.5,28.48,28.77,28.889999,28.51,28.24,27.799999,27.700001,27.719999,27.41,27.860001,27.860001,28.139999,28.18,28.129999,28.440001,28.719999
2020/8/4,11:05:00,G1106,28.17,28.389999,28.27,28.27,28.51,28.620001,28.33,28.26,27.719999,27.59,27.549999,27.35,27.68,27.719999,28.139999,28.35,28.040001,28.33,28.389999
2020/8/4,11:05:00,G1107,27.68,27.780001,27.719999,27.77,27.969999,28.110001,27.950001,27.76,27.4,27.34,27.280001,27.129999,27.370001,27.620001,27.889999,27.959999,28.07,28.059999,28.379999
2020/8/4,11:05:00,G1108,27.620001,27.66,27.610001,27.68,27.92,28.17,27.83,27.57,27.360001,27.299999,27.17,27.040001,27.35,27.65,27.76,27.809999,27.860001,27.860001,28.24
2020/8/4,11:05:00,G1109,27.26,27.379999,27.27,27.23,27.5,28.379999,27.780001,27.41,27.16,26.969999,26.82,26.73,26.93,27.290001,27.379999,27.43,27.440001,27.459999,27.51
2020/8/4,11:05:00,G1110,26.860001,26.76,26.82,26.799999,26.950001,27.469999,27.42,26.92,26.82,26.58,26.450001,26.129999,26.559999,26.92,27.059999,27.09,27.190001,27.27,27.32
2020/8/4,11:05:00,G1111,26.440001,NaN,26.49,26.42,26.65,26.959999,26.799999,26.59,26.52,26.309999,26.120001,25.82,26.18,26.58,26.610001,26.639999,26.690001,26.780001,26.860001
2020/8/4,11:05:00,G1112,26.23,26.16,26.26,26.209999,26.450001,26.690001,26.610001,26.360001,26.440001,26.16,26.030001,25.77,26.129999,26.440001,26.43,26.459999,26.530001,26.620001,26.68
2020/8/4,11:05:00,G1113,25.889999,25.99,26.059999,25.950001,26.08,26.67,26.370001,26.17,26.17,26.02,25.73,25.57,25.879999,26.200001,26.139999,26.219999,26.299999,26.370001,26.42
2020/8/4,13:35:00,G1101,30.85,30.57,30.629999,30.52,30.459999,30.030001,29.709999,28.940001,28.200001,26.73,26.299999,26.370001,25.99,25.870001,25.5,25.440001,25.25,25.41,25.610001
2020/8/4,13:35:00,G1102,30.58,30.6,30.49,30.43,30.24,29.950001,29.690001,29.09,28.209999,26.73,26.309999,26.389999,25.92,25.84,25.49,25.450001,25.41,25.57,25.639999
2020/8/4,13:35:00,G1103,30.190001,30.23,30.1,30.209999,30.07,29.799999,29.57,28.99,28.09,26.709999,26.26,26.299999,25.84,25.76,25.34,25.34,25.610001,25.889999,25.690001
2020/8/4,13:35:00,G1104,30.110001,30.08,30.08,30.1,29.969999,29.629999,29.450001,28.99,28.030001,26.690001,26.23,26.18,25.75,25.67,25.27,25.48,25.85,26.16,25.66
2020/8/4,13:35:00,G1105,29.91,29.83,29.91,29.780001,29.74,29.35,29.18,28.889999,27.74,26.940001,26.389999,25.91,25.629999,25.610001,25.549999,25.860001,26.190001,26.58,25.75
2020/8/4,13:35:00,G1106,29.709999,29.719999,29.719999,29.68,29.74,29.23,28.92,28.73,27.780001,27.110001,26.59,25.969999,25.9,25.52,25.57,25.780001,25.780001,26.559999,26.120001
2020/8/4,13:35:00,G1107,29.32,29.07,NaN,29.07,29.129999,28.709999,28.530001,28.309999,27.51,26.959999,27.15,26.110001,26.209999,25.440001,25.58,25.83,25.68,26.25,26.110001
2020/8/4,13:35:00,G1108,29.219999,28.940001,NaN,28.99,29,28.59,28.42,28.25,27.42,26.959999,27.25,26.049999,26.219999,25.52,25.549999,25.91,25.629999,26.129999,26.02
2020/8/4,13:35:00,G1109,28.93,28.5,NaN,28.51,28.549999,28.25,28.15,27.940001,27.290001,26.83,26.98,26.209999,26.07,25.809999,25.51,25.700001,25.459999,25.940001,25.780001
2020/8/4,13:35:00,G1110,28.32,28.129999,28.110001,28.07,28.09,27.93,27.66,27.549999,26.959999,26.610001,26.77,26.299999,25.879999,25.84,25.389999,25.459999,25.219999,25.74,25.75
2020/8/4,13:35:00,G1111,28.27,27.709999,27.66,27.74,27.709999,27.52,27.35,27.16,26.58,26.190001,26.43,26.18,25.940001,25.85,25.540001,25.360001,25.030001,25.34,25.41
2020/8/4,13:35:00,G1112,28.09,27.48,27.530001,27.52,27.459999,27.34,27.18,27,26.34,26.040001,26.32,26.09,25.950001,25.879999,25.4,25.139999,24.940001,25.16,25.440001
2020/8/4,13:35:00,G1113,27.9,27.190001,27.200001,27.23,27.219999,27.1,26.889999,26.709999,26.049999,25.799999,26.129999,26.09,25.870001,25.620001,25.200001,25.02,24.85,24.91,25.309999
2020/8/5,15:55:00,G1101,29.17,29.120001,29.07,28.85,28.690001,28.940001,28.700001,25.59,24.48,24.209999,24.290001,24.309999,24.360001,24.58,24.700001,24.76,24.23,24.309999,24.299999
2020/8/5,15:55:00,G1102,29.33,29.200001,29.17,29.02,28.91,29.08,28.82,25.6,24.41,24.16,24.27,24.280001,24.309999,24.530001,24.68,24.719999,24.049999,24.16,24.17
2020/8/5,15:55:00,G1103,29.18,29.139999,29.139999,29.01,NaN,28.969999,28.75,25.540001,24.309999,24.1,24.209999,24.24,24.18,24.43,24.549999,24.58,24.030001,24.120001,24.07
2020/8/5,15:55:00,G1104,29.08,29.059999,29.08,28.950001,NaN,28.870001,28.68,25.450001,24.200001,24.01,24.139999,24.190001,24.200001,24.4,24.5,24.51,23.99,24.07,24.02
2020/8/5,15:55:00,G1105,28.870001,28.879999,28.91,28.709999,NaN,28.610001,28.41,25.299999,24.09,23.860001,24.129999,24.09,24.1,24.26,24.360001,24.280001,23.879999,23.9,23.82
2020/8/5,15:55:00,G1106,28.719999,28.73,28.75,28.48,28.6,28.49,28.27,25.200001,24.129999,23.85,24.110001,24.08,24.01,24.190001,24.25,24.15,23.84,23.780001,23.68
2020/8/5,15:55:00,G1107,28.290001,28.309999,28.290001,28.040001,28.129999,28.049999,27.84,24.780001,23.84,23.639999,24.01,23.889999,23.809999,23.950001,23.98,23.799999,23.639999,23.469999,23.27
2020/8/5,15:55:00,G1108,28.209999,28.219999,28.200001,27.99,NaN,27.940001,27.719999,24.639999,23.65,23.49,24.030001,23.799999,23.76,23.879999,23.91,23.73,23.610001,23.41,23.27
2020/8/5,15:55:00,G1109,27.91,27.879999,27.879999,27.66,27.68,27.610001,27.370001,24.540001,23.41,23.309999,23.870001,23.610001,23.58,23.66,23.68,23.450001,23.370001,23.07,23.040001
2020/8/5,15:55:00,G1110,27.459999,27.4,27.43,27.200001,NaN,27.15,26.940001,24.120001,23.16,23.049999,23.58,23.299999,23.25,23.360001,23.34,23.18,23.139999,22.549999,22.73
2020/8/5,15:55:00,G1111,27.02,26.98,26.969999,26.77,26.84,26.67,26.48,23.860001,22.950001,22.780001,23.32,23.01,22.99,23.07,23.120001,22.91,23.049999,22.27,22.719999
2020/8/5,15:55:00,G1112,26.85,26.809999,26.799999,26.65,NaN,26.469999,26.290001,23.719999,22.83,22.629999,23.24,22.92,22.889999,22.93,22.99,22.84,23.030001,22.110001,23.32
2020/8/5,15:55:00,G1113,26.540001,26.58,26.5,26.370001,NaN,26.139999,25.99,23.35,22.540001,22.43,23.120001,22.76,22.76,22.73,22.85,22.700001,22.91,21.93,23.16
2020/8/6,13:30:00,G1101,31.700001,31.91,32.110001,31.68,31.93,31.59,31.74,31.15,30.059999,29.700001,29.639999,29.49,29.450001,29.48,30.1,30.290001,30.219999,31.02,30.700001
2020/8/6,13:30:00,G1102,31.540001,31.719999,32.09,31.610001,31.84,31.73,31.75,31.27,30.139999,29.66,29.58,29.4,29.379999,29.379999,29.719999,30.120001,29.969999,30.74,30.43
2020/8/6,13:30:00,G1103,31.34,31.559999,31.629999,31.360001,31.6,31.6,31.540001,31.219999,30,29.5,29.43,29.17,29.25,29.190001,29.530001,29.879999,29.77,30.41,30.08
2020/8/6,13:30:00,G1104,31.24,31.4,31.440001,31.26,31.48,31.52,31.42,31.18,29.879999,29.41,29.33,29.09,29.26,29.07,29.450001,29.84,29.67,30.27,29.959999
2020/8/6,13:30:00,G1105,30.950001,30.99,31.01,31,31.209999,31.26,31.15,31.02,29.549999,29.209999,29.09,28.959999,29.450001,28.879999,29.219999,29.639999,29.290001,29.9,29.719999
2020/8/6,13:30:00,G1106,30.790001,30.799999,30.82,30.809999,31.040001,31.08,30.93,30.84,29.58,29.059999,28.99,29.09,29.32,28.91,29.23,29.629999,29.16,29.719999,29.52
2020/8/6,13:30:00,G1107,30.26,30.27,30.370001,30.299999,30.549999,30.48,30.43,30.389999,29.360001,28.709999,28.67,29.08,29.110001,28.780001,29.139999,29.24,28.620001,29.290001,29.190001
2020/8/6,13:30:00,G1108,30.16,30.190001,30.280001,30.23,30.450001,30.43,30.360001,30.33,28.98,28.68,28.629999,29.049999,29.030001,28.700001,29.059999,29.139999,28.5,29.09,29.08
2020/8/6,13:30:00,G1109,29.82,29.83,29.92,29.860001,30.059999,30.030001,30,29.940001,29.040001,28.389999,28.43,28.74,28.82,28.52,28.77,28.91,28.41,29.08,28.709999
2020/8/6,13:30:00,G1110,29.32,29.370001,29.440001,29.360001,29.57,29.549999,29.51,29.49,28.65,28.030001,28.190001,28.379999,28.52,28.42,28.48,28.540001,28.450001,28.5,28.219999
2020/8/6,13:30:00,G1111,28.799999,28.93,28.940001,28.91,29.1,29.1,29.02,29.059999,28.309999,27.709999,27.799999,28.280001,28.530001,28.129999,28.129999,28.16,28.219999,27.879999,28.1
2020/8/6,13:30:00,G1112,28.629999,28.75,28.75,28.73,28.93,28.92,28.85,28.93,28.389999,27.549999,27.610001,28.35,28.360001,27.99,28.02,28.02,28.139999,27.67,28.059999
2020/8/6,13:30:00,G1113,28.35,28.459999,28.450001,28.43,28.639999,28.629999,28.559999,28.690001,28.18,27.219999,27.360001,28.1,28.110001,27.77,27.870001,27.76,27.889999,27.49,27.93
2020/8/8,16:15:00,G1101,31.24,31.379999,31.57,31.440001,32.18,31.690001,31.84,30.49,29.040001,28.450001,28,27.84,27.889999,28.09,28.700001,28.809999,29.129999,28.889999,28.879999
2020/8/8,16:15:00,G1102,31.049999,31.09,31.33,31.34,31.93,31.48,31.58,30.1,28.84,29.299999,28.42,28.559999,28.030001,28.370001,28.76,28.620001,29.08,28.700001,28.98
2020/8/8,16:15:00,G1103,30.83,30.790001,30.889999,31.059999,31.559999,31.299999,31.32,29.780001,28.57,30.17,30.08,29.040001,28.549999,28.440001,28.77,28.77,29.1,28.57,29.209999
2020/8/8,16:15:00,G1104,30.66,30.68,30.780001,30.950001,31.34,31.200001,31.139999,29.639999,28.379999,30.15,30.1,29.25,29.059999,28.540001,28.719999,28.92,29.35,28.74,29.450001
2020/8/8,16:15:00,G1105,30.4,30.379999,30.43,30.66,30.91,30.92,30.719999,29.73,28.08,30,29.870001,29.67,29.49,28.950001,29.299999,29.35,29.82,29.07,29.780001
2020/8/8,16:15:00,G1106,30.219999,30.190001,30.15,30.51,30.66,30.73,30.48,30.030001,28.059999,29.809999,29.76,29.51,29.459999,29.360001,29.42,29.440001,29.709999,29.48,29.75
2020/8/8,16:15:00,G1107,29.73,29.719999,29.709999,29.93,30.059999,30.15,29.91,29.870001,28.280001,29.290001,29.16,29.030001,29.139999,29.040001,29.15,29.34,29.41,29.32,29.51
2020/8/8,16:15:00,G1108,29.629999,29.639999,29.629999,29.83,29.950001,29.98,29.84,29.65,28.379999,29.190001,29.040001,29.059999,29.059999,28.98,29.08,29.280001,29.33,29.200001,29.459999
2020/8/8,16:15:00,G1109,29.280001,29.26,29.24,29.42,29.49,29.58,29.459999,29.52,28.5,28.780001,28.68,28.84,28.870001,28.780001,28.83,28.98,29.07,28.950001,29.129999
2020/8/8,16:15:00,G1110,28.809999,28.77,28.85,28.870001,29.040001,29.040001,29.01,29.139999,28.23,28.280001,28.200001,28.450001,28.459999,28.370001,28.450001,28.57,28.68,28.610001,28.709999
2020/8/8,16:15:00,G1111,28.32,28.33,28.450001,28.440001,28.59,28.540001,28.52,28.709999,27.76,27.809999,27.74,28.16,28.1,27.98,28.049999,28.120001,28.43,28.209999,28.27
2020/8/8,16:15:00,G1112,28.15,28.18,28.32,28.27,28.379999,28.370001,28.35,28.57,27.610001,27.639999,27.57,28.040001,27.93,27.83,27.9,28.030001,28.32,28.02,28.120001
2020/8/8,16:15:00,G1113,27.85,27.98,28.059999,28.040001,28.120001,28.08,28.07,28.24,27.309999,27.33,27.290001,27.77,27.719999,27.57,27.75,27.83,28.1,27.84,27.9
2020/8/11,8:25:00,G1101,29.110001,29.07,29.16,29.040001,29.190001,29.120001,29.15,27.5,26.98,26.6,26.57,26.26,26.43,26.549999,26.639999,26.99,27.24,27.58,27.950001
2020/8/11,8:25:00,G1102,29.040001,29.059999,29.139999,29.049999,29.200001,29.09,29.16,27.4,26.959999,26.559999,26.450001,26.23,26.5,26.49,26.549999,26.799999,27.129999,27.51,27.719999
2020/8/11,8:25:00,G1103,28.85,28.870001,28.92,28.950001,29.049999,28.969999,29,27.17,26.77,26.43,26.299999,26.059999,26.4,26.4,26.299999,26.790001,26.889999,26.99,27.309999
2020/8/11,8:25:00,G1104,28.76,28.77,28.83,28.860001,28.969999,28.85,28.940001,27.07,26.67,26.32,26.16,26.059999,26.299999,26.280001,26.24,26.57,26.700001,26.93,27.26
2020/8/11,8:25:00,G1105,28.52,28.57,28.59,28.629999,28.76,28.68,28.639999,26.82,26.42,26.110001,25.860001,25.99,26.049999,26.110001,26.040001,26.129999,26.370001,26.620001,26.690001
2020/8/11,8:25:00,G1106,28.290001,28.34,28.4,28.43,28.58,28.540001,28.52,26.639999,26.25,25.98,25.65,25.799999,25.91,25.98,25.879999,25.860001,26.219999,26.34,26.52
2020/8/11,8:25:00,G1107,27.879999,27.84,27.969999,27.93,28.1,28.049999,28.049999,26.23,25.860001,25.549999,25.18,25.360001,25.5,25.52,25.549999,25.49,25.85,25.65,26.120001
2020/8/11,8:25:00,G1108,27.809999,27.790001,27.85,27.860001,28.030001,27.950001,27.959999,26.110001,25.77,25.370001,25.09,25.360001,25.43,25.41,25.48,25.4,25.66,25.700001,25.91
2020/8/11,8:25:00,G1109,27.42,27.389999,27.48,27.49,27.620001,27.6,27.6,25.790001,25.66,25.02,24.719999,24.92,25.139999,25.17,25.219999,25.129999,25.42,25.540001,25.879999
2020/8/11,8:25:00,G1110,26.889999,26.9,27,27.02,27.1,27.110001,27.23,25.469999,25.48,24.610001,24.299999,24.58,24.799999,24.82,24.98,24.99,25.49,25.5,25.610001
2020/8/11,8:25:00,G1111,26.450001,26.469999,26.58,26.57,26.709999,26.700001,26.809999,24.99,25.26,24.17,23.959999,24.540001,25,24.450001,25.370001,25.6,25.32,25.41,25.24
2020/8/11,8:25:00,G1112,26.290001,26.309999,26.41,26.379999,26.6,26.5,26.48,24.799999,24.889999,23.950001,23.9,24.540001,25.16,24.299999,25.209999,25.639999,25.24,25.43,25.049999
2020/8/11,8:25:00,G1113,26.049999,26.07,26.07,26.09,26.32,26.219999,26.18,24.540001,24.719999,23.799999,23.82,24.74,25.26,24.09,25.33,25.629999,25.360001,25.620001,24.92
2020/8/12,5:50:00,G1101,27.15,27.799999,27.25,26.950001,26.74,27.17,27.09,26.07,24.190001,23.860001,24.02,23.959999,23.99,24.030001,24.139999,24.299999,24.32,24.26,24.129999
2020/8/12,5:50:00,G1102,27.200001,27.969999,27.66,27.66,27.030001,27.299999,27.209999,26.059999,24.200001,23.77,23.98,23.959999,24.059999,24.1,24.24,24.5,24.41,24.32,24.190001
2020/8/12,5:50:00,G1103,27.690001,27.879999,27.870001,27.91,27.09,27.25,27.4,25.85,24.129999,23.629999,23.85,23.940001,24.139999,24.219999,24.379999,24.559999,24.440001,24.379999,24.32
2020/8/12,5:50:00,G1104,27.68,27.85,27.799999,27.85,27.02,27.129999,27.309999,25.66,24.049999,23.610001,23.860001,24.24,24.23,24.280001,24.42,24.52,24.4,24.32,24.27
2020/8/12,5:50:00,G1105,27.59,27.719999,27.67,27.65,26.85,27,27.190001,25.27,23.879999,23.32,24,24.549999,24.309999,24.370001,24.33,24.370001,24.23,24.17,24.24
2020/8/12,5:50:00,G1106,27.530001,27.58,27.57,27.49,26.73,26.940001,27.110001,25.25,23.690001,23.01,23.870001,24.42,24.309999,24.25,24.17,24.200001,24.129999,24.16,24.17
2020/8/12,5:50:00,G1107,27.190001,27.299999,27.219999,27.1,26.309999,26.57,26.82,24.870001,23.129999,23.24,23.700001,24.4,24.190001,24.110001,23.98,23.91,23.9,23.870001,23.91
2020/8/12,5:50:00,G1108,27.049999,27.25,27.129999,27,26.17,26.540001,26.75,24.65,22.99,23.32,23.65,24.48,24.16,24.16,23.959999,23.860001,23.85,23.84,23.879999
2020/8/12,5:50:00,G1109,26.709999,26.940001,26.93,26.780001,26.049999,26.209999,26.440001,24.35,22.75,23.559999,23.57,24.34,23.99,24.030001,24.030001,23.98,24.08,23.860001,24.469999
2020/8/12,5:50:00,G1110,26.26,26.5,26.57,26.540001,25.98,25.82,26.049999,23.870001,22.280001,23.42,23.26,24.35,24,23.91,24.120001,23.959999,24.18,24.24,24.84
2020/8/12,5:50:00,G1111,26.01,26.1,26.129999,26.120001,25.57,25.51,25.68,23.639999,22.610001,23.309999,23.219999,23.440001,23.23,23.389999,23.799999,23.93,24.280001,24.23,24.870001
2020/8/12,5:50:00,G1112,25.98,25.889999,25.940001,25.969999,25.49,25.43,25.59,23.379999,22.309999,23.24,23.870001,24.32,23.85,23.790001,23.879999,24.049999,24.450001,24.43,24.91
2020/8/12,5:50:00,G1113,25.620001,25.57,25.620001,25.65,25.07,25.15,25.24,23.540001,22.280001,23.049999,23.08,23.34,23.209999,23.309999,23.309999,23.67,23.959999,24.23,24.870001
2020/8/12,12:00:00,G1101,30.139999,29.860001,29.66,29.59,29.41,29.5,29.219999,27.59,25.290001,24.940001,24.48,24.530001,24.51,24.85,24.950001,24.98,25,25.049999,25.1
2020/8/12,12:00:00,G1102,29.98,29.77,29.610001,29.620001,29.440001,29.52,29.360001,27.629999,25.370001,25.07,24.540001,24.48,24.549999,24.91,24.950001,24.98,24.940001,25.07,25.07
2020/8/12,12:00:00,G1103,29.690001,29.6,29.459999,29.48,29.280001,29.35,29.27,27.629999,25.33,25.469999,24.530001,24.360001,24.48,24.84,24.84,24.85,24.809999,24.969999,24.9
2020/8/12,12:00:00,G1104,29.559999,29.51,29.360001,29.370001,29.18,29.26,29.18,27.540001,25.33,25.379999,24.49,24.26,24.469999,24.790001,24.74,24.809999,24.74,25.08,24.780001
2020/8/12,12:00:00,G1105,29.25,29.23,29.1,29.09,28.940001,29.040001,28.959999,27.299999,25.530001,25.360001,24.360001,24.209999,24.35,24.77,24.709999,24.860001,24.879999,25.139999,24.58
2020/8/12,12:00:00,G1106,29.09,29.030001,28.92,28.93,28.76,28.83,28.77,27.17,25.639999,25.540001,24.370001,24.110001,24.370001,24.610001,24.629999,24.809999,24.92,25.15,24.469999
2020/8/12,12:00:00,G1107,28.58,28.65,28.440001,28.52,28.26,28.35,28.290001,26.77,26.290001,25.540001,24.58,24.370001,24.549999,24.379999,24.620001,25.02,25.08,25.049999,24.23
2020/8/12,12:00:00,G1108,28.48,28.559999,28.35,28.41,28.18,28.26,28.190001,26.66,26.280001,25.5,24.629999,24.41,24.6,24.379999,24.65,25.030001,25.049999,25.030001,24.24
2020/8/12,12:00:00,G1109,28.049999,28.16,27.969999,28.059999,27.83,27.860001,27.83,26.5,25.969999,25.32,24.780001,24.559999,24.549999,24.309999,24.780001,25.049999,24.889999,25.309999,24.120001
2020/8/12,12:00:00,G1110,27.57,27.629999,27.5,27.559999,27.389999,27.469999,27.360001,25.85,25.6,24.74,24.34,24.379999,24.74,24.700001,24.959999,24.889999,24.959999,25.030001,23.93
2020/8/12,12:00:00,G1111,27.25,27.23,27.030001,27.120001,27.030001,27.09,26.91,25.65,25.360001,24.530001,24.35,24.440001,24.809999,24.98,24.98,24.77,24.83,24.77,23.860001
2020/8/12,12:00:00,G1112,26.93,27.09,26.889999,26.870001,26.9,26.889999,26.76,25.610001,25.16,24.639999,24.27,24.389999,24.57,24.83,25,24.75,24.610001,24.790001,24.01
2020/8/12,12:00:00,G1113,26.77,26.77,26.540001,26.610001,26.559999,26.629999,26.440001,25.26,24.99,24.42,24.01,24.040001,24.639999,24.809999,24.93,24.540001,24.85,24.440001,24.049999
2020/8/13,11:20:00,G1101,30.07,29.969999,29.75,29.629999,30.48,30.08,29.66,25.209999,25.09,24.969999,25.290001,25.780001,26.16,26.16,26.190001,26.129999,26.190001,26.219999,26.5
2020/8/13,11:20:00,G1102,29.870001,29.91,29.73,29.59,30.15,29.92,29.629999,25.290001,25.129999,25.040001,25.35,25.66,25.889999,25.9,26.040001,26.110001,26.129999,26.209999,26.360001
2020/8/13,11:20:00,G1103,29.559999,29.709999,29.52,29.440001,29.629999,29.719999,29.33,25.440001,25.23,24.98,25.32,25.469999,25.59,25.549999,25.639999,25.68,25.879999,26,26.209999
2020/8/13,11:20:00,G1104,29.48,29.6,29.42,29.360001,29.469999,29.57,29.23,25.370001,25.139999,24.92,25.26,25.26,25.49,25.459999,25.639999,25.709999,25.799999,25.940001,26.08
2020/8/13,11:20:00,G1105,29.219999,29.34,29.18,29.1,29.18,29.290001,28.889999,25.370001,25.09,24.889999,25.15,24.969999,25.110001,25.24,25.469999,25.629999,25.530001,25.82,25.860001
2020/8/13,11:20:00,G1106,29.030001,29.120001,29,28.940001,28.98,29.059999,28.77,25.370001,25.02,24.799999,25.049999,24.879999,25.08,25.07,25.280001,25.57,25.290001,25.67,25.719999
2020/8/13,11:20:00,G1107,28.540001,28.629999,28.52,28.389999,28.459999,28.620001,28.16,25.200001,24.91,24.5,24.969999,24.66,24.85,24.870001,24.940001,25.35,24.91,25.15,25.43
2020/8/13,11:20:00,G1108,28.43,28.530001,28.41,28.32,28.360001,28.5,27.99,25.120001,24.700001,24.5,24.98,24.68,24.690001,24.719999,24.950001,25.25,24.809999,25.139999,25.309999
2020/8/13,11:20:00,G1109,28.049999,28.190001,28.059999,27.91,28.02,28.18,27.559999,24.799999,24.51,24.48,25.030001,24.610001,24.66,24.48,24.9,25.08,24.59,24.77,24.99
2020/8/13,11:20:00,G1110,NaN,NaN,NaN,NaN,NaN,NaN,27.139999,24.51,24.02,24.809999,25.5,24.59,24.08,24.52,25,25.57,24.27,24.66,24.59
2020/8/13,11:20:00,G1111,27.1,27.200001,27.1,27.01,27.049999,27.23,26.799999,24.02,23.66,24.379999,25.610001,24.299999,23.870001,24.799999,24.690001,26.25,24.209999,24.790001,24.77
2020/8/13,11:20:00,G1112,26.93,27.02,26.940001,26.84,26.85,27.09,26.6,24.25,23.549999,24.4,25.58,24.17,23.84,24.860001,24.629999,26.23,24.26,24.92,24.84
2020/8/13,11:20:00,G1113,26.629999,26.700001,26.620001,26.530001,26.530001,26.85,26.280001,24.01,23.370001,24.6,25.450001,24.4,23.799999,24.700001,24.530001,26.030001,24.16,24.98,24.879999
2020/8/13,15:25:00,G1101,28.84,28.790001,28.92,29.049999,29.549999,29.07,28.59,27.74,27.49,27.610001,27.65,27.690001,27.76,27.83,27.73,27.65,27.780001,28.24,28.209999
2020/8/13,15:25:00,G1102,28.77,28.629999,28.790001,28.85,29.309999,29.01,28.52,27.719999,27.43,27.59,27.57,27.58,27.690001,27.73,27.65,27.629999,27.74,28.02,28.09
2020/8/13,15:25:00,G1103,28.549999,28.42,28.51,28.469999,28.99,28.75,28.35,27.48,27.280001,27.459999,27.379999,27.43,27.450001,27.540001,27.49,27.469999,27.49,27.690001,27.870001
2020/8/13,15:25:00,G1104,28.299999,28.26,28.4,28.379999,28.700001,28.65,28.18,27.450001,27.209999,27.379999,27.23,27.280001,27.35,27.389999,27.389999,27.370001,27.450001,27.549999,27.75
2020/8/13,15:25:00,G1105,27.98,28.059999,28.09,28.17,28.32,28.309999,27.9,27.280001,27.09,27.110001,26.969999,27.059999,27.040001,27.110001,27.120001,27.1,27.25,27.280001,27.49
2020/8/13,15:25:00,G1106,27.790001,28,27.9,27.98,28.1,28.139999,27.73,27.15,26.93,26.950001,26.83,26.940001,26.92,26.950001,26.92,26.93,27.02,27.120001,27.309999
2020/8/13,15:25:00,G1107,27.4,27.450001,27.459999,27.42,27.540001,27.65,27.280001,26.879999,26.59,26.450001,26.450001,26.459999,26.700001,26.51,26.25,26.52,26.530001,26.65,26.92
2020/8/13,15:25:00,G1108,27.290001,27.290001,27.360001,27.360001,27.450001,27.57,27.16,26.790001,26.540001,26.5,26.4,26.360001,26.59,26.42,26.26,26.43,26.49,26.559999,26.799999
2020/8/13,15:25:00,G1109,26.790001,26.93,27.01,26.92,26.950001,27.129999,26.82,26.4,26.26,26.32,26.120001,26.09,26.219999,26.110001,25.959999,26.15,26.09,26.23,26.5
2020/8/13,15:25:00,G1110,26.34,26.309999,26.440001,26.6,26.620001,26.629999,26.34,26.02,25.84,26.25,25.959999,25.66,25.549999,25.48,25.65,25.6,26.030001,25.950001,25.92
2020/8/13,15:25:00,G1111,25.99,25.959999,26.049999,26.09,26.16,26.219999,25.959999,25.709999,25.68,26.16,25.790001,25.389999,25.48,25.09,25.33,25.25,25.65,25.709999,25.57
2020/8/13,15:25:00,G1112,25.799999,25.93,25.9,25.98,26.030001,26.049999,25.82,25.620001,25.58,26.07,25.709999,25.370001,25.559999,24.98,25.209999,25.15,25.65,25.65,25.42
2020/8/13,15:25:00,G1113,25.49,25.719999,25.690001,25.639999,25.700001,25.780001,25.549999,25.280001,25.43,25.92,25.440001,25.290001,25.43,24.73,24.860001,24.85,25.57,25.469999,25.24
2020/8/16,14:50:00,G1101,31.530001,32.18,31.48,31.940001,31.42,31.389999,31.129999,30.450001,29.860001,29.49,28.43,27.73,26.959999,26.379999,26.879999,27.440001,27.440001,27.75,27.780001
2020/8/16,14:50:00,G1102,31.280001,31.83,31.32,31.530001,31.290001,31.26,31.09,30.440001,29.879999,29.73,28.440001,27.75,27.209999,26.540001,26.82,27.42,27.370001,27.610001,27.799999
2020/8/16,14:50:00,G1103,31.07,31.58,31.120001,31.24,31.08,31.030001,30.92,30.290001,29.809999,29.66,28.280001,27.559999,27.23,26.969999,26.9,28.139999,27.26,27.82,27.68
2020/8/16,14:50:00,G1104,30.969999,31.389999,31.01,31.110001,30.969999,30.93,30.83,30.190001,29.690001,29.610001,28.190001,27.530001,27.48,27.1,27.17,28.42,27.35,27.99,27.91
2020/8/16,14:50:00,G1105,30.67,31.040001,30.74,30.790001,30.66,30.66,30.52,29.870001,29.48,29.4,27.969999,27.24,27.32,27.08,27.450001,28.35,27.85,28.709999,28.75
2020/8/16,14:50:00,G1106,30.5,30.860001,30.549999,30.65,30.469999,30.48,30.32,29.690001,29.35,29.17,27.83,27.26,27.200001,27.26,27.35,28.25,27.780001,28.52,28.85
2020/8/16,14:50:00,G1107,30.02,30.25,30.040001,30.190001,29.959999,30.02,29.65,29.18,28.84,28.549999,27.68,27.4,26.950001,27.42,27.139999,27.780001,27.870001,28.16,28.84
2020/8/16,14:50:00,G1108,29.889999,30.09,30.01,30.08,29.860001,29.950001,29.530001,29.059999,28.719999,28.540001,27.639999,27.59,26.889999,27.450001,27.24,27.65,27.91,28.139999,28.709999
2020/8/16,14:50:00,G1109,29.48,29.66,29.74,29.82,29.5,29.59,29.17,28.66,28.379999,28.08,27.83,27.57,26.73,27.620001,27.049999,27.139999,27.639999,27.950001,28.25
2020/8/16,14:50:00,G1110,28.969999,29.190001,29.27,29.209999,29.049999,29.059999,28.610001,28.120001,27.83,27.83,27.48,27.18,26.620001,27.57,26.57,28.030001,27.42,27.969999,28.09
2020/8/16,14:50:00,G1111,28.58,28.73,28.790001,28.790001,28.629999,28.6,28.280001,27.68,27.370001,27.33,27.200001,26.780001,26.459999,27.34,27.459999,27.719999,27.209999,27.82,27.690001
2020/8/16,14:50:00,G1112,28.389999,28.549999,28.65,28.629999,28.450001,28.450001,28.139999,27.51,27.16,27.190001,27.1,26.709999,26.58,27.25,27.459999,27.58,27.190001,27.73,27.559999
2020/8/16,14:50:00,G1113,28.07,28.23,28.32,28.290001,28.129999,28.120001,27.84,27.190001,26.83,26.85,26.84,26.360001,26.41,26.889999,27.18,27.309999,27.209999,27.42,27.309999
2020/8/17,14:25:00,G1101,28.209999,28.58,28.540001,28.48,28.280001,28.43,28.16,27.1,26.440001,26.299999,26.200001,26.35,26.67,26.690001,26.42,26.65,27.120001,27.219999,27.360001
2020/8/17,14:25:00,G1102,28.08,28.35,28.32,28.389999,28.290001,28.33,28.110001,27.049999,26.450001,26.23,26.219999,26.379999,26.559999,26.49,26.360001,26.77,27.07,27.110001,27.23
2020/8/17,14:25:00,G1103,28.02,28.299999,28.110001,28.1,28.030001,28.120001,27.91,26.969999,26.41,26.120001,26.209999,26.34,26.870001,26.74,26.219999,26.74,27.01,26.879999,27.190001
2020/8/17,14:25:00,G1104,28.139999,28.200001,28.02,28.040001,27.98,28.02,27.84,26.82,26.33,26,26.15,26.530001,27.1,26.790001,26.51,26.76,26.75,27.09,27.450001
2020/8/17,14:25:00,G1105,28.33,28.23,27.83,27.77,27.83,27.870001,27.700001,26.58,26.25,26.219999,26.1,27.299999,27.43,26.809999,26.549999,26.68,26.77,27.25,27.48
2020/8/17,14:25:00,G1106,28.290001,28.309999,27.790001,27.6,27.690001,27.91,27.68,26.43,26.219999,26.24,26.200001,27.08,27.379999,26.809999,26.5,27,27.110001,27.25,27.469999
2020/8/17,14:25:00,G1107,27.879999,27.83,27.76,27.440001,27.77,27.809999,27.5,26.32,25.969999,26.17,26.209999,26.65,26.93,26.540001,26.99,27.190001,27.1,27.07,27.120001
2020/8/17,14:25:00,G1108,27.83,27.76,27.74,27.58,27.75,27.76,27.280001,25.84,26.1,26.290001,26.440001,26.85,26.809999,26.469999,27.17,27.190001,27.049999,27.030001,27.030001
2020/8/17,14:25:00,G1109,27.549999,27.389999,27.41,27.870001,27.709999,27.5,26.959999,25.549999,25.860001,26.049999,26.17,26.639999,26.6,26.65,27.030001,26.91,26.780001,26.66,26.77
2020/8/17,14:25:00,G1110,27.09,27.129999,26.99,27.139999,27.110001,27,26.66,25.459999,25.799999,25.860001,25.780001,26.26,26.48,26.459999,26.620001,26.5,26.34,26.190001,26.370001
2020/8/17,14:25:00,G1111,26.709999,26.77,26.66,26.719999,26.74,26.6,26.299999,25.43,25.83,25.610001,25.700001,25.84,26.08,26.209999,26.290001,26.25,26.030001,25.82,26.18
2020/8/17,14:25:00,G1112,26.58,26.620001,26.5,26.559999,26.57,26.5,26.139999,25.440001,25.780001,25.51,25.620001,25.719999,25.92,26.110001,26.16,26.190001,25.950001,25.709999,26.23
2020/8/17,14:25:00,G1113,26.26,26.34,26.209999,26.27,26.280001,26.219999,25.85,25.16,25.639999,25.32,25.32,25.389999,25.610001,25.82,25.889999,25.91,25.68,25.440001,26.16
2020/8/18,15:00:00,G1101,29.41,29.450001,29.59,29.700001,29.620001,29.34,29.200001,26.08,24.889999,25.09,25.110001,24.629999,24.549999,24.73,24.4,24.360001,24.530001,24.68,24.780001
2020/8/18,15:00:00,G1102,29.389999,29.450001,29.51,29.6,29.559999,29.360001,29.290001,25.98,24.75,25.32,25.1,24.77,24.92,25.09,24.57,24.469999,24.76,24.870001,24.84
2020/8/18,15:00:00,G1103,29.209999,29.379999,29.360001,29.41,29.389999,29.190001,29.24,24.540001,24.76,25.209999,24.85,24.950001,25.370001,25.4,24.959999,24.76,25.030001,25.18,25.219999
2020/8/18,15:00:00,G1104,29.15,29.290001,29.27,29.309999,29.290001,29.09,29.110001,25.950001,24.41,25.1,24.76,24.93,25.4,25.540001,25.16,24.91,25.219999,25.43,25.540001
2020/8/18,15:00:00,G1105,28.98,29.1,29.040001,29.08,28.959999,28.91,28.889999,25.719999,24.9,24.709999,24.6,25.059999,26.27,26.01,25.25,25.219999,25.33,25.41,25.58
2020/8/18,15:00:00,G1106,28.790001,NaN,28.889999,28.9,28.799999,28.690001,28.709999,25.18,24.620001,24.610001,24.219999,24.709999,26.43,26.139999,25.379999,25.16,25.24,25.32,25.389999
2020/8/18,15:00:00,G1107,28.52,NaN,28.549999,28.48,28.42,28.24,28.27,24.52,23.34,24.42,24.059999,25.559999,26.91,26.690001,25.66,25.18,25.32,25.209999,25.290001
2020/8/18,15:00:00,G1108,28.48,NaN,28.540001,28.41,28.389999,28.23,28.26,25.01,23.790001,24.02,23.780001,25.780001,26.92,26.91,25.84,25.290001,25.620001,25.23,25.549999
2020/8/18,15:00:00,G1109,28.16,NaN,28.24,28.18,28.16,27.99,27.91,24.889999,23.9,23.559999,24.02,25.879999,27.16,27.15,26.530001,25.690001,26.790001,26.48,26.99
2020/8/18,15:00:00,G1110,27.719999,NaN,27.809999,27.74,27.719999,27.74,27.469999,24.33,23.629999,23.59,24.23,26.030001,27.08,26.85,26.84,26.389999,26.940001,27.110001,27.27
2020/8/18,15:00:00,G1111,27.389999,NaN,27.41,27.450001,27.379999,27.389999,27.120001,24.59,23.450001,24.66,24.219999,26.15,26.75,26.77,26.790001,26.52,26.58,26.98,27.01
2020/8/18,15:00:00,G1112,27.23,NaN,27.27,27.309999,27.309999,27.34,27.02,24.4,23.08,23.629999,23.57,26.1,26.68,26.66,26.690001,26.49,26.469999,26.9,26.870001
2020/8/18,15:00:00,G1113,26.959999,NaN,27.09,27.09,27.030001,27.139999,26.76,24.16,22.83,24.01,23.870001,26,26.309999,26.379999,26.43,26.34,26.32,26.65,26.610001
2020/8/22,11:05:00,G1101,32.040001,31.34,30.719999,30.98,31.309999,30.83,31.690001,30.379999,30.379999,30.01,29.690001,30.290001,30.389999,30.110001,30.709999,30.190001,30.52,30.82,30.540001
2020/8/22,11:05:00,G1102,31.84,30.93,30.67,30.790001,31.049999,30.799999,31.549999,30.26,30.26,29.91,29.68,29.870001,30.26,30.1,30.549999,30.24,30.42,30.790001,30.17
2020/8/22,11:05:00,G1103,31.16,30.389999,30.34,30.809999,30.48,30.610001,31.209999,29.98,29.91,29.629999,29.42,29.549999,29.76,29.860001,30.290001,29.98,30.09,30.379999,29.99
2020/8/22,11:05:00,G1104,30.959999,30.299999,30.25,30.809999,30.41,30.530001,30.99,29.92,29.83,29.540001,29.360001,29.459999,29.629999,29.77,30.17,29.860001,30.02,30.290001,29.93
2020/8/22,11:05:00,G1105,30.74,29.93,30.049999,31,30.280001,30.43,30.709999,29.799999,29.49,29.26,29.120001,29.24,29.34,29.51,29.82,29.58,29.780001,29.85,29.559999
2020/8/22,11:05:00,G1106,30.200001,29.77,29.91,30.57,30.370001,30.32,30.49,29.709999,29.299999,29.1,28.98,29.129999,29.200001,29.360001,29.549999,29.459999,29.639999,29.639999,29.389999
2020/8/22,11:05:00,G1107,29.629999,29.6,29.969999,30.040001,29.809999,29.940001,29.940001,29.139999,28.809999,28.58,28.559999,28.799999,28.799999,28.91,29.09,28.940001,29.35,29.17,28.870001
2020/8/22,11:05:00,G1108,29.5,29.459999,29.799999,30.209999,29.99,30.049999,29.92,29.129999,28.77,28.530001,28.52,28.75,28.809999,28.84,29.030001,28.84,29.309999,29.110001,28.780001
2020/8/22,11:05:00,G1109,29.120001,29.1,29.26,30.35,29.77,29.51,30.040001,28.66,28.32,28.129999,28.18,28.42,28.459999,28.48,28.59,28.389999,28.98,28.98,28.379999
2020/8/22,11:05:00,G1110,28.940001,29.59,29.49,29.879999,29.540001,29,29.530001,28.299999,27.860001,27.65,27.690001,28,28,28.379999,28.18,27.969999,28.52,28.780001,28.1
2020/8/22,11:05:00,G1111,28.309999,28.98,29.07,29.059999,28.68,29.17,28.639999,27.92,27.41,27.25,27.26,27.639999,27.73,28.219999,28.030001,27.6,28.129999,28.549999,28.17
2020/8/22,11:05:00,G1112,28.26,29.33,28.799999,28.639999,28.48,28.74,28.59,27.67,27.290001,27.08,27.1,27.57,27.59,28.17,28,27.459999,27.969999,28.33,28.24
2020/8/22,11:05:00,G1113,28.02,29.049999,28.9,28.34,28.16,28.700001,28.65,27.610001,27,26.76,26.84,27.389999,27.540001,27.719999,27.879999,27.34,27.74,28.32,28.459999
2020/8/22,12:30:00,G1101,30.82,30.540001,30.629999,30.709999,30.77,31.08,30.780001,30.209999,29.379999,28.709999,27.469999,27.129999,27.09,27.059999,26.43,28.48,28.82,27.16,27.950001
2020/8/22,12:30:00,G1102,30.790001,30.17,30.459999,30.5,30.58,30.82,30.75,30.120001,29.4,28.73,27.790001,27.82,27.629999,27.459999,27.08,29.049999,29.290001,27.9,28.290001
2020/8/22,12:30:00,G1103,30.379999,29.99,30.16,30.26,30.24,30.67,30.559999,29.790001,29.42,28.610001,28.040001,28.33,28.25,28.129999,27.559999,28.82,29.290001,28.700001,28.639999
2020/8/22,12:30:00,G1104,30.290001,29.93,30.030001,30.16,30.09,30.49,30.49,29.700001,29.469999,28.6,28.139999,28.48,28.190001,28.17,27.610001,28.75,29.25,28.76,28.66
2020/8/22,12:30:00,G1105,29.85,29.559999,29.639999,29.77,29.74,30.120001,30.16,29.450001,29.450001,28.200001,27.870001,28.200001,28.120001,28.15,27.49,28.459999,29.15,28.84,28.6
2020/8/22,12:30:00,G1106,29.639999,29.389999,29.49,29.57,29.629999,29.93,29.92,29.280001,29.34,28.459999,28.34,28.23,28.16,28.280001,27.049999,28.360001,29.02,28.879999,28.67
2020/8/22,12:30:00,G1107,29.17,28.870001,28.950001,29.110001,29.190001,29.469999,29.379999,28.74,28.950001,28.030001,28.15,28.129999,28.1,28.23,26.77,28.18,28.85,28.809999,28.709999
2020/8/22,12:30:00,G1108,29.110001,28.780001,28.870001,29.049999,29.15,29.41,29.360001,28.719999,28.91,28.030001,28.15,28.110001,28.08,28.110001,26.889999,28.049999,28.799999,28.77,28.700001
2020/8/22,12:30:00,G1109,28.98,28.379999,28.49,28.700001,28.790001,29.07,28.809999,28.48,28.469999,27.83,27.91,28.09,27.860001,27.74,27.110001,27.83,28.49,28.76,28.48
2020/8/22,12:30:00,G1110,28.780001,28.1,28.33,28.48,28.389999,28.65,28.299999,28.030001,27.959999,27.530001,27.700001,27.690001,27.52,27.27,26.91,27.690001,28.73,28.5,28.01
2020/8/22,12:30:00,G1111,28.549999,28.17,28.15,28.360001,28.15,28.209999,27.809999,27.690001,27.57,27.41,27.23,27.43,27.23,27.16,26.75,27.709999,28.65,28.1,27.76
2020/8/22,12:30:00,G1112,28.33,28.24,28.16,28.32,28.07,28.07,27.59,27.530001,27.42,27.27,27.139999,27.360001,27.190001,27.030001,26.85,27.629999,28.459999,28.059999,27.709999
2020/8/22,12:30:00,G1113,28.32,28.459999,28.09,28.15,27.9,27.780001,27.290001,27.209999,27.1,27.02,26.92,27.18,26.889999,26.73,26.610001,27.440001,28.18,27.83,27.450001
2020/8/26,20:15:00,G1101,28.82,28.83,28.870001,28.940001,29.049999,28.85,28.559999,27.07,26.18,25.860001,25.709999,25.540001,25.540001,25.57,25.41,25.23,25.469999,25.57,25.709999
2020/8/26,20:15:00,G1102,28.85,28.860001,28.93,29.049999,29.16,28.969999,28.690001,27.17,26.33,26.040001,25.809999,25.77,25.68,25.67,25.52,25.35,25.559999,25.66,25.85
2020/8/26,20:15:00,G1103,28.700001,28.700001,28.77,28.879999,28.98,28.82,28.690001,26.969999,26.16,25.99,25.690001,25.639999,25.719999,25.66,25.5,25.360001,25.530001,25.65,25.790001
2020/8/26,20:15:00,G1104,28.629999,28.66,28.700001,28.809999,28.940001,28.75,28.73,26.809999,26.290001,25.959999,25.67,25.610001,25.65,25.6,25.43,25.280001,25.49,25.610001,25.73
2020/8/26,20:15:00,G1105,28.41,28.5,28.469999,28.58,28.700001,28.530001,28.530001,26.549999,26.120001,25.700001,25.48,25.49,25.459999,25.379999,25.200001,25.110001,25.360001,25.65,25.639999
2020/8/26,20:15:00,G1106,28.33,28.360001,28.33,28.450001,28.549999,28.370001,28.4,25.370001,25.969999,25.59,25.360001,25.379999,25.33,25.25,25.09,25.01,25.25,25.469999,25.5
2020/8/26,20:15:00,G1107,27.879999,27.93,27.879999,27.969999,28.09,27.879999,27.950001,25.860001,25.52,25.15,25.01,24.93,24.940001,24.82,24.66,24.709999,24.879999,25.200001,25.17
2020/8/26,20:15:00,G1108,27.84,27.870001,27.82,27.93,28.030001,27.83,27.9,25.77,25.469999,25.059999,24.950001,24.889999,24.889999,24.76,24.6,24.66,24.82,25.16,25.139999
2020/8/26,20:15:00,G1109,27.459999,27.49,27.459999,27.549999,27.639999,27.440001,27.530001,25.49,25.1,24.690001,24.620001,24.549999,24.540001,24.459999,24.25,24.370001,24.6,25.110001,24.98
2020/8/26,20:15:00,G1110,26.98,27,26.98,27.08,27.139999,26.959999,27.040001,24.530001,24.629999,24.52,24.209999,24.15,24.120001,24.16,23.950001,24.16,25.08,25.25,24.959999
2020/8/26,20:15:00,G1111,26.549999,26.559999,26.540001,26.780001,26.690001,26.530001,26.65,24.65,24.309999,24.200001,23.92,23.84,23.91,24.02,23.85,24.09,24.98,25.33,25.110001
2020/8/26,20:15:00,G1112,26.389999,26.41,26.370001,26.66,26.530001,26.389999,26.5,24.57,24.18,24.110001,23.889999,23.83,23.93,24.139999,23.93,24.16,24.93,25.24,25.120001
2020/8/26,20:15:00,G1113,26.059999,26.1,26.059999,26.389999,26.200001,26.059999,26.209999,24.299999,23.9,23.879999,23.780001,23.91,24.1,24.15,23.91,24.299999,24.67,25.059999,25.120001
2020/8/28,17:10:00,G1101,32.889999,32.740002,33.259998,33.400002,33.43,33.57,33.299999,32.330002,31.309999,31.01,30.84,30.889999,31.01,31.1,30.75,30.42,30.32,30.139999,29.610001
2020/8/28,17:10:00,G1102,32.799999,32.950001,33.52,33.59,33.580002,33.759998,33.470001,32.740002,31.76,31.190001,30.91,31.040001,31.15,31.17,30.82,30.57,30.48,30.23,29.74
2020/8/28,17:10:00,G1103,32.810001,33.200001,33.360001,33.419998,33.41,33.52,33.34,32.919998,32.02,31.16,30.84,30.99,31.030001,31,30.620001,30.469999,30.309999,30.120001,29.639999
2020/8/28,17:10:00,G1104,NaN,NaN,NaN,NaN,NaN,NaN,NaN,NaN,NaN,NaN,NaN,NaN,NaN,NaN,NaN,NaN,NaN,NaN,NaN
2020/8/28,17:10:00,G1105,32.849998,32.939999,32.990002,33.07,33.07,33.150002,33.110001,32.869999,32.130001,30.889999,30.709999,30.76,30.719999,30.68,30.27,30.24,30.01,29.799999,29.440001
2020/8/28,17:10:00,G1106,32.740002,32.790001,32.82,32.889999,32.91,32.990002,32.939999,32.830002,32.16,30.74,30.610001,30.59,30.559999,30.540001,30.08,30.200001,29.85,29.66,29.389999
2020/8/28,17:10:00,G1107,32.290001,32.290001,32.32,32.389999,32.400002,32.470001,32.490002,32.389999,31.77,30.290001,30.18,30.16,30.07,30.1,29.58,29.870001,29.530001,29.200001,29.17
2020/8/28,17:10:00,G1108,32.25,32.240002,32.27,32.34,32.360001,32.41,32.439999,32.349998,31.74,30.24,30.16,30.139999,30.049999,30.07,29.530001,29.82,29.49,29.16,29.16
2020/8/28,17:10:00,G1109,31.870001,31.83,31.870001,31.940001,31.959999,32.009998,32.02,31.98,31.25,29.84,29.9,29.82,29.67,29.75,29.16,29.43,29.200001,28.959999,28.950001
2020/8/28,17:10:00,G1110,31.34,31.309999,31.370001,31.41,31.450001,31.49,31.530001,31.459999,30.690001,29.440001,29.469999,29.43,29.23,29.290001,28.639999,28.92,28.93,28.809999,28.639999
2020/8/28,17:10:00,G1111,30.92,30.91,30.950001,30.93,31.02,31.040001,31.08,31.030001,30.549999,29.1,29.139999,29.110001,28.879999,28.9,28.299999,28.48,28.549999,28.5,28.290001
2020/8/28,17:10:00,G1112,30.74,30.719999,30.76,30.74,30.84,30.85,30.9,30.85,30.34,28.950001,29.030001,28.99,28.790001,28.76,28.139999,28.33,28.379999,28.360001,28.15
2020/8/28,17:10:00,G1113,30.42,30.389999,30.440001,30.42,30.540001,30.540001,30.58,30.540001,30.1,28.709999,28.780001,28.700001,28.58,28.440001,27.799999,28.030001,28.059999,28.09,27.889999
2020/8/30,11:30:00,G1101,32.740002,32.16,32.080002,31.77,32.169998,32.349998,31.99,28.82,27.91,26.65,26.120001,25.93,26.040001,26.200001,26.620001,26.200001,26.27,26.360001,26.450001
2020/8/30,11:30:00,G1102,32.950001,32.130001,32.290001,31.93,32.07,32.32,31.870001,28.870001,27.809999,NaN,26.200001,26.17,26.129999,26.299999,26.73,26.299999,26.389999,26.450001,26.48
2020/8/30,11:30:00,G1103,32.610001,31.879999,32.080002,31.73,31.41,31.889999,31.57,28.690001,27.629999,NaN,26.34,26.48,26.120001,26.290001,26.68,26.27,26.42,26.469999,26.459999
2020/8/30,11:30:00,G1104,32.630001,31.799999,31.870001,31.67,31.360001,31.75,31.48,28.620001,27.59,NaN,26.290001,26.73,26.16,26.299999,26.6,26.23,26.360001,26.559999,26.459999
2020/8/30,11:30:00,G1105,31.67,31.41,31.639999,31.459999,31.200001,31.620001,31.209999,28.32,27.379999,26.459999,26.280001,27.74,26.25,26.48,26.41,26.200001,26.34,27.440001,26.48
2020/8/30,11:30:00,G1106,31.469999,31.290001,31.4,31.290001,31.01,31.469999,31.059999,28.16,27.299999,26.41,26.42,27.860001,26.75,26.82,26.370001,26.219999,26.629999,28,26.639999
2020/8/30,11:30:00,G1107,30.790001,30.83,31,30.860001,30.65,30.959999,30.6,27.719999,26.84,26.190001,27.110001,27.92,27.33,27.43,27.43,27.41,27.92,28.26,27.49
2020/8/30,11:30:00,G1108,30.75,30.780001,30.959999,30.83,30.65,30.99,30.6,27.690001,26.799999,26.27,27.309999,27.99,27.379999,27.530001,27.59,27.5,27.92,28.24,27.66
2020/8/30,11:30:00,G1109,30.26,30.389999,30.6,30.450001,30.34,30.559999,30.27,27.4,26.459999,26.16,27.549999,27.799999,27.299999,27.74,27.629999,27.799999,28.23,28.02,27.68
2020/8/30,11:30:00,G1110,29.68,29.92,30.16,30.01,29.98,30.030001,29.860001,27.030001,26.18,26.299999,27.280001,27.379999,27.16,27.52,27.35,27.620001,27.91,27.9,27.4
2020/8/30,11:30:00,G1111,29.360001,29.52,29.610001,29.42,29.43,29.459999,29.459999,26.790001,26.110001,26.68,27.09,27.07,26.91,27.23,27.1,27.440001,27.629999,27.68,27.26
2020/8/30,11:30:00,G1112,29.15,29.33,29.450001,NaN,29.299999,29.360001,29.370001,26.629999,26.34,26.9,26.99,26.959999,26.9,27.17,27.01,27.35,27.52,27.65,27.32
2020/8/30,11:30:00,G1113,28.98,29.16,29.040001,NaN,29.07,29.110001,29.049999,26.42,26.33,26.959999,26.82,26.68,26.780001,27.040001,26.75,27.110001,27.299999,27.33,27.15
2020/9/1,0:05:00,G1101,27.17,27.66,27.48,27.540001,27.129999,27.280001,27.370001,26.370001,25.209999,24.870001,24.950001,24.42,24.48,24.41,24.51,24.73,24.809999,24.629999,24.860001
2020/9/1,0:05:00,G1102,27.57,27.790001,27.91,28,27.450001,27.530001,27.59,26.52,25.43,25.030001,25.780001,24.68,24.629999,24.6,24.610001,24.799999,24.959999,24.92,25.059999
2020/9/1,0:05:00,G1103,28.02,28.01,28.290001,28.469999,27.610001,27.700001,27.690001,26.51,26.4,25.610001,26.73,25.16,25.16,24.799999,24.67,24.73,26.049999,25.59,25.1
2020/9/1,0:05:00,G1104,28.1,28.139999,28.469999,28.49,27.709999,27.73,27.709999,26.51,27.139999,26.34,26.85,25.52,26.219999,24.9,24.950001,24.73,26.540001,26.07,25.139999
2020/9/1,0:05:00,G1105,28.209999,28.379999,28.35,28.389999,27.879999,27.610001,27.74,26.57,27.299999,26.870001,26.9,25.809999,26.370001,26.549999,26.92,26.82,27.43,27.34,26.98
2020/9/1,0:05:00,G1106,28.27,28.299999,28.25,28.309999,28.02,27.5,27.639999,26.700001,27.389999,26.99,26.92,26.01,26.360001,26.639999,27.030001,27.07,27.389999,27.41,27.26
2020/9/1,0:05:00,G1107,28.360001,28,27.83,27.940001,28,27.07,27.34,26.709999,27.32,27.02,27.26,26.299999,26.48,26.530001,26.85,26.879999,27.030001,27.200001,27.27
2020/9/1,0:05:00,G1108,28.35,28,27.809999,27.92,28,27.01,27.299999,26.74,27.34,26.879999,27.32,26.540001,26.530001,26.43,26.809999,26.84,27.040001,27.219999,27.33
2020/9/1,0:05:00,G1109,28.379999,27.719999,27.49,27.690001,27.67,26.67,26.950001,26.67,27.09,27.09,27.25,26.4,26.780001,26.58,26.83,26.469999,27.24,27.09,27.35
2020/9/1,0:05:00,G1110,27.9,27.299999,27.1,27.309999,27.27,26.34,26.48,26.49,26.709999,26.809999,26.950001,26.67,26.879999,26.85,27.299999,26.9,27.1,26.9,27.049999
2020/9/1,0:05:00,G1111,27.57,26.99,26.870001,27.02,27.08,26.040001,26.25,26.200001,26.32,26.77,26.799999,26.43,26.58,26.91,27.02,26.76,26.74,26.6,26.790001
2020/9/1,0:05:00,G1112,27.51,26.92,26.92,26.84,26.940001,25.99,26.030001,26.120001,26.26,26.77,26.73,26.15,26.530001,26.91,26.879999,26.67,26.610001,26.52,26.690001
2020/9/1,0:05:00,G1113,27.299999,26.620001,26.85,26.57,26.629999,25.790001,25.690001,26,26,26.6,26.51,26.16,26.42,26.73,26.68,26.42,26.43,26.34,26.42
2020/9/1,16:45:00,G1101,33.040001,33,32.779999,32.529999,32.34,31.889999,31.450001,30.84,30.76,29.75,30.01,29.01,28.27,30.4,30.129999,28.02,27.809999,27.959999,28.200001
2020/9/1,16:45:00,G1102,33.060001,33.130001,32.93,32.700001,32.490002,32.029999,31.58,30.950001,30.85,30.1,30.27,29.43,28.889999,30.889999,30.75,28.58,28.219999,28.389999,28.440001
2020/9/1,16:45:00,G1103,32.880001,32.950001,32.779999,32.619999,32.439999,32.049999,31.74,30.790001,30.690001,29.98,30.440001,29.870001,29.379999,30.959999,31.059999,30.629999,28.74,28.629999,28.76
2020/9/1,16:45:00,G1104,32.799999,32.900002,32.720001,32.560001,32.43,32.02,31.799999,30.790001,30.620001,30.09,30.59,29.940001,29.82,30.9,31.139999,30.799999,28.92,28.610001,28.940001
2020/9/1,16:45:00,G1105,32.650002,32.669998,32.459999,32.310001,32.32,31.889999,31.440001,30.870001,30.57,29.59,30.57,29.98,30.389999,30.780001,31.280001,30.85,29.42,28.91,29.26
2020/9/1,16:45:00,G1106,32.59,32.549999,32.32,32.169998,32.18,31.84,31.450001,31.08,30.51,29.879999,30.450001,29.889999,30.34,30.790001,31.200001,30.799999,29.459999,28.860001,29.459999
2020/9/1,16:45:00,G1107,32.150002,32.049999,31.860001,31.690001,31.73,31.43,31.51,31.27,30.370001,29.73,30.110001,29.610001,29.9,30.540001,31.040001,30.459999,29.5,28.690001,29.74
2020/9/1,16:45:00,G1108,32.130001,32,31.85,31.65,31.68,31.41,31.52,31.23,30.41,29.74,30.02,29.540001,29.799999,30.57,31.129999,30.43,29.559999,28.690001,29.860001
2020/9/1,16:45:00,G1109,31.75,31.59,31.530001,31.379999,31.34,31.01,31.16,30.75,30.440001,29.549999,29.700001,29.27,29.65,30.58,30.9,30.32,29.68,28.549999,29.59
2020/9/1,16:45:00,G1110,31.27,31.17,31.030001,30.9,30.870001,30.52,30.74,30.200001,29.98,29.43,29.33,28.940001,29.639999,30.34,30.43,30.040001,29.59,28.66,29.18
2020/9/1,16:45:00,G1111,30.92,31.049999,30.66,30.530001,30.5,30.110001,30.35,29.709999,29.5,29.129999,28.889999,28.76,29.35,29.93,30.02,29.73,29.32,28.65,28.93
2020/9/1,16:45:00,G1112,30.780001,30.93,30.49,30.35,30.33,29.93,30.18,29.530001,29.299999,29.120001,28.85,28.790001,29.24,29.76,29.879999,29.610001,29.15,28.540001,28.84
2020/9/1,16:45:00,G1113,30.48,30.67,30.17,30.1,30.07,29.68,29.950001,29.280001,28.98,28.860001,28.469999,28.48,29,29.48,29.610001,29.33,28.879999,28.26,28.57
2020/9/2,15:50:00,G1101,34.150002,34.150002,34.77,35.330002,35.18,35.029999,34.880001,33.990002,33.220001,32.939999,32.779999,32.73,32.580002,32.23,31.719999,31.540001,31.48,31.52,31.450001
2020/9/2,15:50:00,G1102,34.150002,34.16,34.700001,35.279999,35.099998,35.07,34.639999,33.950001,33.32,33.02,32.880001,32.82,32.66,32.240002,31.77,31.610001,31.610001,31.66,31.57
2020/9/2,15:50:00,G1103,33.91,33.939999,34.330002,34.419998,34.759998,34.490002,34.18,33.779999,33.130001,32.950001,32.73,32.700001,32.580002,32,31.540001,31.41,31.48,31.66,31.459999
2020/9/2,15:50:00,G1104,33.810001,33.849998,34.02,34.23,34.73,34.330002,34.009998,33.720001,33.060001,32.889999,32.68,32.639999,32.52,31.879999,31.450001,31.34,31.4,31.59,31.370001
2020/9/2,15:50:00,G1105,33.540001,33.700001,33.77,34.41,34.709999,34.040001,33.73,33.41,32.880001,32.650002,32.529999,32.400002,32.299999,31.5,31.16,31.1,31.16,31.379999,31.110001
2020/9/2,15:50:00,G1106,33.34,33.630001,33.84,34.209999,34.650002,33.810001,33.619999,33.259998,32.82,32.509998,32.43,32.290001,32.189999,31.379999,31.01,30.98,30.99,31.23,30.959999
2020/9/2,15:50:00,G1107,32.880001,33.189999,33.75,34.009998,33.490002,33.259998,33.290001,32.82,32.52,32.029999,32.029999,31.860001,31.719999,30.98,30.65,30.51,30.51,30.75,30.5
2020/9/2,15:50:00,G1108,32.880001,33.189999,33.82,33.849998,33.529999,33.32,33.32,32.799999,32.52,32.009998,31.99,31.84,31.690001,30.98,30.639999,30.459999,30.469999,30.690001,30.469999
2020/9/2,15:50:00,G1109,32.48,32.82,33.5,33.75,33.310001,32.799999,33.450001,32.5,32.23,31.66,31.610001,31.559999,31.33,30.74,30.440001,30.1,30.09,30.309999,30.1
2020/9/2,15:50:00,G1110,32.02,32.299999,32.639999,33.43,32.759998,32.349998,32.380001,32.09,31.77,31.290001,31.129999,31.16,30.889999,30.4,30.24,29.68,29.6,29.83,29.74
2020/9/2,15:50:00,G1111,31.75,31.73,32.25,33.34,32.580002,32.07,31.870001,31.870001,31.440001,31.129999,30.790001,30.799999,30.65,30.26,30.23,29.389999,29.23,29.48,29.379999
2020/9/2,15:50:00,G1112,31.66,31.639999,32.040001,33.25,32.360001,31.959999,31.73,31.700001,31.27,31.049999,30.629999,30.67,30.559999,30.18,30.200001,29.32,29.09,29.280001,29.200001
2020/9/2,15:50:00,G1113,31.280001,31.309999,31.889999,33.330002,32.049999,31.67,31.360001,31.549999,30.99,30.9,30.370001,30.389999,30.41,30.02,30.219999,29.129999,28.870001,28.950001,28.889999
2020/9/3,14:40:00,G1101,36.009998,36.279999,35.84,NaN,35.380001,35.009998,35.279999,33.23,32.549999,32.310001,32.450001,32.110001,32,32.25,32.32,32.349998,32.23,32.049999,32.049999
2020/9/3,14:40:00,G1102,36.18,36.09,35.549999,36.150002,35.380001,35.080002,35.290001,33.310001,32.540001,32.380001,32.610001,32.119999,32.150002,32.27,32.23,32.310001,32.189999,32.09,32.119999
2020/9/3,14:40:00,G1103,35.52,35.5,35.419998,NaN,34.91,34.959999,35.259998,32.959999,32.32,32.220001,32.52,32,32.119999,32.16,32,32.049999,31.92,31.91,31.93
2020/9/3,14:40:00,G1104,35.240002,35.619999,35.380001,NaN,34.740002,34.880001,34.869999,32.889999,32.240002,32.16,32.490002,32,32.130001,32.139999,31.9,31.98,31.809999,31.889999,31.83
2020/9/3,14:40:00,G1105,35.16,35.130001,34.759998,NaN,34.299999,34.419998,34.389999,32.59,32,32.049999,32.290001,31.67,32.099998,32.040001,31.75,31.809999,31.57,31.75,31.57
2020/9/3,14:40:00,G1106,34.82,35.060001,34.529999,NaN,34.119999,34.240002,34.200001,32.41,31.889999,32.02,32.16,31.58,32.07,31.870001,31.690001,31.68,31.48,31.620001,31.4
2020/9/3,14:40:00,G1107,34.139999,34.459999,34.02,NaN,33.650002,33.68,33.619999,31.83,31.719999,31.59,31.67,31.280001,31.66,31.6,31.459999,31.25,31.18,31.18,30.940001
2020/9/3,14:40:00,G1108,34.130001,34.669998,34.139999,NaN,33.580002,33.59,33.59,31.809999,31.809999,31.610001,31.610001,31.209999,31.610001,31.540001,31.440001,31.23,31.17,31.15,30.91
2020/9/3,14:40:00,G1109,33.630001,34.080002,33.639999,33.41,33.610001,33.209999,33.130001,31.42,31.620001,31.290001,31.24,30.92,31.23,31.23,31.110001,31.030001,30.9,30.809999,30.549999
2020/9/3,14:40:00,G1110,32.970001,33.599998,33.790001,32.619999,33.240002,32.59,32.549999,31,31.17,30.969999,30.85,30.450001,30.83,31,30.780001,30.68,30.43,30.360001,30.209999
2020/9/3,14:40:00,G1111,32.310001,32.93,32.75,32.23,32.669998,32.459999,32.23,30.66,30.82,30.93,30.59,30.25,30.450001,30.66,30.459999,30.370001,30.16,30.15,30.17
2020/9/3,14:40:00,G1112,32.18,32.779999,32.41,32.009998,32.279999,32.18,31.959999,30.41,30.719999,30.75,30.42,30.08,30.299999,30.51,30.299999,30.200001,30.07,30.110001,30.02
2020/9/3,14:40:00,G1113,31.870001,32.540001,32.029999,31.889999,31.9,31.889999,31.639999,30.16,30.379999,30.549999,30.16,29.799999,29.98,30.219999,30.07,30.030001,29.860001,29.950001,29.889999
2020/9/4,13:00:00,G1101,30.93,31.09,30.92,30.84,30.26,30.040001,29.68,28.969999,27.84,27.32,26.92,26.74,26.98,27.08,27.450001,27.52,27.85,NaN,28.52
2020/9/4,13:00:00,G1102,30.879999,31.059999,30.92,30.9,30.440001,30.280001,29.879999,29.09,27.92,27.639999,27.110001,26.889999,27.219999,27.299999,27.66,27.799999,NaN,28.26,28.6
2020/9/4,13:00:00,G1103,30.620001,30.74,30.700001,30.65,30.25,30.120001,29.780001,28.940001,27.950001,27.67,27.280001,27.200001,27.309999,27.32,27.870001,28.059999,NaN,NaN,28.540001
2020/9/4,13:00:00,G1104,30.52,30.620001,30.610001,30.57,30.18,30.059999,29.73,28.870001,27.860001,27.52,27.200001,27.200001,27.33,27.290001,27.969999,28.309999,NaN,28.120001,28.52
2020/9/4,13:00:00,G1105,30.23,30.35,30.32,30.299999,29.950001,29.82,29.59,28.610001,27.51,27.559999,27.42,27.209999,27.290001,27.389999,28.52,28.530001,NaN,NaN,28.52
2020/9/4,13:00:00,G1106,30.059999,30.18,30.120001,30.15,29.82,29.67,29.450001,28.49,27.51,27.469999,27.559999,27.23,27.27,27.6,28.639999,28.49,28.389999,28.559999,28.52
2020/9/4,13:00:00,G1107,29.549999,29.690001,29.610001,29.610001,29.34,29.200001,28.940001,27.99,27.23,27.24,27.719999,27.6,27.43,27.809999,28.32,28.540001,28.25,28.360001,28.35
2020/9/4,13:00:00,G1108,29.5,29.65,29.549999,29.530001,29.299999,29.16,28.9,27.99,27.09,27.41,27.709999,27.620001,27.5,27.9,28.27,28.450001,28.26,28.35,28.370001
2020/9/4,13:00:00,G1109,29.120001,29.17,29.129999,29.120001,28.969999,28.799999,28.530001,27.639999,26.959999,27.32,27.41,27.32,27.82,27.92,27.959999,28.059999,28.059999,28.1,28.120001
2020/9/4,13:00:00,G1110,28.639999,28.620001,28.639999,28.620001,28.42,28.280001,28.07,27.209999,26.77,27.120001,27.120001,27.07,27.43,27.690001,27.530001,27.530001,27.719999,28.129999,27.700001
2020/9/4,13:00:00,G1111,28.24,28.200001,28.200001,28.18,27.98,27.82,27.67,26.85,26.450001,26.92,26.77,26.83,26.799999,27.370001,27.139999,27.33,27.52,28.049999,27.75
2020/9/4,13:00:00,G1112,28.09,28.040001,28.030001,28.02,27.799999,27.68,27.530001,26.76,26.299999,26.9,26.690001,26.799999,26.799999,27.26,27,27.219999,27.49,27.959999,27.790001
2020/9/4,13:00:00,G1113,27.790001,27.700001,27.719999,27.700001,27.450001,27.35,27.219999,26.51,26.09,26.65,26.469999,26.559999,26.58,27.01,26.77,27.129999,27.389999,27.700001,27.5
2020/9/5,10:25:00,G1101,29.49,29.59,NaN,29.620001,NaN,29.690001,29.459999,27.530001,27.08,27,26.66,26.23,25.790001,25.129999,24.879999,24.959999,NaN,24.84,24.790001
2020/9/5,10:25:00,G1102,29.450001,29.6,NaN,29.629999,29.67,29.67,29.58,27.6,27.27,27.139999,26.83,26.459999,25.93,25.25,24.93,25.040001,24.969999,24.879999,24.889999
2020/9/5,10:25:00,G1103,29.200001,29.299999,29.34,29.4,NaN,29.43,29.4,27.4,27.129999,27.030001,26.809999,26.26,25.66,25.110001,24.790001,24.91,NaN,24.709999,24.76
2020/9/5,10:25:00,G1104,29.110001,29.190001,29.24,29.309999,29.34,29.34,29.309999,27.35,27.1,27,26.799999,26.280001,25.66,25.049999,24.73,24.889999,24.780001,24.65,24.66
2020/9/5,10:25:00,G1105,28.879999,28.9,28.959999,29.07,29.120001,29.059999,29.040001,27.129999,26.84,26.76,26.610001,26.18,25.459999,24.9,24.559999,24.709999,NaN,24.469999,24.52
2020/9/5,10:25:00,G1106,28.690001,28.719999,28.799999,28.870001,28.959999,28.91,28.889999,27.02,26.709999,26.639999,26.459999,26.07,25.27,24.780001,24.440001,24.620001,24.49,24.41,24.450001
2020/9/5,10:25:00,G1107,28.190001,28.200001,28.280001,28.35,28.42,28.43,28.32,26.809999,26.549999,26.25,26.02,25.68,24.84,24.450001,24.02,24.32,24.08,24.08,24.07
2020/9/5,10:25:00,G1108,28.139999,28.129999,28.219999,28.290001,28.35,28.370001,28.27,26.85,26.52,26.219999,26,25.75,24.870001,24.5,24.08,24.32,24.120001,24.110001,24.110001
2020/9/5,10:25:00,G1109,27.75,27.75,27.85,27.9,27.940001,28,27.879999,26.889999,26.139999,25.92,25.65,25.49,24.700001,24.280001,23.85,24.09,23.950001,23.77,23.73
2020/9/5,10:25:00,G1110,27.209999,27.24,27.35,27.43,27.43,27.5,27.34,27.09,25.719999,25.58,25.190001,25.02,24.41,24.07,23.49,23.809999,23.719999,23.57,23.540001
2020/9/5,10:25:00,G1111,26.780001,26.83,26.93,27.059999,26.969999,27.1,26.9,26.77,25.4,25.309999,24.719999,24.57,24.1,23.77,23.16,23.620001,23.450001,23.49,23.469999
2020/9/5,10:25:00,G1112,26.610001,26.66,26.77,26.889999,26.82,26.91,26.75,26.629999,25.35,25.219999,24.719999,24.469999,23.98,23.65,23.07,23.610001,23.34,23.360001,23.379999
2020/9/5,10:25:00,G1113,26.290001,26.33,26.43,26.6,NaN,26.59,26.450001,26.27,25.17,24.950001,24.48,24.200001,23.75,23.41,22.83,23.370001,23.26,23.370001,23.209999
2020/9/8,9:00:00,G1101,26.84,26.84,26.879999,26.99,26.99,27.040001,27.040001,26.18,25.450001,25.200001,24.780001,24.790001,24.809999,25.02,24.99,24.99,25.049999,25.01,NaN
2020/9/8,9:00:00,G1102,26.879999,26.93,26.92,27.01,26.969999,27.07,27.1,26.219999,25.52,25.4,24.74,24.799999,24.889999,25.1,25.09,25.040001,25.08,25.09,NaN
2020/9/8,9:00:00,G1103,26.700001,26.76,26.73,26.84,26.82,26.889999,27,25.940001,25.379999,25.34,24.809999,24.83,24.98,25.049999,25.030001,25.01,24.99,25.02,NaN
2020/9/8,9:00:00,G1104,26.610001,26.68,26.700001,26.77,26.74,26.799999,26.959999,25.870001,25.33,25.17,24.690001,24.73,24.950001,25.030001,24.969999,24.950001,24.959999,24.969999,25.040001
2020/9/8,9:00:00,G1105,26.42,26.440001,26.59,26.59,26.620001,26.629999,26.719999,25.610001,25.27,25.02,24.620001,24.67,24.809999,24.799999,24.780001,24.73,24.790001,24.84,24.91
2020/9/8,9:00:00,G1106,26.290001,26.35,26.5,26.5,26.540001,26.51,26.530001,25.58,25.200001,24.75,24.42,24.52,24.83,24.780001,24.73,24.690001,24.709999,24.74,24.84
2020/9/8,9:00:00,G1107,25.950001,26.040001,26.110001,26.1,26.07,26.059999,26.07,25.26,24.91,24.540001,23.809999,24.200001,24.530001,24.49,24.41,24.290001,24.43,24.370001,24.610001
2020/9/8,9:00:00,G1108,25.959999,26.01,26.09,26.08,26.030001,26.01,26.01,25.190001,24.92,24.549999,23.809999,24.280001,24.540001,24.5,24.41,24.309999,24.450001,24.379999,24.57
2020/9/8,9:00:00,G1109,25.82,25.76,25.790001,25.780001,25.700001,25.68,25.639999,24.91,24.610001,24.16,23.709999,24.08,24.32,24.23,24.139999,24.16,24.35,24.34,24.360001
2020/9/8,9:00:00,G1110,25.809999,25.59,25.66,25.469999,25.309999,25.360001,25.32,24.6,24.41,24.08,23.84,24.030001,23.98,23.879999,23.84,24,24.059999,24.129999,24.110001
2020/9/8,9:00:00,G1111,26.1,26.030001,26.07,25.58,25.299999,25.59,25.33,24.299999,24.309999,23.82,24.139999,23.879999,23.73,23.57,23.52,23.83,24,23.889999,23.83
2020/9/8,9:00:00,G1112,26.1,26.07,26.01,25.75,25.620001,25.57,25.42,24.23,24.389999,23.639999,24.1,23.889999,23.629999,23.49,23.49,23.66,23.98,23.82,23.73
2020/9/8,9:00:00,G1113,25.91,25.93,25.92,25.629999,25.469999,25.51,25.440001,23.99,24.18,23.57,23.92,23.68,23.389999,23.370001,23.32,23.33,23.940001,23.59,23.469999
2020/9/9,12:15:00,G1101,29.85,29.83,29.24,28.950001,28.76,28.790001,28.48,26.59,26.309999,26.25,25.91,25.84,25.98,25.370001,25.059999,25.26,25.42,25.92,25.959999
2020/9/9,12:15:00,G1102,29.870001,29.9,29.280001,29.049999,28.870001,28.950001,28.790001,26.66,26.35,26.530001,26.129999,26.02,26.200001,25.49,25.17,25.360001,25.51,26.24,26.08
2020/9/9,12:15:00,G1103,29.65,29.639999,29.08,29.110001,29.1,28.93,28.83,26.93,26.360001,27.26,26.58,26.58,26.360001,25.440001,25.18,25.389999,25.73,26.299999,26.049999
2020/9/9,12:15:00,G1104,29.559999,29.559999,28.969999,29.129999,29.1,28.9,28.790001,26.959999,26.370001,27.389999,26.9,26.93,26.360001,25.42,25.200001,25.32,25.76,26.24,26.030001
2020/9/9,12:15:00,G1105,29.290001,29.25,28.82,28.959999,28.93,28.879999,28.530001,26.73,26.41,27.809999,27.469999,27.42,26.35,25.43,25.34,25.18,25.83,26.48,25.959999
2020/9/9,12:15:00,G1106,29.129999,29.059999,28.74,28.82,28.799999,28.73,28.34,26.809999,26.48,27.719999,27.700001,27.48,26.440001,25.57,25.48,25.32,25.93,26.4,25.91
2020/9/9,12:15:00,G1107,28.629999,28.58,28.299999,28.309999,28.32,28.23,27.77,26.58,27.15,27.360001,27.469999,27.35,26.290001,25.780001,25.91,26.379999,26.950001,26.59,26.59
2020/9/9,12:15:00,G1108,28.58,28.540001,28.25,NaN,28.26,28.18,27.76,26.67,27.110001,27.299999,27.42,27.299999,26.309999,25.809999,25.91,26.57,27.08,26.629999,27.07
2020/9/9,12:15:00,G1109,28.18,28.200001,27.91,27.93,27.879999,27.799999,27.5,26.84,26.950001,27.030001,27.07,27.08,26.15,25.700001,25.77,26.32,26.73,26.610001,26.98
2020/9/9,12:15:00,G1110,27.68,27.709999,27.42,27.43,27.389999,27.35,26.959999,26.450001,26.76,26.620001,26.639999,26.620001,25.98,25.59,25.77,25.860001,26.08,26.34,26.360001
2020/9/9,12:15:00,G1111,27.23,27.290001,27.07,27.049999,26.93,26.91,26.559999,26.4,26.469999,26.23,26.26,26.209999,25.67,25.389999,25.629999,25.610001,25.790001,25.98,26.110001
2020/9/9,12:15:00,G1112,27.09,27.120001,26.879999,26.92,26.76,26.76,26.41,26.4,26.34,26.110001,26.1,26.059999,25.6,25.370001,25.6,25.49,25.73,25.85,25.879999
2020/9/9,12:15:00,G1113,26.77,26.780001,26.6,26.629999,26.459999,26.42,26.049999,26.49,26.049999,25.98,25.799999,25.799999,25.299999,25.18,25.34,25.25,25.559999,25.450001,25.58
2020/9/10,17:05:00,G1101,28.620001,28.639999,28.65,28.709999,28.82,28.75,28.620001,27.93,26.379999,24.91,NaN,24.67,24.389999,24.440001,24.540001,24.610001,24.459999,24.6,NaN
2020/9/10,17:05:00,G1102,28.82,28.870001,28.77,28.799999,28.9,28.85,28.780001,27.969999,NaN,25.08,24.709999,24.870001,24.49,24.65,24.73,24.809999,24.77,24.780001,24.85
2020/9/10,17:05:00,G1103,28.75,28.83,28.690001,28.709999,28.719999,28.73,28.709999,27.73,26.049999,24.92,NaN,24.870001,24.5,24.469999,24.690001,24.690001,25.059999,25.1,25.27
2020/9/10,17:05:00,G1104,28.68,28.77,28.639999,28.67,28.66,28.68,28.629999,27.639999,26.139999,24.98,24.6,24.780001,24.450001,24.42,24.610001,24.58,25.15,25.51,25.620001
2020/9/10,17:05:00,G1105,28.5,28.530001,28.41,28.530001,28.469999,28.450001,28.41,27.33,25.92,24.91,24.5,24.67,24.43,24.48,24.43,24.540001,25.209999,25.610001,25.74
2020/9/10,17:05:00,G1106,28.35,28.360001,28.27,28.4,28.33,28.299999,28.27,27.17,25.82,24.860001,24.42,24.67,24.559999,24.790001,24.34,24.469999,25,25.41,25.59
2020/9/10,17:05:00,G1107,27.870001,27.879999,27.860001,27.93,27.85,27.809999,27.889999,26.629999,25.49,24.77,24.18,24.51,24.530001,25.450001,24.219999,24.120001,24.450001,24.82,25.09
2020/9/10,17:05:00,G1108,27.799999,27.83,27.809999,27.870001,27.799999,27.75,27.84,26.559999,25.35,24.860001,24.200001,24.51,24.57,25.549999,24.35,24.040001,24.370001,24.75,25.030001
2020/9/10,17:05:00,G1109,27.42,27.440001,27.42,27.48,27.469999,27.379999,27.440001,26.17,25.26,24.709999,24.02,24.290001,24.48,25.66,24.860001,24.01,23.969999,24.379999,24.629999
2020/9/10,17:05:00,G1110,26.93,26.940001,26.879999,26.98,27.02,26.870001,26.959999,25.690001,24.950001,24.57,23.84,24.219999,24.33,25.91,25.040001,24.540001,24.25,24.559999,24.620001
2020/9/10,17:05:00,G1111,26.469999,26.540001,26.469999,26.58,26.6,26.469999,26.51,25.360001,24.76,24.66,23.51,24.190001,24.65,26.25,25.379999,24.58,24.459999,24.43,25.309999
2020/9/10,17:05:00,G1112,26.299999,26.379999,26.34,26.42,26.48,26.34,26.360001,25.34,24.790001,24.709999,23.549999,24.200001,24.690001,26.26,25.549999,24.49,24.370001,24.41,25.75
2020/9/10,17:05:00,G1113,25.889999,26.07,26.02,26.15,26.15,26.07,26.02,25.139999,24.65,24.6,23.540001,24.6,24.5,26.24,25.43,24.309999,24.51,24.67,25.93
2020/9/11,12:55:00,G1101,30.41,30.92,31.049999,30.549999,30.639999,30.66,30.860001,29.690001,28.17,27.969999,28.07,28.389999,27.860001,26.91,NaN,27.74,NaN,28.610001,29.379999
2020/9/11,12:55:00,G1102,30.42,30.67,30.9,30.450001,30.559999,30.559999,30.790001,29.51,28.200001,27.92,28.040001,28.27,27.790001,26.84,27.25,27.75,28.049999,28.389999,29.08
2020/9/11,12:55:00,G1103,30.200001,30.25,30.389999,30.18,30.290001,30.26,30.389999,29.16,28.01,27.68,27.709999,28.030001,27.42,26.559999,NaN,27.459999,27.870001,27.99,28.73
2020/9/11,12:55:00,G1104,30.110001,30.17,30.23,30.07,30.200001,30.15,30.35,29.120001,27.950001,27.610001,27.58,27.870001,27.32,26.459999,NaN,27.4,27.780001,27.84,28.629999
2020/9/11,12:55:00,G1105,29.75,29.809999,29.98,29.76,29.870001,29.889999,29.84,28.610001,27.700001,27.41,27.280001,27.370001,27.01,26.629999,27.809999,27.440001,27.82,27.610001,28.34
2020/9/11,12:55:00,G1106,29.6,29.66,29.799999,29.559999,29.68,29.67,29.59,28.43,27.639999,27.35,27.17,27.129999,26.84,26.690001,NaN,27.57,27.84,27.43,28.200001
2020/9/11,12:55:00,G1107,28.940001,29.120001,29.209999,29.040001,29.059999,29.16,28.93,27.68,27.41,27.09,26.700001,26.58,26.24,26.959999,27.639999,27.77,27.959999,27.01,28
2020/9/11,12:55:00,G1108,28.860001,29.049999,29.15,28.99,29.01,29.120001,28.870001,27.57,27.379999,27.08,26.65,26.540001,26.139999,27.15,27.6,27.809999,27.98,27.049999,28.18
2020/9/11,12:55:00,G1109,28.52,28.67,28.74,28.6,28.59,28.639999,28.389999,27.08,27.040001,26.98,26.34,26.15,25.84,27.35,27.379999,27.620001,27.690001,27.309999,27.959999
2020/9/11,12:55:00,G1110,28,28.23,28.32,28.129999,NaN,28.120001,27.870001,26.690001,26.59,26.889999,25.99,26.120001,25.790001,27.030001,27.200001,27.190001,27.16,27.370001,27.57
2020/9/11,12:55:00,G1111,27.549999,27.700001,27.77,27.66,27.58,27.690001,27.459999,26.59,26.219999,26.9,25.91,26.459999,26.23,26.629999,27.07,26.82,26.709999,26.98,27.27
2020/9/11,12:55:00,G1112,27.379999,27.540001,27.67,27.5,27.440001,27.5,27.290001,26.440001,26.18,26.790001,26.02,26.379999,26.27,26.469999,26.9,26.700001,26.73,26.889999,27.23
2020/9/11,12:55:00,G1113,27.030001,27.15,27.299999,27.15,27.200001,27.17,26.950001,26.209999,26,26.549999,26.049999,26.16,26.469999,26.32,26.52,26.42,NaN,26.610001,27.030001
2020/9/12,14:20:00,G1101,30.91,30.780001,30.77,30.73,30.74,30.469999,30.129999,28.82,27.75,27.24,26.75,NaN,26.32,NaN,26.77,27.48,27.25,27.15,27.16
2020/9/12,14:20:00,G1102,31.030001,30.889999,30.950001,30.9,30.9,30.709999,30.35,28.82,27.85,27.51,27.799999,26.59,NaN,26.870001,27.559999,28.280001,27.950001,27.559999,27.5
2020/9/12,14:20:00,G1103,30.860001,30.9,30.870001,30.799999,30.719999,30.76,30.559999,28.559999,27.969999,27.91,28.93,27.4,26.73,27.6,28.75,29.34,29.02,28.809999,28.42
2020/9/12,14:20:00,G1104,30.790001,30.799999,30.790001,30.75,30.639999,30.68,30.530001,28.49,28.059999,28.33,29.040001,28,26.98,28.059999,28.83,29.309999,29.299999,28.860001,29.299999
2020/9/12,14:20:00,G1105,30.52,30.52,30.51,30.549999,30.41,30.450001,30.35,28.01,28.559999,29.32,29.51,28.709999,27.950001,28.59,28.940001,29.209999,29.58,29.52,30.040001
2020/9/12,14:20:00,G1106,30.41,30.389999,30.35,30.4,30.309999,30.309999,30.280001,28,28.68,29.379999,29.74,29.030001,28.049999,28.610001,28.83,29.1,29.52,29.66,29.98
2020/9/12,14:20:00,G1107,29.959999,29.959999,29.959999,29.92,29.9,29.84,29.9,28.32,28.67,29.280001,29.459999,28.870001,28.450001,28.370001,28.889999,28.809999,29.1,29.440001,29.75
2020/9/12,14:20:00,G1108,29.91,29.93,29.950001,29.879999,29.860001,29.799999,29.870001,28.43,28.690001,29.34,29.42,28.83,28.5,28.49,28.99,28.870001,29.1,29.379999,29.74
2020/9/12,14:20:00,G1109,29.57,29.540001,29.58,29.5,29.459999,29.440001,29.48,28.66,28.52,29.09,29.190001,28.620001,28.5,28.549999,29.01,29.09,29.049999,29.01,29.41
2020/9/12,14:20:00,G1110,29.09,29.059999,29.129999,29.030001,28.959999,28.98,29.030001,28.59,28.129999,28.85,28.84,28.379999,28.200001,28.32,28.639999,28.940001,29.059999,28.879999,29.01
2020/9/12,14:20:00,G1111,28.73,28.66,28.76,28.719999,28.629999,28.5,28.610001,28.34,27.76,28.530001,28.559999,28.26,27.959999,28.1,28.41,28.709999,28.709999,28.610001,28.76
2020/9/12,14:20:00,G1112,28.58,28.530001,28.59,28.6,28.5,28.33,28.48,28.25,27.74,28.370001,28.4,28.290001,27.950001,27.98,28.530001,28.66,28.639999,28.48,28.65
2020/9/12,14:20:00,G1113,28.48,28.32,28.309999,28.440001,28.290001,28,28.200001,28.040001,27.530001,28.15,28.190001,28.1,27.83,27.85,28.48,28.459999,28.4,28.27,28.41
2020/9/13,15:55:00,G1101,31.709999,31.24,31.049999,31.25,30.950001,30.629999,30.299999,29.67,29.02,26.32,25.34,26.02,26.73,NaN,28.02,26.440001,26.85,26.67,26.66
2020/9/13,15:55:00,G1102,31.620001,31.15,31.059999,31.24,30.950001,30.639999,30.360001,29.73,29.08,26.450001,25.49,25.700001,27.23,28.450001,28.1,26.73,27.18,26.92,26.91
2020/9/13,15:55:00,G1103,31.34,30.870001,30.809999,30.92,30.74,30.41,30.17,29.5,28.92,26.99,25.73,26.040001,27.52,28.459999,28.26,27.01,27.43,27.190001,27.09
2020/9/13,15:55:00,G1104,31.209999,30.75,30.709999,30.84,30.639999,30.299999,30.08,29.41,28.879999,26.879999,25.73,25.4,27.379999,28.389999,28.299999,27.07,27.360001,27.110001,26.98
2020/9/13,15:55:00,G1105,30.84,30.440001,30.459999,30.469999,30.280001,29.99,29.77,29.24,28.690001,27.5,25.700001,26.700001,27.48,28.25,28.370001,27.110001,27.23,27.459999,27.450001
2020/9/13,15:55:00,G1106,30.74,30.290001,30.309999,30.32,30.08,29.860001,29.559999,29.1,28.629999,27.549999,25.98,26.700001,27.43,28.07,28.309999,27.24,27.23,27.57,27.799999
2020/9/13,15:55:00,G1107,30.43,29.76,29.82,29.73,29.48,29.41,29.02,28.700001,28.4,27.889999,26.110001,26.940001,26.940001,28.120001,28.040001,27,26.93,27.440001,27.610001
2020/9/13,15:55:00,G1108,30.280001,29.690001,29.77,29.66,29.42,29.370001,28.98,28.67,28.4,27.91,26.07,26.43,26.780001,28.09,28.01,26.92,26.83,27.41,27.52
2020/9/13,15:55:00,G1109,29.860001,29.27,29.4,29.27,29.02,28.98,28.549999,28.280001,28.02,27.700001,25.93,27.02,26.76,28.07,27.82,26.91,26.48,27.09,27.370001
2020/9/13,15:55:00,G1110,29.41,28.799999,28.92,28.85,28.57,28.450001,28.040001,27.860001,27.629999,27.23,25.700001,26.57,26.469999,27.25,27.43,27.139999,26.52,26.76,27.1
2020/9/13,15:55:00,G1111,28.9,28.4,28.43,28.559999,28.23,28.030001,27.68,27.450001,27.23,26.83,25.57,26.639999,26.440001,27.139999,26.99,26.879999,26.450001,26.549999,26.790001
2020/9/13,15:55:00,G1112,28.85,28.25,28.24,28.389999,28.110001,27.83,27.57,27.190001,27,26.860001,25.58,26.540001,26.41,27.07,27.200001,26.77,26.32,26.48,26.690001
2020/9/13,15:55:00,G1113,28.629999,27.950001,28,28.120001,27.879999,27.530001,27.280001,26.870001,26.26,26.52,25.51,26.110001,26.32,26.879999,27.09,26.540001,26.16,26.17,26.459999
2020/9/17,15:55:00,G1101,31.32,31.450001,31.43,31.440001,31.200001,31.09,30.74,29.92,28.59,27.92,28.110001,28.51,NaN,29.18,29.51,29.52,29.32,NaN,29.459999
2020/9/17,15:55:00,G1102,31.34,31.43,31.42,31.43,31.209999,31.18,30.870001,30,28.73,28.07,28.389999,28.68,NaN,29.25,29.559999,29.59,29.59,NaN,29.68
2020/9/17,15:55:00,G1103,31.110001,31.200001,31.18,31.200001,31.040001,31.120001,30.77,29.85,28.6,27.98,28.49,28.719999,28.83,29.129999,29.360001,29.559999,29.57,NaN,29.629999
2020/9/17,15:55:00,G1104,31,31.110001,31.08,31.110001,30.950001,31.040001,30.700001,29.799999,28.59,27.950001,28.450001,28.75,28.780001,29.059999,29.280001,29.48,29.5,NaN,29.58
2020/9/17,15:55:00,G1105,30.700001,30.84,30.799999,30.790001,30.700001,30.85,30.43,29.469999,28.370001,27.809999,28.25,28.57,NaN,28.860001,29.02,29.309999,29.25,NaN,29.4
2020/9/17,15:55:00,G1106,30.530001,30.68,30.620001,30.610001,30.530001,30.68,30.280001,29.370001,28.25,27.66,28.16,28.469999,28.530001,28.76,28.870001,29.08,29.110001,NaN,29.219999
2020/9/17,15:55:00,G1107,30.030001,30.16,30.1,30.08,30.059999,30.16,29.82,28.84,27.82,27.17,27.85,28.15,NaN,28.299999,28.389999,28.59,28.610001,NaN,28.68
2020/9/17,15:55:00,G1108,29.98,30.110001,30.049999,30.040001,30.02,30.110001,29.77,28.799999,27.780001,27.129999,27.879999,28.09,28.08,28.280001,28.34,28.559999,28.58,28.549999,28.639999
2020/9/17,15:55:00,G1109,29.59,29.719999,29.66,29.68,29.639999,29.709999,29.370001,28.41,27.379999,26.799999,27.75,27.91,27.77,27.98,27.98,28.17,28.18,28.17,28.26
2020/9/17,15:55:00,G1110,29.07,29.209999,29.15,29.15,29.17,29.190001,28.85,27.959999,26.93,26.43,27.51,27.58,27.4,27.610001,27.549999,27.75,27.75,27.67,27.74
2020/9/17,15:55:00,G1111,28.65,28.780001,NaN,28.75,28.75,28.76,28.43,27.620001,26.57,26.360001,27.24,27.34,27.219999,27.309999,27.27,27.389999,27.360001,27.25,27.299999
2020/9/17,15:55:00,G1112,28.49,28.620001,28.559999,28.58,28.59,NaN,28.25,27.48,26.469999,26.360001,27.18,27.25,27.129999,27.209999,27.16,27.299999,27.23,27.09,27.129999
2020/9/17,15:55:00,G1113,28.18,28.290001,28.25,28.27,28.27,NaN,27.940001,27.129999,26.35,26.309999,26.92,26.99,26.870001,26.99,26.9,26.959999,26.879999,26.790001,26.82
2020/9/18,14:00:00,G1101,30.5,30.34,30.23,30.120001,30.200001,NaN,28.379999,26.57,27.280001,27.540001,27.290001,27.309999,NaN,27.379999,27.120001,27.139999,28,28.190001,28.549999
2020/9/18,14:00:00,G1102,30.450001,30.4,30.290001,30.16,30.209999,30.52,28.66,26.709999,27.540001,27.870001,27.48,27.469999,NaN,27.5,27.23,27.25,28.16,28.34,28.709999
2020/9/18,14:00:00,G1103,30.18,30.219999,30.08,29.940001,30.059999,30.23,28.690001,26.91,27.58,27.889999,27.43,27.459999,27.459999,27.469999,27.360001,27.549999,28.16,28.33,28.620001
2020/9/18,14:00:00,G1104,30.09,30.129999,30,29.85,29.959999,30.120001,28.629999,26.620001,27.530001,27.82,27.42,27.440001,27.52,27.469999,27.43,27.66,28.16,28.309999,28.57
2020/9/18,14:00:00,G1105,29.790001,29.84,29.700001,29.58,29.700001,29.809999,28.35,26.76,27.360001,27.700001,27.5,27.379999,27.48,27.6,27.59,27.83,27.93,28.23,28.5
2020/9/18,14:00:00,G1106,29.620001,29.65,29.530001,29.42,29.530001,29.639999,28.16,26.66,27.379999,27.639999,27.48,27.32,27.42,27.59,27.629999,27.780001,27.91,28.120001,28.43
2020/9/18,14:00:00,G1107,29.09,29.129999,29,28.92,29.02,29.1,27.76,26.610001,27.35,27.549999,27.27,27.110001,27.27,27.389999,27.4,27.57,27.57,27.77,28.07
2020/9/18,14:00:00,G1108,29.02,29.08,28.950001,28.860001,28.959999,29.049999,27.75,26.6,27.450001,27.49,27.290001,27.15,27.290001,27.389999,27.4,27.549999,27.559999,27.790001,28.040001
2020/9/18,14:00:00,G1109,28.629999,28.709999,28.549999,28.48,28.58,28.639999,27.34,26.23,27.25,27.32,27.16,27.049999,27.1,27.209999,27.129999,27.290001,27.23,27.51,27.700001
2020/9/18,14:00:00,G1110,28.120001,28.200001,28.030001,27.969999,28.09,28.139999,26.889999,25.870001,26.969999,27.27,26.870001,26.870001,26.82,26.809999,26.719999,26.940001,26.799999,27.219999,27.549999
2020/9/18,14:00:00,G1111,27.65,27.82,27.59,27.59,27.709999,27.700001,26.48,25.58,26.66,27.139999,26.76,26.610001,26.6,26.51,26.450001,26.610001,26.629999,27.059999,27.32
2020/9/18,14:00:00,G1112,27.48,27.639999,27.4,27.469999,27.58,27.469999,26.370001,25.67,26.540001,27.09,26.66,26.52,26.5,26.41,26.33,26.450001,26.57,26.950001,27.18
2020/9/18,14:00:00,G1113,27.18,27.299999,27.1,27.17,27.35,27.15,25.969999,25.629999,26.309999,26.870001,26.459999,26.379999,26.24,26.23,26.049999,26.200001,26.469999,26.68,26.93
2020/9/20,12:10:00,G1101,30.82,31.200001,30.299999,29.84,29.83,29.66,29.6,28.83,28.75,27.52,26.77,26.4,26.93,26.98,26.450001,28.110001,28.040001,27.700001,27.059999
2020/9/20,12:10:00,G1102,31,31.129999,30.280001,29.940001,29.84,29.709999,29.58,29.02,29.08,27.629999,26.870001,26.450001,27.530001,27.58,26.790001,28.379999,28.32,28.02,27.799999
2020/9/20,12:10:00,G1103,30.360001,30.43,29.91,29.73,29.52,29.530001,29.389999,29,29.07,27.49,26.959999,26.549999,27.92,27.84,27.41,28.33,28.48,28.24,28.43
2020/9/20,12:10:00,G1104,30.219999,30.25,29.83,29.620001,29.459999,29.42,29.4,28.959999,28.99,27.450001,27.43,26.639999,27.98,27.93,27.59,28.290001,28.450001,28.200001,28.32
2020/9/20,12:10:00,G1105,30.08,30.02,29.59,29.34,29.25,29.18,29.26,28.790001,28.790001,27.17,27.85,27.200001,27.93,27.879999,27.879999,28.15,28.25,28.440001,28.43
2020/9/20,12:10:00,G1106,30.09,29.809999,29.43,29.200001,29.07,29.02,29.120001,28.68,28.690001,26.98,27.790001,27.370001,27.780001,28.139999,27.870001,28.129999,28.17,28.389999,28.42
2020/9/20,12:10:00,G1107,29.5,29.139999,28.809999,28.700001,28.549999,28.530001,28.709999,28.24,28.209999,26.629999,27.34,27.15,27.4,27.950001,27.59,27.84,27.809999,28.129999,28.02
2020/9/20,12:10:00,G1108,29.5,29.059999,28.74,28.66,28.530001,28.469999,28.67,28.25,28.190001,26.629999,27.299999,27.08,27.4,27.950001,27.57,27.809999,27.75,28.08,27.93
2020/9/20,12:10:00,G1109,28.98,28.790001,28.370001,28.280001,28.190001,28.120001,28.309999,27.92,27.68,26.469999,26.98,26.799999,27.23,27.6,27.200001,27.440001,27.549999,27.82,27.82
2020/9/20,12:10:00,G1110,28.49,28.120001,27.84,27.799999,27.809999,27.639999,27.809999,27.459999,27.219999,26.209999,26.84,26.780001,26.969999,27.25,26.83,27.030001,27.290001,27.389999,27.450001
2020/9/20,12:10:00,G1111,28.01,27.66,27.5,27.379999,27.469999,27.25,27.389999,27.1,26.82,25.99,26.73,26.41,26.639999,27.02,26.48,26.6,27.08,27.17,27.209999
2020/9/20,12:10:00,G1112,27.690001,27.49,27.379999,27.209999,27.32,27.09,27.23,26.940001,26.709999,25.91,26.620001,26.379999,26.5,26.959999,26.389999,26.459999,27,27.139999,27.08
2020/9/20,12:10:00,G1113,27.32,27.110001,27.08,26.91,27.02,26.780001,26.91,26.610001,26.299999,25.549999,26.370001,26.1,26.25,26.549999,26.07,26.299999,26.719999,26.860001,26.83
2020/9/21,12:55:00,G1101,29.93,29.940001,30.24,30.01,29.68,29.290001,28.799999,27.9,27.68,27.360001,27.360001,26.99,NaN,27.639999,27.030001,27.57,27.57,27.27,27.24
2020/9/21,12:55:00,G1102,30.01,30.040001,30.24,30.059999,29.799999,29.530001,29.030001,27.85,27.870001,27.379999,27.48,27.209999,NaN,28.059999,27.67,28.09,27.809999,28.07,27.76
2020/9/21,12:55:00,G1103,29.799999,29.83,30.01,29.85,29.66,29.450001,29.01,27.959999,28.08,27.209999,27.41,27.530001,28.110001,28.18,28.049999,28.129999,27.82,28.280001,28.209999
2020/9/21,12:55:00,G1104,29.709999,29.73,29.91,29.790001,29.59,29.389999,29.01,27.85,28.09,27.190001,27.370001,27.719999,NaN,28.16,28.08,28.129999,28.1,28.280001,28.190001
2020/9/21,12:55:00,G1105,29.469999,29.49,29.629999,29.540001,29.35,29.17,28.83,27.57,27.959999,26.950001,27.25,28.040001,NaN,28.15,28.02,28.09,28.23,28.200001,28.059999
2020/9/21,12:55:00,G1106,29.280001,29.299999,29.450001,29.379999,29.23,29,28.700001,27.58,27.98,26.870001,27.32,28.049999,NaN,28.040001,27.889999,27.98,28.139999,28.1,28.16
2020/9/21,12:55:00,G1107,28.75,28.77,28.91,28.860001,28.77,28.58,28.299999,27.389999,27.629999,26.549999,27.049999,27.709999,27.559999,27.66,27.559999,27.559999,27.67,27.77,27.809999
2020/9/21,12:55:00,G1108,28.700001,28.719999,28.84,28.809999,28.73,28.530001,28.280001,27.290001,27.629999,26.59,26.99,27.66,27.52,27.629999,27.530001,27.51,27.629999,27.719999,27.76
2020/9/21,12:55:00,G1109,28.32,28.34,28.459999,28.4,28.370001,28.129999,27.940001,27.1,27.290001,26.42,26.790001,27.360001,27.4,27.42,27.219999,27.190001,27.360001,27.33,27.469999
2020/9/21,12:55:00,G1110,27.809999,27.82,27.98,27.870001,27.93,27.65,27.469999,26.639999,26.99,26.209999,26.75,27.01,27.120001,27.26,26.950001,26.790001,26.870001,26.959999,27.02
2020/9/21,12:55:00,G1111,27.51,27.43,27.57,27.440001,27.57,27.27,NaN,26.4,26.610001,26.040001,26.530001,26.690001,26.879999,26.870001,26.709999,26.32,26.440001,26.549999,26.59
2020/9/21,12:55:00,G1112,27.360001,27.32,27.43,27.280001,27.41,27.120001,26.83,26.34,26.559999,25.940001,26.42,26.559999,26.67,26.73,26.59,26.17,26.299999,26.389999,26.440001
2020/9/21,12:55:00,G1113,27.1,27.09,27.139999,26.969999,27.08,26.860001,26.559999,26.120001,26.23,25.65,26.15,26.280001,NaN,26.4,26.26,25.93,25.98,26.08,26.1
2020/9/30,16:15:00,G1101,28.5,28.370001,28.209999,28.16,28.040001,27.950001,27.99,27.370001,25.27,24.9,24.75,24.65,24.77,24.75,24.34,24.059999,NaN,23.889999,23.93
2020/9/30,16:15:00,G1102,28.530001,28.4,28.27,28.200001,28.09,28.02,28.030001,27.35,25.4,24.969999,24.799999,24.629999,24.780001,24.77,24.360001,24.09,NaN,23.91,23.959999
2020/9/30,16:15:00,G1103,28.32,28.200001,28.08,28.030001,27.870001,27.799999,27.93,27.030001,25.23,24.6,24.639999,24.450001,24.65,24.559999,24.209999,23.889999,NaN,23.790001,23.83
2020/9/30,16:15:00,G1104,28.26,28.129999,27.969999,27.98,27.77,27.73,NaN,26.77,24.98,24.51,24.639999,24.65,24.709999,24.5,NaN,23.82,NaN,23.76,23.83
2020/9/30,16:15:00,G1105,27.98,27.879999,27.719999,28,27.559999,27.49,27.49,26.35,24.690001,24.200001,24.42,24.280001,24.43,24.34,24.08,23.58,NaN,23.67,23.629999
2020/9/30,16:15:00,G1106,27.82,27.75,27.58,28.02,27.459999,27.4,27.309999,26.18,24.57,24.07,24.360001,24.209999,24.389999,24.309999,24.15,23.540001,NaN,23.709999,23.620001
2020/9/30,16:15:00,G1107,27.299999,27.27,27.200001,27.65,27.219999,27.059999,26.799999,25.709999,24.32,23.940001,23.809999,23.719999,24.120001,24.129999,24.030001,23.309999,NaN,23.82,23.65
2020/9/30,16:15:00,G1108,27.25,27.24,27.200001,27.6,27.18,27.02,26.74,25.66,24.290001,24.02,23.82,23.76,24.07,24.129999,24.01,23.299999,23.48,23.48,23.360001
2020/9/30,16:15:00,G1109,26.879999,26.969999,27,27.299999,26.940001,26.870001,26.35,25.219999,24.129999,23.959999,23.66,23.68,23.91,23.969999,23.809999,23.209999,23.33,23.25,23.190001
2020/9/30,16:15:00,G1110,26.440001,26.49,26.690001,26.9,26.639999,26.549999,25.9,24.92,23.9,23.98,23.41,23.32,23.66,23.719999,23.5,23.25,23.08,23.200001,23.15
2020/9/30,16:15:00,G1111,26.09,26.07,26.379999,26.51,NaN,26.360001,25.549999,24.82,23.700001,23.620001,23.290001,23.18,23.48,23.58,23.42,23.280001,22.879999,22.879999,22.76
2020/9/30,16:15:00,G1112,25.950001,25.91,26.209999,26.32,26.15,26.23,25.389999,24.65,23.74,23.59,23.280001,23.200001,23.48,23.549999,23.4,23.35,22.92,22.9,22.809999
2020/9/30,16:15:00,G1113,25.65,25.6,25.889999,26.02,25.860001,25.9,25.1,24.280001,23.639999,23.620001,23.18,23.01,23.32,23.360001,23.24,23.23,22.799999,22.809999,22.860001
