date,time,stationid,,,,,,,,,,,,,,,,,,,
2018/3/15,12:25:00,G1101,0.9,1.5,1.2,1.3,0.4,2.1,2.7,5.8,4.9,3.5,3.4,1.4,1.4,1,0.7,1.3,2.7,1.1,0.8
2018/3/15,12:25:00,G1102,1.3,1.3,1.2,1,0.5,2.8,3.4,6.7,4.4,4.1,3.9,3.4,1.6,0.8,0.8,0.4,2.8,0.8,0.4
2018/3/15,12:25:00,G1103,1.6,1.3,1,1.1,0.9,2.8,4.3,7.7,5.9,5.6,4.9,5.4,1.1,0.5,0.4,1.6,4.3,0.7,0
2018/3/15,12:25:00,G1104,1.8,1.1,0.9,1.1,0.8,2.7,4.4,8.2,6.8,5.4,5.7,3.1,0.9,0.2,0.9,1.8,4.7,0.6,0.7
2018/3/15,12:25:00,G1105,1.4,1,1,0,0,2.3,5.4,7.5,8.4,7.1,6.8,4.6,0.9,0.6,0.3,0.2,5.1,3,1.7
2018/3/15,12:25:00,G1106,0.9,1.2,1.1,0.8,0.8,2.5,5.7,7.4,7.3,6.9,7.3,6.3,2.1,0.8,1.1,1,5.7,3.5,2.4
2018/3/15,12:25:00,G1107,1.6,0.9,0.7,0.5,0.8,2.1,5,7.5,8.8,8.1,7.9,5.9,1.9,2,2.7,0.8,2.3,0.4,3.1
2018/3/15,12:25:00,G1108,1.4,0,0,0.2,0,2.1,4.9,7.4,9.1,7.3,7.9,5.9,2.8,2.1,2.4,0.3,1.4,0.2,2.2
2018/3/15,12:25:00,G1109,1.2,0,0.2,0.5,0.2,1.8,4.6,7,9.2,7.6,8.3,5,4.8,2.8,1.7,1.3,0.7,0.8,1
2018/3/15,12:25:00,G1110,1.2,0.9,0.8,1.3,1.2,1.6,4.3,4.8,8.8,8.9,8.3,6.9,5.5,3.4,3.2,0.6,0.2,0.8,0.4
2018/3/15,12:25:00,G1111,0.7,0,0.9,0.8,1.3,1.8,3.9,5.4,8.2,8.3,8.9,6.3,4.4,2.3,2.2,2.2,4.3,0.4,2.3
2018/3/15,12:25:00,G1112,0.9,0.4,0,0.9,1.2,1.7,3.9,5.7,8.8,7.9,9.6,6.3,4,2.9,2.1,2.8,4.4,0.6,0.7
2018/3/15,12:25:00,G1113,0.9,0,1.1,0.2,1.6,2,4,5.4,6.1,8.8,8.8,5.6,3.1,3.4,2.7,3.5,4.7,1.6,1.1
2018/4/14,19:30:00,G1101,1.9,1.3,2.3,2.1,1.6,0.4,2.6,2.4,1.1,3.8,2.7,3.6,1.8,3.6,3.4,1.5,0.9,0.6,1.8
2018/4/14,19:30:00,G1102,2.3,1.3,2.6,2.4,2.1,0,2.4,1.2,0.8,4.4,4.8,3,1.8,4.3,3.4,0.9,1.1,0.4,2.1
2018/4/14,19:30:00,G1103,3.4,2.1,3.4,2.2,2.5,1.8,2.8,1.1,0.6,4.5,3.8,3.5,2.4,5.4,3.1,0.7,0.2,1.5,2
2018/4/14,19:30:00,G1104,2.8,2.3,3.1,2.7,2.8,1.7,2.1,1.7,0.4,4.7,4.8,3.4,2.2,5.5,3,1.3,0.4,1.3,2
2018/4/14,19:30:00,G1105,3.9,3.1,3.8,2.1,2.8,3.2,1.6,2.2,1.7,4.7,3.7,1.6,0.2,1.9,3,1.5,0.9,0.3,0.2
2018/4/14,19:30:00,G1106,4.9,3.6,3.8,2.4,3.3,3.1,2.3,2.2,2,4.6,3.8,1.7,1.4,4.9,3.8,3.3,0.9,0,1.3
2018/4/14,19:30:00,G1107,5.6,5.3,4.3,3.3,3.1,2.2,2.9,2.1,3.2,4.6,4.6,1.7,0.9,3.8,5.7,3.6,2.2,0.2,2.1
2018/4/14,19:30:00,G1108,5.5,5,4.5,3.1,2.8,2.5,3.2,1.6,2.1,4,4.6,1.9,1.3,1.8,5.3,3.3,2.2,0,2.1
2018/4/14,19:30:00,G1109,5.6,5.3,4.5,4.2,3.2,2.1,3.7,3.6,3.2,2.3,3.4,2.9,5.7,1.1,4.6,1.1,2.9,1.3,3.2
2018/4/14,19:30:00,G1110,4.9,6,5.1,4.7,3.7,3.4,3.8,5.2,3.3,0.3,2.5,3.4,3.3,0.8,3.4,0.9,3.2,3.2,3.8
2018/4/14,19:30:00,G1111,5.3,6.1,4.9,5.2,3.8,3.7,4.4,6.2,4.1,1.8,1.4,3.7,3,4.1,1.3,1.9,3.7,3.4,4.9
2018/4/14,19:30:00,G1112,5.3,6.3,4.9,5.1,3.6,3.3,4.8,6.1,4,2.1,1,2.8,3.5,3.3,0.9,0.9,3.7,3.6,4.8
2018/4/14,19:30:00,G1113,5.8,7.4,5.8,5.3,3.8,2.9,5.1,6.5,4.1,2.1,1.1,2.4,3,3.3,3.1,0.6,4.3,2.7,5.3
2018/5/3,14:25:00,G1101,0.8,0.6,0.6,1.5,1.6,1.3,0,3.9,3.6,4.8,1.9,6.9,3.9,3.6,4.3,4.3,4.9,5,5.8
2018/5/3,14:25:00,G1102,0.8,0.6,0,1.3,1.3,1.3,0.8,4.3,4,5.8,3.2,5.2,4.1,2.9,4.9,4.5,4.9,6.1,6.8
2018/5/3,14:25:00,G1103,1.6,0.8,0,1.9,2.2,1.2,0,3.8,4.9,7.2,3.6,6.1,4.6,5.1,4.9,5.3,5.2,6.5,7.1
2018/5/3,14:25:00,G1104,1.9,0.6,0.9,3.1,2.3,1.4,0,3.8,4.6,7.6,3.4,6.1,4.1,4.9,4.4,5,5.5,6.4,8.2
2018/5/3,14:25:00,G1105,1.9,1.5,1.6,2.1,1.7,0.7,0,2.1,3.6,6.5,6.3,4.7,4.1,5.3,4.8,4.7,5.2,5.3,5.9
2018/5/3,14:25:00,G1106,1.3,1.3,2.3,2.2,0,0,0,2.1,4.3,6.3,5.3,3.9,4.4,5.6,5.3,5.3,4.9,5.5,6.3
2018/5/3,14:25:00,G1107,0.8,0,0.8,2.7,0.9,0,0.8,4.1,4.8,6.9,8.2,5.2,3.9,5.9,7.2,6.7,5.1,6.1,5.4
2018/5/3,14:25:00,G1108,1.2,0,0.4,2.7,2.1,0.2,0.6,4.8,4.5,6.8,8,4.8,4.4,5.4,6.2,6.6,4.9,6.4,7.3
2018/5/3,14:25:00,G1109,1.3,0,0.6,2.8,1.2,1.8,0.8,3.1,4.8,7.1,6.3,5.2,4.8,5.2,6.2,6.4,5.9,6,7.4
2018/5/3,14:25:00,G1110,1.2,0,0.2,3.1,1.4,1.3,1.1,4.7,4.1,8.1,5.1,5.4,4.6,5.9,5.1,5.5,4.4,6.4,6.8
2018/5/3,14:25:00,G1111,1.1,0.8,0.6,2.8,0,1.9,0,4.9,5.4,8,4.7,6.1,4.8,5.9,6.3,6.2,4.8,6.5,6.8
2018/5/3,14:25:00,G1112,1.8,0,0,2.7,0,1.7,1.3,5.1,5.4,7.7,5.4,6.1,4.1,5.8,6.2,5.1,4.2,5.8,6.6
2018/5/3,14:25:00,G1113,1.9,0.9,0.2,2,0.9,1.5,1.1,5.2,6.4,7.7,5.3,6.7,4.2,6.3,6.8,5.8,4.7,6.8,6.2
2018/5/7,20:25:00,G1101,2.4,2.5,2.9,2.5,1.9,0.6,2.8,1.6,2.6,6.4,1.4,1.1,1.8,2,3.4,2.1,1.6,0.8,0
2018/5/7,20:25:00,G1102,2.4,3.9,3.4,2.9,2.1,0.8,1.9,1.6,2.1,9.1,1.4,1.6,1.8,1,2.4,2.8,1.9,0.6,0
2018/5/7,20:25:00,G1103,4.1,4.6,4,2.4,2.7,0,2.6,1.8,1.7,11.3,0.9,1.3,1.9,1.5,1.7,2.9,3,1.3,1.5
2018/5/7,20:25:00,G1104,5.3,4.8,4.2,2.4,3.1,1.3,2.6,2.3,2,9.9,1.3,1.2,5.4,1.2,1.3,4.7,2.8,1.7,0.7
2018/5/7,20:25:00,G1105,5.4,5.8,3.9,4,3.1,2.1,1.3,2.5,1.5,5.4,1.2,0.5,1.9,1.2,0.8,5,0,2.1,2.7
2018/5/7,20:25:00,G1106,6.2,5.9,4.4,4.6,3.2,1.8,2.5,3.8,1.8,7.9,0.6,1.4,1.7,0.9,0.8,4.6,0.6,2.6,3.6
2018/5/7,20:25:00,G1107,5,5.8,4.9,5.2,3.8,2.3,1.2,5.7,5.3,7.3,4.9,1.1,2.2,0.2,0.6,7.1,1.6,2.1,4.6
2018/5/7,20:25:00,G1108,4.7,5.8,4.9,4.9,3.8,2.3,1.1,6.1,4.3,3.9,6.6,2.4,2.3,0.8,1,7.2,1.6,2.6,3.7
2018/5/7,20:25:00,G1109,4.7,6.3,4.7,4.8,3.6,3.2,0.9,6.2,3.1,1.6,8.1,1.7,1.8,1.3,2.5,9.3,1.2,3.3,3.3
2018/5/7,20:25:00,G1110,5.1,6,5.3,5.5,4.9,4.2,2.8,6.2,2.5,4.8,7.3,3.1,1.6,3.4,3.7,9.6,1,3.6,1.9
2018/5/7,20:25:00,G1111,6.1,6.8,6.8,6.5,4.6,4.9,4,5,2.3,4.6,5.3,4.9,1.1,1.4,4.4,8.8,1.4,2.8,0.9
2018/5/7,20:25:00,G1112,6.6,6.2,6.6,6.4,5,5.3,3.7,6.3,1.7,1.9,4.4,5.4,1.6,1.6,3.9,8.3,1.8,5.4,2.1
2018/5/7,20:25:00,G1113,7.2,8,7.1,7.1,6.3,5.7,5.1,4,4.9,3.4,2,3.4,2.5,1.8,4.4,7.8,2.9,4,1.9
2018/6/1,13:25:00,G1101,4.1,3.4,2.6,3.4,3.3,2.3,0.6,3.3,2.4,6.1,5.4,1.2,3.8,8.4,4.2,5.8,4.5,2.1,1.1
2018/6/1,13:25:00,G1102,4.3,4.4,3.4,3.5,3.4,3.1,0,1.8,1.4,6.2,5.3,0.7,4.5,8.1,5.8,8.4,5.7,2.3,1.8
2018/6/1,13:25:00,G1103,4.5,4.4,3.8,3.8,3.9,3.1,1.3,1.7,3.4,7.4,2.6,1.1,2.8,8.4,5.6,9.4,5.4,3.6,2.1
2018/6/1,13:25:00,G1104,4.7,4.9,4.1,3.6,4.3,3.3,1.3,1.6,4.5,9.1,3.4,2.9,2.8,8.8,4.9,9.9,3.4,3.6,2
2018/6/1,13:25:00,G1105,4.4,4.4,4.6,3.6,3.8,3.2,1.8,2.9,7.4,6,6.9,2.9,5.6,9.2,6.2,10.2,4.2,3.9,2.3
2018/6/1,13:25:00,G1106,4.9,4.5,5.4,3.6,3.4,2.7,1.9,0.4,7.7,7.1,6.7,4.3,6.9,8.6,4.6,9.8,5.7,3.7,3.1
2018/6/1,13:25:00,G1107,4.6,4.1,4.4,3.4,3.3,3.1,1.8,1.7,8.9,6.9,5.6,5.6,7.1,7.9,8.8,9.2,5.7,4.8,4.3
2018/6/1,13:25:00,G1108,4.8,4.5,4.5,2.9,3.5,2.7,1.8,0.9,9.2,9,5.4,5.4,7.2,8.6,9.4,9,6.9,4.9,5.1
2018/6/1,13:25:00,G1109,4.8,4.7,4.6,2.8,3.7,2.9,1.6,1.3,7.9,7.8,6.6,4.8,7.7,11.2,9.1,8.9,7.6,6.7,5.1
2018/6/1,13:25:00,G1110,4.7,4.5,4.4,3,3.3,2.5,1.8,1.1,5.3,7.2,5.2,1.3,6.9,10,9.2,8.8,9.4,9,5.6
2018/6/1,13:25:00,G1111,5.1,4.7,4.8,2.8,3.2,2.8,1.9,6.1,3.3,3.8,3.1,3.9,6.3,8.8,7.4,8.8,8.2,6.8,5.8
2018/6/1,13:25:00,G1112,4.9,4.8,4.5,2.8,3.1,2.4,2.3,5.1,3.8,2.4,3.7,4.3,6.4,9.1,7.1,8.3,8.5,7.1,4.9
2018/6/1,13:25:00,G1113,5.2,5.3,4.4,2.8,3.1,2.3,2.2,3.8,2.4,3.8,1.5,2.6,6.3,9.2,5.6,7.3,8.8,6.3,5.7
2018/6/12,9:30:00,G1101,2.5,3.1,3.1,3.3,3.2,3,1.7,5.5,4.2,2.3,3,2.7,3.9,3.2,1.7,0.9,0.5,0.4,0.4
2018/6/12,9:30:00,G1102,3.3,2.7,3.2,4.2,3.9,2.3,2.9,6.3,3.9,2.4,3.2,3.3,3.1,3.3,1.8,1.5,0.8,0.8,0
2018/6/12,9:30:00,G1103,3.1,4.1,3.9,3.9,4.4,3.2,2.4,6,5.7,3.7,3.5,4.3,4.8,3.4,2.5,1.3,1.4,1.3,0.4
2018/6/12,9:30:00,G1104,3.1,3.8,3.8,4.1,4.2,3,2.9,4.9,5.7,3.7,3.6,4.8,4.9,3.6,2.2,1.3,1.1,1.3,0.8
2018/6/12,9:30:00,G1105,1.8,4.3,3.9,4.1,4.8,4.8,3,6.8,6.1,4.4,5.4,5.3,5.3,4.3,3.7,2.9,1.6,1.6,1.1
2018/6/12,9:30:00,G1106,1.1,4.3,3.4,4.1,5.7,4.5,3.6,7.8,6.3,5.2,5.8,5.3,5.1,4,4.4,3.5,2.1,1.6,1.7
2018/6/12,9:30:00,G1107,1.7,4.2,3,4.9,6.3,4.1,3.6,6.8,5.8,4.6,4.9,5,3.6,3.2,3.3,3.7,2.9,2.9,2.6
2018/6/12,9:30:00,G1108,2.4,3.9,3.3,4.6,6.1,4.2,3.8,6.8,6.2,4.8,4.1,4.7,3.4,2.7,3.1,3.7,3.1,3.3,2.3
2018/6/12,9:30:00,G1109,3.4,4.1,3.9,4.3,6.4,4.2,4.2,7,6.5,4.4,3.7,4,3.1,3.1,2.9,2.9,3.5,3.1,3
2018/6/12,9:30:00,G1110,4.2,4.6,5.9,4.6,5.5,4.3,4.3,7.9,5.4,3.3,3,3.8,3.3,3,3,3.1,3.3,3.4,2.6
2018/6/12,9:30:00,G1111,5.4,4.6,5.3,6.2,4.3,5.3,4.4,7.8,4.3,3.3,3.6,3.3,3.5,3,3.2,2.8,3,2.8,3.4
2018/6/12,9:30:00,G1112,5.5,4.8,4.9,6.3,4.6,5.6,4.6,6.8,4,3.3,3.4,2.9,3.3,2.8,3.3,2.8,2.9,2.8,3.4
2018/6/12,9:30:00,G1113,4.9,4.4,4.6,5.6,5.3,5.4,4.9,7.2,5,3.4,3.2,3.1,3.3,2.9,3.7,3.2,2.8,3,3.3
2018/6/19,13:40:00,G1101,5,4.8,3.5,3.1,4.1,4.8,3.9,4.4,3.6,4.2,2.8,2.9,2.2,1.8,1.7,1.4,2.3,3,3.1
2018/6/19,13:40:00,G1102,5.6,4.8,4.2,4.4,5.2,5.9,5,5.1,6.1,4.8,4.1,2.1,2.3,3,1.9,1.8,2.1,3.2,3.8
2018/6/19,13:40:00,G1103,6.2,6.4,4.3,5.8,5.9,5.3,5.1,6.9,6.7,6.7,5.4,3.6,2.6,2.6,2.3,2.2,3.1,2.9,3.3
2018/6/19,13:40:00,G1104,6.7,6.9,5.1,6.3,5.9,5.3,6.5,7,5.6,6.1,5.6,3.8,2.6,3.1,2.2,1.6,3.4,3.2,3.1
2018/6/19,13:40:00,G1105,6.9,6.8,5.4,7.2,7.3,6.1,8.1,8.8,6.8,7.5,6.1,5.6,4,4.4,2.9,1.6,2.9,3.4,4.1
2018/6/19,13:40:00,G1106,6.8,7.1,6.2,7.2,6.6,6.4,6.9,9.2,7,7.9,6.1,5.8,3.7,5.5,3.8,2.1,3.3,3.7,4.1
2018/6/19,13:40:00,G1107,6.7,6.6,5.9,7.2,6.3,8.2,7.5,9.8,7.6,7.5,5.8,6.8,6.1,5.5,4.3,2.9,5.6,5.8,4.1
2018/6/19,13:40:00,G1108,6.6,6.9,6.1,7,6.1,7.9,6.3,9.8,7.9,7.6,5.9,6.5,6,5.4,4.4,2.9,5.4,6.4,4.5
2018/6/19,13:40:00,G1109,6.8,6.9,5.6,6.1,6,7.3,6.5,10.4,9.4,7.9,7.1,6.6,6.7,6.7,5.4,3.5,5.4,6.8,4.8
2018/6/19,13:40:00,G1110,6.3,7.4,5.8,5.7,5.9,5.8,7.6,10.2,10.1,8.4,8.3,7.1,7.5,7.4,6.6,4.8,6,6.2,5.8
2018/6/19,13:40:00,G1111,6.2,6.6,5.4,4.9,5.8,6.6,6.6,10.4,10.9,9.5,8.8,8.3,8.4,7.4,7.5,7.6,7.4,6.9,5.7
2018/6/19,13:40:00,G1112,6.4,6.8,5.4,4.9,6,6.9,7.8,10.2,10.7,9.7,8.8,8.4,8.6,7.4,7.6,8,7.8,7,6.3
2018/6/19,13:40:00,G1113,5.8,7.4,5.8,4.9,5.8,7.6,8.8,10.7,10.8,11.3,9.2,9.1,8.9,7.9,8.4,9.1,8.6,8.3,8.4
2018/6/20,16:20:00,G1101,5.1,4.6,6.4,5.8,4,4.4,3.4,5.3,4.9,3.7,2.1,3.6,4,2.1,3.3,2.4,2.2,2.4,2.6
2018/6/20,16:20:00,G1102,5.1,5.7,7.4,6.1,4.6,6.3,4.2,5.3,5.1,4.1,2.2,3.7,4,2.9,3.6,3.7,2.7,3.2,2.2
2018/6/20,16:20:00,G1103,4.6,5.7,6.9,6.6,6.1,5.9,4.9,6.4,6.7,4.4,3.1,4.1,4.3,3.3,3.9,3.8,2.9,3.4,2.8
2018/6/20,16:20:00,G1104,4.1,5.1,5.8,6.4,4.8,4.6,4,7.2,6.8,5.3,3.3,4.4,4.5,3.9,3.5,3.9,3.2,2.9,3.4
2018/6/20,16:20:00,G1105,4.6,4.3,8.6,7.3,7.5,4.5,6.8,8.6,8.9,6.1,5,4.9,5.3,4.8,5.2,4.3,3.8,3.6,4.6
2018/6/20,16:20:00,G1106,4.2,4.6,7.9,7.3,7.4,6.3,7.1,8.2,8.6,6.7,5.6,5.3,4.8,5.3,5.1,4.3,4.6,4.8,4.9
2018/6/20,16:20:00,G1107,4.8,5.6,7.4,7.4,7.6,6.7,7.9,7.4,8.2,6.6,7.1,5.8,6.4,6,5.8,5.1,5.7,6,5.6
2018/6/20,16:20:00,G1108,5.2,5.2,7.6,7.7,7.5,7.1,8.3,6.8,8.1,6.3,7.2,5.7,6.4,6.7,6.1,5.9,5.6,6.3,6.8
2018/6/20,16:20:00,G1109,5.6,6.1,7.9,7.6,7.1,8.3,7.8,6.4,7.9,6.7,7,6.6,7,6.6,6.8,6.2,6,7.1,7.2
2018/6/20,16:20:00,G1110,5.8,6.3,6.8,7.3,6.8,8.6,7.5,6.4,6.7,6.5,6.1,7.6,6.3,6.8,6.8,5.8,5.9,6.4,6.7
2018/6/20,16:20:00,G1111,5.7,6,7.1,6.8,6.6,8.4,8,6.3,6.3,6,6.7,5.7,6.9,5.5,6.3,5.7,6.1,6.4,5.6
2018/6/20,16:20:00,G1112,5.7,6.1,6.6,6.3,6.4,8.5,7.3,6.4,5.9,6.5,6.4,5.6,6.8,5.5,5.5,5.5,6.6,6.6,6.1
2018/6/20,16:20:00,G1113,6.1,5.4,6.6,6.5,6.3,8.2,7.3,6.4,4.9,6.9,6.7,5.9,7,4.6,5.4,5.7,6.9,6.8,6.3
2018/6/21,16:35:00,G1101,3.8,3.5,4,2.7,2.7,4.2,3.6,3.4,4.6,3.8,3.3,3.5,4.9,2.3,1.3,2.2,2.5,1.8,1.2
2018/6/21,16:35:00,G1102,3.1,3.2,4.1,2.9,2.8,3.2,4.9,4.8,5.3,6.4,2.9,3.6,4.8,2.3,1.8,1.8,2.4,1.3,0.6
2018/6/21,16:35:00,G1103,3.9,3.6,4.1,3.3,3.2,4.4,5.6,6.4,6,7.7,2.4,5,5.1,4.1,2.7,0.5,2.8,1.3,1.3
2018/6/21,16:35:00,G1104,3.4,3.3,3.4,3.5,3.5,4.1,5.4,5.9,6.4,7.8,3.4,4.6,4.9,4.6,2.7,0,3.1,1.4,1.7
2018/6/21,16:35:00,G1105,3.7,3.7,3,3.6,3.5,4.8,7.2,7.8,8.2,8.8,4.3,5.9,5.6,4.9,3.6,0,2,2.1,2.6
2018/6/21,16:35:00,G1106,3.2,3.6,2.8,4.1,4.7,6.7,7.1,7.9,7.6,8.9,4.4,4.8,5.5,4.6,3.6,1.8,1.9,2.6,3.5
2018/6/21,16:35:00,G1107,2.5,4,4.2,4.2,4.7,7.6,7.9,7.6,7.6,9.4,4.4,5.8,5.3,4.6,4.2,2.3,1.9,4,4
2018/6/21,16:35:00,G1108,2.3,3.6,4.3,5.5,4.6,7.3,7.8,7.9,7.3,9.6,4.7,5.9,5.3,4.6,4,2.1,2.1,3.4,4.3
2018/6/21,16:35:00,G1109,2.7,4.1,4.3,5.3,4.8,6.3,8.2,8.1,8.9,8.3,5.2,5.8,5.6,5.3,4.5,2.8,2.8,4.1,4.9
2018/6/21,16:35:00,G1110,3.1,4.7,3.9,4.1,4.4,6.6,7.7,7.9,9.8,8.7,5.4,4.8,5.3,5.8,5.2,4.4,3.4,4.1,4.8
2018/6/21,16:35:00,G1111,4,4.5,4.2,3.5,4.8,6.4,7.2,7.3,9.3,8.5,6.6,5.9,5.6,6.4,5.8,5.1,5,4.2,5.1
2018/6/21,16:35:00,G1112,4.3,4.6,4,3.6,4.8,5.7,7.1,7.1,9.3,8.1,7.3,5.6,4.9,6.2,5.7,4.9,5.1,4.3,5.2
2018/6/21,16:35:00,G1113,4.2,4.6,4.1,3.6,5.4,5.8,7.2,6.6,9.8,9.6,7.9,6,5.9,6.7,6.1,5.3,5.2,4.9,5.3
2018/6/22,11:40:00,G1101,3.5,5.6,3.9,3.8,4.4,3.6,4.8,4.1,5.3,3.3,1.7,3.1,5.6,2.9,2.6,2.4,2.2,2.6,1.6
2018/6/22,11:40:00,G1102,3.4,5.8,4,4.8,3.5,4.7,4.9,4.3,5.5,2.9,3.4,3.1,5.9,4.2,2.6,2.4,2.8,2.9,2.1
2018/6/22,11:40:00,G1103,4.3,6.2,3.7,3.9,3.8,3.1,4.8,4.9,6.7,3.3,4.1,3.9,7.1,4.7,2.3,2.7,3.2,2.8,2.5
2018/6/22,11:40:00,G1104,4.4,6.9,4.6,5.6,4.8,3.7,5.1,7.4,7.8,4,4,3.6,6.9,4.6,2.5,2.9,3.4,2.8,2.4
2018/6/22,11:40:00,G1105,4.4,7.1,6.1,7.3,5.8,6.6,9.7,10.2,8.1,4.8,4.4,3.3,6.4,4.8,2.7,2.4,3.5,2.8,3.2
2018/6/22,11:40:00,G1106,4.3,6.7,6.4,6.6,5.9,7.1,9.4,10.8,8.2,5.8,5.1,3.7,6.6,4,3.4,4.5,3.8,3.2,2.8
2018/6/22,11:40:00,G1107,5.3,6.8,6.8,8.5,6.9,7.2,10.7,10.8,9.4,7.2,5.4,5.2,6.6,4.8,3.9,5.2,3.9,3.2,3
2018/6/22,11:40:00,G1108,8,6.5,6.8,9.2,6.8,7.3,10.2,10,10.3,7,5.4,5.2,6.7,4.6,3.4,5.3,3.8,3.1,3.4
2018/6/22,11:40:00,G1109,7.1,6.3,6.8,8.4,7.8,7.4,10.9,10.1,10.6,8.2,6.8,5.6,6.6,5.3,3.6,5.3,4,3.7,3.7
2018/6/22,11:40:00,G1110,7.6,5.3,6.1,7.7,8.3,7.1,10.8,9.7,8.9,8.1,7.1,6.5,6.4,5.9,3.8,5.4,4.4,4.7,3.7
2018/6/22,11:40:00,G1111,8,5.2,7.1,7.8,7.8,7.8,10.6,9.2,8.9,9.8,6.9,7,7,7.3,6.2,5.6,5,5.8,4.7
2018/6/22,11:40:00,G1112,7.6,4.8,7.3,8.6,7.8,7.7,10.2,9.8,8.5,9.9,7.2,7.6,7.1,7.8,6.4,5.9,5.4,5.8,5.8
2018/6/22,11:40:00,G1113,7.6,5,7.5,7.9,8.1,8.2,10.3,10.5,10.1,10.2,7.6,8.8,8.1,8,6.9,6.4,5.5,6.4,5.4
2018/6/23,10:45:00,G1101,0,0.4,0,1.8,1.8,0,1.6,5.9,6.4,4.2,5.3,3.9,3.4,0.9,1.7,1.8,0.7,1.6,1.7
2018/6/23,10:45:00,G1102,0,0,0.3,2.1,1.9,0,1.4,6.9,8.9,4.1,5.9,4.2,3.2,1.6,1.7,1.8,0.7,1.5,2.1
2018/6/23,10:45:00,G1103,0.8,0.7,0.8,2.3,2.3,0.7,1.3,7.8,10.4,5.7,6.7,4.4,3.8,3.4,2.3,3.6,0.9,1.4,1.8
2018/6/23,10:45:00,G1104,1.1,0.5,1.2,2.7,1.9,1.3,1.4,7.7,10.3,6.6,6.4,4.3,5.9,3.6,2.8,3.2,1.6,1.7,1.9
2018/6/23,10:45:00,G1105,0.9,1.6,0.8,1.4,1.6,1.1,2,7.7,9.6,7.4,6.8,4.2,7.6,5.4,3.3,4.1,1.7,1.6,1.8
2018/6/23,10:45:00,G1106,2,2.1,1.3,1.4,1.1,1.3,2.9,7.1,9.4,7.2,7.1,5.5,8.1,6.1,3.9,5.2,2.4,1.6,1.3
2018/6/23,10:45:00,G1107,3,2.9,2.2,2.4,3.8,3.4,3.9,8.3,10.8,7.3,7,8,8.9,6.7,5.9,5.7,4.8,2.8,3.4
2018/6/23,10:45:00,G1108,3.2,3,2.3,2,4.1,4.1,4.1,8.2,10.6,7.1,7,8.9,9.4,7.5,5.8,6.2,4.4,3.6,3.7
2018/6/23,10:45:00,G1109,4.5,4.3,3.7,3.9,4.7,4.9,6,8.6,10.1,8.6,7.7,8.9,10.1,9.4,7.9,7.5,5.3,4.2,4.8
2018/6/23,10:45:00,G1110,5.2,5,4.8,4.2,5.4,6,7.8,9,11.5,10.3,7.7,10.9,11.9,8.9,9.1,8.2,6.7,6.3,5.5
2018/6/23,10:45:00,G1111,5.8,5.4,5.3,5.3,8.1,8.5,8.9,10.9,11.6,10.9,8.9,12.1,12.3,9.7,9.9,9.4,8.8,8.2,6.1
2018/6/23,10:45:00,G1112,6.3,5.9,5.8,5.3,7.5,9.3,8.7,10,11.4,11.2,8.6,12.1,12.4,10.2,10.3,9.4,8.7,8.3,6.1
2018/6/23,10:45:00,G1113,7.2,5.8,5.4,6.3,8.3,9.4,8.9,10.1,11.8,11.5,9,12.8,13.3,11.7,11.1,9.7,9.3,8.9,6.9
2018/6/25,10:20:00,G1101,2.3,2.6,2.8,2.4,4.5,4.4,3.9,2.9,3.1,1.9,2.2,3.2,3.4,3.1,3.2,4.2,2.1,2.3,3.6
2018/6/25,10:20:00,G1102,4.4,3.2,3.4,2.3,4.9,4.4,4.1,3,3.7,1.5,2.5,3.4,3,3.1,3.6,3.8,2.3,4.1,4.2
2018/6/25,10:20:00,G1103,3.9,3.8,2.8,5,4.7,4.8,6.2,2,3.7,1.9,2.8,3.1,3.7,3.6,3.1,3.8,2.1,3.5,5
2018/6/25,10:20:00,G1104,4.5,3.5,3.4,4.4,4.1,4.9,6.1,2.4,4.1,2.8,2.6,3.1,3,3.6,3.1,3.8,3.1,3.6,5.3
2018/6/25,10:20:00,G1105,4.8,4.3,5,4.6,4.6,4.7,6.2,3.5,4.3,2.3,3.1,3.7,2.8,3.4,2.9,3.6,3.1,4.6,6
2018/6/25,10:20:00,G1106,5,3.9,4.6,2.1,4.3,4.4,6,3,4.3,3.9,4,3.3,3,3.4,3.3,4.1,3.6,4.1,5.9
2018/6/25,10:20:00,G1107,5.8,4.8,5.9,4.4,6.1,5,6.3,3.5,4.3,3.8,3.9,4.2,4.1,3.6,5.6,5.3,4.2,5.2,5.9
2018/6/25,10:20:00,G1108,4.6,5.3,5.9,5.2,6.1,5.2,6.2,2.3,4.6,4,4.1,4.3,4.4,3.9,5.9,5.3,4.1,4.8,5.4
2018/6/25,10:20:00,G1109,5.8,5.6,6.4,4.8,5.1,4.9,5.8,2.3,4.3,3.7,4.7,4.6,5.3,4.8,6.1,5.5,4.9,4.9,5.6
2018/6/25,10:20:00,G1110,5.6,5.1,6.3,4.3,5.4,4.8,6.5,2.3,4.8,3.4,4.4,4.5,5.6,5.6,6.1,6.3,6,6.1,6.1
2018/6/25,10:20:00,G1111,4.8,5.9,4.5,4.1,5.7,3.8,6.1,2.6,3.6,3.5,4.3,4.5,5.3,7.1,6.2,6.5,4.8,6.4,5.9
2018/6/25,10:20:00,G1112,4.7,4.9,5.3,3.9,5.7,3.7,5.8,2.9,4.2,3.5,4.8,4.2,5.7,6.8,6.3,6.7,5.4,6.2,6
2018/6/25,10:20:00,G1113,4.6,5.6,4.5,4.8,6.6,4.5,5.6,4.3,3.9,3.7,4.4,4,5.4,7.1,5.9,7.7,6.1,6.1,6
2018/6/25,11:30:00,G1101,3.2,4.2,2.1,2.3,3.6,5,4.9,5.8,5.3,6,3.9,4,2,2.6,1.8,1.5,1,1.9,1.9
2018/6/25,11:30:00,G1102,3.6,3.8,2.3,4.1,4.2,4.4,5.3,6,5.4,6.3,4.1,3.8,2.3,3.9,2.8,1.7,1.5,1.8,2.8
2018/6/25,11:30:00,G1103,3.1,3.8,2.1,3.5,5,5.4,5.1,6.8,7.8,6.5,4.3,4.2,3.8,3.8,3.1,2.5,2.5,2.2,3.3
2018/6/25,11:30:00,G1104,3.1,3.8,3.1,3.6,5.3,5,4.6,8.1,8.2,6.7,4.6,3.9,3.9,3.9,3.1,2.9,2.9,3.4,3.6
2018/6/25,11:30:00,G1105,2.9,3.6,3.1,4.6,6,7.3,5.9,8.6,10,6.6,5,5.1,5.8,4.6,5.1,3.4,3.8,5.3,5.1
2018/6/25,11:30:00,G1106,3.3,4.1,3.6,4.1,5.9,7.8,5.8,10.3,10.6,6.9,5.6,5.4,6.3,5.6,4.4,3.9,4.6,5.9,5.3
2018/6/25,11:30:00,G1107,5.6,5.3,4.2,5.2,5.9,7.6,6.1,10.1,10.9,8.2,6.6,6.8,8.6,8.5,4.9,5.8,6.2,6.5,5.8
2018/6/25,11:30:00,G1108,5.9,5.3,4.1,4.8,5.4,5.8,7.1,9.6,11,7.8,6.3,7.1,8.7,6.4,5.7,6.4,6.5,6.6,6.2
2018/6/25,11:30:00,G1109,6.1,5.5,4.9,4.9,5.6,5.9,6.6,9.5,10.8,7.6,9.1,7.8,8.4,6,5.7,6.7,7.3,7.1,6.8
2018/6/25,11:30:00,G1110,6.1,6.3,6,6.1,6.1,6.6,6.5,9.1,10.1,7.4,9.9,9.6,8.8,6.3,5.8,6.6,7.1,5.9,7
2018/6/25,11:30:00,G1111,6.2,6.5,4.8,6.4,5.9,7.6,6.5,9,10.1,7.8,8.9,9.6,9.2,6.6,6.5,7.5,7.3,7.6,7.4
2018/6/25,11:30:00,G1112,6.3,6.7,5.4,6.2,6,6.9,6.9,9.4,9.9,7.9,8.9,8.5,9.2,7.1,6.8,6.9,7.7,7.1,7.6
2018/6/25,11:30:00,G1113,5.9,7.7,6.1,6.1,6,8.3,8,8.9,10.5,8.8,8.8,10.2,9.3,7.3,7.3,7.8,8.4,7.6,7.9
2018/6/25,17:05:00,G1101,4.1,4.6,3.8,4.9,3.9,5.1,4.7,4.1,4.9,5.1,3.3,2,2.3,2.3,1.6,1.5,0,0,0.9
2018/6/25,17:05:00,G1102,3.9,4.1,3.9,5.9,5,5,6.2,5.9,6.3,7.3,4.1,1.8,2.2,2.6,2.1,1.6,0,0,0
2018/6/25,17:05:00,G1103,6.1,4.9,4.4,6.1,3.8,6.1,6.3,7.3,8.8,7.9,4.4,1.9,2.8,2.1,1.7,1.8,1.2,1.2,0.8
2018/6/25,17:05:00,G1104,5.4,4.3,4.4,6.3,5.1,6.3,6.3,7.4,10.5,8.3,4.6,1.8,2.9,2.1,2.3,2.3,1.3,1.4,0.9
2018/6/25,17:05:00,G1105,6.9,4.3,4.9,7.1,6.2,7.4,6.8,7.5,11,8,4.9,2.1,3.8,2.8,2.3,3.2,2.4,2.4,1.7
2018/6/25,17:05:00,G1106,5.1,4.8,6.5,6,5.3,6.5,7.9,7.3,10.4,8.1,4.8,2.2,3.6,3.7,3.4,3.4,3.1,2.9,2.1
2018/6/25,17:05:00,G1107,6.2,5.3,5.8,5.6,7.9,5.9,7.1,7.8,10.9,8.6,4.9,2.9,3.6,3.3,5.4,4.3,3.9,3.8,2.8
2018/6/25,17:05:00,G1108,6.5,5.8,5.4,6,6.6,6.3,7.8,8.1,11.1,9.2,5.2,2.9,3.3,3.6,5.5,4.8,4.2,3.7,2.9
2018/6/25,17:05:00,G1109,5.6,5.3,5.3,6.2,7.1,6.6,8.7,8.8,11.1,9,5.5,3.2,3.9,3.8,5.4,5.8,4.7,4.1,3.2
2018/6/25,17:05:00,G1110,5.1,5.5,5.5,7.6,7.6,7.6,7.9,8.4,11.1,9.4,6.3,4.4,4.8,4.7,7.8,6.1,5,4.8,3.8
2018/6/25,17:05:00,G1111,4.7,5.8,6.1,5.1,7.1,7.8,7.6,9.8,11.2,9.6,6.6,4.8,5.4,5.9,7.5,6.3,5.6,4.8,4.7
2018/6/25,17:05:00,G1112,4.7,5.7,6.6,5.1,7.9,7.3,7.5,9.5,11.2,9.6,6.7,4.9,5.6,6.3,6.9,6.6,6.1,4.9,4.2
2018/6/25,17:05:00,G1113,5.4,5.8,7.3,4.9,6.6,7.3,7.3,10,11.3,9.7,7.2,5.8,5.8,6.8,8.2,7.2,6.8,5.4,5.1
2018/6/30,13:55:00,G1101,3.4,6,7,5.1,5.2,4.3,3.8,6.6,4.8,1.8,3.5,4.4,2.1,3.4,2.2,1.4,0.9,1.8,1.3
2018/6/30,13:55:00,G1102,5.6,5.1,6.8,7.6,6.1,4.7,4.2,8.1,5.5,3.4,3.9,4.8,3.1,2.8,2.6,1.8,1.8,2.8,1.8
2018/6/30,13:55:00,G1103,5.4,5.4,7.1,7.6,7.4,4.4,4.3,10.6,8.6,3.7,4.4,4.4,4.3,4.3,2.8,1.3,2.6,2.8,1.3
2018/6/30,13:55:00,G1104,5.1,6.2,7.1,6.9,7.2,4.8,4.4,11,9.1,4.8,4.8,4.3,4.9,4.6,3.5,1.8,2.6,2.3,1.7
2018/6/30,13:55:00,G1105,6.3,7,7.2,7.5,8.1,7.2,4.9,12.4,9,4.8,4.9,6.3,6.1,5.3,5.3,3.5,3.4,1.3,1.6
2018/6/30,13:55:00,G1106,6,6.4,7.1,7.4,7.7,6.8,4.7,12.2,7.9,4.8,5.9,6.4,6.1,5.7,5.6,4.1,3.8,2.1,2.1
2018/6/30,13:55:00,G1107,5.3,6.4,6.6,7.2,8.9,8.5,7.1,13.1,8.7,7.3,6.5,6.1,6.7,5.3,5.7,4.7,4.7,4,4.3
2018/6/30,13:55:00,G1108,5.1,6.2,6.8,7.8,9.2,8.3,7.8,13.1,10,7.7,6.8,6.3,6.6,5.2,5.3,4.7,4.7,3.9,4.4
2018/6/30,13:55:00,G1109,5.9,5.8,6.3,6.7,8.3,7.3,7.2,12.3,10.3,8.1,6.8,6.4,6.3,4.8,4.8,4.7,4.9,4.6,4.9
2018/6/30,13:55:00,G1110,5.1,5.2,6.6,7.7,8.1,6.6,7.3,13.3,10.8,9.1,6.3,6.6,6.1,4.9,4.9,4.4,5.9,5.7,5.3
2018/6/30,13:55:00,G1111,5.2,5.4,6.8,6.4,8.3,8.2,7.7,12.1,10.9,8.8,5.9,6.6,6.4,4.9,5.2,4.9,5.9,6.3,5.8
2018/6/30,13:55:00,G1112,5.2,5.8,6.4,6.1,7.4,8.1,7.5,12.1,10.6,9.3,5.8,6.7,6,4.8,4.9,4.9,5.9,5.8,6
2018/6/30,13:55:00,G1113,5.4,5.9,6.6,5.9,7.5,8.7,8,12.2,10.9,9.6,6.5,7.1,5.9,5.1,5.5,5.1,6.1,6.4,6.4
2018/7/1,14:15:00,G1101,5.8,4.9,5.5,6.4,7.3,6.9,3.9,6.9,5,5.5,2.6,2.3,1.6,1.1,1.1,1.6,0.3,2.6,1.4
2018/7/1,14:15:00,G1102,5.5,5.4,6.1,5.9,7.9,8,5.4,7.1,7.1,7.5,3.5,4.3,2.1,2.7,1.8,1.8,0.7,3.1,2.3
2018/7/1,14:15:00,G1103,5.2,6,6.6,7.4,6.4,10,4.7,7.8,8.5,9.9,3.1,4.6,4.2,2.9,2.4,2.1,0.6,3.9,3.1
2018/7/1,14:15:00,G1104,5.8,6.4,7,7,6.6,10.3,6.1,8.4,10.2,9.3,3.3,4.4,4.1,3.7,2.8,3.7,0.7,3.4,3.6
2018/7/1,14:15:00,G1105,4.9,6.5,5.4,7.3,8,10.1,5.8,14.3,13.3,12.5,5.3,5.7,5.1,4.5,4.5,3.8,2.1,4,3.1
2018/7/1,14:15:00,G1106,5.6,6.1,6,7.4,8.9,10.6,7.6,12.6,14.2,12.3,6,6,6.2,5.9,5.8,4.8,2.4,3.2,3.3
2018/7/1,14:15:00,G1107,5.6,5.7,5.8,7.3,9.4,9.9,12.6,15.8,16.299999,11.7,6.9,7.6,6.3,7.1,7.2,7.2,3.7,3.9,2.1
2018/7/1,14:15:00,G1108,5.4,5.5,6,7.1,9.5,9.6,12.1,16.4,16.700001,11.6,6.7,7.6,6.8,7.1,7.2,7.3,3.8,3.3,2.2
2018/7/1,14:15:00,G1109,6,6.1,5.3,8.1,9.1,9,10.6,16.799999,16.4,11.5,6.8,9.2,7.2,7.8,7.9,7.5,6.3,3.7,3.7
2018/7/1,14:15:00,G1110,5.9,6,6.7,7.9,9.3,7.5,11.8,16,15.8,11,7.7,8.9,7.2,8.7,8.6,8.3,7.4,2.1,4.9
2018/7/1,14:15:00,G1111,5.7,6.6,6.7,7.8,8.7,8.3,11.3,14.7,15.3,12.6,8.4,9.9,7.8,9.1,9.6,8.2,7.8,3.4,6.1
2018/7/1,14:15:00,G1112,5.8,6.4,6.5,7.4,8.8,8.2,10.6,15,16,12,8.6,9.9,7.5,9,10.1,8.4,7.8,6.2,6.3
2018/7/1,14:15:00,G1113,5.3,6,6.5,7.7,9.2,8.3,11.6,15,16.200001,12.3,8.6,10,7.9,9.1,10.5,9.1,8.3,6.8,6.6
2018/7/3,9:45:00,G1101,0.8,1.1,3.3,4.2,5.4,4.1,5.5,7.8,5.7,5.1,1.8,1.7,2,3.2,2.7,2.2,3.1,2.4,2.3
2018/7/3,9:45:00,G1102,0.9,1.1,4.3,4.9,7.1,4.5,7.2,7.4,7.4,3.9,1.9,1.3,2.6,2.9,3.1,2.6,2,2.7,3.2
2018/7/3,9:45:00,G1103,0.5,1,4.3,4.5,6.8,5.9,7.3,8,6.4,6.2,3.9,3,2.4,3.4,3.1,2.4,1.8,2.9,2.9
2018/7/3,9:45:00,G1104,0.6,0.9,4.3,4.3,6.8,6.1,6.7,7.3,5.1,5.7,3.5,2.9,2.8,3.7,3.1,2.1,2.4,2.8,3.4
2018/7/3,9:45:00,G1105,0,1.7,4.9,4.7,6.6,5.7,6.6,8.1,6.8,6.1,4.4,2.5,4.1,4.5,3.3,1.9,3.1,3.2,3.1
2018/7/3,9:45:00,G1106,0.9,1.6,4.7,4.9,6.9,5.6,7.3,8.2,7.4,6.4,3.7,3.5,4.3,4.6,3.1,2.3,2.9,3.2,2.8
2018/7/3,9:45:00,G1107,3.1,2.5,5.2,5.4,6.8,5.7,7.9,9.1,8.2,7.3,5.9,5.9,6.8,3.8,3.3,4.5,3.4,3.6,3.5
2018/7/3,9:45:00,G1108,3.2,2.3,5.4,5.3,7.1,5.6,8.3,8.9,8.4,7.7,5.8,5.6,6.4,3.8,3.3,5,3.7,3.8,3.4
2018/7/3,9:45:00,G1109,3.1,3.9,5.1,7.3,6.6,5.8,8.9,9.7,8,8.4,5.9,5.6,5.8,5.1,3.7,5.1,4.3,3.8,3
2018/7/3,9:45:00,G1110,3.6,4.9,4.3,6.6,6,6,8,9.8,8,8.6,6.2,7.4,5.4,5.8,4.4,6,5.3,4.4,4.2
2018/7/3,9:45:00,G1111,4.2,4.2,4.2,7.2,6.1,4.9,7.8,8.9,8.3,8.7,8.5,7.5,6.6,5.9,5.4,6.7,5.4,5.4,5.7
2018/7/3,9:45:00,G1112,4.5,3.8,4.3,7.3,6.1,5.1,7.7,8.8,8.9,8.5,8.8,8.5,6.7,6,5.9,7.3,5.4,5.6,5.9
2018/7/3,9:45:00,G1113,4.3,4.7,3.9,8.8,6.2,5.6,8.3,9.3,9.2,9.1,9.5,9.4,7.9,6.8,6.1,8.5,5.8,6.8,5.9
2018/7/5,12:35:00,G1101,6.4,4.1,NaN,NaN,NaN,NaN,6.3,8.4,5.3,4.8,6.5,2.5,5.8,3.3,4.1,2.1,3.3,6.3,4.5
2018/7/5,12:35:00,G1102,5.9,5.1,5.6,6.2,7.6,6.1,8.3,9.2,6.1,5.4,7.1,2.6,4.7,5.8,4.4,3.3,4.3,6.6,5.8
2018/7/5,12:35:00,G1103,7.4,6.4,5.9,5.8,9.4,7.4,8.6,8.5,5.6,4.1,7.6,3.1,4.5,6.7,4.9,4.9,4.8,6.5,7.2
2018/7/5,12:35:00,G1104,7.4,6.6,5.4,6.2,8.7,7.3,9.4,8.3,7.9,4.5,8.3,4.1,4.3,6.6,5.6,5.9,5.1,6.4,8.1
2018/7/5,12:35:00,G1105,8.4,6.4,7.9,8.1,9.5,8.3,10.7,9,7.2,5.5,8.8,7.6,5.8,8.1,5.9,6.8,7.3,8.6,8.4
2018/7/5,12:35:00,G1106,8.4,7.6,9.4,8.8,8.9,7.4,12.1,9.8,10.5,8.1,7.9,8.8,6.4,8.4,5.5,6.4,7.9,9.9,7.8
2018/7/5,12:35:00,G1107,6.2,8.4,9.9,9.2,9.2,7.9,12.1,9,12.2,9.2,8.6,8.2,6.4,8.7,8.2,9.6,9.4,9.7,7.7
2018/7/5,12:35:00,G1108,6.3,8.8,9.9,8.9,9.9,7.2,12,9.5,11.7,9.3,9.2,8.4,6.7,8.1,8.6,9.8,9.9,11.4,7.9
2018/7/5,12:35:00,G1109,6.6,7.9,NaN,NaN,NaN,NaN,12.7,10.2,11.6,9.6,10.3,8.9,10.1,8.4,9.3,10.2,9.8,11.9,7.7
2018/7/5,12:35:00,G1110,6.6,7.9,5.8,8.2,8.9,8.3,11,10.1,11.8,10.6,11.6,8.9,9.9,9.6,10.9,10.3,11.6,10.4,7.5
2018/7/5,12:35:00,G1111,8.7,7.7,6.5,9.5,8.3,10.2,12.9,10.3,11.6,10.9,11.4,8.3,10.9,11.3,11.6,10.5,11.4,9.9,8.1
2018/7/5,12:35:00,G1112,7.5,7.1,7.5,9,9.2,10.5,12.6,9.4,11.5,10.5,11.6,7.6,12.2,11.7,11.1,10.2,10.9,9.3,8.8
2018/7/5,12:35:00,G1113,7.6,7.8,6.2,8.4,8.1,10.9,13.1,9.8,12.1,10.8,12.3,9.6,11.8,11.1,11.6,10.8,11,9.6,9.1
2018/7/7,17:25:00,G1101,1.4,0.9,0.8,0.8,0.4,0,0.6,3.1,4.2,2.1,0.7,1.2,2.4,2.1,1.1,0.7,0,0,1.2
2018/7/7,17:25:00,G1102,1.4,1.1,0.4,0,0,0,0,3.2,3.2,1.6,1.1,0.4,1.3,2.9,3.1,1.3,0.2,0.6,0.8
2018/7/7,17:25:00,G1103,1.4,1.4,0.9,0,0,0,0,2.6,3.1,3.2,0.9,1.6,0,5,3.5,0.7,1.2,0.8,0.2
2018/7/7,17:25:00,G1104,1.6,1.3,0.9,0,0,0.7,0,1.9,2.7,3.4,0.6,0.9,0.3,5,4.3,0.7,1.4,0.8,0.4
2018/7/7,17:25:00,G1105,1.5,1.6,1.6,0,0,1.4,0.3,1.3,2.9,2.3,1.6,1.2,0.8,4.3,4.3,0.9,4.4,0.7,3.3
2018/7/7,17:25:00,G1106,1.8,1.9,1.8,1.2,1.2,1.6,0.6,2.3,4.1,3.2,2.1,1.5,0.6,4.4,3.5,2.3,4.1,1.2,4.6
2018/7/7,17:25:00,G1107,2.1,2.3,1.4,1.5,1,0.2,1.4,1.1,5.1,4.6,3.2,1.1,0.9,5.7,3,4.1,4.2,3.9,4.6
2018/7/7,17:25:00,G1108,2.3,2.7,1.4,1.7,0,0,0.9,1.4,4.6,4.6,3.1,1.8,0.6,4.5,2.4,3.8,3.9,3.6,4.8
2018/7/7,17:25:00,G1109,2.2,2.1,1.2,1.2,0.9,0.2,0,1.6,4.4,5.1,4.3,2.5,0.6,2.3,2.7,4.9,0.6,4.5,4.6
2018/7/7,17:25:00,G1110,1.9,1.9,1.2,1.1,0,0.6,0.2,3.2,3.3,6.9,3.8,2.8,0.4,0.2,1,5.3,0.7,4.4,4.6
2018/7/7,17:25:00,G1111,2.2,1.4,1,0,0,0,0,2.7,1.2,4.8,5.1,2.4,0.6,0,0,5.4,1.8,3.6,3.5
2018/7/7,17:25:00,G1112,1.9,1.3,1.3,0,0,0.2,0,1.9,1.9,4.8,4.2,2.9,0.4,0,0,4.5,2.7,1.4,3.1
2018/7/7,17:25:00,G1113,1.8,0.9,0,0,0,0,0,1.3,0.5,3,3.8,2.8,0,0,2.7,3.4,3,0.7,0
2018/7/8,10:15:00,G1101,2.6,3.6,3.7,2.8,3.1,2.1,2.8,2.9,4.8,3,2.9,0,2.8,2.9,1.1,0.8,0.9,0.6,1.3
2018/7/8,10:15:00,G1102,2.7,3.6,3.4,2.9,3.2,3.4,2.9,2.8,4.8,5.1,3.1,1.5,3.5,3.3,1.3,1.2,0.9,0.7,1.1
2018/7/8,10:15:00,G1103,2.9,4.3,2.8,2.9,3.1,1.9,2.7,4.4,4.9,5.1,3.6,2.3,3.4,3.6,1.7,2,0.8,1.1,1
2018/7/8,10:15:00,G1104,2.9,4,2.7,2.4,3.4,1.4,2.8,4.1,4.7,3.9,3.2,2.2,3.8,3.1,1.8,1.9,0.9,1.2,1.2
2018/7/8,10:15:00,G1105,4.5,4.4,4.1,2.4,3.8,1.3,2.8,3.4,4.8,4.9,3.4,3.1,3.6,3,2.7,2.4,1.3,1.5,1.7
2018/7/8,10:15:00,G1106,3.8,3.9,4.3,3.1,4.6,1.9,3.2,3.4,4.4,6.2,2.9,2.8,3.8,3.4,2.9,1.9,1.3,1.6,1.9
2018/7/8,10:15:00,G1107,4.3,4.1,4.3,4.1,4.1,3.5,2.9,3.6,4.2,4.8,3.3,3.4,4.7,3.6,2.8,1.8,2.1,2.6,2.4
2018/7/8,10:15:00,G1108,3.5,4.1,4.3,3.5,3.8,3.5,2.9,3.4,4.4,5.3,3.3,3.4,5,3.2,2.7,1.8,2.2,2.8,2.7
2018/7/8,10:15:00,G1109,4,4.1,4.3,3.9,4.2,2.3,4,4.2,4.1,4.8,3.4,4,4.8,2.7,2.4,2.2,2.3,2.8,3.6
2018/7/8,10:15:00,G1110,4.9,4.1,4.1,3.8,4.2,2.8,4.2,3.8,3.5,6.2,3.8,4.1,4.8,2.8,1.9,2.3,3.1,3.5,3.8
2018/7/8,10:15:00,G1111,4.4,4.3,3.9,4.6,4.6,4.4,4.1,4.2,3.6,5.9,3.9,4.2,3.5,2.7,2.2,3.2,3.9,4.5,4.1
2018/7/8,10:15:00,G1112,4.9,4.7,3.5,4.6,4.2,3.8,3.5,3.8,3.7,6.1,3.9,4.7,3.7,2.8,3.2,3.6,3.6,4.6,4.4
2018/7/8,10:15:00,G1113,4.9,4.6,3.8,4.3,4,2.7,3.8,4,4.2,5.2,4.2,4.1,3.8,2.8,4.1,3.9,4.3,4.7,4.2
2018/7/8,12:40:00,G1101,1.9,2.2,1.2,2.6,2.7,3.6,3.6,4.2,3.2,1.4,1.7,1.3,0.9,1.4,1.5,1.2,0.8,0.8,2
2018/7/8,12:40:00,G1102,2.2,2.8,1.5,2.9,3.4,3.6,3.8,4.3,3.5,1.8,2.1,1.7,1.2,1.9,1.1,1.5,0.8,0,2.2
2018/7/8,12:40:00,G1103,2.3,3.4,2,3,3.4,2.4,4.5,5.6,2.8,2.3,2.5,2.8,2.7,1.7,1.7,1.5,0.9,0.9,2.6
2018/7/8,12:40:00,G1104,1.9,3.4,2,3.2,3.7,3.2,4.5,5.1,3,2.3,3.6,2.9,2.8,1.6,1.4,1.7,1,1.2,2.2
2018/7/8,12:40:00,G1105,2.2,3.3,2.3,3.5,3.7,5.3,4.6,5,3.3,2.8,3.1,3.2,3.2,2.6,1.3,1.8,1.4,1.4,3.4
2018/7/8,12:40:00,G1106,2.3,3.3,2.7,3.4,3.5,5.8,4.8,4.9,4.5,3.5,3.2,3.5,3.3,2.7,1.5,2.3,1.8,1.9,3.2
2018/7/8,12:40:00,G1107,2.8,3.3,3.8,3.7,3.8,5.1,5.1,5.5,3.8,3.4,3.4,4.1,3.3,2.7,1.7,2.1,1.6,1.6,4.1
2018/7/8,12:40:00,G1108,2.8,3.3,3.6,3.9,3.8,5.3,5.1,4.4,3.9,3.4,3.7,4.1,3.4,2.8,2.2,1.6,3.1,1.8,4.4
2018/7/8,12:40:00,G1109,2.6,3.3,3.8,4.1,4,4.8,4.9,4,3.4,4.3,4.1,3.9,3.3,2.7,2.3,2.1,4,2.8,3.4
2018/7/8,12:40:00,G1110,3.1,3.1,3.5,4.7,4.4,3.9,5.7,4.1,3.4,4.3,3.6,3.8,3.2,2.9,2.9,4.6,3.3,3.7,4.1
2018/7/8,12:40:00,G1111,2.8,3.3,3.8,4.6,4.6,4.4,5.4,5.2,3.9,4,5.1,4.1,3.9,3.3,3.4,3.6,3.9,3.9,3.8
2018/7/8,12:40:00,G1112,3.2,3.5,4.6,4.9,4.8,4.7,4.9,4.7,3.6,4.2,4.1,3.6,3.9,3.2,3.4,3.2,4,4.4,4
2018/7/8,12:40:00,G1113,3.1,3.4,4.8,4.8,4.8,4.4,5.3,5.2,4.3,3.9,4.2,3.9,3.9,3.2,4,2.2,4.8,4.3,4.3
2018/7/13,0:50:00,G1101,3.2,2.1,1.7,2.2,3.4,3.9,3.6,4.4,2.4,2.1,3.3,2.3,4,2.7,2.1,2.5,1.8,2.7,3.1
2018/7/13,0:50:00,G1102,4.3,2.4,3.8,1.9,2.5,3.3,3.5,6.4,3.8,2.8,2.9,5.4,4.8,4.4,3.8,3.2,4.8,2.9,3.7
2018/7/13,0:50:00,G1103,4.3,2.8,3.8,2.4,3.4,4.2,4,6.6,4.3,3.4,3.7,5.2,4.7,4.5,4.1,5.3,4.8,4.5,4.8
2018/7/13,0:50:00,G1104,4.2,2.6,3.4,3,2.9,4.5,4.2,6.1,4.7,3.7,3.6,5.4,5.6,4.9,4.1,5.7,4.7,4.7,4.8
2018/7/13,0:50:00,G1105,4.3,3.4,3.1,3.8,3.8,6.3,4.9,7,4.9,3.8,4.7,5.8,5.9,5.8,5.1,6.5,5,5.1,4.8
2018/7/13,0:50:00,G1106,4.1,3.1,4.1,3.7,3.8,6.1,5,6.7,5,4,4.4,4.8,5.4,5.9,5,6.6,4.9,5.8,4.8
2018/7/13,0:50:00,G1107,4.9,3.4,4.1,3.2,3.6,5.9,4.3,7,4.9,6.3,5.2,7.8,5.2,5.6,4.4,7.1,5.3,6.2,5.7
2018/7/13,0:50:00,G1108,4.3,4.5,4.6,2.8,3.9,5.1,4.1,6.9,5.4,6.8,5.7,8.1,5.8,5.6,5,6.3,5.3,6.3,6
2018/7/13,0:50:00,G1109,4.3,4.1,4.9,2.2,2.9,4.2,4.5,5.3,5.6,7.8,5.6,8.6,5.9,6.3,4.9,6.9,5.6,6.7,5.9
2018/7/13,0:50:00,G1110,4.4,4.1,5.1,3.3,2.1,4.6,4.9,6.9,6.1,8.1,7.5,8.6,7.1,6.9,6.3,6.7,6.2,7.7,5.9
2018/7/13,0:50:00,G1111,5.1,3.6,4.5,3.3,2.6,3.3,5.9,7.4,8,8.1,6.8,6.6,6.7,5.6,5.5,6.8,6.8,8.8,5.7
2018/7/13,0:50:00,G1112,5.4,3.8,4.4,4.1,3,3.3,6.4,8.3,7.1,7.6,8.1,7.6,7.4,6.1,6.1,7.8,7.1,8.1,6
2018/7/13,0:50:00,G1113,5.4,3.9,4.4,5.8,3.1,4.1,6.1,7.4,6.4,8,7.1,6.1,6.3,4.8,7.1,7.1,6.8,7.8,6.1
2018/7/14,12:40:00,G1101,5.7,3.8,5.1,6.8,6,8.1,6.2,4.1,6,4.4,7,7.9,6.3,4.1,4.4,3.9,2.8,4.2,3.9
2018/7/14,12:40:00,G1102,5.3,3.4,3.2,9,6.3,11.6,6.8,4.1,5.7,3.9,9.1,9.1,5.8,4.9,3.4,5,4.1,3.7,4.3
2018/7/14,12:40:00,G1103,6.9,4.4,4.7,9.8,5.8,11.4,9.5,5.6,6,4.3,9.5,11.9,7.8,6.5,4.1,4.5,3.8,5.2,3.9
2018/7/14,12:40:00,G1104,6.3,4.4,3.5,8.4,5.8,9.6,10.1,5.2,6.2,5,9.1,12.1,7.4,5.5,4.5,4.9,4.2,5.6,4.6
2018/7/14,12:40:00,G1105,9.3,4.7,7.1,8.8,7,10,10.3,5.6,6.8,5.9,9.3,13.2,7.9,7.7,5.1,4.8,4.6,5.8,6.5
2018/7/14,12:40:00,G1106,7.4,5.2,7.1,8.3,7.8,10.8,11.4,8.2,8,6.1,9,13.4,7.3,9.2,5.4,5.9,6.1,5.3,5.2
2018/7/14,12:40:00,G1107,9.8,7.1,10.1,8.8,6.6,8.2,11.9,8.4,8.8,7.1,13.2,15.6,10.6,9.8,8.1,6.7,8.7,9.3,5.1
2018/7/14,12:40:00,G1108,8,7.4,10.4,9.9,6.5,9,12.4,7.5,7.4,6.2,14.7,8.9,9.3,8.7,9.2,6.3,10.3,9.3,4.8
2018/7/14,12:40:00,G1109,5,7.8,8.3,8.7,5.7,8.8,12.4,9.4,6.4,6.8,10.9,12.7,10.9,11.8,9,8.5,10.4,8,7.3
2018/7/14,12:40:00,G1110,7.1,8.2,6.2,7.6,7.4,8.3,11.6,10.2,4.9,9.8,13.4,12.7,13.2,10.3,10.1,8.8,9.7,7.7,7.8
2018/7/14,12:40:00,G1111,9.1,6.6,6.3,7.8,6.5,10.1,12.7,8.5,9.6,10.1,15.1,19.200001,14,11.1,11.8,9.7,9.6,7.6,7.8
2018/7/14,12:40:00,G1112,9.3,7.4,6.2,8.6,6.5,9.6,12.3,9.2,8.1,9.7,14.6,17,14,11.6,11,10.9,9.9,7.9,8.1
2018/7/14,12:40:00,G1113,9,7.1,6.3,9.8,7.8,9.6,12.7,9.9,9.6,10.5,15.4,17.700001,13.8,11.3,10.5,10.8,9.6,9.3,8.9
2018/7/14,21:25:00,G1101,5.8,4.4,6.2,5,3.1,2.9,3.7,4.3,1.6,6.7,4.9,4.8,4.1,2.7,3.6,4,2.8,3.1,3
2018/7/14,21:25:00,G1102,6.8,4.3,7.2,5.5,3.9,3.6,3.4,5,3.2,6.3,5.6,5,3.5,4.8,5.9,5.7,5.2,3.3,4.1
2018/7/14,21:25:00,G1103,7,5.2,8,6.7,4.4,4,4.8,7.1,5.2,7.5,6.2,6.9,5.8,4.9,7.2,5.1,4.1,4.8,3.8
2018/7/14,21:25:00,G1104,6.2,6.7,8,6.7,4.6,3.6,5.3,6.8,5.7,7.4,6.4,5.7,5.7,4.9,6.9,5.4,4.8,4.7,4.2
2018/7/14,21:25:00,G1105,6.3,8.3,6.8,8.6,7.5,6,5.6,6.9,5.1,9.1,7.5,6.9,6.9,4.9,6.1,7.9,7.4,4.9,5.3
2018/7/14,21:25:00,G1106,5.4,8.1,7,8.4,8.9,6.8,6,7.9,4.1,8.5,8.8,7.1,6.9,4.9,6.8,9.3,7.6,5.3,6.4
2018/7/14,21:25:00,G1107,6.7,9.8,8.1,8.9,8.8,7.9,5.9,7.3,5.6,11.1,9.6,7.9,7.2,6,8.6,8.8,9.6,5.8,6.7
2018/7/14,21:25:00,G1108,7,9.4,7.5,8.9,9.8,8.5,6.5,8.3,6.2,12.3,10.9,9.1,7.3,6.8,9.3,8.2,9.5,5.6,6.3
2018/7/14,21:25:00,G1109,8.6,10.3,8,10.1,9.4,8.6,6.6,7.7,7.7,11.3,11.4,10.1,7.8,7.8,11.4,9.4,9.1,7.6,5.9
2018/7/14,21:25:00,G1110,9.9,12.1,10.2,11.4,9.7,7.4,6.8,8.4,10,11.7,11.5,10,9.3,9.3,13.4,10.8,12,10.4,8
2018/7/14,21:25:00,G1111,9.6,14.4,10.8,11.3,12.6,7.3,6.3,8.4,11.1,11.9,13.6,11.3,8.1,10.6,14.2,13.6,11.9,10.7,8.6
2018/7/14,21:25:00,G1112,11.7,13.8,12.4,12.4,14.1,9.1,5.2,9,11.6,13.5,13.5,11.8,9.9,10.4,15,13.8,13.8,11.6,8.5
2018/7/14,21:25:00,G1113,13.6,13.2,10.1,12.7,12.1,10.1,8.1,9.3,11.8,13.2,14.1,11.1,11.4,11.8,15.3,15.8,14.4,11.8,10.9
2018/7/15,13:35:00,G1101,2.7,3.1,4.8,2.4,3.8,4.1,4.5,6.7,6.6,5,4.4,4.6,2.2,4.9,3.8,4.5,2.8,4,2.8
2018/7/15,13:35:00,G1102,2.5,4,4.5,3.6,4.4,4.6,5.3,9.1,6.8,6.8,4.2,4.6,3,4.8,4.4,5.5,3.8,5.3,2.8
2018/7/15,13:35:00,G1103,3,6.2,5.3,4.3,5.1,5.3,4.9,10.6,7.7,9.5,4.9,6.9,4.1,6.1,4.4,6.3,4.2,5.9,3.5
2018/7/15,13:35:00,G1104,3.3,5.3,6.5,4.1,4.5,5.3,5.2,11.1,8.8,9.6,4.8,6.6,5.8,6.1,4.3,6.3,3.9,5.9,3.8
2018/7/15,13:35:00,G1105,2.6,6.4,6.4,3.4,4.1,6.1,7.7,11.9,8.4,9.6,7.1,7.8,7.1,5.8,6.8,6.9,4.9,5.5,2.9
2018/7/15,13:35:00,G1106,2.9,5.8,6.3,3.3,4,6.1,7.8,12.7,9.1,10.5,8.4,7.3,7.4,5.8,6.5,5.8,5.8,5.9,3.1
2018/7/15,13:35:00,G1107,2,5.5,8.5,6,5.9,6.1,8.3,10,10.6,13.5,6.6,10.2,7.2,6,8.8,6.4,6.6,9.4,4.8
2018/7/15,13:35:00,G1108,3.7,4.9,8.3,5.6,5.9,6.3,8.1,10.3,11.4,11.9,8.4,10,6.3,4.7,8.1,6.9,6.6,9.5,5.5
2018/7/15,13:35:00,G1109,5.9,5.8,9.3,5.4,5.4,5.8,8.2,10.8,11.8,13.3,10.4,11.6,7.7,8,9.9,7.7,7.4,9.1,6.5
2018/7/15,13:35:00,G1110,6.7,7.6,9.5,5.4,7.5,4.7,8.4,13.8,12.8,14,12.1,9.4,8.1,11.5,11.1,7.6,10.9,9.3,6.6
2018/7/15,13:35:00,G1111,5.3,7.1,8.8,5.6,7.4,4.7,10.9,12.2,13.3,13.8,10.7,10,6.8,10.4,9,8.3,12.1,8.5,6
2018/7/15,13:35:00,G1112,3.4,6.1,10.1,6.9,7.6,7.2,10.4,12.4,15.8,15,10.7,10.3,5.8,12.5,11.6,9.3,11.3,9.1,6.6
2018/7/15,13:35:00,G1113,3.3,5.3,11.7,3.6,7.3,4.3,11.2,12.8,17.6,15.2,10.9,11.9,10.7,11.2,12.1,8.9,11.2,9.2,6.9
2018/7/17,18:35:00,G1101,0.5,0.9,1.1,0.4,1.4,0,3.6,2.7,3.6,2.4,3.3,2.1,1.6,0.7,0,0,1.7,1.2,0.4
2018/7/17,18:35:00,G1102,0.6,0,1.2,0,0,2.6,4.1,0.9,3.9,4.8,3.9,2,1.3,0.2,0,0,1.8,1.1,0
2018/7/17,18:35:00,G1103,1.6,0.7,1.3,0.9,0.6,2.8,6.5,5,7.6,2.4,4.8,2.4,0.6,0.5,0.2,0.8,1.5,1.2,1.6
2018/7/17,18:35:00,G1104,1.9,0.9,1.3,0.4,0.4,2.6,7.3,6.5,8.4,2.8,4.4,2.5,0,0.9,0,0.9,1.6,0.4,1.9
2018/7/17,18:35:00,G1105,2.3,0.8,1.3,0.6,0,3.1,6.7,7.4,8,6.4,2.6,2.3,0.4,0,0,0,0,0,0.2
2018/7/17,18:35:00,G1106,3.4,0.6,1.3,1.8,0.2,2.3,7.5,7.9,8.1,6.6,1.8,2.5,0.9,0,0.6,0,0.6,0,0
2018/7/17,18:35:00,G1107,3.8,0.9,1.8,1.5,2.4,3.6,7.4,7.6,9.3,7.9,1.1,1.4,0,2,1.7,0.7,0.8,3.1,3.9
2018/7/17,18:35:00,G1108,4,0.4,1.8,1.2,1.4,3.1,7.9,7.3,9.5,8.6,0.4,1.3,0,2,0.8,0,1.4,3.4,4.1
2018/7/17,18:35:00,G1109,3.6,1.1,1.3,0.4,1.7,4.9,5.4,8.2,9.8,8.6,0.8,0.6,1.7,1,0.8,1.1,2.3,3.7,3.7
2018/7/17,18:35:00,G1110,5.6,1.4,1.5,0.7,0.3,2.6,6.9,8.9,7.3,8.1,0.6,0.2,1,1.2,0.6,2.4,5.4,5.2,1.1
2018/7/17,18:35:00,G1111,4.3,1.6,4.1,1.1,0,3.3,5.1,11.1,7.1,6.8,0,0,0,0.2,0.9,6.2,2.9,3,1.3
2018/7/17,18:35:00,G1112,4,0.4,5,0.2,0.6,3.4,2.6,10.1,5.3,7.9,0.3,0,0.7,0.8,1.1,3.9,1.9,1.9,1.1
2018/7/17,18:35:00,G1113,3.6,2.5,4.9,1.2,0.2,4.7,4.5,10.4,5.3,6.2,0,0,1.1,1.4,2.6,5.8,2.1,1.4,2.4
2018/7/17,22:55:00,G1101,3.9,2.9,1.3,2.1,3.3,3.2,3.3,10,5.8,4.8,3.6,6.9,7.6,5.4,3.8,2.7,2.2,2.1,4.4
2018/7/17,22:55:00,G1102,5.1,4.6,2.3,3.5,3.6,4.2,5,9,7,5.5,4.2,9,7.7,6.5,4.9,2.7,2.3,2.6,5.6
2018/7/17,22:55:00,G1103,6.1,4.9,4,3.9,4.1,4.4,5.3,14.1,8.4,6.6,5,9.5,8,7.8,5.9,2.8,2.7,3,6.3
2018/7/17,22:55:00,G1104,6.6,4.8,3.9,3.9,3.8,4.7,5.7,11.5,7.8,5.3,5.7,9.6,8.3,9.3,5.5,3.1,2.4,3,6.3
2018/7/17,22:55:00,G1105,6.5,5.9,4.6,4.7,5.4,5.9,6.6,15.9,6.7,8.4,7.3,10.6,8.6,9.4,7.8,4.4,2.4,5.2,7
2018/7/17,22:55:00,G1106,6.3,7.7,5.4,4.4,5.5,6.6,7.3,15.5,7.1,9.3,9.5,11.3,9.5,10.2,9.3,5.7,2.8,5.3,7
2018/7/17,22:55:00,G1107,7.3,5.8,6.2,5.9,7.6,9.2,8,15.5,10.2,11.8,6.9,12.6,10,14,10.3,7.4,1.8,6.1,8
2018/7/17,22:55:00,G1108,7.3,6.3,6.6,5.6,7.4,9.1,8.1,16.4,9.5,12,7,12.2,9.9,12.5,9.3,8.4,3.4,5.5,8.1
2018/7/17,22:55:00,G1109,9.1,7.4,7.1,7.9,9,8.1,8.1,16.799999,10.6,11.8,11.3,13.6,11.6,13.8,12.1,8.4,8.2,6.9,9.7
2018/7/17,22:55:00,G1110,9.1,7.8,7.2,9.1,11.1,6.8,8.6,17.4,11.7,13.8,11.4,15.7,15.4,14.2,13,13.3,12.8,5.8,12.5
2018/7/17,22:55:00,G1111,9.6,8.3,8.1,9,10.2,7.9,9.6,18.200001,12.7,16,12.3,15.7,14.2,14.2,13.6,17.1,12.6,8.6,15
2018/7/17,22:55:00,G1112,9.3,10.3,8.3,10.4,10.8,8.1,9.6,18.4,12,15.7,12.9,14,14.8,15.3,14.3,17.5,12.6,10.9,14.1
2018/7/17,22:55:00,G1113,9.6,11.3,9.6,10.3,13.4,10.9,9.8,19.299999,12.5,17,13.6,13.9,17.200001,17.799999,12.3,17,13.6,13.3,15.9
2018/8/3,11:50:00,G1101,2.7,2,3.5,3.4,2.7,2.8,4.3,6.4,4.5,6.8,4.3,3.4,1.7,1.9,1.5,1.8,1.9,2.2,1.2
2018/8/3,11:50:00,G1102,2.9,3.1,3.7,3.8,2.8,3.4,3.4,4.6,7.8,6.4,4.5,3.3,2.3,1.3,1.4,2.3,1.6,2,2.1
2018/8/3,11:50:00,G1103,2.2,2.3,3.8,2.7,3.8,3.9,5.2,7.3,4.7,7,5.2,3.8,2.6,2.6,1.8,2.4,3,1.4,1.4
2018/8/3,11:50:00,G1104,2,2.3,3.5,4,3.7,4,3.3,8,7.5,7,5.7,4.1,2.8,2.4,2.8,2.1,2.7,0.9,1.9
2018/8/3,11:50:00,G1105,3,2.1,3.8,3.3,4.2,4.7,6.9,8.4,8.8,6.3,6.5,4.9,4.1,4,4.2,5,3.1,2.8,2.2
2018/8/3,11:50:00,G1106,3.7,1.5,3.7,3.2,4.3,4.3,8,8.7,8.6,6.4,6.2,4.8,4.6,4.4,4.6,5.4,4.6,3.1,2.5
2018/8/3,11:50:00,G1107,4.1,3,3.2,4.5,3.8,5.4,4.7,9.1,9.1,9.9,7.2,6.1,4.1,4.9,5.7,6.2,5.8,4.6,4.2
2018/8/3,11:50:00,G1108,3.7,2.3,3.9,3.9,4.2,4.7,7.9,9.6,7.7,7.6,5.1,5.2,4.7,4.6,6,6.3,5.7,4.4,4.6
2018/8/3,11:50:00,G1109,3.5,2.4,3.9,3.9,3.8,4.7,7.7,8.7,8.3,9.1,5.8,5.6,5.7,5.1,6.2,7.1,6.2,5.6,5.7
2018/8/3,11:50:00,G1110,3.4,3.8,3.6,3.8,3.6,5,4.1,8.7,8.1,7.9,7.8,5.8,6.3,5.4,5.6,7.2,6.6,5.6,5.2
2018/8/3,11:50:00,G1111,4.2,2.8,3.8,4.4,4.3,4.2,8,9.1,7.8,8.8,6.7,6.3,5.8,6.8,6.3,7.3,6.4,6.1,5.4
2018/8/3,11:50:00,G1112,4.2,2.8,3.9,4.4,4.2,4.4,7.8,8.1,7.4,7.6,6.1,6.4,5.6,6.7,6,7.1,6.3,5.7,5.4
2018/8/3,11:50:00,G1113,4.2,1.8,3.9,5,4,4.6,8.3,7.4,5.3,7.8,6.2,6.6,5.3,6.3,5.3,6.1,6.7,5.8,5.5
2018/8/3,16:05:00,G1101,1.8,1.3,2,1.4,1.1,0.4,2.1,0.9,4.3,3.3,1.4,3.1,2.9,3.4,2.7,1.3,1.6,2.2,2.7
2018/8/3,16:05:00,G1102,3.2,2.6,2,1.3,1.7,1,0.9,3.5,1.6,6,2.5,2.8,1.3,2.6,3.2,2.8,1.7,2.3,2.3
2018/8/3,16:05:00,G1103,2.3,2.6,1.8,1.8,1.1,0.6,2.9,2.6,0.9,3.8,0.8,2.8,2.4,2.7,1.9,1.4,2.3,1.8,2.5
2018/8/3,16:05:00,G1104,2.4,2.7,2,1.7,1.1,1.1,2.7,1.6,1.1,3.6,1.4,2.7,2.5,2.8,2.1,1.4,2.3,1.6,2.4
2018/8/3,16:05:00,G1105,2.7,2.4,1.8,1.9,1.3,0.8,3.1,0.6,0.4,3.3,0.7,2.1,2.2,2.3,2.2,1,2.5,1.7,2.2
2018/8/3,16:05:00,G1106,2.3,2.2,1.8,1.1,1.2,1.1,3.1,1.8,1.6,3.8,1.2,1.8,1.5,2.3,1.7,1.1,1.4,1.8,2
2018/8/3,16:05:00,G1107,3,2,2,2,1.3,1.8,1.3,3.6,5.6,3.8,2.7,0.5,2.5,2.7,1.4,0.5,0.2,1.5,0
2018/8/3,16:05:00,G1108,2,2.3,2.4,1.5,1.4,0.9,1.2,5.2,5,2.8,0.7,1.6,1.1,1.6,0,0,0.7,0.3,0.5
2018/8/3,16:05:00,G1109,1.9,2.2,3.3,1.7,1.5,1.4,0.4,5.4,4.2,2.6,0.2,0.9,0.7,1,0,0.7,0,0.4,0.9
2018/8/3,16:05:00,G1110,2.4,2.2,2.8,2.3,1.5,1.8,1.3,1.3,3.3,2.2,2.2,1.3,0,2.1,1.1,1.6,1.1,0.8,0
2018/8/3,16:05:00,G1111,1.9,2.9,3.2,2,1.5,2.1,1.3,4.1,1.2,2.3,0.9,1.3,1.2,0.5,0.2,2.3,0,0.8,0.5
2018/8/3,16:05:00,G1112,1.7,2.6,3.6,1.8,1.5,1.8,0.8,3.8,0.6,2.8,0.5,1.8,1.1,1,1.1,3.1,0.5,1.3,0
2018/8/3,16:05:00,G1113,1.6,2.3,3.4,1.8,1.1,1.3,0,1.8,0,3.3,0,1.2,0,0.2,0.9,3.2,0,0,0
2018/8/6,14:20:00,G1101,1.1,1.8,0.4,0.8,0.2,2.1,0.8,2.9,2.7,6.9,4.4,4.4,8.4,2.6,4,2.2,2.1,1.7,2.3
2018/8/6,14:20:00,G1102,0.6,1,1.1,1.2,0,2.3,0.8,4.4,3.8,5,6.4,3.9,8.4,4.3,4.4,4.3,2.1,1.9,2.3
2018/8/6,14:20:00,G1103,0.7,1.6,0.9,0.6,1.3,2.1,0,2.8,5.3,6.1,6.9,4.3,9.9,5,5.5,5.2,2.5,1.6,3.1
2018/8/6,14:20:00,G1104,0.4,1.3,0.3,0.8,0.8,1.7,0,3.3,5.6,6.4,7.4,6,9.6,6.9,6.2,5.8,2.4,1.5,3.3
2018/8/6,14:20:00,G1105,0.9,1,1.1,0.8,0.4,0.8,0.2,4.2,5.7,7.3,7.6,6.4,9.9,7.9,4.9,3.4,2.8,3.1,3.2
2018/8/6,14:20:00,G1106,0.7,0.9,1.1,1.7,0.4,1.5,0,3.9,5.3,7.6,7.4,5.6,9.3,8,3.3,2,3.1,2.9,2.4
2018/8/6,14:20:00,G1107,1.2,0,0.6,0.4,0,1.1,0,1.8,4.7,4.4,8.1,5,5.7,7.1,5.1,0.9,1.6,2.8,1.2
2018/8/6,14:20:00,G1108,0.3,0.6,1.7,0.4,0,0.7,1,4.4,3.8,6.4,7.3,5.3,6.6,6.1,1.6,0.2,3.4,1.1,0
2018/8/6,14:20:00,G1109,1,0,0.2,0.4,0.6,0,0.7,4.1,2.4,5.6,7.7,4.8,4.9,5.3,2.8,0,2.1,0,0
2018/8/6,14:20:00,G1110,1.8,0.7,0.9,0.7,0,0.9,3.4,4.6,3,4,7.4,4.3,3.8,4.6,2.7,1.8,0.8,0,1.1
2018/8/6,14:20:00,G1111,0.3,0.4,1.2,1.9,0,2.3,0.8,2.9,3.5,3.8,4.8,4.5,1.7,5.1,1.5,1.6,0,0,1.4
2018/8/6,14:20:00,G1112,1.2,0.6,2.1,1.1,0.7,2.6,0.6,2.3,3.6,3.6,5.4,4.3,0.5,5.1,0.8,1.5,0,0,1.8
2018/8/6,14:20:00,G1113,3,1.1,0.9,4,0,2.8,0,3.1,3.1,3,5.7,2.7,1.8,0,1.7,0.9,0.8,0,0
2018/8/7,12:40:00,G1101,2.7,2.5,0,1.3,1.8,0,0,3.8,4.9,6.1,6.4,4.2,9.5,4,2.6,1.8,3.9,3.1,2
2018/8/7,12:40:00,G1102,2.8,2,0.2,1.4,1.3,0,0.7,4.2,5.1,5.6,5.4,5.3,10.1,5,3.5,1.4,3.4,3.8,2.1
2018/8/7,12:40:00,G1103,2.4,2.4,1.1,2.3,1,0,2,4.3,5.1,6.9,8.6,5.8,11.1,5.4,5.7,1.2,2.8,2.2,1.2
2018/8/7,12:40:00,G1104,2.4,1.7,0.8,2,0.8,0.2,1.8,3.9,5.1,6.9,8.2,4.9,10.8,5.8,6.1,1.5,3.2,1.6,0.5
2018/8/7,12:40:00,G1105,0,1.2,2.1,2,0.9,1.1,1.3,4.7,5.9,6.4,5.4,4,11.9,4.9,6.3,2.6,3.3,0.7,0.8
2018/8/7,12:40:00,G1106,0.8,1,2.3,2,0.4,0.3,1.7,4.7,5.1,5.8,4.8,6.3,12.1,5.5,7.1,3.5,1.3,1.2,1.3
2018/8/7,12:40:00,G1107,0.8,3.2,0.7,0.6,0.4,0.8,1.3,1.8,4.6,5.4,4.4,3.8,9.9,8.1,5.1,4.8,2.1,3.8,4.1
2018/8/7,12:40:00,G1108,0.2,0.2,2.3,2.3,0,1.8,2.8,1.9,4.3,4.6,2.8,6.6,12.3,6.4,7.1,6.5,3.9,2.7,1.4
2018/8/7,12:40:00,G1109,1.4,0.8,2.2,2.6,0.7,1.9,2.1,1.7,3.8,4.3,2.3,4.6,13.2,4.9,6.4,6.3,3.4,3.7,2.2
2018/8/7,12:40:00,G1110,0.6,0.8,0.8,1.8,0.7,0.2,1.7,1.7,3.8,3.8,3.6,2.8,10.4,7.6,5.3,5.2,8.5,6.1,4.8
2018/8/7,12:40:00,G1111,0.7,0.5,2.5,0.8,1.9,2.4,2.1,1.6,4,3.3,1.3,2.8,11.4,4.7,6.5,8.1,7.1,4.9,4.5
2018/8/7,12:40:00,G1112,0.7,0,1.7,0.2,2.6,0.3,2.8,1.8,3.9,3.3,0.9,2.5,11.6,4.4,6.7,7.5,7.9,5.6,5.4
2018/8/7,12:40:00,G1113,0,0.2,1.4,0,3.3,0,0,0,3.8,2.4,0,4.1,12.3,4.8,6.5,7.5,9.7,6.9,4.9
2018/8/10,2:40:00,G1101,4.1,2.5,2.8,3.6,4.9,2.3,4.3,5.7,3.6,1.7,1.6,0,0.6,1.1,1.2,3.7,2.9,2.1,3.4
2018/8/10,2:40:00,G1102,5.6,3.6,3.9,3.8,4.8,3.4,6,6.9,3.2,2.2,1.8,0.9,0.7,1.7,2.9,4.8,3.6,2.8,3.4
2018/8/10,2:40:00,G1103,4.6,4.4,5.4,5.6,5.8,4.6,6.6,5.1,3.8,2.8,1.7,2.2,1.8,2.8,3.4,4.7,3.6,3.6,3.9
2018/8/10,2:40:00,G1104,4.1,3.7,5.6,5.8,4,3.8,5.8,6.5,4.7,2.6,2.4,2.6,2.8,2.9,4.1,4.4,3.8,4.5,3.3
2018/8/10,2:40:00,G1105,5.8,3.3,6.2,5.6,5.4,4.3,6,5.6,4.6,3.8,3.6,3.8,3.5,3,3.6,4.8,4.4,5.2,3.8
2018/8/10,2:40:00,G1106,5.7,2.8,6.5,5.5,5.6,4.9,5.7,6.7,5.2,4.6,4.1,3.8,3.7,3.1,3.4,4.8,5.8,5.6,6.1
2018/8/10,2:40:00,G1107,5.7,6.6,3.6,5.4,6.1,5.9,2.8,6.8,4.3,5,4.4,4.8,4.4,3.8,4.8,3.7,5.5,6.1,5
2018/8/10,2:40:00,G1108,5.4,3.4,6.8,6.8,5.1,5.8,5.3,7.8,5.9,5,5.3,4.6,4.3,3.9,3,8.1,7.3,6.2,6.7
2018/8/10,2:40:00,G1109,5.3,3.1,7.4,6.8,5.1,5.4,3.2,7.3,5.6,5.7,5.2,4.4,5,4,3.8,8.1,7.4,6.6,8.9
2018/8/10,2:40:00,G1110,5.6,6.1,6.9,6.1,7.2,6.4,4.2,5.6,5.2,5.6,6.3,4.8,5.8,6.4,5.1,4.3,5.6,8.4,6.8
2018/8/10,2:40:00,G1111,3.3,5.9,7.6,7.6,6.6,6.1,3,7.2,6.1,5.2,6.6,7.2,5.4,6.6,6.3,8.5,10.5,8.2,10.7
2018/8/10,2:40:00,G1112,5.8,5.5,7.7,8.4,6.6,6.6,2.9,7.4,7.3,5.6,6.3,7.1,5.8,7.6,6.3,8.9,10.3,10.4,11.4
2018/8/10,2:40:00,G1113,7.1,5.9,7.4,7.8,7.5,7.4,2.6,7.1,6.7,6.1,6.7,7.8,6.1,7.2,6.2,9.5,8.6,10.8,11.7
2018/8/10,17:10:00,G1101,3.1,3.4,1.7,3.6,3.2,4.7,3.2,5.4,6.7,5.4,3.5,1.9,1.2,2.7,0,0.4,1.1,1.3,0
2018/8/10,17:10:00,G1102,5.3,5.5,3.6,3.3,4,4.5,4.1,6.5,7.1,4.8,3.3,1.9,1.8,2.9,0,0,1.1,1.3,0
2018/8/10,17:10:00,G1103,6.4,5.4,4.2,4.6,4.9,6.4,5.4,7.1,7,5.5,3,2.5,3.6,3.7,0.9,0,0.8,0,0
2018/8/10,17:10:00,G1104,6.7,5.4,3.5,4.2,3.9,6.1,5.4,6.8,7.3,4.8,3.3,2.1,3.2,3.9,0.9,0.8,0,0,0.6
2018/8/10,17:10:00,G1105,7.3,4.9,4.6,3.9,4.7,6.5,6.7,8.5,8.6,5,3.3,3.8,4.6,4.4,1.7,1.8,1.4,1.7,1.6
2018/8/10,17:10:00,G1106,7.4,4.9,3.7,4.1,6.7,6.2,5.7,9.1,8.9,4.7,4.5,4.9,5.2,4.3,2.6,2.9,1.6,1.9,1.4
2018/8/10,17:10:00,G1107,4.8,8,4.8,3.9,4.7,7.6,7.1,10.3,8.4,9.5,6.9,5.6,5.1,4.8,3.6,5.2,2.7,2.9,2.1
2018/8/10,17:10:00,G1108,8.2,5.8,4.9,3.9,6.5,7.3,7.8,9.3,8.1,7.3,5,5.2,5.8,4.2,5.9,3.3,3.3,1.7,1.6
2018/8/10,17:10:00,G1109,8.4,5.7,5.9,4.9,5.8,6.8,7.5,9.5,9.6,9.9,5.8,6.5,6.1,5,5.9,4.5,3.6,2.9,3.3
2018/8/10,17:10:00,G1110,8.2,6.9,5.1,4.1,5.9,6.6,7.9,9.3,9.7,9.1,9.1,6.1,6.8,6.3,5.1,4.6,3.8,3.4,3.7
2018/8/10,17:10:00,G1111,8.5,6.4,6.3,5.8,5.1,7.1,8.3,9.4,8.9,9.4,7.6,9.9,7.9,7.8,7.2,6.1,5.6,4.4,6.4
2018/8/10,17:10:00,G1112,7.4,7.1,6.3,6.2,5.1,6.9,8,9.6,9.5,9.7,7.9,9.8,7.8,7.9,7.8,6.8,6.3,5,6.9
2018/8/10,17:10:00,G1113,6.6,6.7,6.9,6.8,5.3,7.1,8.4,10.8,10.8,11.4,7.7,9.9,8.7,8.3,6.9,7.4,7,5.1,7.2
2018/8/14,16:35:00,G1101,0,1.6,4.3,0,1.4,0.9,3.1,6.3,2.9,2.8,2.1,1.8,1.8,1.7,1.6,0.9,1.5,1.1,2.7
2018/8/14,16:35:00,G1102,0.9,1.6,3.8,0.4,1.7,0,3.1,7.9,3.8,3,2.9,2.6,2.3,2.3,2.2,1.4,2.9,1.5,2.7
2018/8/14,16:35:00,G1103,0,2.2,4.4,0.5,1.7,1.8,3.4,8.2,5.5,4.4,3.7,3.2,3,2.8,2.6,2,3,1.6,2.5
2018/8/14,16:35:00,G1104,0.2,2.3,4,0.2,1.8,1.8,3.3,7.2,5.4,4.8,3.8,3.3,2.9,2.8,2.9,2.4,3.1,2.1,3.1
2018/8/14,16:35:00,G1105,1.6,2.2,4.9,1.2,1.9,2.3,4.2,7.3,5.3,5.4,4.5,3.8,3.4,3.3,3.3,3.8,2.9,2.3,2.6
2018/8/14,16:35:00,G1106,2.7,2.3,3.8,1.6,2.1,2.9,4.9,7.4,5.6,5.7,4.5,3.6,3.6,4.4,3.4,4.1,3.7,2.8,4.3
2018/8/14,16:35:00,G1107,1.6,2.4,6.4,1.1,1.3,2.7,3.9,12.3,7.4,6,5.4,4.6,4.3,6.1,3.2,3.2,3.3,3.7,4.1
2018/8/14,16:35:00,G1108,2.6,1.5,4,3.3,1.8,2.1,5.4,7.2,6.6,5.9,5.1,4.1,4.9,4.2,4.4,4.8,3.6,3.1,5.6
2018/8/14,16:35:00,G1109,1.7,3.3,2.5,4.1,2.3,3.8,4.8,9.3,7,7.3,5.6,3.9,5,5.5,4.1,5.1,4.3,3.6,4.8
2018/8/14,16:35:00,G1110,3.2,3.8,7.6,2.8,3.1,3.8,4.2,10.4,8.5,6.8,5.1,5.1,5.4,5.8,3.8,5.3,3.6,5.4,5.4
2018/8/14,16:35:00,G1111,0.4,4.9,4.1,5.2,2.6,2.3,3.8,11.4,7.4,7.5,4.7,5.2,6.8,7.1,5.9,5.1,5.7,5.3,4.9
2018/8/14,16:35:00,G1112,1.6,5.4,4.7,3.6,2.1,2,3.2,11,7.3,7.2,5.3,6.4,7.4,7.4,5.9,4.9,6.7,5,4.6
2018/8/14,16:35:00,G1113,0.8,6.3,6.7,3.4,3.8,1.2,2.8,11.1,7.9,7.3,7.1,7.4,7.4,7.6,6,5.7,5.6,7.3,3.1
2018/8/19,17:15:00,G1101,1.5,2.3,3.1,2.2,1.3,1.6,5.3,6.5,5.4,6.8,3.7,2.8,1.6,1.9,2.9,3.5,2,2.9,2.2
2018/8/19,17:15:00,G1102,1.8,2.3,3,2.3,1.3,1.9,5,7.3,5.7,6.2,4.5,3.2,1.9,2.2,2.8,2.9,2.9,3.6,2.6
2018/8/19,17:15:00,G1103,1.7,3.2,3.3,3.1,1.9,3.2,5.4,8.6,7.3,7.6,6,3.4,3.5,3.2,3.8,2.9,3.4,3.6,3.6
2018/8/19,17:15:00,G1104,1.9,3.2,3.3,3.1,2.3,3.1,5.8,8.9,8.4,6.8,6.2,3.6,3.4,3.6,3.8,3.1,3.4,3.8,4.3
2018/8/19,17:15:00,G1105,2.4,3.1,3.6,3.4,2.8,3.4,6.5,8,9.3,7.4,5.3,4.1,3.3,3.3,3.9,3,2.8,3.7,4.9
2018/8/19,17:15:00,G1106,2.9,3.3,3.9,3.7,3.3,3.2,6.4,8.3,10.2,6.9,5.2,4.6,3.9,4.5,3.5,2.8,2.8,3.3,4.3
2018/8/19,17:15:00,G1107,3.7,3.5,4,3.9,4.1,3.3,5,8,8.1,5.9,8.2,5.1,6.5,4.3,3.9,3.1,2.8,2.9,5.1
2018/8/19,17:15:00,G1108,2.9,4.3,4.1,3.9,3.1,3.1,8.9,7.6,8.1,7.3,5.7,7.6,5.2,3.6,4.3,2.6,3,3.2,5.3
2018/8/19,17:15:00,G1109,3.7,4.2,4.5,4,3.3,3.5,8.8,7.2,7.2,6.4,5.5,8.4,5.4,4.9,3.5,2.3,3.2,3.9,5.6
2018/8/19,17:15:00,G1110,3.3,4.1,3.7,4.3,3.6,3.2,8.8,7.6,7.5,6.6,5.9,7.1,6.4,4,3.8,3.4,3.7,4.6,5.9
2018/8/19,17:15:00,G1111,3.5,3.8,3.3,4.4,4.2,3.7,8.9,7.4,10.1,7.1,6.5,8.9,7.1,4.7,4.3,3.3,4.1,5.7,6
2018/8/19,17:15:00,G1112,3.5,3.7,3.3,4.4,4.1,3.5,9,7.2,10.7,7.3,6.4,9.7,7.2,4.3,4.4,3.3,4.2,5.3,6.1
2018/8/19,17:15:00,G1113,3.7,3.7,3.3,4.5,4.2,3.7,8,6.9,10.6,7.9,6.8,9.9,7.5,5.4,4.7,4.6,5,6.2,6.7
2018/8/20,19:00:00,G1101,1.5,1.4,2.1,1.7,1.7,4.8,4.2,3.9,4.9,5.2,5.2,3.7,4.9,3.3,2.7,1.3,0.8,2.9,4.2
2018/8/20,19:00:00,G1102,1.8,1.4,2.2,2.3,1.9,4.9,4.3,4.9,7.1,7.7,5.9,3.9,4.8,3.5,2.2,1.8,1.1,3.9,4.5
2018/8/20,19:00:00,G1103,2.6,1.4,2.3,2.8,2.5,5.9,5,5,11.9,8.3,8.3,5.3,4.2,4.6,3.7,2.6,2.3,3.7,5.2
2018/8/20,19:00:00,G1104,2.3,1.3,2.5,2.9,2.3,5.6,5.4,5.9,12.6,8.9,8,5,4.9,5,3.3,3.5,2.8,3.7,5.3
2018/8/20,19:00:00,G1105,2.2,2.2,2.8,4.1,3,5.2,6.8,7.2,11.4,9.4,8.8,5.7,7.2,6.9,5.1,5.1,4.4,5.4,5.8
2018/8/20,19:00:00,G1106,2.5,2.1,2.9,3.4,3.3,4.9,6.7,7.6,11.1,9,8.9,6.1,7.3,6.9,5.1,4,5.1,5.4,6.1
2018/8/20,19:00:00,G1107,3.1,2.3,3.2,3.3,4.3,4.6,6.4,7.8,9.3,8.5,10.2,6.8,6.2,7.1,6,6.7,5.6,5,6.4
2018/8/20,19:00:00,G1108,2.9,2.7,3.6,3.5,4.2,6,5.9,8.9,8.8,6.9,8.3,6.4,7.3,5.5,4.8,5.2,6.6,4.2,6.1
2018/8/20,19:00:00,G1109,3.1,2.8,3.8,3.8,4.5,5.8,3.5,8.1,4.3,6.8,8.4,6.3,7,4.9,4.9,5.8,6.4,4.1,4.9
2018/8/20,19:00:00,G1110,3.1,3,3.8,4,4.6,5.4,4.3,6.6,5.4,6.9,8,6.2,7,3.8,4.7,5.3,4.8,2.8,5.2
2018/8/20,19:00:00,G1111,3.1,3.3,3.6,3.9,4.3,4.9,6.1,4.4,7.9,6.6,6.4,6.7,6.3,3.8,4.3,4.9,3.8,3.6,6.4
2018/8/20,19:00:00,G1112,3.2,3.5,3.3,3.8,4.3,3.9,7.6,5.2,5.3,5.8,7.1,6.4,6.3,4.2,4.3,4.8,4.1,4.9,6.4
2018/8/20,19:00:00,G1113,2.9,3.2,3.1,3.6,4.4,3.4,8.8,3.9,5.4,5.8,5.6,6.3,6.3,4.6,4.4,4.3,4.3,5,6.8
2018/9/7,14:00:00,G1101,3.4,3.3,1.9,2.9,2,1.7,2.1,4.3,4.3,3.8,3.3,3.3,3.4,2.5,2.8,2.4,1.9,2.8,3.6
2018/9/7,14:00:00,G1102,2.8,3.3,1.9,3.4,2.8,1.5,2.3,4.6,4.4,6.4,6.2,4.8,3.9,2.9,3.7,3.4,3.3,3.1,3
2018/9/7,14:00:00,G1103,2.9,3.3,2.9,3.3,1.9,2.1,2.6,4.9,5.9,7.4,6,4.9,6.6,4.3,4.6,3.3,3.6,4.3,4.8
2018/9/7,14:00:00,G1104,3.7,3.2,2.6,3.3,2.2,2,2.9,5.1,6.1,8,6.1,4.7,5.1,4.3,4.8,4.2,3.8,4.2,4.8
2018/9/7,14:00:00,G1105,3.2,3.8,1.9,2.7,1.9,2.8,2.8,4.9,6.3,8.3,6.1,5.1,5.5,4.3,6.3,4.1,5.1,4.1,4.4
2018/9/7,14:00:00,G1106,3.3,3.1,2.5,2.8,1.9,3.7,2.9,4.6,6.1,7.9,6.2,6.3,7,5.1,5.7,4,3.8,4.8,3.7
2018/9/7,14:00:00,G1107,3.6,2.9,2.9,3.4,3.1,2.3,2.7,3.7,7.4,5.8,6.4,6.7,6.2,4.7,4.2,4.6,4.3,3.4,4.1
2018/9/7,14:00:00,G1108,3.3,3.3,2.1,3.6,2.8,2.3,2.6,4.9,5.6,5.6,5.9,6.1,6.1,4.8,4.3,4.4,4.1,3.2,3.6
2018/9/7,14:00:00,G1109,3.2,4,3.8,3.2,2.9,2.2,2.8,4.8,4.8,5.9,5.1,5.8,6.1,5,4.1,4.4,3.8,3.3,3.4
2018/9/7,14:00:00,G1110,3.8,4.1,3.1,3.3,3.3,3,2.8,4.1,4.8,5.3,5.2,5.6,5.7,4.6,4.2,4.3,4,2.9,3.2
2018/9/7,14:00:00,G1111,3.8,4.8,2.2,2.8,3,2.9,2.3,4.1,3.9,3.9,4.3,5.2,5.8,4.8,4.1,4.4,4.3,3.1,3.2
2018/9/7,14:00:00,G1112,3.9,4.8,1.8,3.1,3.1,3.1,2.8,3.9,4.5,4.3,4.2,5.3,5.9,4.8,4.2,4.4,4.3,3.3,2.7
2018/9/7,14:00:00,G1113,4,3.3,2.3,3.4,3.8,2.3,2.9,3.9,4.5,4.1,4.3,5.8,6.3,4.8,4.8,5.3,4.9,4.1,3.7
2018/9/14,17:35:00,G1101,0.7,0,0,0,0,0.8,0,0,1.3,1.6,1.9,2.7,2.8,2.2,1.6,1.5,2.3,1.6,2.3
2018/9/14,17:35:00,G1102,1.4,0,0,0,0.7,0,0,1.1,1.8,2.4,2.8,3.3,2.9,2.9,2.1,1.8,2.4,2.2,2.2
2018/9/14,17:35:00,G1103,0.6,1.2,0.2,0,1.1,0.4,0,0,2.1,2.8,3.5,3.5,3.2,3.3,2.8,2.9,2.9,3.1,2.1
2018/9/14,17:35:00,G1104,0.5,0.4,0,0,0.8,0,0,0,2.1,2.8,3.3,3.4,3.3,3.3,2.8,2.7,3,3.1,2.8
2018/9/14,17:35:00,G1105,0.6,0.4,0,0,0.3,0,0,0,2.2,3.1,2.8,3.3,3.4,3.3,2.9,3.1,3.1,3.3,2.9
2018/9/14,17:35:00,G1106,0,0,0,0,0,0,0,0,0.9,2.9,2.8,3.3,3.3,3.3,3.1,3.1,3.1,3.2,3.1
2018/9/14,17:35:00,G1107,0.8,0,0.3,0,0,0,0,0,0,2.3,2.7,2.8,3.2,3.3,2.5,2.3,2.4,2.8,3.2
2018/9/14,17:35:00,G1108,0.4,0,0,0,0,0,0,0,0,2.3,2.8,2.8,2.7,3,2.2,2.1,2.6,2.8,3.1
2018/9/14,17:35:00,G1109,1.8,0,0,0,0,0,0,0,0.6,1.4,1.7,1.9,1.7,1.9,1.7,1.3,1,1.4,2.6
2018/9/14,17:35:00,G1110,1.9,0.8,0,0.4,0.2,0.2,0.2,0,0.9,1.2,0.8,1.1,0.7,0.6,1.1,0.8,0,0,1.5
2018/9/14,17:35:00,G1111,0,0,0,0,0,0,0,0,0,0,0,0,0,0,0,0,0,0,0
2018/9/14,17:35:00,G1112,1.3,0.2,0.2,0.7,0,0,0.4,0,2,0.2,0.8,0.7,0,0.9,1.4,0.7,2.3,2.3,0.9
2018/9/14,17:35:00,G1113,0.8,1.3,0.6,1.9,0,0,0,0,1.4,0.8,0.2,0.2,0,1.1,0,0,0.7,2.3,0
2018/9/16,3:20:00,G1101,5.5,2.7,2.9,2.9,3.3,2.9,2,1.6,2.1,1.1,2.2,2.8,2.8,1.6,3.6,1.3,1.8,2.8,1.8
2018/9/16,3:20:00,G1102,2.7,2.6,1.8,1.3,3.3,4.6,1.7,2.7,1.6,1.8,1.8,1.3,3.6,2.4,2.8,2.3,1.7,1.3,2
2018/9/16,3:20:00,G1103,2.4,2.4,4.6,1.6,2.2,5.3,2.7,2.1,2,1.6,2.4,1.8,2.3,1.4,2.8,2.3,1.9,1.6,2.8
2018/9/16,3:20:00,G1104,5.2,3.4,3,2.2,2.1,7.5,1.8,2.2,2.8,1.9,1.5,1,2.5,1.5,2.4,4.8,1.8,2.7,2.2
2018/9/16,3:20:00,G1105,3.4,4.3,1.8,3.8,2.8,4.9,4.3,2.8,1.6,1.5,3.5,3.5,1.8,1.8,2.2,2.3,1.3,1.9,2.2
2018/9/16,3:20:00,G1106,2.5,2.8,1.4,1.7,2.7,1.8,7.3,3.2,3.7,2.1,5.7,1.4,2.9,2,2.4,2.9,1.4,1.3,1.4
2018/9/16,3:20:00,G1107,3.7,3.2,2.9,6.9,1.8,2,6.3,3.9,2,1.9,2.1,2.3,3.4,2.8,3.1,3.4,2.8,2.4,1.2
2018/9/16,3:20:00,G1108,2.1,4.5,6.6,2.5,4.3,2.6,2.4,2.5,9.6,1.7,1.4,3.1,1.6,2.3,2.7,3.2,2.3,2.5,2.8
2018/9/16,3:20:00,G1109,2.4,3.5,2.3,2.8,8.6,5.2,2.3,1.9,2.4,1.5,1.5,2.5,1.4,3.1,3.1,2.8,2.1,2.4,1.9
2018/9/16,3:20:00,G1110,2.7,4.1,3.5,2.2,2.9,4.3,2.6,3.9,2.3,1.5,2.4,5.5,1.8,2.8,2.5,2.9,2.6,2.9,2.6
2018/9/16,3:20:00,G1111,4.9,1.7,3.1,2.6,9.4,6.6,1.8,3,5.8,4.2,3.5,5.1,2.5,2.5,2.1,2.3,1.7,1.6,2.1
2018/9/16,3:20:00,G1112,3,2.3,2.2,2,4.7,8.4,2.4,3.2,2,2.2,2.7,3.2,2.4,2.9,2.5,2.8,2.1,2.5,1.6
2018/9/16,3:20:00,G1113,5.5,5.6,7.3,4.3,13.5,5.4,3.6,5.5,7.1,1.4,3.5,3,0.9,4.4,2.8,4.9,5.3,3.9,5.8
2018/9/16,5:50:00,G1101,5.7,2.7,9.8,7.2,4.4,4.4,4.3,1.4,3.1,2.1,3.8,1.4,4.1,2.7,1.4,2,3.3,2.9,2.7
2018/9/16,5:50:00,G1102,2.8,2,2.5,9.5,7.5,4,5.7,1.6,3.3,3.6,1.2,1.4,1.8,1.7,1.9,1.7,1.8,2.1,1.2
2018/9/16,5:50:00,G1103,3.4,5.1,5.8,14.5,8,2.8,4.8,3,1.4,4.1,5,4.7,1.8,7.2,2.4,1.9,3.3,4.1,2
2018/9/16,5:50:00,G1104,3.3,6.9,8.3,14.8,3.6,4.8,6.8,7.7,1.6,6.9,5.5,1.9,2,9.4,3.5,1.6,2.4,3.9,1.8
2018/9/16,5:50:00,G1105,6.7,3.7,1.9,4.4,3.9,8,6.1,2.4,1.8,5.4,3.2,2.3,4.2,4.9,2.3,1.5,2,1.6,2.8
2018/9/16,5:50:00,G1106,8.1,5.4,2.9,10.6,2.8,4.8,9.6,2.4,1.7,6.8,1.8,4.4,6.8,12.8,4.4,2.2,3.2,2.5,5.5
2018/9/16,5:50:00,G1107,3.9,13.3,11.6,9.1,2.6,3.9,8.8,2.5,4.2,8.4,12.3,5.1,4.4,10.1,2,1.6,6.5,3.6,6.8
2018/9/16,5:50:00,G1108,10.6,9.4,12,6,4.6,17,16.799999,2,2,7.5,2,3.6,9.8,6.4,10.3,2.1,4.6,7.9,4.9
2018/9/16,5:50:00,G1109,12.9,11.4,11.4,8.4,3.3,10.3,8.9,2.6,2.5,8.4,3,3,18.200001,4.2,7.9,1.7,4.3,6,2.7
2018/9/16,5:50:00,G1110,15.9,16.299999,17.9,11.1,2.3,15.2,14.6,5,13.3,5.8,2.6,2.2,20.1,4.3,6.4,5.8,1.9,14.1,8.9
2018/9/16,5:50:00,G1111,9.9,16.9,16.6,13,5.1,10.9,10.5,8.1,15.9,7.8,1.9,5.1,19.799999,7.3,8.8,8.9,7.4,12.3,8.2
2018/9/16,5:50:00,G1112,4.9,13.7,5.5,9.3,1.9,10.8,6.1,4.2,12.3,8.1,4.3,3.8,17,9,6.4,6.7,4.3,13.2,3.6
2018/9/16,5:50:00,G1113,9.3,14.5,15.3,16.299999,3.7,18.799999,9.2,8.6,18.5,1.6,5.6,6.9,19.299999,4.6,11.8,12.4,6.1,15.4,5.6
2019/2/18,11:45:00,G1101,9.8,9.2,4.2,1.7,2.3,3.7,3.1,3.7,4.2,1.1,2,5.1,2.9,1,1,2,0.9,0.5,4.9
2019/2/18,11:45:00,G1102,10.1,7.6,4.2,2,2.3,2.8,3,3.1,5.3,0.6,1.4,4.1,1.6,0.7,0.8,1.8,0,0.5,4.5
2019/2/18,11:45:00,G1103,9.1,7.9,5.6,2.6,2.8,3.4,0.9,4.6,5.8,1.3,4.7,3.8,1.2,1.4,1.4,2.8,2.7,0.8,4.9
2019/2/18,11:45:00,G1104,7.9,8.6,6,2.6,2.7,3.4,1.4,5.2,7.5,2.3,4.3,3.1,1,0.5,1.5,2.9,1.3,0.6,4.4
2019/2/18,11:45:00,G1105,9.5,7.9,7,3.3,3.4,4.3,1.6,6.6,6.9,1.3,2.6,2.1,1.8,3.7,2.4,1.9,0.2,1.2,1.2
2019/2/18,11:45:00,G1106,8.9,8.2,7.7,6.4,3.6,4,1.3,9.1,5.2,3,2.9,2,0.8,2.2,2.6,1.8,0.2,1.3,1.3
2019/2/18,11:45:00,G1107,9.9,8.9,10.1,5.5,3.9,2.7,1.2,10.3,8.4,6.2,6.1,5.4,2.6,1.4,2.5,3.1,2.2,0.8,1.6
2019/2/18,11:45:00,G1108,10.8,8.9,11.4,3.7,3.2,2.8,1.6,10.5,8.1,6.3,9.6,5.9,3.1,1.8,3.2,2.9,1.6,1,0.9
2019/2/18,11:45:00,G1109,11.7,10.2,9.8,2.8,1.4,1.4,1.5,10.5,9.5,5,10.1,5.5,4.6,2.5,7.1,3.7,0.4,1.3,0.8
2019/2/18,11:45:00,G1110,10.2,7.9,9.7,5,0.7,1.1,2,10.7,9.3,6.3,10.1,5.1,7.2,2.6,7.9,6.3,2,3.1,0.8
2019/2/18,11:45:00,G1111,9.3,9.3,9,8.8,2,0.5,2.5,11.2,7.9,8.4,9.4,5.4,8.2,2.1,8,6.9,5.6,5.2,0.8
2019/2/18,11:45:00,G1112,9.2,9.4,9,9.4,2.2,1.1,1.4,11.4,5.5,8.8,9.8,7.2,7.8,3.8,9.1,6.8,4.6,5.3,1
2019/2/18,11:45:00,G1113,9.8,9.1,10.6,8.4,2.3,1.2,1,10.3,4.3,8.1,9.7,9.6,9.7,5.3,8.5,7.3,5.6,6,1.4
2019/3/3,6:35:00,G1101,1.3,0,0,1.2,0.8,0,1.3,1,7,5.6,9.4,3.3,3.6,4,4.3,3.2,2.4,1.3,0.9
2019/3/3,6:35:00,G1102,1.4,0,1.3,1.3,1.6,0,1,1.4,7.4,6.1,9.4,3.5,4.8,3.1,4.8,3.1,3.5,1.2,0.4
2019/3/3,6:35:00,G1103,0,0.9,1.6,2.2,2.3,1.1,0.6,1.1,12.6,5.4,11,5.4,5.4,3.1,5.4,3.2,4.5,2.8,1.1
2019/3/3,6:35:00,G1104,0,1.3,1.8,2.1,2.3,1.8,0.8,0.6,12.4,5.5,10.1,5.3,5.8,3.9,4.9,3.5,4.2,1.3,1.7
2019/3/3,6:35:00,G1105,1.1,1.7,2,1.7,2.5,1.8,1.4,1.2,11.5,5.3,12.4,4.1,6.4,2.7,3.8,2.9,3.2,1.4,2.6
2019/3/3,6:35:00,G1106,1.2,1.9,1.8,1.8,2.8,1.8,1.4,1.2,11,8.6,16.9,4.8,4,3.4,5,4.4,3.3,2.1,1.3
2019/3/3,6:35:00,G1107,1.5,1.9,2.2,2.1,2.3,2,1.6,1,11.3,10.9,16.6,4.6,7.9,5.1,8.2,5.5,5,1.4,3.8
2019/3/3,6:35:00,G1108,1.7,2.3,1.8,1.7,2.7,2.2,1.7,0.8,10.9,12.7,16,4.1,8.9,5.9,8.4,5.9,5.5,1.8,1.7
2019/3/3,6:35:00,G1109,2.9,2.9,2.3,2.2,2.9,2.4,2.4,0.5,9.4,10.9,14.6,5.8,7.9,4.3,7.7,6.3,3.1,3.1,1.9
2019/3/3,6:35:00,G1110,3.3,3.3,3.1,3.8,4.1,3.8,3.5,1.3,5.6,12.9,15.7,6.7,8.9,8.4,8.9,8.3,6.1,2.3,2.7
2019/3/3,6:35:00,G1111,4,4.4,4.3,4.6,5,4.3,3.7,1.8,4.8,15.1,16.5,7.9,9.4,7.6,9.1,8.7,9,2.1,1.9
2019/3/3,6:35:00,G1112,4.6,5,4.4,5.2,5.1,4.8,3.9,2.8,3.6,15,17.799999,10.4,11.5,9.8,10.8,10.8,10.6,3.3,2.8
2019/3/3,6:35:00,G1113,6.3,5.6,5.8,6,5.6,5.4,5.1,3.7,4.9,13.6,15.7,14.3,11.6,12.1,12.8,12.5,10.1,6.4,6.7
2019/4/11,21:15:00,G1101,2.2,2.2,3.4,4.7,4.3,1.3,3.5,9.4,6.9,0.2,1.6,1.4,3.9,3.3,2.3,6.8,3.8,9.5,7
2019/4/11,21:15:00,G1102,3.4,3.1,4.4,5.5,4.9,2.6,3.3,10.1,6.5,0.7,3.1,1.5,3,3.9,1.9,6.4,5.4,10.7,8.9
2019/4/11,21:15:00,G1103,5.4,4.2,4.9,6,5.3,2.6,3,11.4,6.8,1.8,3.3,0.7,3.9,4.6,1.6,2.2,8.6,9.3,7.8
2019/4/11,21:15:00,G1104,6.3,5.9,5.3,6,5.7,2.8,2.4,11.8,6.4,1.4,3.9,0.8,3.5,4.1,1.9,2.3,8.8,9.3,8.3
2019/4/11,21:15:00,G1105,7.3,7.1,6.9,6.9,5.1,4.6,1.9,13.4,7.2,3.3,4.2,2.4,3.9,2.9,2.8,1.9,8.6,9.9,9.6
2019/4/11,21:15:00,G1106,7.4,6.9,8.1,5.8,5.8,3.9,1.7,14,7.5,8,4,2.8,3.8,5,2.4,5.5,9.4,12.1,9.7
2019/4/11,21:15:00,G1107,6.8,5.6,7.4,6.3,5.9,5.3,2.2,13.8,6.1,5.4,3.1,2,5.1,4.4,2.6,4,13.7,13.5,12.1
2019/4/11,21:15:00,G1108,6.2,5.7,6.7,6.3,5.1,4.7,2.4,14.1,5.8,5.1,3.2,1.9,5.4,5.3,3.1,4.3,13.9,13.1,12.1
2019/4/11,21:15:00,G1109,4.3,4.4,5.8,5.2,5.1,4.2,2.3,12.5,4.2,4.3,1.6,2.4,5.3,3.9,2.7,8.3,13.8,11.5,10.1
2019/4/11,21:15:00,G1110,3.7,3.6,4.6,4,3.3,4.3,2.8,13.7,8.9,1.9,1.8,3.8,4.5,2.4,1.7,12.5,12.1,12.1,9.2
2019/4/11,21:15:00,G1111,3.1,3.3,4.1,4.1,3,4.1,3.1,13.4,9.9,2.6,3.6,4.2,5.3,3.3,2,12.6,10.7,11,8.6
2019/4/11,21:15:00,G1112,2.7,3.3,3.8,3.8,3.8,4.7,3.2,12.2,10.3,2.2,4.1,3.8,5.5,4.5,1.5,8.8,10.8,11.1,7.8
2019/4/11,21:15:00,G1113,1.4,3.1,5,4.4,4,4.6,4.2,14.3,9.3,4.3,5,4.2,5,1.8,4.4,8.8,10.6,9.3,7.6
2019/4/19,12:00:00,G1101,2.5,3.1,4.1,1.7,2.4,0.8,1.9,1,3.1,2.1,3.2,2.3,0.9,3,1.4,2.6,2.7,2.5,4.3
2019/4/19,12:00:00,G1102,3.3,2.7,3.6,2.3,2,1.3,3.1,2.3,1.6,2.2,1.3,1.3,1.2,1.6,1.3,2.8,1.6,1.9,4.3
2019/4/19,12:00:00,G1103,4.4,3.9,4.8,2.8,2.4,1.3,2.1,1.3,0.9,2.2,2,3.1,2,3.9,1.6,1.3,2,2.9,5.4
2019/4/19,12:00:00,G1104,4.5,4,4.9,3.4,2,0.6,1.9,1.3,1.9,3.8,2,1.8,3.1,2.3,1.8,3.8,2.4,4.1,4.1
2019/4/19,12:00:00,G1105,5.9,3.9,5.4,3.7,2.8,0.9,2.1,2.1,1.6,2.3,4.5,2.5,3.1,2.3,1.4,3.6,1.9,4.8,3
2019/4/19,12:00:00,G1106,6.3,4.1,5.9,3.6,2.9,1.2,2.8,1.3,3.9,3.8,8,4.3,7.1,2.5,2.7,8,1.6,3.4,5.5
2019/4/19,12:00:00,G1107,7.8,5.3,6.6,4.1,3.2,3.2,1.5,1.5,1.5,1.4,10.4,6.3,6.3,2,4.8,5.4,2,2.4,8.5
2019/4/19,12:00:00,G1108,7.8,5.6,6.7,3.7,3.2,3.2,1,1.9,1.4,3.1,11.9,3.6,6.8,2.4,6.3,5.4,2.5,2.1,9.6
2019/4/19,12:00:00,G1109,7.9,6.4,5.9,3.7,3.3,5.1,2,2.4,1.6,2.7,12.4,1.5,5.8,1.8,3.7,3.5,1.6,2.4,5
2019/4/19,12:00:00,G1110,7.6,5.9,6.8,5.3,3.1,4.6,1.4,1.7,2.4,9.1,5.2,3.4,2.6,2.6,2.6,7.3,1.9,1.4,5.8
2019/4/19,12:00:00,G1111,8.4,7.5,6.3,5.3,4.3,6.1,1.4,2.1,5,9.9,5.1,3.8,4.6,2.7,3.3,9.1,1.8,4,4.1
2019/4/19,12:00:00,G1112,8.1,7.2,6.2,5.8,3.9,6.9,1.2,1.2,1.9,5.3,3.1,3.5,2.8,2,1.8,6.4,1.9,2.1,1.6
2019/4/19,12:00:00,G1113,8.1,7.9,6.3,6.2,5.3,6.9,1.3,2.1,4.3,8.5,4.1,4.8,4.1,5.4,5.3,10.8,4.3,5.2,6.1
2019/4/20,13:10:00,G1101,3.6,2.9,1.3,0.9,1.4,1.1,3.6,4.2,6.4,7.4,6.1,8.9,4.3,1,2.9,3.6,4.1,4.3,3.3
2019/4/20,13:10:00,G1102,3.2,2.9,1.8,1.2,1.8,1.2,4.9,3.8,6.7,7.9,7.8,9.6,5.3,1.3,3.9,5,4.9,4.9,3.6
2019/4/20,13:10:00,G1103,2.8,2.8,2,1.9,2.4,2.2,5.2,5.8,8.4,10.8,8.3,10.9,7.4,2.4,2.7,6.1,6.3,5.4,6.4
2019/4/20,13:10:00,G1104,3.9,3,2.1,2.7,3.3,2.9,4.9,3.9,10.2,11.8,9.1,11.6,6.9,3.1,3.1,6.3,6.7,6.1,5.9
2019/4/20,13:10:00,G1105,6,3.3,2.8,3.2,3.4,3.1,6.5,2.9,11.1,11.9,12.1,13.9,3.2,1.9,2.1,6.7,7.8,8.2,4.8
2019/4/20,13:10:00,G1106,5.4,3.7,3.1,3.8,3.8,3.6,6.3,4.8,13,12.3,12.9,14.4,5,3.6,3.7,7.6,8.5,8.2,6.1
2019/4/20,13:10:00,G1107,6.1,5.4,4.4,3.6,5.9,3.8,11.6,8.3,11.9,11.3,14.9,15.2,8.6,6.3,8.8,9.1,10.4,8.5,7
2019/4/20,13:10:00,G1108,5.3,4.8,4,4.1,4.9,3.6,8.8,8.8,12.4,12,15.8,15.4,9.1,6.5,8.4,9.3,10.6,9.7,6.8
2019/4/20,13:10:00,G1109,6.6,5.3,5.1,4.9,5.6,2.9,5.9,7.2,15.9,12.9,17.4,15.8,10.1,8.1,8.6,9.9,11.6,7.6,7.8
2019/4/20,13:10:00,G1110,7.6,6.9,6.3,5.5,5.4,3.7,9.3,6.9,16,13.2,17.9,17.299999,10.2,7.1,8.9,10.4,12.6,8.6,8.4
2019/4/20,13:10:00,G1111,7.8,7.4,7.3,5.8,6,5.4,7.9,5.3,16.1,16.9,19.299999,19,10.7,7.9,10.4,11.1,12.8,8.4,9.1
2019/4/20,13:10:00,G1112,8.5,7.7,7.3,5.8,7.4,5.1,6.8,7.6,15,16.200001,19.200001,19.700001,10.7,8.7,10.2,11.6,12,8.9,9.5
2019/4/20,13:10:00,G1113,10.3,8.5,7.7,7.1,8.8,5.8,5,8.8,14.5,16.200001,19,19.1,11.8,9.3,11.4,12.3,13.6,8.6,9.5
2019/4/27,1:40:00,G1101,0.5,2,1.9,2.9,3.8,1.8,0.8,0.7,1.6,2.4,3.9,1.2,0.9,3.6,0.7,2.3,2.8,2,3.2
2019/4/27,1:40:00,G1102,0.4,1.8,3.1,3.2,3.8,3,0.9,1,0.9,2.4,3.3,0.9,1.7,0.9,1.1,1.3,4.3,1.9,5.1
2019/4/27,1:40:00,G1103,0.2,1.8,4.2,5,5.5,2.7,1.1,1.8,1.1,5.5,2.9,1.3,4.1,1.2,1.8,1.4,5.4,2.8,4.8
2019/4/27,1:40:00,G1104,0.6,2.1,3.8,5.3,5.3,2.7,1.6,2.2,1.9,2.9,2.9,1.1,4.2,1.7,1.7,3.2,6.8,4.1,4.7
2019/4/27,1:40:00,G1105,0.9,3.3,2.8,5.8,5.3,4.1,2.7,2,1.6,2,1.8,1.1,4,6.8,1.8,3.2,5.6,4.8,4.3
2019/4/27,1:40:00,G1106,1.8,4.2,3.9,5.9,3.3,4.4,2.6,2.5,1.6,2.1,1.8,2.8,3.9,6.6,1.6,4.8,5.4,4.7,4.4
2019/4/27,1:40:00,G1107,3.6,4.4,4.3,5,4.6,4.6,1.1,1.3,1.9,1.3,2.3,4.3,6.3,6.5,6.9,5.4,5,4.3,5.8
2019/4/27,1:40:00,G1108,3.3,4.2,4.2,4.6,4.9,4.1,1.3,1.3,2,1.9,2.1,3.8,6.9,6.8,7.9,5.3,5.1,4.7,4.4
2019/4/27,1:40:00,G1109,4.2,3.8,4.4,4.6,6,5.2,1.3,1.5,1.4,2.1,6.5,5.8,6.9,7.9,7.9,6,6.4,5.4,7.6
2019/4/27,1:40:00,G1110,2.7,4.1,4.1,4.6,6,6.2,1.6,1.1,1.4,1.4,6.7,8.7,7.9,9.3,7.6,8.9,6.6,5.7,8.6
2019/4/27,1:40:00,G1111,3.4,4.1,3.9,4.6,5.8,5.3,3.6,4.3,1.6,6.7,5.1,8.7,8.5,10.7,9.3,7.6,7.3,7.2,9.1
2019/4/27,1:40:00,G1112,3.6,4.2,3.9,4.4,5.8,6.1,3.4,3.5,0.7,7.7,3.8,8.6,8.6,10.2,9,8.6,7.4,7.8,10.3
2019/4/27,1:40:00,G1113,3.2,3.8,3.8,4.6,4.8,6.1,3.7,4.3,0.9,5.8,6.7,8.6,8,10.1,8.1,9.3,8.1,8.2,8.8
2019/4/27,15:35:00,G1101,2.6,1.8,1.6,1.7,1.3,2,5.8,9.1,7.3,5.6,3.1,1.6,3,0,3.8,3.4,2.6,3.2,2.8
2019/4/27,15:35:00,G1102,3.7,1.8,2.3,1.7,1.7,1.9,7.7,11.1,7.7,4.9,3.6,3.3,3.3,0.6,3,5.1,2.8,3.1,4.1
2019/4/27,15:35:00,G1103,3.7,2,2.1,2.8,2.8,1.8,9.8,13.1,9.2,5.8,5.4,3.8,3.5,1.3,3.6,4.7,4.9,3.6,4.2
2019/4/27,15:35:00,G1104,3.4,2.5,2.5,2.8,2.9,1.7,11.8,14.5,9.8,6.3,6.5,3.9,3.9,1.9,3.9,4.5,5,3.5,4.2
2019/4/27,15:35:00,G1105,3.4,2.6,3.6,3.2,1.5,1.3,11.7,15.2,10.5,6.8,5,5.5,4.6,2.5,3.9,4.3,4.4,3.7,4.6
2019/4/27,15:35:00,G1106,3.3,2.9,2.9,3.3,2.3,1.4,11.8,15.8,10.7,7.5,5.5,5.6,5.6,3.1,3.4,4,4.4,3.9,4.1
2019/4/27,15:35:00,G1107,4.3,2.7,2.3,3.9,2.1,1.6,16.299999,15.4,9.6,10.9,6.8,5.3,5.7,3.4,1.7,2.6,3.2,2.9,3.6
2019/4/27,15:35:00,G1108,4.4,2.3,2,3.8,2.1,1.4,16.799999,15.2,10.6,10.2,6.6,6.8,6,3.7,1.5,2.6,2.9,2.1,2.8
2019/4/27,15:35:00,G1109,4.3,2.1,2.4,4,2.4,1.4,16.5,15.3,12.3,10.4,6.9,7.8,5.7,3.8,0,1.8,1.8,1.6,3
2019/4/27,15:35:00,G1110,4.5,2.5,3.6,3.4,2.8,1.8,15.1,16,12.2,10.1,7.8,7.7,6.3,4.9,1.1,0,1,2,3.2
2019/4/27,15:35:00,G1111,4.8,2.1,4.1,3.1,4.8,1.9,17.1,14.9,13.7,11.9,7.6,7.6,6.9,5.1,1.6,0,1.1,1,1.9
2019/4/27,15:35:00,G1112,4.4,1.8,3.9,3.6,4.9,1.8,16.700001,15.1,13.6,11.8,9.8,7.5,5.8,4.6,1.4,0,0,0.8,1.6
2019/4/27,15:35:00,G1113,4.9,1.3,4.2,4.3,4.3,2.5,16.9,15.8,14.7,11.5,10.7,7.7,7.1,5.7,1.1,1.9,0,0,1.8
2019/4/30,11:00:00,G1101,7.5,5.9,5.3,8,4.7,8.6,12,6,8.8,7.8,3.1,1.3,2.2,0,1.6,1.2,2.1,1.9,2.1
2019/4/30,11:00:00,G1102,7.7,5.1,6.4,5.6,5.8,7.4,13.8,7.7,9.2,8.1,3.2,1.9,2.1,0.6,1.6,1.3,2,2.9,3.1
2019/4/30,11:00:00,G1103,7.3,8.4,6.4,7.5,5.9,8.3,15.7,8.3,11.8,9.6,3.6,1.3,0,0.9,1.9,2.7,4.1,2.8,4.6
2019/4/30,11:00:00,G1104,7.4,8.5,7,7.5,6.7,10,17.799999,8.3,11.1,8.4,4.4,1.2,0.8,1.4,1.3,3.5,4.4,3.1,4.4
2019/4/30,11:00:00,G1105,8.1,6.9,8.4,8.8,9.1,8.8,17.299999,13.3,14.2,11.4,5.6,2.7,2.3,1.8,4.3,4.9,5,3.6,5.1
2019/4/30,11:00:00,G1106,8.8,7.4,8.5,9.6,7.9,9.4,16.6,14,14,12.6,6.4,3.1,3.4,3.3,4.2,5.4,5.3,5.4,5.8
2019/4/30,11:00:00,G1107,8.3,8.2,8.4,9.9,10.6,11.3,17.9,13.4,14.6,13.5,6.8,6.8,5.7,3.8,4.5,6.4,6.3,7.2,7
2019/4/30,11:00:00,G1108,9.2,8,8.2,10.6,10.3,10.4,17.6,14.7,15.1,14.3,7.3,7.3,5.6,4.8,5.1,7.3,7,7.4,7.5
2019/4/30,11:00:00,G1109,10,9.1,7.8,10.3,11.1,11.3,17.200001,16,16.6,14.6,9.7,7.9,5.9,8.1,6.9,7.3,8,7.7,8.4
2019/4/30,11:00:00,G1110,11.2,8.8,7.5,10.7,11.6,12.8,17.5,16.5,19,14.9,10.8,8.5,9.2,8.3,9.8,9.1,9.3,9.2,8.4
2019/4/30,11:00:00,G1111,11.8,11.1,7.1,11.8,12.8,13.3,17.799999,17.5,20.5,16,13.2,11.6,11.8,9.2,10.3,10.8,11.5,10.2,9.8
2019/4/30,11:00:00,G1112,11.3,11.7,7.6,12.3,12.6,13.8,17.6,16.799999,21.200001,16.200001,13.6,11.9,12.6,9.7,9.9,11.1,11.4,10,10.1
2019/4/30,11:00:00,G1113,12.5,13,7.9,12.8,13.8,14.5,18.6,16.700001,20.6,17.200001,14.2,12.3,14,12.3,10.7,11.7,11.8,10.6,11
2019/5/20,11:55:00,G1101,1.3,1.7,1.7,1.5,1.8,1.2,1.4,3,4.1,2.8,1.4,0.9,0.6,0.4,0.6,0,1.1,0.8,0.8
2019/5/20,11:55:00,G1102,1.4,1.8,1.7,1.6,2.1,0.6,0.8,2.8,4,1.3,2.7,2.2,0.7,0.7,0,2.4,0.6,0.6,0
2019/5/20,11:55:00,G1103,1.7,1.8,1.4,1.7,1.8,1.5,1.3,4.4,5,1.1,4.6,1.6,1.6,0.7,0.2,1.4,1.1,0.5,0.4
2019/5/20,11:55:00,G1104,1.9,2.6,1.1,1.3,1.9,1.5,1.4,4,5.1,0.9,4.1,1.6,0.8,0.8,0.5,1.3,0.7,0.9,0.6
2019/5/20,11:55:00,G1105,2.8,4,1.6,1.9,1.9,1.7,0.8,2.6,2.3,1.8,1.7,5.1,1.1,0.8,0.6,0.8,0.9,0.6,0.8
2019/5/20,11:55:00,G1106,2,2.8,1.9,2.2,1.8,2.1,0.6,4.1,4.2,0.3,2.8,5.3,0.9,1.3,0.6,0.5,0.5,1.6,0
2019/5/20,11:55:00,G1107,2.9,3.2,3.2,2.3,2.3,1.6,1.6,5.4,4.8,0.6,0.9,1.9,0.9,1.1,1.3,0.7,1.3,0.9,1.7
2019/5/20,11:55:00,G1108,2.7,3.7,3.2,2.3,2,2.1,1.7,6,6.9,1.1,0.9,0.9,0.8,0.9,1.3,0.6,0.9,0.8,1.3
2019/5/20,11:55:00,G1109,2.8,3.6,2.7,2.3,1.9,1.8,1.5,6.1,6,3.6,1.9,1,1.6,1.3,1.3,1.2,0.6,0.8,0.5
2019/5/20,11:55:00,G1110,3.5,3.8,3.3,3.5,2,1.7,1.9,5.6,8.6,4.8,2.3,1.1,1.5,1.9,2.4,1.1,1.6,1.2,1.4
2019/5/20,11:55:00,G1111,3.4,4.8,4.5,3.9,1.6,0.6,1.1,7.3,7.6,4.1,3.7,2.8,3.1,3.3,4.4,1.9,1.7,1.5,1.3
2019/5/20,11:55:00,G1112,3.3,5.2,4.8,4,2.1,1.2,1.1,7.9,7.1,4.8,4.5,4,3.9,4.4,4.7,4.5,3.3,2.9,2.5
2019/5/20,11:55:00,G1113,3.8,5.5,4.4,3.6,3.4,2.2,1.4,7,6.8,6.2,6.1,5.9,4.4,5.6,5.7,4.7,4.7,3.9,4.3
2019/5/20,20:45:00,G1101,1.6,1.4,1.5,1.3,0,1.3,0.6,6.4,6.7,6,1.5,1.3,3.1,6.3,5,2.3,4.3,3.3,1.7
2019/5/20,20:45:00,G1102,1.9,1.4,1.8,1.7,1.1,0,0.4,7.9,8.9,7.9,4.8,1.8,2.4,10.3,4.9,3.7,3.7,3.7,0.8
2019/5/20,20:45:00,G1103,2.5,1.9,2.6,2,1.5,2.2,0.7,3.3,10.1,8.4,7.4,1.9,5.2,11.3,5.6,2.8,5.3,3.4,1.4
2019/5/20,20:45:00,G1104,2.5,1.9,2.3,2.3,1.9,2.6,1.4,3,11.4,7.2,8.3,1.6,9.4,11.6,5.9,3.8,5.9,5.4,1.5
2019/5/20,20:45:00,G1105,2.3,1.9,2.7,2.8,2.1,2.2,3.5,4.7,11.4,7.9,7.9,1.6,6.4,12.3,6.3,5.4,5.1,8.1,1.8
2019/5/20,20:45:00,G1106,2.6,1.7,1.8,2.2,1.8,2.2,2.6,5.8,8.9,8.5,9.6,1.3,9.4,11.2,5.7,2.5,6.7,9.9,5.6
2019/5/20,20:45:00,G1107,2.5,2,1.8,1.9,1.4,1.4,4.2,5.8,10.8,11.9,7.1,2.9,11.1,11.1,6.5,1.5,9.1,10.5,6.6
2019/5/20,20:45:00,G1108,2.8,2.1,2,2.2,1.7,1.5,3.9,6.1,12.4,13,11.9,7,11.1,11.1,7.5,0.9,8.3,9.6,7.8
2019/5/20,20:45:00,G1109,2.8,2.4,3.1,2.3,1.6,1.6,4.4,9.3,12.1,12.9,11.3,8.7,13.6,10.6,5.6,1.6,9.8,10.3,7.7
2019/5/20,20:45:00,G1110,2.9,3.3,3.2,2.3,2.3,1.8,5.1,7.3,10.4,10.7,10.5,9.5,12.8,5.5,2.5,1.6,7.7,10.5,9.1
2019/5/20,20:45:00,G1111,3,2.8,3.7,3.7,3.1,2.3,4.3,6.3,6,8.2,12.3,7.1,12.2,7.4,4.4,7.6,7,7.5,8.8
2019/5/20,20:45:00,G1112,3.7,3.5,3.5,3.8,3.1,2.3,4.5,6.9,3,7.4,12.9,9.1,8.2,4,4.2,8.1,7.4,10.6,9
2019/5/20,20:45:00,G1113,4.2,3.6,3.6,3.4,3.4,2.8,3.5,7.3,2.3,6.3,12.9,11.3,9.6,6.6,4,2.3,6.6,10.2,8.8
2019/5/25,14:55:00,G1101,3.1,2.3,1.8,2.2,3.8,3.2,7.4,3,2.1,1.2,1.1,1.1,1.6,1.4,1.7,2.2,1.8,1.3,1.5
2019/5/25,14:55:00,G1102,3.1,2.8,2.8,2.8,3.8,3.5,6.9,4.9,2.7,1.4,1.5,1.8,2.2,1.6,1.9,2.4,1.9,2.3,1.9
2019/5/25,14:55:00,G1103,3.5,3.4,3.9,3,4.3,4,7.5,4.6,2.9,1.8,1.8,2.2,2.3,2,1.8,3.1,2.9,1.8,1.7
2019/5/25,14:55:00,G1104,3,3.2,4.2,3.6,4.3,4.1,5.3,4.5,3,2.1,2.2,3.2,2.8,1.8,2.3,3.4,3,2.2,1.8
2019/5/25,14:55:00,G1105,3.7,3.3,4,3.4,3.9,3.8,5.1,4.6,3,2.5,3.9,4.3,3.7,3.2,3.8,4.1,3.4,3.3,3.6
2019/5/25,14:55:00,G1106,3.8,3.6,3.2,3.4,3.4,4.6,6.3,5,3.3,1.9,3.8,4.8,4.2,3.9,4.5,3.6,3.8,3.9,5
2019/5/25,14:55:00,G1107,3.3,4.5,3.4,2.9,3.7,5.3,6.8,3.6,3.2,2.9,3.8,4.4,4.8,5.6,5.4,4.4,4,4.1,6.1
2019/5/25,14:55:00,G1108,3.3,3.4,3.4,3.3,5.1,5.6,6.4,3.9,3.3,3.1,4.9,5.1,5.4,5.6,5.8,4.7,4.6,4.3,6.1
2019/5/25,14:55:00,G1109,3,4.4,4.3,4.3,3.9,5.6,5.6,5.1,3.6,4.5,4.8,5,5.9,6.2,5.8,4.3,5.1,5.8,6.2
2019/5/25,14:55:00,G1110,3.2,4.6,3.6,2.6,3.7,5.5,5.7,6.6,4.1,5,5.6,5.5,6.1,6.1,5.6,5.2,6.1,5.5,6.3
2019/5/25,14:55:00,G1111,3.2,4.8,3.6,2.9,4.4,5.2,5.1,6.1,4.2,6.8,5.4,5.6,6.3,5,5.4,5.9,5.5,5.3,6.6
2019/5/25,14:55:00,G1112,2.8,4.1,3.6,3.1,4.3,4.7,5.9,7.4,4,6.7,5.7,5.8,6.1,5.9,5.1,5.6,5.5,5.8,6.2
2019/5/25,14:55:00,G1113,2.9,3.9,2.9,4.4,4.4,4.1,5.5,7.3,4.8,6.8,5.6,5.9,5.9,5.4,5.3,3.8,5.5,6.4,6.6
2019/6/2,14:30:00,G1101,3.4,6.2,5.8,4.3,6.3,4.2,5.4,5.3,6.4,4.4,5.8,2.3,3.2,2.9,3.2,2.3,2.8,3,3.8
2019/6/2,14:30:00,G1102,3.5,7.4,6.8,6.1,6.6,6.2,6.6,7.4,7.8,6.3,6,3.1,3.6,2.8,3.5,3.1,4.3,4.1,4.4
2019/6/2,14:30:00,G1103,4.4,7.8,5.4,5.9,7.4,5.9,7.4,8.8,10.1,8.4,4.9,1.7,3.9,3.1,4.4,5.1,4.4,4,5.3
2019/6/2,14:30:00,G1104,5.3,7.8,5.6,6.1,7,5.7,6.9,8.6,12.2,10.1,8.4,2.3,4.1,4.4,4.2,5.5,4.4,5.2,6.1
2019/6/2,14:30:00,G1105,5.9,7.7,6.8,6.6,8.5,6.9,7.8,8.7,12.7,11.6,9.1,4.9,4.8,5.6,4.7,6.3,5.6,6.4,6.9
2019/6/2,14:30:00,G1106,5.7,6.4,7.1,6.6,7.7,6.8,8.1,8.4,12.5,11.4,9.6,5.5,5.3,6.1,6.5,7.2,5.9,6.8,7.3
2019/6/2,14:30:00,G1107,6.6,8.1,7.9,7.2,8.4,6.8,7.9,8.6,13.9,12.3,11.5,6.1,5.2,7.4,7.9,7.9,7.8,8.7,8.6
2019/6/2,14:30:00,G1108,7.5,8.3,8,7.7,8.4,6.7,7.4,8.4,13.4,12.1,11,5.8,5.6,7,8.1,8.4,8.6,9.2,9.1
2019/6/2,14:30:00,G1109,7.4,8.4,8,8.2,9,6.7,7.6,8.4,12.9,12.3,11.2,5.7,6.4,6.4,7.6,10.3,8,10.9,9.6
2019/6/2,14:30:00,G1110,6.8,8.3,8.3,7.7,7.6,8.3,9.1,7.8,14.2,13,11.7,6.9,6.3,8.1,10.3,9.7,9.1,11.3,9.3
2019/6/2,14:30:00,G1111,6.9,8.2,7.9,7.4,8.4,8.7,8.8,7.9,14.3,14.4,12.8,8.7,7.4,8.3,11.1,11.3,10.9,11.5,10.9
2019/6/2,14:30:00,G1112,7.1,8.3,7.9,6.8,8.6,8.9,8.8,8.6,14.3,14.4,12.3,8.6,7.3,8.4,11.4,11.3,11.3,11.6,11.3
2019/6/2,14:30:00,G1113,8.3,8.7,8.5,5.8,9,9,9.3,8.2,15.3,14.8,11.9,9.1,7.9,9.8,13.1,11.7,12.3,12,11.8
2019/6/3,5:20:00,G1101,1.1,0.8,1.3,1.1,1.1,1.3,6,7.7,4.9,2.9,4.4,4.6,3.8,3.4,3.1,2.9,2.2,3.3,2.6
2019/6/3,5:20:00,G1102,0.9,0.9,1.2,1.2,1.6,1.3,7.1,8.1,4.5,4,4.6,5.4,3.8,3.2,4.1,2.5,2.3,3.8,3.1
2019/6/3,5:20:00,G1103,0.8,1.2,1.3,1.3,1.8,1.7,7.4,8.3,6.6,4.8,5.9,4.8,4.4,3.9,5,4,3.1,4.3,3
2019/6/3,5:20:00,G1104,1.3,1.6,1.7,1.6,2.1,1.9,7.4,8.6,6.8,5.2,5.5,4.4,4.6,4.1,5.4,3.8,3.8,4.6,3.4
2019/6/3,5:20:00,G1105,2.8,2.8,2.2,2.7,2.3,2.7,8.2,10.4,7.6,6.1,5.6,6.3,4.1,4.7,6.4,4.6,4.3,4.6,4.5
2019/6/3,5:20:00,G1106,3.2,3,2.9,3.4,2.9,3,7.9,10.3,8.8,6.5,6.4,7.3,4.8,6.6,6.9,6.3,4.3,5,4.9
2019/6/3,5:20:00,G1107,3.5,3.4,4.2,3.6,3.4,3.4,8.3,10.7,9.2,7.1,7.6,7.7,6.1,6.7,7.3,5.8,4.4,6.5,6.2
2019/6/3,5:20:00,G1108,3.5,3.8,4.2,3.7,3.5,3.7,8.3,10.2,8.9,7.2,7.7,8.1,6.7,6.9,7.9,6.1,5.3,6.6,6.2
2019/6/3,5:20:00,G1109,4.1,4.3,4.3,4.3,4.1,3.9,8.8,10.1,9.5,8.3,8.2,9.1,6.6,9.1,8.4,6.9,6.2,6.8,6.4
2019/6/3,5:20:00,G1110,5.3,4.5,4.4,4.6,5.2,4.5,9.9,9.9,11.6,9.1,10.2,9.1,8.1,9.1,8,8.1,9.8,8.2,7.6
2019/6/3,5:20:00,G1111,5.6,5.7,5.3,5.4,5.6,5.1,10.8,10.5,12.3,10.8,10.8,9.4,10.8,9.3,9.4,9.1,10.8,8.8,8.2
2019/6/3,5:20:00,G1112,5.8,5.7,5.5,5.3,5.4,5.2,11.4,10.5,12.6,11.6,10.9,10,9.7,9.8,9.9,9,10.9,9.4,8.8
2019/6/3,5:20:00,G1113,5.9,6.3,6.1,5.5,5.8,5.4,11.9,11.1,13.1,12.3,12.4,11.1,10,11.2,10.1,9.7,11.8,10.8,9.8
2019/6/10,17:25:00,G1101,3.8,4.3,4.6,2.8,3.1,3.7,2.8,15.6,4.6,8.5,6,3.5,1.2,1.2,1.6,1.9,1.5,1.8,0
2019/6/10,17:25:00,G1102,2.4,5.3,5.1,3.9,4.1,3.4,3.3,17.6,6.6,10.1,6.1,3.3,0.9,1.1,2,2.3,1.9,2.9,1.1
2019/6/10,17:25:00,G1103,6.5,6.6,6,5.3,4.9,4.3,3.3,18.5,6.2,10.9,8.1,6.1,3.3,1.3,1.7,2.8,0.8,2.8,1.2
2019/6/10,17:25:00,G1104,5.8,7.1,6.4,6.4,5.6,4.2,4.3,18.799999,6.1,11.9,8.8,6.4,3.3,1.2,1.5,2.9,0.7,2.3,1.3
2019/6/10,17:25:00,G1105,6.3,7.4,5.8,5.4,5.8,4.9,4.9,19.4,8.8,13.4,9.8,7.1,1.1,1.1,0.9,0.6,0.5,0,1
2019/6/10,17:25:00,G1106,5.9,7.9,5.9,4.3,5.8,5.1,5.8,22.200001,8.6,14,10.6,8.3,2.8,1.3,1.9,0.4,0.4,0,1.3
2019/6/10,17:25:00,G1107,7.1,7.8,6.1,6.9,5.7,7,6.3,19.4,13.7,13.4,11.3,7.8,4.2,3.1,3.3,2.5,2.5,2.3,2.4
2019/6/10,17:25:00,G1108,8.6,7.3,6.5,6.9,5.9,7.3,7.5,20,13.7,13.6,11.8,8.3,4.4,3.2,3.7,2.9,2.9,2.4,2.8
2019/6/10,17:25:00,G1109,8.9,7.1,5.9,7,6,7.3,8.1,22.6,13.3,15.1,10.7,5.1,5.3,3.4,4.4,2.8,2.9,2.9,3.3
2019/6/10,17:25:00,G1110,7.5,6.9,7.1,6.8,5.3,8.4,7.7,22.1,15.4,14.1,13.4,3,6.1,4.2,4.3,4.8,4.9,4.7,4.3
2019/6/10,17:25:00,G1111,7.8,7.2,8.6,7.9,7.8,6.9,9.4,24,14.6,12.9,15.2,5.5,7.9,5,3.1,6,5.9,5.7,5.7
2019/6/10,17:25:00,G1112,7.7,7.4,9.6,8.4,8.5,7.8,9.2,23.799999,15.1,15,15.8,5.1,7.4,5.6,3.2,6.2,5.9,5.8,5.6
2019/6/10,17:25:00,G1113,8.7,7.8,10.4,9.4,9.4,8,10.2,23.700001,15.7,15,16.200001,6.4,8.1,6.7,3.9,6.1,6.4,5.6,5.5
2019/6/11,9:25:00,G1101,1.4,0.9,0,0,0,1.9,3.9,7.6,7.1,2.7,1.9,0,1,3.1,1.4,0,0.9,1.3,0.5
2019/6/11,9:25:00,G1102,1.4,0.9,0,0,0,1.9,3.8,7.2,6.9,3.1,2.1,0.8,1.3,3.1,1.9,0.3,0.6,1.1,1
2019/6/11,9:25:00,G1103,0.8,1.2,0,0,0,2.3,3.8,8.4,6,3.4,1.9,0.4,2.3,3.1,2.3,1.4,0,0,0
2019/6/11,9:25:00,G1104,0.6,0.8,0,0,0,1.6,3.8,9.1,5.1,4.1,1.5,0,2.7,2.9,2.8,1.6,0.8,0,0
2019/6/11,9:25:00,G1105,0,0,0.5,0.3,0.2,1.4,3.9,9.8,7.6,3.6,1.4,0,3,3.6,3.6,2.2,1,0.6,1.6
2019/6/11,9:25:00,G1106,0,0,1.4,1.3,0,1.1,3.6,10.9,8.9,4.1,0,0,2.4,3.7,4.3,2.7,1.3,1.4,2.2
2019/6/11,9:25:00,G1107,0.8,1,1.6,1.7,1.6,0,1.4,13.2,7.4,4.8,2.8,1.3,2.3,4.2,5.2,3.4,2.2,2.6,2.7
2019/6/11,9:25:00,G1108,1.4,1.1,1.7,1.8,1.8,0.5,1.1,12.3,8.3,5.4,2.3,1.6,2.1,5,5.1,3.8,2.3,2.5,2.8
2019/6/11,9:25:00,G1109,2.7,2.7,2.6,2.4,2,1.5,0,12.1,8.4,7.2,2.6,0.9,2.3,5.6,5.7,4.1,3.1,3.3,3.2
2019/6/11,9:25:00,G1110,0.9,1.1,1.4,0.7,1.1,1.1,0,11.2,10.1,6.4,3.7,0,2.7,5.2,5.3,4.2,3.7,4.9,3.9
2019/6/11,9:25:00,G1111,1.1,1.1,0.9,1.2,0.4,0,1.1,12.1,11.3,7,3.8,1.1,3.1,5.6,5.1,3.7,5.6,4.9,6
2019/6/11,9:25:00,G1112,1.6,1.4,1.5,1.6,0.7,0,1.4,11.2,10.9,7.1,4.2,0.8,3.1,6.1,5,4,5.8,4.8,6.4
2019/6/11,9:25:00,G1113,2.4,2.7,2.7,2.1,1.8,0,1.9,11.6,11.9,7,5.2,1.9,2.9,5.6,5.1,4.1,6.1,5.8,7.9
2019/6/11,16:30:00,G1101,0,0.6,1.3,1.1,0.9,1,9.3,9,6.1,2.9,3.3,1.5,2.6,1.1,3.6,2.9,2,3.4,3.9
2019/6/11,16:30:00,G1102,0,0.4,1.5,1.2,1.1,1.3,9.6,9.3,6.5,3.4,3.4,1.3,3,1.8,3.5,3.1,2.4,3.6,4
2019/6/11,16:30:00,G1103,0,0.7,1.4,1.1,1.2,1.6,12,11.4,6.1,5.7,5.2,1.5,2.8,2,4.4,3.1,3.3,5.1,6.1
2019/6/11,16:30:00,G1104,0.4,0.9,1.5,1.2,1.3,1.8,12.4,12.1,6.1,6,4.4,1.9,3,1.3,3.8,3.6,2.8,5,6.4
2019/6/11,16:30:00,G1105,1,0,1.3,1.3,1.8,2.4,13.4,12.8,6.6,5.7,5,1.8,2.3,0.4,3.3,2.8,3.9,3.9,6.8
2019/6/11,16:30:00,G1106,0.6,0,1.4,1.1,1.8,2.5,14.8,13.9,7.3,6.1,6.2,1.8,1.2,0,2.9,2.9,3.7,4.3,6.9
2019/6/11,16:30:00,G1107,0.7,1.6,2.3,1.8,2.8,3.1,15,14.4,8,8.7,5.5,3.3,0.8,1.2,2.7,4.1,3.8,3.6,4.7
2019/6/11,16:30:00,G1108,1.2,1.9,2.6,1.8,2.9,3.4,15.1,13.4,8.6,7,5.8,2.7,1.5,1.9,3.1,4.4,3.7,4.3,4.8
2019/6/11,16:30:00,G1109,1.4,2.3,2.8,2.8,3.3,3.7,14.7,13.6,9.7,8.7,7.3,3.2,2.6,2.3,3.3,3.9,4.4,3.9,4.4
2019/6/11,16:30:00,G1110,2.9,2.9,3.8,3.7,3.7,3.7,15.2,12.5,8.3,8.2,7.4,5,2.3,3.6,3.3,3.8,2.9,4.2,3.3
2019/6/11,16:30:00,G1111,3.6,3.4,3.8,4.3,4.4,4.8,14.3,11.7,8.9,7.7,7.3,6.6,2.5,5,2.8,3.2,2.6,2.9,2.8
2019/6/11,16:30:00,G1112,3.5,3.6,4.1,4.4,4.8,4.9,14.2,11.1,8.8,6.5,7.6,6.2,3.9,5.7,3.4,3.2,2.7,2.4,2.7
2019/6/11,16:30:00,G1113,3.9,3.8,4.8,4.8,4.9,5.3,14.3,11.4,8.8,9.1,8.5,6.9,4.2,6.2,4.1,3.3,3.4,2.5,2.6
2019/6/13,7:55:00,G1101,1.2,1.7,2.7,2.8,3.8,2,3.8,4.7,5.3,11.2,6.1,1.8,1.3,0.5,0.9,1.1,1.6,1.7,2.2
2019/6/13,7:55:00,G1102,1.6,2.1,2.8,3.9,3.8,2.6,4.4,4.7,5.4,12.9,4.9,2.5,1.6,0.7,0,2,2,2,2.3
2019/6/13,7:55:00,G1103,2.8,3.4,3.1,3.4,3.9,3.3,4.1,5.9,5.3,11.9,9.2,1.9,2,0,1.1,2.8,2.1,2,2
2019/6/13,7:55:00,G1104,3.1,3.8,3.6,3.2,4.3,3.6,4.3,6.1,5,11.8,9.5,2,2.3,1.3,1.5,3,2.1,2.2,2.8
2019/6/13,7:55:00,G1105,4.4,5.3,6.1,4.3,5.8,3.4,3.8,7,4.6,12.4,8.4,4.5,3.3,3.1,2.8,3.1,2.9,2.9,4.1
2019/6/13,7:55:00,G1106,5.3,5.4,6,5.7,6.5,4.4,2.9,7.6,3.8,12.6,7.9,4.2,3.3,3.8,3.4,3.7,3.1,2.9,3.8
2019/6/13,7:55:00,G1107,4.8,4.2,5.6,5.8,5.6,5.2,1.8,8.2,3.6,12.3,9.8,4.6,4,5.3,4.8,5.8,4.3,4.6,5.4
2019/6/13,7:55:00,G1108,5.1,4.9,6.1,6.5,5.5,5.8,2.1,7.4,4.3,12.1,10.8,4.6,5.3,5.8,4.8,6,4.9,4.6,6.2
2019/6/13,7:55:00,G1109,5.5,5.3,6.4,7.8,7.1,6.1,2.7,6.9,5.8,12.7,11.3,6.2,5.6,6.9,5.6,6.9,5.8,6.4,6.7
2019/6/13,7:55:00,G1110,6.7,6.5,7.8,8.1,7.8,6.8,3.6,8.8,7,12,10.1,7.1,8,7.3,7.2,7.5,7.8,7.5,6.7
2019/6/13,7:55:00,G1111,7.3,7.7,8.7,9.4,8.1,7,5.3,11.9,8.7,12.4,11.6,8.8,8.9,8.6,8.3,9.8,8.6,8.9,8.6
2019/6/13,7:55:00,G1112,7.4,7.8,9.4,10.2,8.9,7.8,6,13,7.8,14.1,11,9.5,9.1,9,9.1,9.8,8.9,9.4,9.3
2019/6/13,7:55:00,G1113,8.7,8.3,9.8,11.1,10,8.9,6.4,13.4,10.6,14.5,11.1,10.7,10.7,9.6,9.3,10,10.1,10.1,9.7
2019/6/13,15:00:00,G1101,2.8,4.5,4.2,4.4,3,6.3,6.9,12.1,2.4,8,4.7,2.4,4.1,2.5,3.9,2.2,1.8,3.1,2.5
2019/6/13,15:00:00,G1102,3.8,4,3.7,4.4,4.8,6.5,6.3,9.8,3.2,7.6,5.1,3.8,3.8,3.4,3.7,2,2.7,3.3,3.4
2019/6/13,15:00:00,G1103,4.5,4.9,4.4,4.8,5.8,6.9,7,11.7,3.5,7.6,5.4,4.7,4.3,4.8,4.4,2.5,2.6,3.2,2.7
2019/6/13,15:00:00,G1104,4.7,4.4,4.3,4.7,5.6,6.6,7.4,11.4,2.8,7.8,5.2,5,4.4,4.7,4.8,3.9,2.7,3.1,4.1
2019/6/13,15:00:00,G1105,5.1,5.1,4.6,5.2,5.9,7.1,9.4,10.7,5.8,9.4,7.3,5.5,5.4,6.1,5.1,5.7,4.1,3.2,4
2019/6/13,15:00:00,G1106,4.7,5.5,5.2,5.8,5.9,7.6,10.3,11.5,6,8.7,7,6.5,5.6,6.1,5.4,6.9,4.6,3.2,4.6
2019/6/13,15:00:00,G1107,4.1,5.5,5.1,6.9,6.4,8.1,9.8,11.1,4.6,10.3,9.2,7.1,6.5,6.2,6.6,8,4.8,4.6,6.5
2019/6/13,15:00:00,G1108,4.8,5.5,5.8,6.3,6.7,7.8,10,10.1,6.9,10.4,9.1,7.4,6.6,6.4,7,8.1,5.2,5.1,6.8
2019/6/13,15:00:00,G1109,5.6,5.1,5.4,6.5,6.7,7.9,11.4,10.8,9.2,10.3,10,8.1,7.2,6.4,7.6,8.4,7.4,6.2,7
2019/6/13,15:00:00,G1110,4.9,5.6,5.3,7.8,6.7,8.9,11.4,12.2,9.6,10.3,9.3,7,6.8,6.3,8,7.8,9.3,6.2,8
2019/6/13,15:00:00,G1111,5.8,5.9,6.3,9.6,7.8,9.4,11.3,10.1,12.8,9,9.3,6.9,7.9,6.8,8.9,10.9,9.9,8.5,9.1
2019/6/13,15:00:00,G1112,5.5,6.1,7,7.6,8.1,9.3,10.9,9.9,12.3,9.8,9.3,7.1,8.1,6.7,8.8,10.8,9.8,9.1,10.3
2019/6/13,15:00:00,G1113,5.5,6.9,6.7,6.4,7.6,9.5,11.4,9.8,12,10.2,9.7,7.2,8.4,7.6,9.8,11.3,10.7,10.4,10.8
2019/6/18,10:20:00,G1101,2.7,3.4,3.9,3.4,4.3,4.6,4.3,7.4,5.9,2.4,3.2,3.4,2.7,3.9,3.3,3.6,1.6,1.6,2.9
2019/6/18,10:20:00,G1102,2.9,3.8,4.7,3.5,5.1,3.8,4.3,8,6.5,3.7,3.9,3.6,4.1,3.7,3,4,3,1.9,2.3
2019/6/18,10:20:00,G1103,3.1,4.4,5.4,4.1,5.1,5.3,4.6,8.3,5.4,3.9,4.3,3.7,5.3,3.6,3.1,4.4,3,2,3.4
2019/6/18,10:20:00,G1104,2.5,4.8,5.2,4.1,5.1,4.9,4.6,8.2,6,4.2,4.1,3.4,5.2,4.1,3.3,4.3,2.6,2.2,3.3
2019/6/18,10:20:00,G1105,2.9,4.9,5.6,3.6,5.6,5.3,6.2,8.2,7.2,4.2,4.5,4,5.4,5.1,4.2,4.5,3.2,2.5,3.2
2019/6/18,10:20:00,G1106,2.6,5.1,5.3,4,5.8,5.4,6.4,8.4,7.4,4.4,5.1,4.2,4.8,4.7,4.9,4.5,3.8,2.6,2.8
2019/6/18,10:20:00,G1107,3,5.7,5.7,4.3,5.8,5.1,6.6,8,7.4,6,5.6,3.9,4.9,6.2,5.2,4.7,4.6,2.9,3.9
2019/6/18,10:20:00,G1108,3.8,5.3,5.7,4.2,5.9,5.4,6.3,8.3,7.8,6.6,5.6,4.6,4.6,6.3,5.3,5,4.8,3.1,4.2
2019/6/18,10:20:00,G1109,3.9,5.4,5.7,4.8,5.9,5.3,6.4,8.2,7.6,6.3,5.8,5.1,4.9,5.7,5.2,5.4,4.3,3.4,4.4
2019/6/18,10:20:00,G1110,5.1,5.9,5.1,5.2,5.4,5.4,6,7.7,7.4,6.1,5.5,6.3,5.6,6.5,6.2,4.7,3.6,3.7,5.4
2019/6/18,10:20:00,G1111,5.1,5.3,4.8,5.3,5.4,4.9,5.9,6.2,7.3,6.5,5.7,8.1,6.8,6.7,6.2,4.7,4.3,3.9,5.6
2019/6/18,10:20:00,G1112,4.6,5.5,5.4,5.1,4.5,4.4,6.8,6.6,7,6.3,5.4,7.4,7.4,6.1,5.7,4.6,4.8,4.2,5.5
2019/6/18,10:20:00,G1113,4.8,6.3,5.3,6.1,5.1,4.8,6.5,7.3,6.7,6.6,6.3,8.6,7.4,7.2,6.2,5.3,5.4,3.9,5.3
2019/6/24,12:55:00,G1101,2.4,2.1,2.3,1.9,1.1,1.8,1.2,1.1,0.7,1.6,1.5,2.4,0.7,2.3,1.1,2.9,0,0.8,1.3
2019/6/24,12:55:00,G1102,3.8,2.8,2.9,1.9,1.8,1.8,2.5,0.9,0.5,1.4,1.1,2.6,2.5,3.8,0.9,3.3,0.5,0,1.2
2019/6/24,12:55:00,G1103,2.6,3.6,3.3,2.9,2.8,2.6,2.3,1.8,0.6,1.1,0.8,4.1,3.8,3.8,1.7,3,0.8,0.2,0.6
2019/6/24,12:55:00,G1104,3.1,3.8,3.1,3.6,2.8,2.9,2.7,1.5,1.8,1.5,0.6,4.6,4.1,5.2,1.1,2.3,0.4,0.8,1.1
2019/6/24,12:55:00,G1105,3.7,3.8,3.8,3.4,3.1,3.6,4.1,0.6,1,1.8,1.4,5.4,6.5,4.6,1.3,0,2.3,1.1,0.7
2019/6/24,12:55:00,G1106,3.8,3.9,4.2,3.8,3,3.7,4.7,0.4,0.6,0.8,0.2,6,4.9,4.2,3.3,0.2,4.3,3.6,0.2
2019/6/24,12:55:00,G1107,3.8,4.5,4.3,3.4,3.3,3.6,5.4,2.9,1.9,0.2,0.7,5.7,3.2,3.5,3.5,3.4,3.5,3,1.2
2019/6/24,12:55:00,G1108,4,4.2,4.3,3.3,3.3,3.4,5.1,4.3,2.1,0.4,1.2,5.1,3.3,3.1,3.5,2.7,3,2.5,0.6
2019/6/24,12:55:00,G1109,4.7,4.2,4.5,3.4,3.9,3.3,4.9,4.4,0.8,1,2.9,0.9,2.8,1.6,2.4,1.7,2.4,0.8,0.8
2019/6/24,12:55:00,G1110,5.1,4.2,4.5,3.9,4.9,3.8,6.1,4.3,2.1,0,1.8,1.9,1.6,2.1,5.2,1.8,3.1,2.8,1.9
2019/6/24,12:55:00,G1111,5.5,4.8,4.6,4,4.9,5,6.4,4.8,2.5,3.2,3.9,3.4,2.7,4.4,5.6,4.4,4.9,5.3,5.3
2019/6/24,12:55:00,G1112,5.8,4.9,4.3,4.6,4.8,5,6.2,5.1,3,3.9,3.9,3.4,3.6,4.8,5.8,4.7,5.8,5.6,5.6
2019/6/24,12:55:00,G1113,6.2,5.9,5.1,4.8,5.9,5.8,6.9,5.5,3.9,3.7,2.8,4.1,4.9,5.2,6.6,5.5,6.5,6.2,6.8
2019/6/29,10:45:00,G1101,3.3,3.5,4.3,3.8,4,3.6,4.9,6.1,3.4,1.4,2,1.9,2.8,1.8,1.4,1.7,2,1.9,2.1
2019/6/29,10:45:00,G1102,3,4.4,5.6,4.2,4.3,4.6,5.1,6.4,3.4,1.8,1.6,2.6,3.3,2.6,1.8,1.3,2.1,2.2,2
2019/6/29,10:45:00,G1103,2.9,4.8,5.3,4.7,4.8,5.5,6.8,8.3,4.4,2.5,1.2,3.1,3.8,2.7,2.1,2.1,2.3,2.8,1.6
2019/6/29,10:45:00,G1104,3.1,4.4,4.9,4.9,5.2,5.3,7.6,8.4,5.3,2.3,3.3,3.7,3.9,3.2,1.8,2.9,2.5,2.3,2
2019/6/29,10:45:00,G1105,4,4.3,5.2,5.8,5.5,6.1,8.3,7.7,4.3,3.6,4.3,4.2,4.8,3.8,1.9,2.8,2.6,3.3,2.8
2019/6/29,10:45:00,G1106,4.3,4.7,4.8,5.9,5.2,6.9,8.3,7.5,4.7,4.5,4.8,4.7,4.8,4.4,3.4,2.9,3.9,3.3,3.3
2019/6/29,10:45:00,G1107,5.1,5,4.4,5.9,5.4,5.6,8.9,7.3,5.6,5.1,6.3,4.9,5.5,4.8,3.8,5.1,5.1,4.8,3.6
2019/6/29,10:45:00,G1108,5.3,5.2,4.4,6.2,5.8,5.6,8.1,7.4,6.1,6.1,6.3,5,5.3,4.9,4.4,5.3,5.4,4.8,3.7
2019/6/29,10:45:00,G1109,4.8,5.6,4.3,5.7,5.3,6.3,8.3,7.4,5.9,6.3,6.4,4.8,5.7,5.8,5.1,5.9,6.1,5.6,4.6
2019/6/29,10:45:00,G1110,5.1,4.3,4.7,6,5.5,6,7.6,7.6,6.8,6.9,5.8,5.2,5.7,5.8,6.6,6.6,7.9,6.6,5.2
2019/6/29,10:45:00,G1111,5.6,4.8,6,4.8,5.6,6.1,9.3,8.2,7.3,6.4,6.2,5.2,5.4,NaN,NaN,NaN,NaN,NaN,NaN
2019/6/29,10:45:00,G1112,NaN,NaN,NaN,NaN,NaN,5.8,9.6,8.5,7.3,6.6,6.2,5.1,5.3,5.8,7.3,7.2,9.2,7.8,5.1
2019/6/29,10:45:00,G1113,5.6,5.7,6.6,4.5,5.6,6.3,10.4,9,8.1,6.9,6.2,5.2,5.3,5.8,7.4,7.3,9.5,8.8,6.1
2019/6/30,3:05:00,G1101,0,0,0,0.9,1.1,0.9,0.6,2.9,6.4,5.4,5.4,3.7,3.2,3.9,2.9,2.8,3.8,0.2,1.3
2019/6/30,3:05:00,G1102,0,0,0,0,1.1,0.9,0,3.2,6.4,5.6,5.3,3.9,4,4.1,3.8,4.3,3.8,0.8,0.3
2019/6/30,3:05:00,G1103,0,0,0,0,1.6,1.7,1,2.2,5.4,6.6,5.1,4.5,3.7,3.1,3.9,5.9,3.8,0.4,1.6
2019/6/30,3:05:00,G1104,1.1,0,0,0,1.6,1.7,1,1.9,5.1,6.6,4.8,4.3,4.3,2.9,3.4,5.6,2.8,0,1.5
2019/6/30,3:05:00,G1105,1.6,0.9,0.9,0.8,1.7,1.9,1.2,1.1,4.8,6.3,5.3,4.4,2.8,1.4,2.3,5.4,2.1,0.2,3.4
2019/6/30,3:05:00,G1106,1.6,1.2,1.2,0.6,1.4,1.9,1.3,1.1,4.5,6.6,5.2,3.3,3.6,1.6,1.6,4.5,1.6,2.1,3.2
2019/6/30,3:05:00,G1107,1.6,1.3,1.3,0.8,1.3,2,1.2,1.3,4.1,6.8,5.1,3.7,4.3,2.5,1.4,2.8,0.7,1.9,2.3
2019/6/30,3:05:00,G1108,1.6,1.4,1.3,0.8,1.3,2,1.4,1.3,3.7,7.2,5.2,2.9,3.9,2.8,1.4,2.7,0.8,1.8,2
2019/6/30,3:05:00,G1109,1.7,1.5,1.4,1.3,1.8,1.9,1.6,1.6,3.4,7.1,4.9,3.3,4.7,3.3,1.8,1.1,1.4,2,1.9
2019/6/30,3:05:00,G1110,1.7,1.4,1.6,1.3,1.8,1.8,2.1,1.7,4.2,5.7,4.5,3.3,5.1,4,2.1,0.9,1.9,2.3,2.4
2019/6/30,3:05:00,G1111,1.7,1.8,2,1.3,1.7,1.8,2.3,1.8,3,6.8,6,5.6,5.3,4.5,2.4,1,2.7,3.1,3.4
2019/6/30,3:05:00,G1112,1.6,1.4,1.7,0.9,1.3,1.4,2.1,1.8,2.2,6.9,6.6,5.3,5.7,4.3,2.7,1.1,3,3.3,3.6
2019/6/30,3:05:00,G1113,1.7,1.5,1.8,1.1,1.3,1.7,2.2,2.3,2.7,6.9,6.8,6.1,5.9,4.3,3.3,1.4,3.3,3.7,3.7
2019/6/30,10:20:00,G1101,2,1.9,1.1,2,1.2,3.7,4.7,3.8,3,5.2,3.2,2.2,2.1,2.2,1.1,2.3,1.1,NaN,NaN
2019/6/30,10:20:00,G1102,1.8,2.2,0.8,2.8,0.7,4.3,3.1,3.8,2.8,4.9,4.1,3.2,2.3,3.2,1.6,NaN,1.3,1.6,0
2019/6/30,10:20:00,G1103,1.9,2.7,0.9,2.1,1.7,5.4,4.4,NaN,3.3,5.6,4.4,3,2.8,3.1,2.5,2.4,1.7,1.8,1.1
2019/6/30,10:20:00,G1104,NaN,NaN,NaN,NaN,1.7,4.6,3.5,4.4,2.8,5.6,4.7,3.3,2.9,3.1,2.6,2.3,1.6,1.6,1.1
2019/6/30,10:20:00,G1105,1.7,1.6,1.4,2.1,2.1,3.3,4.1,4.7,4,5.6,4.9,3.6,3.1,2.7,2.3,2.3,1.6,1.3,0.9
2019/6/30,10:20:00,G1106,1.8,1.4,1.9,1.6,1.9,3.8,3.8,4.4,4.4,4.8,5.1,3.7,2.9,2.4,2.3,2.3,1.3,1.3,1.3
2019/6/30,10:20:00,G1107,1.4,1.5,1.4,1.1,3.3,4.1,3.7,4.2,4.1,3.7,4.8,4,3.1,2.7,2.1,2.3,1.4,1.2,1.3
2019/6/30,10:20:00,G1108,1.8,1.4,1.7,0.9,3.4,4,3.9,4.3,4.1,3.8,4.6,3.9,3.2,2.8,2,2.3,1.3,1.3,1.2
2019/6/30,10:20:00,G1109,2,1.6,1.3,0.8,3.1,3.8,3.8,4.1,3.8,4.1,4.2,3.8,3,2.8,2.2,2.3,1.6,1.1,1.3
2019/6/30,10:20:00,G1110,0.8,0.8,1.3,1.3,2.8,3.3,4,4.3,3.8,3.7,4.5,3.8,3.1,3,2.3,2.1,1.7,1.2,1.2
2019/6/30,10:20:00,G1111,1.2,0.7,1.7,1.4,2,3.5,3.9,4.3,3.9,3.8,3.4,3.5,3.2,3.2,2.3,2,1.8,1.3,1.2
2019/6/30,10:20:00,G1112,0.2,0.2,1.9,0,3.1,3.4,4,4.2,3.8,3.8,2.8,2.8,3.2,3.3,2.1,2,1.6,1.2,0
2019/6/30,10:20:00,G1113,0,0.9,1.2,1.2,3.1,2.8,3.3,4.2,4,3.8,2.3,2.6,2.3,3.3,2.1,2.1,1.7,1.1,0
2019/6/30,14:25:00,G1101,3.1,1.9,0.9,0,1.9,2.3,2.8,0,4.6,4.7,4.4,4,4.4,4.3,2.8,1.9,1,4.8,6.8
2019/6/30,14:25:00,G1102,2.6,1.9,1.6,0,1.8,2.2,2.8,1,5.1,6.5,7.9,5.4,4.4,4.6,4,2.9,1.8,4.7,7.1
2019/6/30,14:25:00,G1103,2.3,1.7,1.2,0,1.8,2.5,3.2,0.6,5.3,7.4,9,6.3,4.8,4.4,4.4,4.8,2.8,4.4,7.8
2019/6/30,14:25:00,G1104,2.7,1.5,0.9,1.2,1.8,2.2,1.4,0.8,4.6,8.7,9.2,7.1,4.2,4.3,4.3,4.9,3.1,4.8,7.3
2019/6/30,14:25:00,G1105,2.1,2,1.1,1.5,2.4,2.6,1.7,1.1,3.1,9.2,9.4,7.1,5.1,3.4,4.6,4.6,2.8,4.4,6.2
2019/6/30,14:25:00,G1106,2.2,2.3,1.4,2.2,2.5,2.3,1.7,1,3.7,8.5,9.5,6.7,4.4,3.8,4.3,4.3,3.7,4.1,6.4
2019/6/30,14:25:00,G1107,2.2,2.1,1.8,3.4,2.7,2.9,1.7,5.8,5.7,8.3,7.8,5.8,4.2,4.4,4.2,4.3,4,4.2,5.1
2019/6/30,14:25:00,G1108,2.2,2.4,1.8,4,2,3.1,1.8,6.8,6.4,7.9,8.4,4.5,4.4,4.5,4.2,4.3,4,4.1,4.8
2019/6/30,14:25:00,G1109,1.9,2,2.3,4,2.1,2.8,1.9,7.1,3.7,7.6,7.4,6.4,4.1,3.9,4.1,4.4,4.3,4.1,3.4
2019/6/30,14:25:00,G1110,1.9,2.7,2.1,3.8,1.8,3.6,2.3,8.3,4.3,7.5,7.6,4.7,3.7,4.3,4.1,4.1,4.4,3.7,2.8
2019/6/30,14:25:00,G1111,2.2,3.1,2.7,3.4,1.8,3.4,2.6,8.8,5.1,7.4,8.3,5.9,3.8,4.2,4.6,4.7,4.4,3.9,3.3
2019/6/30,14:25:00,G1112,2.6,3.1,2.6,3.8,2.2,2.9,2.6,7.9,5.8,7.3,7.2,5.3,4.6,3.8,3.3,4.1,3.8,3.8,3.2
2019/6/30,14:25:00,G1113,2.8,3.4,2.3,4.1,2.2,2.3,2.8,9.2,6.6,7.5,6.7,5,4.4,3.7,3.7,4.6,4,4.2,3.7
2019/7/3,15:05:00,G1101,2.6,5,4.5,3.6,4.7,3.8,3.9,4.3,7.9,4.5,4.4,5.3,4.6,4.9,2.4,3.1,2.9,3.4,3.7
2019/7/3,15:05:00,G1102,2.8,5.5,3.5,3.6,5.4,4.1,5.6,6.9,7.3,5.3,6.3,5.9,6.1,4.7,3.6,4.6,3.8,4.1,4.1
2019/7/3,15:05:00,G1103,4.3,4.8,4.7,5.3,5.9,5.4,7.2,7,6.6,6.2,4.4,6.1,5.5,4.9,3.4,4.4,4.4,5,4.4
2019/7/3,15:05:00,G1104,4.6,5.4,5.1,5.3,6.8,5,5.5,8.2,6.6,6.3,5.6,5.7,5.1,4.7,3.8,5.3,4.1,4.8,5.4
2019/7/3,15:05:00,G1105,5.1,4.8,4.9,5.1,6.4,4.2,5.8,9.6,8.1,5.4,6.3,5.3,6.3,5.6,4,7.1,5.9,5.6,5.3
2019/7/3,15:05:00,G1106,5.8,5.6,5.7,6,5.6,4.6,4.9,9.8,8.1,6.6,7.3,7.5,5.8,6.8,5.2,7.6,5.6,6.1,6.6
2019/7/3,15:05:00,G1107,6.9,5.2,4.5,7.7,6.4,4.8,5.3,9.8,11,6.7,6.6,5.5,6.5,6.1,6.3,6.3,6.5,5.5,7.1
2019/7/3,15:05:00,G1108,7.1,5.4,5.4,7.3,5.8,4.9,5.1,10.2,11.1,8.3,7.3,5.8,7.1,6.3,6.4,6.2,6.9,6.8,6.6
2019/7/3,15:05:00,G1109,7.2,5.8,5.9,7.4,5.8,6.4,5.9,12.3,11.4,10.3,7.2,8.1,6.5,7.6,7.4,6.8,7.1,7.9,5.6
2019/7/3,15:05:00,G1110,6.6,7.4,6.8,7.6,6.5,6.1,6.4,12.6,11.8,11.9,8.9,8.9,7.1,6.9,7.1,7.4,7.1,8.5,5.7
2019/7/3,15:05:00,G1111,6.8,7.5,7.6,8.5,7.9,8.9,6.9,13.3,12,11.2,8.2,9.4,8.8,8.3,9.5,7.9,8.9,8.9,8.3
2019/7/3,15:05:00,G1112,7.5,6.9,8,9.4,8,9.3,6.3,14.4,11.7,12.4,8.2,9.2,8.4,8.3,9.9,8.5,9.9,9.3,9.8
2019/7/3,15:05:00,G1113,8.8,7.2,7.6,8.4,7.9,8.8,6.9,15.1,13.2,13.4,9.9,10.9,9.9,9.1,9.7,9.5,10.8,10.7,9.5
2019/7/4,17:15:00,G1101,4.4,3.8,3.3,4.1,3.8,3.6,4.7,5.9,3.8,2.7,3.8,3.3,2.7,2.3,3.6,2.6,1.4,1.6,1.4
2019/7/4,17:15:00,G1102,3.2,4.6,4.6,5.1,5.4,3.3,5.3,6.9,4.2,2.9,4.3,4,4,1.8,3.7,3.3,1.9,1.9,1.8
2019/7/4,17:15:00,G1103,5,4.6,5.6,5.1,5.3,3.7,6.1,9.1,6.4,3.5,4.3,5.1,4.2,3.1,3.7,3,3.4,3.8,3.1
2019/7/4,17:15:00,G1104,5.1,4.8,6.9,4.8,6,3.8,6.6,8.9,6.3,3.8,5.1,5,4.6,4.3,3.8,3.9,2.6,4.3,2.8
2019/7/4,17:15:00,G1105,6.2,4.4,6.3,5,5.4,4.4,7.8,9.4,6.6,5.1,6.7,5.4,4.8,5.3,4.1,4.6,2.3,4.3,4.1
2019/7/4,17:15:00,G1106,5.8,5,6.7,6.1,5.8,5,7.8,10.2,6.9,6.9,7.1,5.4,5.6,5.4,4.1,4.7,2.7,3.8,3.4
2019/7/4,17:15:00,G1107,5.1,5.7,7.5,7.4,6.3,6.8,8.4,10.1,7,8,9.6,7.1,7.7,5.6,5.1,4.5,4.3,4.4,4.6
2019/7/4,17:15:00,G1108,6.3,6,7.1,7.3,6.3,7.1,8,9.7,7.2,8.6,9.5,7.4,7.5,6.7,5.1,4.8,4.2,5,4.8
2019/7/4,17:15:00,G1109,6.2,6.2,7.1,8.3,6.3,7.1,10.1,9.9,7.1,9.1,9.3,8.9,8,7.8,5.4,5.3,5.2,5.4,5.8
2019/7/4,17:15:00,G1110,5.6,6.2,7.1,7.7,6.1,8.1,9.8,10.2,7.9,10,10.2,9.2,7.2,7.3,6.7,5.3,6,5.6,5.8
2019/7/4,17:15:00,G1111,5.9,7.3,8.1,7.4,6,7.8,10.1,10.3,8.5,9.9,10,8.2,7.7,8.4,8,6.3,5.5,5.5,5.3
2019/7/4,17:15:00,G1112,6,5.8,8,7.9,6.3,7.9,10.4,10.1,8.9,10.3,10.7,7.9,7.6,8.2,7.6,6.6,5.8,4.9,6
2019/7/4,17:15:00,G1113,6.8,7.5,7.8,7.7,6.3,6.9,9.9,10.9,10.3,10.3,11.3,8.4,8.4,8.3,7.9,6,6,5.6,6.4
2019/7/10,6:20:00,G1101,2.9,3.1,4.6,4.2,2.2,3.3,3.6,4.1,2.8,2.6,4.1,4.1,3.1,3.5,1.6,1.7,0,1.4,1.6
2019/7/10,6:20:00,G1102,2.9,2.7,3.8,4.7,2.3,3.6,6.1,4.1,3.4,2.4,4.7,4.9,3.7,4.8,3.3,1.8,0.2,1.6,1.3
2019/7/10,6:20:00,G1103,3.4,3.9,4.8,4.9,2.6,3.4,6.3,4.6,4.2,3.5,5.2,4.9,4.5,6.3,5,2.4,2,0,0
2019/7/10,6:20:00,G1104,3.9,4.6,4.4,5.2,3.6,3.7,6.4,5,5.2,3.3,5.3,4.9,5,6,5.4,2.2,2.3,0,0.5
2019/7/10,6:20:00,G1105,5.3,4.8,4.4,5.3,2.8,4.9,6.7,4.6,6.6,4.5,4.6,5.8,5.3,6.7,5.6,3.5,2.7,1.5,0.9
2019/7/10,6:20:00,G1106,4.9,4.8,3.9,5.2,3.8,4.5,6.8,6.1,6.9,5.1,4.1,6.1,5.7,5.6,5.9,3.6,2.8,1.8,0.5
2019/7/10,6:20:00,G1107,6.7,5.5,6.3,6.1,3.3,3.4,5.8,4.6,6.6,6.4,9.1,6.3,6.3,5.3,8.4,4,3.1,2.9,2.7
2019/7/10,6:20:00,G1108,7,5.8,6.8,6.1,3.4,3.7,6.1,5.1,6.8,6.6,9.4,6.4,7.1,6.2,8.9,3.4,2.8,3,2.8
2019/7/10,6:20:00,G1109,6.8,6.9,7.9,6.8,2.3,5.2,6.9,4.8,7.3,7.3,10.3,6.7,7.5,6.9,7.9,3.6,3.9,3.9,4
2019/7/10,6:20:00,G1110,8.1,8.1,8.2,6.2,4,6.9,7.4,7.3,7.9,7.2,9.5,7.2,7.4,6.8,6.8,4.8,4.7,5.6,5.1
2019/7/10,6:20:00,G1111,8.3,8.6,8.7,5.3,3.4,5.9,7.3,7.9,9.1,7.6,11.6,8.1,8.7,6.5,6.4,6.1,6.3,7,6.4
2019/7/10,6:20:00,G1112,8.8,8.2,8.6,4.3,3.4,6.9,7.8,8.4,8.3,8.1,9.9,8.1,8.3,7.1,5.8,6.8,7.3,7.6,6.3
2019/7/10,6:20:00,G1113,8.6,8.6,8.4,4.6,2,7.5,8.3,9.1,11.4,7.7,10.2,9.1,8.1,7.6,6.7,7.7,8.4,9.1,7.6
2019/7/14,13:25:00,G1101,3.8,6.2,3.4,3.4,3.6,6.3,5.4,3.7,3.8,1.2,4.4,2.1,1.8,3.3,2.9,1.2,2.2,2.3,1.9
2019/7/14,13:25:00,G1102,4.2,5,5,5.5,3.7,6.9,5.8,4.9,4.1,1.2,3.8,2.7,2,3.7,2.7,1.1,2.7,2.3,1.7
2019/7/14,13:25:00,G1103,5,4.1,4.1,4.6,5.1,8.3,4.1,5.3,4.6,2.1,4.1,2.9,2.3,3.5,2.8,2,3.3,2.8,2
2019/7/14,13:25:00,G1104,5.3,3.8,5.2,4.3,5,7.3,6,5,4.7,2.1,4.1,3,2.9,3.1,2.8,2.3,3.2,2.8,2.7
2019/7/14,13:25:00,G1105,5.5,5.2,5.8,4.6,3.7,8.1,5.6,7.1,4.9,3.6,4,2.8,3.4,3.3,3.5,2.8,3.6,3.3,2.9
2019/7/14,13:25:00,G1106,5.1,4.8,6.8,5.1,7,8.5,6.8,7.3,6.1,2.7,3.9,1.9,3.5,4.1,3.6,3.4,4.2,3.3,3
2019/7/14,13:25:00,G1107,4.8,5.2,5.7,5.3,9.4,8.9,8.8,7.8,6.2,4.3,3.1,4,4.8,5.1,4.2,5,4.7,4.1,4.5
2019/7/14,13:25:00,G1108,4.4,5.4,6.2,5.5,9.1,8.5,8.9,8.3,6.3,4.6,3.1,4.2,4.9,5.3,4.3,5.3,4.9,4.1,5.1
2019/7/14,13:25:00,G1109,4.3,5.4,5.8,4.8,7.6,9,10.1,7.8,7.4,5.3,4,4.4,5.3,5.6,5,5.1,5.3,5.2,5.3
2019/7/14,13:25:00,G1110,5.1,4.9,6.8,5.6,7.2,9.1,9.9,7.5,7.1,6.7,5.2,6.3,6.8,6.5,4.4,5.9,5,6.8,6.6
2019/7/14,13:25:00,G1111,5.4,6.5,6.9,8.1,8.6,8.9,9.9,7.4,7.4,6.6,5.8,7.8,6.8,6.9,5.9,6.3,6.2,6.9,6.8
2019/7/14,13:25:00,G1112,5.8,6.4,6.9,7.3,8.3,9,9.5,6.8,7.2,6.9,6.7,8,6.7,7.3,5.8,6.4,6.6,6.8,7.2
2019/7/14,13:25:00,G1113,5.7,6.9,6.4,7.8,8.6,9.5,10.4,7.1,7.1,8.1,8,8.4,6.8,7.3,6.6,7.2,7.3,6.9,7.2
2019/7/18,17:10:00,G1101,2.8,2.6,6.4,4.2,5.6,5.3,6.7,9.6,6.3,4.3,1.9,1.9,1.7,2.2,1.8,1.8,1.6,1.5,1.6
2019/7/18,17:10:00,G1102,2.9,3.3,5.2,3.6,5.5,4.3,8.2,9.3,6.8,5.2,2.4,2.6,2.7,1.2,1.8,1.9,1.7,1.6,2.2
2019/7/18,17:10:00,G1103,4.4,3.5,7.6,5,6.1,4.5,8.4,12.1,7.4,5.1,3.1,4.8,4.5,0,2.1,2.8,2.4,2.1,2.6
2019/7/18,17:10:00,G1104,3.4,3.7,7.7,4.6,5.3,5.3,9.6,12,7.6,5.8,4.1,4.4,4.7,0.9,2.9,3.3,2.8,3,2.6
2019/7/18,17:10:00,G1105,4.5,4.4,8.2,5.7,6.1,5.4,10.1,9.9,8.1,6.6,4.2,5.3,5.8,2.3,3.6,4.5,4.1,3.3,3.4
2019/7/18,17:10:00,G1106,5,4.9,8.1,7.1,8.3,6,11.8,9.3,8.2,7,4.8,5.7,5.6,3.7,3.9,5.2,3.8,3.8,4.7
2019/7/18,17:10:00,G1107,4.9,7.8,7.7,8.6,9.7,6.1,11.7,11.1,8,8.2,4.8,5.8,4.9,3.3,3.8,4.6,3.7,4.1,4.6
2019/7/18,17:10:00,G1108,4.9,7.9,7.7,9,9.8,6.8,11.4,10.6,7.6,8.2,4.7,5.8,4.9,3.8,3.8,4.6,3.7,3.9,4.6
2019/7/18,17:10:00,G1109,5.3,6.4,7.9,9.5,10.5,7.1,11.1,11.3,7.8,8.9,6.5,6.8,4.7,3.4,4.2,3.8,3.5,3.8,4.2
2019/7/18,17:10:00,G1110,5.7,6.4,7.7,8.6,10.8,7.3,10.6,11.3,7.8,9.4,7.1,5.6,3.3,2.7,4.9,4.1,4.3,3.9,4.3
2019/7/18,17:10:00,G1111,6.2,5.9,7.8,9.3,10.7,8.2,11.9,12.1,6.3,8.8,7.2,6.2,3,2.1,4.9,5.2,4.8,4.9,4.7
2019/7/18,17:10:00,G1112,6.8,5.6,7.3,9.2,10.3,6.9,10.7,13.1,5.8,8.8,7.3,6.2,3.2,2.3,4.3,5.3,5.3,5.2,4.8
2019/7/18,17:10:00,G1113,7.3,6.9,8.1,9.8,10.1,8.6,10,13.3,7,8.8,7,4.8,3.4,2.6,3.8,5.5,5.5,5.7,4.9
2019/7/19,12:25:00,G1101,2.5,2.1,2.6,2.9,3.5,5.6,4.6,9.5,7.3,9.2,9.1,6.6,8.7,4.1,2.6,1.7,2.6,3,1.1
2019/7/19,12:25:00,G1102,2.9,2.6,3,3.3,4.3,4.8,4.6,10,11.7,10.6,9.8,9.1,6.6,10.8,2.8,1.1,3.3,4.5,0.6
2019/7/19,12:25:00,G1103,2.3,2.5,4.1,4.4,4.4,5.4,5,12.5,12.3,13.1,14.1,12.8,9.9,11.6,1.9,1.3,3,3.9,0.9
2019/7/19,12:25:00,G1104,2,2.7,3.9,5.1,4.8,5.1,4.4,14,15.6,13.1,14.7,12.2,10.4,9.2,2.3,1.7,3.3,2.5,0.8
2019/7/19,12:25:00,G1105,3.3,3.5,4.1,5.1,5.9,5.4,5.5,14.6,15.8,12.1,12.8,12.5,9.9,8.9,4.1,2.2,0.9,2.8,0.7
2019/7/19,12:25:00,G1106,3.6,2.9,5.1,4.9,5.6,5.2,6.5,14.8,16.700001,13.9,14.2,16,10.4,10.1,3.4,3.8,1.9,3.5,0.7
2019/7/19,12:25:00,G1107,4.2,3.4,5.3,4.6,5.1,5.3,7.5,15.6,18.5,18.9,15.8,16.299999,13.1,9.6,4.8,3.6,2.1,1.1,0.7
2019/7/19,12:25:00,G1108,4,3.6,5.3,4.8,5.1,5.1,7.5,16,18,21.299999,15.2,15.3,14.1,9.6,4.9,3.6,3.1,0.8,0.8
2019/7/19,12:25:00,G1109,3.7,3.8,5.4,4.7,5.1,5,6.8,15.2,17.700001,20.299999,15.8,13.3,13.4,9.6,4.7,4.4,4.4,1.1,2
2019/7/19,12:25:00,G1110,4.5,4.1,5,3.9,5.3,4.8,8.8,12.8,15.4,19.5,14.9,14.8,13.1,9,5.3,6.3,5.3,4.9,4.5
2019/7/19,12:25:00,G1111,4.2,3.9,4.3,4.4,6,5.1,8.6,11.1,15.1,20.4,15.2,14.1,12.5,10.3,6.4,6.5,6.2,6.7,6.6
2019/7/19,12:25:00,G1112,3.8,4.7,4.4,4.2,5.9,5,8.6,10.6,13.9,19.700001,16,15.5,12.9,10.5,7.3,7.9,6.3,7.4,6.2
2019/7/19,12:25:00,G1113,4.3,4.1,4.4,4.6,6.2,5.7,9.4,10.2,13.1,20.5,18,16.200001,14.8,14.1,9.1,8.7,7.4,8.3,5.9
2019/7/25,10:20:00,G1101,2.3,3.6,3.9,2.3,1.4,1.7,3.5,3.6,2.9,1.1,1.7,1.5,2.9,2.5,1.7,2.6,1.9,3.7,2.3
2019/7/25,10:20:00,G1102,2.1,3.9,3.2,2.4,1.6,2.3,4.7,4.3,3.1,1.4,1.6,1.8,2.2,2.8,1.9,3,2.2,3.2,2.9
2019/7/25,10:20:00,G1103,2.4,4.6,4.4,3.5,2.1,3,5,4.7,3.8,2.4,2.5,2.4,2.8,2.8,2.9,3,3,3.1,3.8
2019/7/25,10:20:00,G1104,2.9,4.4,4.4,3.5,3.3,3.2,5.2,4.9,3.8,2.4,2.1,2.3,2.9,2.9,2.8,2.9,2.3,2.9,3.3
2019/7/25,10:20:00,G1105,2.8,5.2,4.8,4.3,3.3,3.7,5.9,5.6,4.1,3.1,3.1,3,2.7,3.2,3.4,3.6,3.2,3.2,3.7
2019/7/25,10:20:00,G1106,4,5.3,4.7,4.4,4.6,4.1,4.8,5.6,4.2,3.1,3.4,3.1,3.5,3.7,3.7,3.1,2.7,3.3,4.2
2019/7/25,10:20:00,G1107,3.8,5.1,4.2,4.8,4.6,4.6,5.8,5.4,4.7,3.7,3.8,4.1,4.3,3.7,4.6,3.8,2.9,3.9,3.3
2019/7/25,10:20:00,G1108,3.3,5,4.2,4.8,4.4,4.3,5.5,5.6,4.7,3.5,3.6,4.3,4.5,4.6,4.5,3.9,3.2,4,3.3
2019/7/25,10:20:00,G1109,3.3,4.2,3.7,4.8,4.4,4.4,4.9,5.4,5.2,4,4.2,4.3,4.8,4.9,5.2,4.3,3.4,4.7,3.7
2019/7/25,10:20:00,G1110,3.5,3.7,3.3,4.8,4.6,4.4,4.3,5.7,5.4,4.7,4.3,5.7,4.9,4.7,5.1,4,3.6,5.4,3.9
2019/7/25,10:20:00,G1111,3.6,3.5,3.3,4.7,3.9,4.5,3.9,5.4,5.6,5.3,5.7,5.9,5.1,5.5,5.2,5.1,5.3,5.3,4.1
2019/7/25,10:20:00,G1112,3.6,3.3,3.2,4.3,3.5,4.3,3.8,5.4,5.8,5.4,5.6,6.1,5.2,5.7,5.3,5.3,4.8,4.6,3.8
2019/7/25,10:20:00,G1113,3.6,2.9,2.9,4.5,3.7,4.3,3.7,5.4,6.1,6,5.8,6.3,5.2,5.7,5.5,5.6,4.4,4.6,5
2019/7/29,17:10:00,G1101,2.8,3.9,3,2.3,3,2.3,7.2,6.4,4.1,3.3,4.9,4.3,2.7,4.3,2.3,1.6,0,1.7,4.3
2019/7/29,17:10:00,G1102,3.3,5.6,5.1,3.1,4.6,3.8,6.8,7.3,4.1,6.9,5.2,5.5,4.1,5.1,3.1,1.9,0,2,4.3
2019/7/29,17:10:00,G1103,3.3,6.5,4.9,3.7,5,5.7,9.1,9.7,7.7,7.5,5.6,6.5,4.8,5.9,3.1,2.1,0.6,3,4.6
2019/7/29,17:10:00,G1104,3.9,7,5.1,3.2,4.6,4.4,7.6,10.1,9,7.5,6.2,7.4,5.1,5.4,3.3,1.8,0,4.3,5
2019/7/29,17:10:00,G1105,5.7,6.7,5.8,2.3,5.3,5,9.8,11.8,10.8,8,9.1,7.8,7.7,5.8,2.9,1.9,1.5,4.7,5.2
2019/7/29,17:10:00,G1106,6.4,7,5.7,3.1,6.1,5.5,8.4,12,11.3,8.6,9.7,8.7,7.9,8,2.9,2.7,2.4,4.5,5.9
2019/7/29,17:10:00,G1107,6.1,6.3,4.3,6.2,4.5,6.5,9.4,13.3,13.4,8.6,10.9,8.4,7.8,8.6,2.8,4.2,3.9,4.9,6.3
2019/7/29,17:10:00,G1108,5.8,6.3,3,6.6,6.4,7,8.8,13.4,13.1,7.9,10.6,8.2,8.2,6.2,2.3,4.8,3.2,5,6.1
2019/7/29,17:10:00,G1109,7.7,6.8,4.1,7.8,7.1,6.6,9.2,11.8,13.6,12.2,11.5,7.7,8.8,8.1,3.7,5.1,5.3,5.1,6.5
2019/7/29,17:10:00,G1110,7.4,7.9,4.3,8.2,8,5.5,9.4,12.2,13.8,12.4,11.6,10,8.4,9.4,4.7,5.9,6,7.4,7.9
2019/7/29,17:10:00,G1111,7.6,7.7,5.8,8.2,7.6,4.7,9.8,11.9,13.7,12.3,11.3,11.6,7.8,9.4,5.1,5.7,6.2,8.1,8.6
2019/7/29,17:10:00,G1112,7.9,7.7,5.8,7.3,8,4.1,9.5,12,13.6,11.1,10.9,11.7,8,9.6,5.1,7.7,6.1,8.3,7.9
2019/7/29,17:10:00,G1113,7.8,6.6,6.1,8.2,7.1,5.1,10,12.1,13.6,11.1,10.9,11.9,9.1,9.9,4.8,8.7,6.4,8.7,9.2
2019/8/8,17:40:00,G1101,0,0.7,0.4,0.9,0.8,0.6,0,1.3,0.6,1.6,2.2,2.1,2.1,2.2,2.2,2.6,2.2,1.9,1.4
2019/8/8,17:40:00,G1102,0,1.1,0.7,0.8,1.1,0.4,0.4,1.4,0,2.3,2.4,2.1,2.2,2.4,2.3,2.9,2.5,2.1,1.7
2019/8/8,17:40:00,G1103,0.8,0.3,0,0.9,1.2,0,0,0.8,0,2.1,2.4,2.2,2.6,2.4,3.2,3.2,3.6,2.7,1.8
2019/8/8,17:40:00,G1104,0.7,0.6,0,1,1.3,0.7,0,0.8,0,1.8,2.5,2.2,2.6,2.5,3.4,3.4,3.6,3.5,2.5
2019/8/8,17:40:00,G1105,1.1,0.8,0,0.8,0.7,0,0.2,0.9,0.5,1.7,2.7,2.1,2.8,2.3,4.3,3.9,4.3,3.6,2.6
2019/8/8,17:40:00,G1106,0.7,0.8,0,0.8,1.1,0.2,0,0.4,0.5,1.1,2.4,1.9,2.9,2.3,3.8,4.3,4.5,4,3.7
2019/8/8,17:40:00,G1107,0,0.4,1.3,0.2,1.1,0.6,0.7,1.9,1.1,1.3,1.9,2,2.4,2.3,3,4.7,4,4.4,4.2
2019/8/8,17:40:00,G1108,0.4,0.4,1,0,0.9,0.2,0.8,2.4,1.2,1.4,2,2.3,2.6,2.8,2.9,4.7,4.1,4.2,4.3
2019/8/8,17:40:00,G1109,0,3.2,0.4,0.7,0.8,0,0,0,0,0,1.7,2.5,2.3,2.6,2.4,4.8,3.4,3.2,4.3
2019/8/8,17:40:00,G1110,0.9,2.7,1.3,0.9,1.1,1.1,0,1.9,1.3,1.6,2.2,2.6,1.9,2.3,3.3,4.5,3.2,3.8,4.3
2019/8/8,17:40:00,G1111,0.5,1.9,0,0.9,0.7,0,1.4,1.9,1.6,1.3,1.9,2.5,1.8,1.8,3,3.8,3.6,3.7,3.7
2019/8/8,17:40:00,G1112,1.2,1.2,1.5,0.9,0.5,0.7,1.1,2,2.2,1.7,1.9,2.7,1.9,1.7,2.3,3.4,3.6,3.8,3.5
2019/8/8,17:40:00,G1113,1.6,0.9,1.8,2.1,0.2,0.6,1.2,1.6,2,2.1,1.7,3.3,1.8,2.3,2.6,3.5,2.8,3.5,3.3
2019/8/8,21:05:00,G1101,1.4,2.3,1.1,0.8,1.8,0.7,0,1.3,7.9,11.5,6.3,5.3,2.8,3.4,3.1,5,2.8,1.3,0
2019/8/8,21:05:00,G1102,1.9,2.6,1.8,1.4,2.1,1.1,1.1,3.3,11.6,14.2,9.1,5.6,2.2,3.3,3.6,7,2.8,1.3,0
2019/8/8,21:05:00,G1103,2,3.2,2.3,1.8,2.1,1.3,0,3.2,12.2,15.5,9.9,9.2,0.8,3,4.1,7.3,4.8,2.4,0.8
2019/8/8,21:05:00,G1104,2,3.2,2.4,1.8,2.2,1.7,0,4.2,12.5,16.4,10.4,8.6,0.7,3,3.9,7.1,4.3,3.4,1
2019/8/8,21:05:00,G1105,3.4,3.1,2.3,2.4,2.7,2.2,0,7,12.6,17.700001,12.3,8.8,0.9,3.7,4.1,6.5,4.8,1.7,1
2019/8/8,21:05:00,G1106,3.3,3.6,2.3,2.1,2.8,2.7,0,7.7,12.8,15.6,9.9,7.8,3.7,4.1,3.8,6.3,4.8,5.1,1.6
2019/8/8,21:05:00,G1107,3.3,3.8,2.7,3.2,3.4,2.8,1.4,11.6,13.9,16,12.6,2.4,2.9,4.3,3.8,3.2,5.3,2.6,2.1
2019/8/8,21:05:00,G1108,3.8,4.2,2.9,3.4,3.6,2.8,1.1,12.6,14.4,17.299999,13.9,3.3,2.6,4.4,3.9,3.3,5.2,3.1,2.1
2019/8/8,21:05:00,G1109,4.8,4.9,3.5,4.4,4.4,2.9,1.6,11.8,13.9,16.4,13.1,1.5,3,5,4.4,2.8,4.5,1.8,1.8
2019/8/8,21:05:00,G1110,5.4,5.4,4.6,4.8,4.8,3.6,1.8,11.2,13.8,15.4,4.3,1.5,2.7,4.9,4.1,2.7,2.2,4.6,2.5
2019/8/8,21:05:00,G1111,5.3,5.7,5,5.7,5.4,3.9,2.9,8,13.6,12.1,6,2,1.9,4.9,3.8,2.4,1.8,3.8,2.1
2019/8/8,21:05:00,G1112,5.1,5.7,5.2,5.4,5.4,3.8,3.1,7.2,12.1,17,2.2,2.3,2.4,4.7,3.8,2.3,1.9,2.6,2.2
2019/8/8,21:05:00,G1113,5.3,6.2,5.8,5.7,5.8,5.4,4.3,8.6,13.1,13.1,2.4,3.3,6.3,3.9,4.6,2.3,2,1.5,1.9
2019/8/17,12:00:00,G1101,3.4,2.1,3.2,2.2,3.6,2.3,3.6,5.3,3.2,4.6,4,4.3,2.2,2.3,2.4,0.7,1.5,1.3,0
2019/8/17,12:00:00,G1102,3.4,2.5,3,2.4,4.3,3.2,3.4,4.9,3.1,5.5,5.6,5.9,3.1,3,2.9,0,1.8,1.4,1.1
2019/8/17,12:00:00,G1103,3.3,2.2,3.2,2.7,4,3.7,4.1,6.1,5,4.9,6.5,7.1,5.1,3.2,2.9,1.8,2.1,1.1,1.6
2019/8/17,12:00:00,G1104,3.2,1.8,3.2,2.8,3.7,3.6,4.1,5.5,5,6,5.6,8.5,5.8,3.3,3.1,2.1,1.4,1.1,1.4
2019/8/17,12:00:00,G1105,3.2,2.2,3.2,2.3,4.9,3.6,3.8,5.6,5.8,5.6,7.3,9.2,5.6,3.4,4.2,2.2,0,0,0
2019/8/17,12:00:00,G1106,3.1,2,3.2,2.3,5.4,3.9,4.4,6.3,6.8,6.2,8.9,8.8,5.8,3.5,4.1,2,0,0,0
2019/8/17,12:00:00,G1107,2.8,2.1,2.7,2.3,5.3,4.3,4.8,6.5,7.6,7.4,9,8.3,5.7,2.8,3.4,1.6,0.7,0,0.6
2019/8/17,12:00:00,G1108,2.9,2.1,2.8,2.6,5.3,4.3,5.2,6.6,7.8,7.4,9,8.8,5.7,2.8,3.5,1.5,0.5,0,0.5
2019/8/17,12:00:00,G1109,3.6,2.2,2.2,2.3,5.1,4,5.2,6.3,7.5,7.7,9.1,8.3,5.3,2.8,2.9,1.2,0.8,0.6,0
2019/8/17,12:00:00,G1110,3.6,3.3,2.9,3.9,5,4.2,4.7,5.6,7.2,6.8,9.1,7.9,5.2,2.9,2.3,1.2,0.7,0.7,0.9
2019/8/17,12:00:00,G1111,3.3,3.9,3.6,3.9,4.8,4.3,4.5,5.6,7.6,7,8.8,7.4,5.2,2.1,1.9,1.5,0,0,1.4
2019/8/17,12:00:00,G1112,3.3,3.8,3.7,3.9,4.9,4.4,4.4,5.5,7.6,6.9,8.8,7.3,5.2,2.3,2.1,1.9,1,1.3,1.8
2019/8/17,12:00:00,G1113,3.3,4.1,3.9,3.9,5,4.3,4.6,5.7,7.8,7.1,9.3,7.2,5.1,2.4,2,2,1.9,2.3,3.4
2019/8/18,12:50:00,G1101,4.3,5.3,6.6,6.8,4.9,3.6,5.6,10.2,2.5,3.4,4.9,5,3,2.6,3.1,2.8,1.9,4,3.1
2019/8/18,12:50:00,G1102,5.5,5.1,10.3,8.6,5.2,3.5,5.4,9.3,2.4,3.2,5.4,4.1,2.5,2.5,3.2,2.6,3.8,4.3,3.3
2019/8/18,12:50:00,G1103,6.3,7.2,8.1,8.1,4.3,3.9,6.3,7.4,3.6,6.8,8.6,4.9,2.2,3.8,4.4,2.8,4.2,5,3.3
2019/8/18,12:50:00,G1104,6.8,7.6,7.5,7.5,3.9,4.3,8.6,6.9,5.1,6.7,8.6,5,3.9,3.7,4.9,2.4,3.8,5.3,3.7
2019/8/18,12:50:00,G1105,6.4,8,7.9,8.1,3.3,6.4,10.8,11.1,7.3,7.1,9.6,6.1,5.3,4.1,5.7,4.4,4.4,6,4.2
2019/8/18,12:50:00,G1106,7.3,7.1,9,8.3,5.3,7.7,12.4,10.1,7.4,8.3,11.2,7.6,4.9,4.2,6.6,4.3,5.1,6.6,4.8
2019/8/18,12:50:00,G1107,8.1,8.2,10.5,9.9,7.1,8.8,12,11.4,10.6,9.1,12.6,8.2,5.7,5.3,9,5.1,6.9,7.2,7.3
2019/8/18,12:50:00,G1108,8.3,8.8,10.1,9.8,6.6,9.4,11.1,12.6,10.3,10.1,12.8,8.3,5.8,6.1,9.6,5.1,6.6,7.3,7.3
2019/8/18,12:50:00,G1109,8.2,8.5,9.4,8.6,5.4,9,11.9,15,11.3,10.5,13.5,6.7,7.1,8.1,8.9,6.8,8.3,9,7.3
2019/8/18,12:50:00,G1110,7.6,7.7,9.9,7.6,7.1,9.1,12.8,14.7,10.7,13.6,12.3,6.5,8.9,7.9,10.1,8.9,7.9,9.6,8.6
2019/8/18,12:50:00,G1111,8.1,7.9,9.8,7.3,8.9,9.1,13.9,15.4,13.1,13.4,13.8,9.7,10.3,10.9,10.6,10.1,8.8,10,8.9
2019/8/18,12:50:00,G1112,7.4,7.8,9.4,6.7,8.9,9.6,13.9,15.3,13.2,13.7,13.6,10.3,10.8,11.3,10.2,10.2,9.2,10.3,8.9
2019/8/18,12:50:00,G1113,6.8,8.3,9.6,8.2,9.5,10.1,14.6,15.3,13.9,12.5,14.6,11.2,11.2,11.4,10.7,10.3,10.3,10.7,9.5
2019/8/18,15:00:00,G1101,2,1.8,2.5,1.8,2.7,1.2,1.9,4.5,3.5,2.2,3.9,8.1,7.8,8.3,3.9,3.9,6.1,5.1,3.1
2019/8/18,15:00:00,G1102,2.2,1.7,2.4,2.3,3,1.6,2.1,6.4,2.7,4.3,4.4,9.6,7.7,8.8,7.4,4.4,6.4,5.3,2.3
2019/8/18,15:00:00,G1103,2.8,2,2.7,3.6,4,1.9,2.9,6.6,5.3,5.4,7.1,10.2,7.6,10.6,7.9,7.4,6.8,5.3,2.2
2019/8/18,15:00:00,G1104,2.9,2.8,3,3.7,3.3,2.1,2.7,6.6,6.4,5.9,7.2,10.4,7.8,10.5,7.3,8.7,8.2,5.6,1.9
2019/8/18,15:00:00,G1105,4.3,2.8,3.1,3.6,3.8,2.3,2.5,8.2,7.4,5.5,9.4,14.8,7.8,10.7,9,9.9,7.5,6.4,3.9
2019/8/18,15:00:00,G1106,4.1,3.1,4.3,4.1,4.1,2.8,2.8,7.8,9.1,5.6,10.1,14.5,8.6,10.9,9.4,10.8,8.3,6.7,4.5
2019/8/18,15:00:00,G1107,4.7,3.6,5.3,5.2,3.9,5.8,4.5,9.1,9,7.8,10.6,15.2,14,12.3,10.5,11.9,11.6,6.9,6.1
2019/8/18,15:00:00,G1108,5.3,3.5,5.8,6,4.6,5.5,5.3,9.4,9.2,7.5,10.8,15.4,14,12.8,10.8,11.5,11.9,6.3,6.1
2019/8/18,15:00:00,G1109,5.1,4.6,6.9,7.2,5.2,6.2,6.4,10.4,11.5,11.1,10.9,15.4,13.7,12.6,12.3,10.8,11.6,9.5,7.1
2019/8/18,15:00:00,G1110,6.1,5.5,6.6,7.7,5.9,6.1,6.5,10.6,12.1,12.3,11.3,16.4,13.8,12.6,11.9,10.8,10.8,7.9,8.1
2019/8/18,15:00:00,G1111,7.9,7.2,6.7,8.4,6.2,6.9,7.8,11,13.1,13.6,14.1,16.799999,13.3,13.4,11.8,10.6,10.6,9.3,7.6
2019/8/18,15:00:00,G1112,7.7,6.9,7.5,8.6,7.2,7.1,10.2,10.5,13.2,14.3,14.3,16.5,13.1,13,13,12.1,11.1,10.1,8.6
2019/8/18,15:00:00,G1113,8.4,7.8,9.3,8.3,8.1,9,10.5,11.5,14.5,14.9,14.6,16.9,13.5,14.1,12.8,13.1,11.7,11,9.4
2019/8/19,17:55:00,G1101,2,2.1,3.5,3.5,1.7,4.2,2.5,7.6,7.5,7.7,9.9,5.6,4.9,2.7,0,1.6,2.3,1.4,1.9
2019/8/19,17:55:00,G1102,1.7,2,3,3.7,1.8,4.2,2.9,8.4,8.6,9.8,9.2,5.7,4.6,3,0.6,1.6,2,2.2,2.1
2019/8/19,17:55:00,G1103,2.8,3.3,3.1,3.1,3.1,4.8,3.4,9.9,12.8,10.4,12.3,7.1,6.7,3.9,2.5,0,1.9,2.7,2.2
2019/8/19,17:55:00,G1104,3,2.9,3,2.6,2.8,4.8,3.7,10.6,12.3,10.3,10.9,8.5,6.9,4.1,2.9,0.4,1.8,2.8,2.3
2019/8/19,17:55:00,G1105,3.6,4.3,4.2,3.7,3.3,4.7,4.4,13.1,10.4,13.8,13.3,8.3,8.6,4.8,4.6,1.4,2.7,2.7,4.1
2019/8/19,17:55:00,G1106,4,4.3,4.2,3.8,3.2,4.9,4.6,12.4,9.2,12.2,13.5,8.8,10.2,5.2,4.8,2.8,2.9,2.9,5.4
2019/8/19,17:55:00,G1107,4.3,4.6,4.6,3.8,3.7,5.2,4.7,9.8,7.1,12.2,11.1,9.7,9.7,6.7,5.2,5,5.1,5.1,5.9
2019/8/19,17:55:00,G1108,4.4,4.7,4.4,4.1,3.7,5.3,4.4,11,7.4,10.8,11.8,8.8,9.3,7,5.5,5.1,5.9,5.4,4.6
2019/8/19,17:55:00,G1109,4.3,3.9,4.3,4.1,4.2,5.2,4.4,12.9,8.5,10.5,12.9,8.2,8.4,7.1,6.3,5.8,5.3,5.7,5.8
2019/8/19,17:55:00,G1110,4.2,3.7,3.9,4.2,5.2,5.2,4.3,11.1,9.1,8.3,12.9,10.1,9.1,6.8,6.6,6.1,5.9,5.4,5.3
2019/8/19,17:55:00,G1111,4.1,3.4,3.7,3.8,5.1,4.4,4.5,11.4,7.6,10.2,14.8,9.3,9.6,7,7.8,5.6,5.7,4.8,5.2
2019/8/19,17:55:00,G1112,4,3.6,3.4,4.1,5.2,4.2,4.3,9.5,7,9.8,15.4,9.8,9.8,7.4,8.1,5.9,6,5.1,5.6
2019/8/19,17:55:00,G1113,3.8,3.5,3.4,4.5,5.4,4.6,4.6,10.1,7,9.1,14.3,9.9,9.1,7.9,8.8,5.8,5.6,5.1,5.4
2019/8/20,16:40:00,G1101,3.3,4.1,3.3,3.3,2.3,3.5,3.8,5.3,3.4,3.8,3.5,4.4,3.1,3.1,3,1.2,2.2,2.1,0
2019/8/20,16:40:00,G1102,3.3,4.8,2.8,3.4,1.3,3.9,6.6,4.6,3.7,3.7,3.9,4.8,2.9,3.2,3,1.6,2.3,1.8,0.7
2019/8/20,16:40:00,G1103,4.4,4.9,3.6,3.1,1.8,4.3,6.5,5.6,3.6,4.2,3.9,5.3,5.1,4.5,3.6,2.2,2.9,2.4,1.8
2019/8/20,16:40:00,G1104,4.7,4.8,3.8,3.1,1.7,4,6.6,5.3,3.4,4.2,4.2,4.8,5.6,4.7,3.5,3.1,3.4,3.2,1.9
2019/8/20,16:40:00,G1105,5.1,5.1,4.4,3.3,3.3,4.1,6.3,5.1,3.2,4.9,4.1,5.5,4.9,5.1,4.3,3.7,4.3,4.1,2.9
2019/8/20,16:40:00,G1106,5.4,5.3,4.6,3.6,3.6,4.2,6.8,3.8,3.4,5.4,4.2,6.2,4.8,5.4,5.2,3.3,4.3,3.8,3.8
2019/8/20,16:40:00,G1107,5.7,5.7,4.7,3.9,4.5,4.2,5.7,3.9,4.8,6.4,4.3,6.3,5.5,5.3,5.2,3.8,4.7,4.1,3.3
2019/8/20,16:40:00,G1108,5.9,5.7,4.8,4.7,5.5,4.4,5.8,3.9,4.8,6.6,4.7,6,5.5,5.4,5.3,4.3,4.9,3.9,3.5
2019/8/20,16:40:00,G1109,5.7,5.9,4.5,4.5,4.1,3.6,4.8,3.6,5.2,6.5,4.9,5.6,5.7,4.2,5.3,4.7,4.3,3.9,4.2
2019/8/20,16:40:00,G1110,6.3,6,4.8,3.9,4,3.7,4.8,4.3,4.6,5.6,4.8,5.6,4.9,2.6,5.2,4.5,4.4,4.8,4.2
2019/8/20,16:40:00,G1111,6.4,5.5,4.3,4.3,4.4,4.3,4.5,4.7,4.5,5.2,4.3,5.3,3.5,3.6,4.4,4.3,4.5,4.2,4.7
2019/8/20,16:40:00,G1112,6.4,5.2,3.9,4.4,4.3,4.6,4.4,3.9,3.8,4.4,3.9,5.2,3.6,3.3,4.3,4.4,4.6,4.1,4.8
2019/8/20,16:40:00,G1113,6.6,5.5,3.6,5.3,4.7,4.7,4.3,4.7,4.2,4.6,3.2,5.3,3.3,3.9,4.4,4.8,4.9,4.7,5
2019/8/23,11:00:00,G1101,1.6,1.3,1.3,0,0,0,1.3,3.2,2.6,4.5,3.5,2.5,1.3,1.6,1,1.8,2.9,3.1,2.5
2019/8/23,11:00:00,G1102,1.3,1.7,1.8,0.8,0.4,0.8,1.5,2.9,2.6,4.7,3.7,3.4,1.9,1.7,2,2.4,3.4,3.1,3.4
2019/8/23,11:00:00,G1103,1,0.9,1.9,0.2,0.8,0,1.6,3.4,4.4,4.8,4.4,4.4,2.5,1.9,1.8,3.4,3.8,2.8,3.1
2019/8/23,11:00:00,G1104,1.3,1.3,1.2,0.4,1.1,0.5,1.3,3.6,4.4,4.9,4.5,4.3,2.7,1.4,2.5,3.7,2.9,3.6,3.3
2019/8/23,11:00:00,G1105,2.7,1.5,0.4,0.6,0.7,0.4,1.6,4.4,4.4,4.6,4.6,3.3,2.2,3.2,3.3,3.8,3.4,4.3,3.4
2019/8/23,11:00:00,G1106,3.1,0.9,0.6,0.7,0.6,0.8,1.5,5,4.7,5,4.6,3.5,2.3,1.7,3.7,3.8,3.6,4.8,2.8
2019/8/23,11:00:00,G1107,2.3,0.8,0.4,0,1.1,0.5,0.4,4.9,4.9,4.6,4.7,4.4,3.5,1.8,3.9,4.1,4.4,4.7,4.4
2019/8/23,11:00:00,G1108,2,0.6,0.4,0,1.5,0.4,0.9,5,5,4.8,4.6,4.4,3.8,1.6,3.8,4.4,4.5,4.4,4.6
2019/8/23,11:00:00,G1109,0.9,0.7,0,1.2,2,1.1,2.1,5.1,5.1,4.3,3.8,4.4,3.2,2.6,3.8,4.4,4.8,4.1,4.4
2019/8/23,11:00:00,G1110,1.4,2.1,1.1,1.7,1.8,1.1,1.4,3.7,4.4,4.3,3.7,4.2,2.8,3,3.6,3.8,4.7,3.8,5
2019/8/23,11:00:00,G1111,0,0,1,2.1,1.4,0.6,2.1,3.3,4.8,4,4.3,3.4,3.4,3.9,3.7,4.7,4.1,5,5.1
2019/8/23,11:00:00,G1112,0.8,1.1,1.4,1.8,2,1.1,2.7,2.2,3.9,4,3.6,3.1,3.3,3.1,3.5,4.2,3.7,4.6,5
2019/8/23,11:00:00,G1113,0.4,1.8,1.4,1.8,1.8,1.3,1.6,1.8,3.1,3.2,2.3,2.8,2.9,3.4,3.4,3.6,3.9,4.8,5.8
2019/8/25,1:00:00,G1101,2.9,4.6,2.5,3.6,2.8,4.6,2.3,8.9,4.1,6.5,9.3,0,1.5,0,0,2,1.2,1.1,0
2019/8/25,1:00:00,G1102,3.1,4.8,3.4,4.5,3.4,4.3,2.7,9.3,4.1,6.4,9.9,2.3,2,0.2,1.1,1.9,1.4,1,1.1
2019/8/25,1:00:00,G1103,4.5,5.7,3.9,5,3.9,4.6,4.6,10,5.4,6.3,10.2,4.6,3,0,1.1,1.8,1.8,1.1,1
2019/8/25,1:00:00,G1104,5,6,3.6,5.6,4.2,4.3,4,8.9,4.9,5.4,10,4.8,3.5,0,0.7,1.6,1.8,1.3,0.9
2019/8/25,1:00:00,G1105,5.3,6.5,6.6,6.5,4.3,4.6,7.2,7.9,6.1,4.1,9.9,5.8,2.4,0.4,0.2,1,1.9,1,0
2019/8/25,1:00:00,G1106,5.3,6.5,7.4,6.3,5.4,4.9,7.3,10,7.1,5,9.1,5.5,3.1,0.9,0.5,0,1.8,0.9,0.7
2019/8/25,1:00:00,G1107,8.8,7.1,8.8,7.9,7.4,4.9,7.3,10.7,5.8,6.3,9.8,6.1,0.5,0,1,0.8,0,1.4,1.1
2019/8/25,1:00:00,G1108,8.7,7.3,8.4,8.8,7.4,4.9,9.2,10.5,7.3,6.3,9.4,5.9,0.7,0.2,0.9,0.4,0,2.1,1.5
2019/8/25,1:00:00,G1109,8.9,7.3,9.3,8.6,7.5,6.4,9.4,8.8,8,7.2,10.3,5.6,3.1,1.2,0.2,0,2.9,3.6,3
2019/8/25,1:00:00,G1110,9.4,7.8,10.8,12.9,8.6,6.8,8.6,8.9,10.9,4.9,9.5,5.9,3.9,4.8,0.3,3.3,5.8,6.1,5.5
2019/8/25,1:00:00,G1111,9.9,9.5,10.6,11.8,7.4,8.4,9.6,11.1,11.8,10.4,6.5,1.8,4.6,5.8,3.6,6.2,7.3,6.9,6.1
2019/8/25,1:00:00,G1112,11.1,9.8,11.1,12,8.3,7.4,10.5,11.1,11.5,9.9,5,1.4,5,5.4,4.7,7.1,7.4,7.2,6.6
2019/8/25,1:00:00,G1113,10.2,9.6,11.1,10.4,8.4,9.9,9.1,12,11.9,9.4,4.4,2.4,4.8,5.3,6,8.1,7.8,7.4,6.6
2019/8/26,15:40:00,G1101,3,3.1,3,2.7,2.6,2.7,3.8,5.9,5.9,2,0,1.1,0,0,0,0.5,1.1,1.6,1.8
2019/8/26,15:40:00,G1102,2.8,3,2.9,2.3,2.9,3.2,4.7,6.6,5.6,1.3,0.2,0.8,0,0.2,0,0.7,1.2,1.7,1.8
2019/8/26,15:40:00,G1103,2.8,3.3,3.3,2.7,3.3,3.8,5.7,7.6,5.4,2.3,0.9,0,0.6,0,0,0,1.3,2.2,1.8
2019/8/26,15:40:00,G1104,3.1,2.9,3.4,3.1,3.2,3.6,5.7,6.9,5.3,3.1,1.3,0,0,0,0,0.7,1.3,1.9,1.8
2019/8/26,15:40:00,G1105,4.4,2.8,3.1,3.2,3.6,3.6,9.6,6.3,5.9,3.3,0,0,1.1,1.5,0.5,0.8,1.5,1.6,1.8
2019/8/26,15:40:00,G1106,4,2.6,2.8,3.4,4.3,3.5,11.8,6.3,6.1,3.2,0.3,0,0.8,0,0,0.8,1.6,1.3,1.5
2019/8/26,15:40:00,G1107,3.8,2.2,4.4,3.2,4.1,3.7,11.7,7.7,7.1,3.3,0.9,1,0,0,1.5,1.1,0.9,1.4,0.9
2019/8/26,15:40:00,G1108,4.4,2.9,3.3,3.1,4.2,3.7,11.2,8.3,7.4,3.3,1,0.8,0.6,0.8,1.9,1.3,1.1,1.3,1.1
2019/8/26,15:40:00,G1109,3.9,3.1,4.1,4,4.3,4.4,10.1,10.2,7.8,4.2,1.7,1.7,1.7,1.7,2,1.5,0.9,0.9,1.3
2019/8/26,15:40:00,G1110,4.4,3.4,4.2,4.5,4.5,4.5,6,11.3,8.3,3.8,2,1.6,1.8,2.2,2.5,1.6,1.6,0.7,1.3
2019/8/26,15:40:00,G1111,4.6,3.8,4.4,4.6,4.6,5.4,7.5,10.5,8.1,4.9,3.8,3.3,3.1,2.8,2.8,2.3,2.4,1.6,1.8
2019/8/26,15:40:00,G1112,4.9,4.3,5.8,4.9,4.8,5.9,8.2,10.6,8,5.1,4.4,3.7,3.1,2.3,3.2,2.6,2.3,2.4,2.8
2019/8/26,15:40:00,G1113,5.8,5.3,5.6,5.2,5.3,6.3,10.1,11.8,8.1,5.8,5.4,3.8,3.2,2.4,3.6,3.1,3.3,3.3,2.9
2019/8/29,15:40:00,G1101,4.6,4.5,4.3,5.1,4.1,5.4,5,6.4,7.6,4.7,4.1,4.6,6.5,5.2,5.9,5.4,2.3,2,1.7
2019/8/29,15:40:00,G1102,5.1,4.6,4.5,7,4.5,7.2,6.4,7.8,6,5.8,5.5,5.2,7.4,6.1,8.1,6.8,3.3,1.8,2.1
2019/8/29,15:40:00,G1103,5.3,4.1,5.6,6.6,6.2,6.1,5.9,9.6,7.6,6.4,5.4,6.1,8.5,8.3,9.2,5.3,4.4,3.2,3.3
2019/8/29,15:40:00,G1104,5.8,4.7,5.1,6.1,6.8,5.7,5.8,9,7.6,6.4,5.8,6.4,9.2,7.4,8.9,4.6,3.9,3.3,4.1
2019/8/29,15:40:00,G1105,4.9,5,6.8,6.7,6,6.5,6.7,8.8,8.6,7,5.6,8.8,10.5,9,9.3,7.1,5.5,4.6,4.9
2019/8/29,15:40:00,G1106,4.3,4.6,5.9,6.2,6.6,5.9,6.4,7.4,6.3,7.2,7.7,9.4,9.6,8.6,9.2,9.6,6.8,3.9,5.2
2019/8/29,15:40:00,G1107,4.2,4.6,6.3,6.4,5.5,7.6,5.9,7.1,9.1,8.3,8.3,8.9,9.3,7.8,9.8,13.2,7.3,4.9,5.3
2019/8/29,15:40:00,G1108,5,5.2,7.9,6.3,5.9,8.2,6.9,6.1,8.5,8.6,9.9,8.4,9.1,10.9,10.1,13,6.6,5.8,4.8
2019/8/29,15:40:00,G1109,5.1,5.4,8.1,3.7,7.2,7.4,6.1,5.9,7.8,8.5,10.1,8.8,10.4,10.4,12.8,12.4,7.1,7.3,6.2
2019/8/29,15:40:00,G1110,6.1,5.9,4.4,5.6,6.8,6.9,6.4,6,7.2,8.6,9.9,10.5,11.9,12.9,11.5,12.9,7.1,8.2,7.7
2019/8/29,15:40:00,G1111,5.7,7.7,7.6,3.5,6.5,4.8,6.1,6,9.1,7.7,10.1,11.6,10.4,10.6,9.6,11.3,9.1,8.4,8.2
2019/8/29,15:40:00,G1112,5.3,7.3,5.8,5.9,5.9,5.3,5.8,6.5,8.4,7.8,10.1,12.6,11.8,11,10.3,12.6,9.8,9,8.7
2019/8/29,15:40:00,G1113,4.8,6.1,6.7,4.9,5.8,5.4,6.3,6.8,7.8,7.8,10.4,10.7,11.3,10.8,10.5,11.8,10,9.3,9.4
2019/8/31,15:40:00,G1101,2.6,2.2,0.4,1.7,0,0.6,1.7,2.2,0.8,1,0.7,4.7,1.3,0.9,0.8,1.2,0,2.3,3.6
2019/8/31,15:40:00,G1102,2,2.8,0,1.7,0.8,0.2,0.8,1.3,1.6,1.3,0.8,1.6,1,0.9,2.1,1.4,0.7,2.6,4.6
2019/8/31,15:40:00,G1103,2.3,3,0.2,1.4,0.7,0.4,0.5,1.3,1.1,0.8,0.7,1.8,1.2,1.1,2.9,1.3,0.7,2.9,4.4
2019/8/31,15:40:00,G1104,2.4,3,0,1.7,0,0,0.5,1.8,1.3,0.8,1.3,3.5,1.1,1.4,4.7,0.9,0.7,2.8,4.9
2019/8/31,15:40:00,G1105,2.2,2.6,0.9,0.5,0.4,0,0.6,1.7,0.9,0.8,0.9,2.8,1.9,2.5,2.6,2,1.3,2.2,4.3
2019/8/31,15:40:00,G1106,2.2,2.5,1.3,0.9,0,0,0.4,0.9,0.7,0.7,2.3,3.7,1.4,6.7,4.1,0.8,1.9,1.5,4.4
2019/8/31,15:40:00,G1107,1.9,1.6,2.1,1.6,1.1,0,0.9,0.9,1.3,2.6,4.8,6.6,1.4,7.9,3.9,2.1,0.7,1.8,4.1
2019/8/31,15:40:00,G1108,2.2,1.6,1.7,2.1,0.7,1.4,0.9,0.9,1.5,3.1,6.9,8.6,1.7,8.1,3.2,1.4,0.9,1.8,2.8
2019/8/31,15:40:00,G1109,1.8,1,1.8,2.4,1.9,1.3,1.1,1.1,5.1,5,5.4,7.9,5.4,5.3,5.4,2.9,1.3,0.8,2.9
2019/8/31,15:40:00,G1110,3.7,0.9,2.9,2.3,1.8,1.8,1.2,1.5,3.4,4.8,6,6.7,7.7,6.6,6.4,5.2,3.8,0.8,0.8
2019/8/31,15:40:00,G1111,3.9,0.7,2.2,1.9,2.1,1.7,1,1.5,5.4,3.7,3.1,4.3,6.2,6,6.1,5.9,4.1,3.5,3.7
2019/8/31,15:40:00,G1112,4.1,1.7,0.9,2.4,2.8,1.7,2.3,1.6,5.3,4.2,3.9,2.9,6.2,6.3,7.4,5.5,3.7,3.6,4.1
2019/8/31,15:40:00,G1113,3.4,1.5,1.5,2.8,2.7,1.3,0.7,0,4.5,3.1,3,3.1,5.8,4.4,7.3,5.7,2.3,2.9,3.9
2019/9/1,13:25:00,G1101,1.7,1.3,4,2.7,1.8,0,1.3,2.4,1,8.3,1.4,1.2,0.4,0.6,3.1,1.7,0,3.6,1.4
2019/9/1,13:25:00,G1102,2.4,2,2.8,4.1,2.7,0.8,0.9,1.7,0.4,6.4,1,0.8,0.7,0,2,1.6,0.4,4.4,1.6
2019/9/1,13:25:00,G1103,2.9,2.4,2.6,4.6,2.8,0.4,0.8,1.8,0.8,8.2,1.3,1.5,0.8,1.3,2.2,2.8,0.8,4.9,2.4
2019/9/1,13:25:00,G1104,2.2,3.8,2.3,4.1,2.6,0.6,0.7,1.4,0.8,7.2,0.9,1.1,1.1,1.4,1.6,1.9,0.2,5.7,1.8
2019/9/1,13:25:00,G1105,4.4,3.8,1.2,3.6,2.2,0.7,0.6,0.8,0.7,8.1,0.8,1,1.2,0.3,0.7,1.2,3.3,7.3,4.3
2019/9/1,13:25:00,G1106,3.9,5.9,0.8,3.7,2.5,1.2,0,1.4,0.6,8.8,0.9,4.4,5.6,1.8,0.6,1.2,3.7,7.6,6.8
2019/9/1,13:25:00,G1107,6.2,3.8,0.4,4.3,1.7,2.8,1.6,1.8,0.6,9.3,1.3,6.4,6.8,3.6,2.5,0.4,4.6,9.6,9.8
2019/9/1,13:25:00,G1108,6.7,3.7,0.7,4.7,1.3,1.5,1.2,1.6,0.5,10.4,3.4,6.8,7.2,3.3,1,0,4.9,9.8,9.9
2019/9/1,13:25:00,G1109,6.8,2.8,1.1,5.3,1.1,2.1,0.9,0.5,0,9.9,5,7.3,6.7,3.7,1,0.6,6.6,11,8.7
2019/9/1,13:25:00,G1110,6.2,2.9,1.6,5.2,2.4,1.8,0.7,0.8,0.9,12.6,3.7,9,8.6,7.3,7.9,3.6,8.3,13.1,9.9
2019/9/1,13:25:00,G1111,8.3,1.9,0.4,5.2,1.2,2.8,0.8,1.2,0.5,10.9,9.3,10.4,9.9,7.6,8.8,8.1,9.1,10.4,12.2
2019/9/1,13:25:00,G1112,7.2,2.9,2.3,5.4,1.4,3,0,1.6,0,10.7,7.1,10.5,9.7,8.3,9.3,8.6,9.5,12.9,13.5
2019/9/1,13:25:00,G1113,7.3,3.2,3.9,4.9,2,2.9,0,2.3,0.6,11.7,9.5,9.6,9.6,8.7,9.9,8.6,9.9,13.4,14.8
2019/9/2,13:30:00,G1101,4,6.1,3.4,4.9,3,5.3,4.7,4.7,4.9,3.8,5.8,8.1,3.7,2.8,1.8,1.8,5.9,4.8,0.7
2019/9/2,13:30:00,G1102,3.3,7.4,4.9,5.1,3.9,6.1,4.8,5.4,5.2,3.8,6,7.9,3.7,2.7,2.3,2.4,7.8,5.5,0.8
2019/9/2,13:30:00,G1103,5.1,7.9,4,4.2,4.3,6.9,6.3,6.2,5.3,5.6,6.3,7.8,4.9,3.1,2.7,3.1,6.6,6.4,3.3
2019/9/2,13:30:00,G1104,4.3,7.8,3.9,4.7,4.8,4.9,6,6.3,4.7,6.9,5.6,7.9,5,3.7,2.6,3.4,6.2,6.2,4.8
2019/9/2,13:30:00,G1105,7.1,8.4,6.2,5.3,6.7,6,6.7,6.9,4.7,6.5,6.2,7.9,5.6,3.8,2.9,3.2,8.3,4.8,4.4
2019/9/2,13:30:00,G1106,7.8,9.4,7.3,4.9,7.1,5.4,6.3,4.8,5.3,6.8,5.4,7.7,5.9,3.8,3.4,3.3,8.3,4.8,4.2
2019/9/2,13:30:00,G1107,7.8,8.6,5.9,4.8,7.9,4.6,8.7,2.6,6.2,5.4,4.6,4.8,5.5,5.6,5,3.4,8.4,4.8,4.1
2019/9/2,13:30:00,G1108,8.8,7.4,5.6,4.3,7.9,4.1,9.2,4.6,5.5,5.4,5.2,4.3,6.2,6,5.7,3.8,7.9,4.3,4.6
2019/9/2,13:30:00,G1109,8.2,8.4,6.8,3.9,8.3,4.6,8.9,6.8,7.1,6.1,4.4,4.1,6.8,6.8,5.7,5.2,6.4,4.7,5.2
2019/9/2,13:30:00,G1110,8.8,9.4,8.2,4.2,6.8,8.9,9.1,7,8.3,6,4.6,3,7.1,7.8,5.8,5.9,5.7,5.3,8.1
2019/9/2,13:30:00,G1111,9.9,7.6,7.3,4.9,6.4,9.9,9.7,7.3,7.1,4.9,4.3,2.5,7.3,7.4,6.9,6.4,6.4,3.7,7.9
2019/9/2,13:30:00,G1112,10.5,6.9,7.7,6.7,7.8,9.9,9.6,8.4,8.7,5.4,3.9,2.4,6.9,7.8,6.8,7.2,3.8,4.8,8.4
2019/9/2,13:30:00,G1113,10.6,7.3,7.4,5.4,8,9.1,8.4,8,8.9,8.8,3.4,2.4,6.8,8.1,7.1,7.9,7.6,4.5,8.4
2019/9/3,15:55:00,G1101,0.8,1.5,2.2,1.9,3.5,1.2,3.8,1.6,3.3,6,5.2,3.8,0.6,0.6,1.1,1.9,2.3,3.3,2.5
2019/9/3,15:55:00,G1102,0.7,2.5,2.1,3,3.1,1.1,2.8,2.4,4,6.2,4.1,3.1,0.6,1,2.5,2.9,3.2,5.7,4.4
2019/9/3,15:55:00,G1103,0.9,3.4,2.3,1.3,2.6,0.9,2.4,1.8,3.4,6.6,7.9,3.1,1.7,0.8,2.3,2.9,3.6,7.2,4.1
2019/9/3,15:55:00,G1104,1.1,2.4,0.8,4.6,1.1,0.9,2.2,2.8,2.2,6.5,7.3,4.4,1.8,1.6,3.1,3.4,4.3,7.6,8.2
2019/9/3,15:55:00,G1105,0.9,2.1,0.8,1.6,1.4,1.6,1,2.6,4.6,6.1,7.9,3.8,1.4,1.1,4.3,4.3,7.5,7.7,11.1
2019/9/3,15:55:00,G1106,1.3,0.8,0.7,1.6,1.8,1.1,3.2,2.3,5.3,7,9,4.9,1.2,4,4.1,4.9,8.1,7.6,10.8
2019/9/3,15:55:00,G1107,0.6,1.3,0.7,1.2,0.9,1,2.5,2.7,5.8,8.1,9,6.3,2.8,5.6,5.3,6.7,9,7.7,9.8
2019/9/3,15:55:00,G1108,0.8,1,1.3,1.6,0.9,1.4,2.8,2.9,6,7.8,9.5,6.9,5.1,5.6,5.8,7,8.2,7.5,10.6
2019/9/3,15:55:00,G1109,0.8,2.6,1.9,2.1,0.9,0.7,3.3,3.4,5.3,10.9,8.7,7.3,5.3,6.4,6.4,8.6,8.1,7.2,11.3
2019/9/3,15:55:00,G1110,0.6,5.3,1.3,2.3,0.9,1.1,4.1,4.1,4.2,11.1,8.6,7.3,6.3,7.1,8.4,8.6,7.8,7.7,10.1
2019/9/3,15:55:00,G1111,3.8,6.1,1.9,3.2,1.4,1.4,4.8,4.5,4.9,12,8.8,6,8,9.1,10.4,9.4,7.6,7.1,8.4
2019/9/3,15:55:00,G1112,2.2,6.1,1.7,2.3,0.8,0.8,4,4,3.4,12.5,8.3,7.5,8.2,8.9,10.5,9.4,7.7,7.3,8.6
2019/9/3,15:55:00,G1113,2.7,6.8,0.4,3.1,1.1,1.5,5.2,4.1,3.6,11.4,7.9,9.4,9,9.1,10.6,9.2,7.6,7.6,10.3
2019/9/4,15:05:00,G1101,2.3,1.2,2.3,3.8,2.7,3.6,3.5,7.5,4.6,4.5,4.6,3.8,3.9,0.8,1.8,1.7,0.6,0.2,0.6
2019/9/4,15:05:00,G1102,2.2,3.1,3.8,4,5.3,3.7,4.9,9.7,6.5,2.9,5.8,5.7,4.3,1.2,0.7,0.5,0,0.4,0.6
2019/9/4,15:05:00,G1103,2.1,4.1,3,5.2,5,4.1,6,12.1,5.4,6.6,4.8,7.3,3,1.1,2.8,3.3,0,0.6,0.4
2019/9/4,15:05:00,G1104,1.8,3.6,3.1,5.1,4.9,4.6,6.1,12.3,9.1,7.9,3.9,7.8,2.1,1.3,1.8,2.6,0,0,0.8
2019/9/4,15:05:00,G1105,2.9,4.4,4.4,6.4,5.2,5.8,8.6,12.6,9.6,7.1,2.3,8.5,4.6,1.5,0.8,1,0.5,0.2,0.5
2019/9/4,15:05:00,G1106,2.9,3.1,5,6.6,5.6,6.2,10,NaN,NaN,NaN,NaN,NaN,NaN,NaN,NaN,NaN,NaN,NaN,NaN
2019/9/4,15:05:00,G1107,2.9,2.8,5,5.4,5.1,7.3,10.2,13.6,9.9,10.8,4.4,5.6,8.2,8.1,7.3,3.4,2.9,3.9,2.7
2019/9/4,15:05:00,G1108,3.7,3.4,5.1,5.8,5.2,7.1,10.6,13.1,9.7,6.8,3.2,5.3,8.5,6,7.9,2.2,4.4,4.8,3.1
2019/9/4,15:05:00,G1109,4.1,3.3,5.5,7.6,5.1,6.4,10,14.5,11.1,11,5.7,7,10.4,8.6,8.4,3,6.3,5.3,3.7
2019/9/4,15:05:00,G1110,3.9,2.8,5.9,7,5,8,10.1,14.3,12.4,10.8,7.1,8.6,11.1,9.9,9.8,9.1,7.3,7.1,4.9
2019/9/4,15:05:00,G1111,4.5,4.4,5.3,5.8,4.5,7.3,11.1,14,13.6,11.1,12.1,7.7,11.7,10.1,9.7,10,9.7,8.4,7.2
2019/9/4,15:05:00,G1112,5,5.8,3.9,5.5,4.8,6.8,10.3,12.5,14.5,13,12.1,10.1,12.1,10.1,9.5,10,9.9,7.6,6.4
2019/9/4,15:05:00,G1113,4.4,5.6,5.4,6.4,4.8,6.5,8.4,11.8,13.4,11.8,12.4,8.3,14,10.9,10.6,9.4,10.9,9.1,8.5
2019/9/5,14:10:00,G1101,5.1,4.7,5.5,0.4,3.1,4.5,2.2,3.3,2.9,2.3,4.4,2.9,2.7,1.9,1.6,2.3,3,3.8,3.4
2019/9/5,14:10:00,G1102,5.5,5.4,5.6,0.8,4.3,5.1,2.3,3.4,3.2,3.6,4.9,3.3,2.7,2.1,2.2,2.7,3.5,3.9,3.9
2019/9/5,14:10:00,G1103,5.4,5.7,5.9,1.4,4.1,5.2,4.9,3.6,4.8,4.6,4.9,3.8,3.6,3.2,3.6,4.3,4.4,5.2,4.7
2019/9/5,14:10:00,G1104,5.7,5.9,6.1,1.6,3.9,2.9,5.9,3.3,5,4.3,5.1,4.6,3.4,3.4,3.9,4.2,4.1,5.9,5.3
2019/9/5,14:10:00,G1105,4.8,6.1,5.9,1.5,4,0.9,6,3.2,4.8,5.1,5.8,4.4,3.6,4,4.4,5.1,4,5.3,5.8
2019/9/5,14:10:00,G1106,5.8,5.9,5.6,1.2,3.9,1.1,6.2,1.9,5.5,2.3,4.8,3.3,3.5,4.2,4.8,5.1,4.6,6.2,5.8
2019/9/5,14:10:00,G1107,5.3,4.8,5.5,5.9,5.8,2.2,6.6,2.9,5.8,7.3,4.3,3.1,2.7,3.3,3.5,3.8,4.3,6.9,4.7
2019/9/5,14:10:00,G1108,5.6,4.2,5.8,5.6,5.3,1.3,7.4,2.6,5.7,7.6,4.5,5.1,3.1,3.4,3.8,4.1,4.7,7,5.6
2019/9/5,14:10:00,G1109,6.3,4.4,6.4,6.1,5,1.3,7.2,2.3,6.3,7.7,5.3,5.3,2.4,2.5,3.4,3.2,4.8,6.1,5.1
2019/9/5,14:10:00,G1110,6.3,4.4,5.4,6.1,4.8,1.1,7.9,2.9,5.8,5.9,5.7,5.7,2.1,4.4,4.1,3.1,4.3,5.4,6.1
2019/9/5,14:10:00,G1111,5.6,5.1,4.5,6.7,4.8,2.8,8.1,2.9,5.1,5.6,4.6,3.8,1.3,4.7,4.8,3.3,4.3,5.9,5.7
2019/9/5,14:10:00,G1112,5.9,4.4,4.2,6.2,5.3,3.3,6.1,3.2,6,6.2,6.1,4.3,2.1,4.4,5.1,3.2,4.1,4.9,5.1
2019/9/5,14:10:00,G1113,5.4,4.9,3.6,5.5,3.9,3.1,5.8,3,6.8,4.9,6.4,5.3,0,3.7,5.2,2.8,3.9,4.1,4.7
2019/9/11,21:05:00,G1101,0.8,0.8,0.7,1.4,2,6,2.4,4.3,0.9,0.8,1.4,0,1.3,0.4,2.2,2.8,1.3,0,0.8
2019/9/11,21:05:00,G1102,1.2,1.2,1.1,2.9,2.4,5.9,3.4,3.9,1.3,1.4,1.8,0,0.6,0,0.8,2.8,1.3,0,0
2019/9/11,21:05:00,G1103,2.6,2.8,2.8,3.2,3.5,6.3,3.6,4.3,1.7,1.6,2.7,1.5,0.6,0.6,0.8,1.4,1.1,0,0
2019/9/11,21:05:00,G1104,2.9,2.6,3.3,3.2,3.8,6,3.9,3.6,1.9,1.7,2.9,1.8,1,0.2,0.6,1.3,0.7,0,0.4
2019/9/11,21:05:00,G1105,3.7,3.8,3.8,4.2,4.2,5.8,4.8,4.4,2.7,1.8,3.8,2.9,0.9,0,0.5,0.9,0.7,0.6,1.4
2019/9/11,21:05:00,G1106,3.4,3.9,4.4,4.3,4.3,6.4,4.7,4.1,2.9,2.1,3.4,2.5,1.4,0.8,0.4,1.5,0.9,0.9,1.8
2019/9/11,21:05:00,G1107,2.6,2.9,3.3,4,5.2,5.9,5.4,3.8,1.8,2.9,3.4,2.3,1.8,1,0,1.1,0.8,0.8,0.5
2019/9/11,21:05:00,G1108,2.8,3,3.6,4.1,3.9,5.7,5.1,3.9,2.1,3,3.7,3.1,1.4,1.1,0,0.7,0.5,0.4,0.6
2019/9/11,21:05:00,G1109,2.8,2.8,3.1,4,3.4,5.1,6.1,4.1,2.6,3.3,3.6,2.7,1.3,1.3,0,0,0,0,0
2019/9/11,21:05:00,G1110,2.9,2.9,2.8,2.9,3.8,4.4,5.7,4.4,3.2,3.1,3.3,2.9,1.7,0.9,0.7,0,0,0,0
2019/9/11,21:05:00,G1111,3.4,2.9,3.1,2.7,3.3,4.9,4.4,5,3.1,2.8,3.6,2.1,1.7,0.7,0,0,0,0,0
2019/9/11,21:05:00,G1112,2.4,3,3.4,2.3,3.5,4,4.1,5.2,3,3.3,3.7,2.7,2.3,0.6,0,0,0,0,0
2019/9/11,21:05:00,G1113,3.4,3.2,3.4,2.7,3.7,3.4,4.1,4.6,2.7,3.8,3.9,3.1,2.5,0,0,0,0,0,0
2019/9/14,19:10:00,G1101,1.8,2.4,2.6,2,3.1,1.8,3.7,5.3,5.1,4.8,5.7,2.9,3.6,1.8,1.6,1.2,1,1.5,0.9
2019/9/14,19:10:00,G1102,2.6,2.3,3.4,2.3,3.1,2.3,5.3,6,5.1,5.6,5.9,3.4,3.8,1.9,2.9,2.5,1.8,1.8,1.1
2019/9/14,19:10:00,G1103,2.5,3.1,3.3,2.4,2.9,3.7,5.1,7.9,7.6,5.8,6.8,3.8,4.3,3.7,3.4,3,2.1,2.2,1.9
2019/9/14,19:10:00,G1104,2.7,2.9,3.3,3,2.9,3.5,5.2,7.3,6.6,5.1,6.6,4,3.1,3.7,3.6,2.9,2.1,2.8,2.2
2019/9/14,19:10:00,G1105,2.9,4.2,3.8,3.3,3.3,3.3,4.9,8.7,7.1,6.1,6.4,4.4,4.8,4.6,4.5,3.1,1.6,2.9,2.3
2019/9/14,19:10:00,G1106,3.3,4.2,3.8,3.4,3.5,3.8,4.8,8.9,8,6.7,6.6,4.6,6.1,4.8,2.8,2.3,2.1,2.5,1.8
2019/9/14,19:10:00,G1107,2.9,3.4,4.8,3.6,3.8,3.8,4.2,6.8,6.5,6.1,5.6,6.4,4.9,4.6,3.8,3.3,2.9,2.3,1.7
2019/9/14,19:10:00,G1108,2.9,3.3,4.9,3.8,4,3.8,4.3,6.2,7.9,6.2,5.7,7.2,4.1,4.3,3.4,3.6,2.5,2.7,2.3
2019/9/14,19:10:00,G1109,3.1,3.2,4.8,3.6,3.9,3.6,3.9,6.1,7.1,6.1,5.4,7.1,4.3,4.2,3.8,2.9,2.7,2.3,2.9
2019/9/14,19:10:00,G1110,3.2,3.1,4.7,3.9,4,3.9,4.3,3.8,5.5,4.4,6,6.6,4.1,4.1,2.8,1.6,2.4,1.6,2.8
2019/9/14,19:10:00,G1111,3.1,3.4,4.3,4.2,3.9,4.3,4.5,2.1,4.6,3.8,5.7,5.7,5.1,3.6,2.5,1.5,2.3,1.9,2.3
2019/9/14,19:10:00,G1112,3,3.6,3.9,4.1,3.8,4.3,4.6,2.3,4.2,3.9,5.5,5.6,5.1,3.3,2.3,1.6,2.3,1.8,1.9
2019/9/14,19:10:00,G1113,3.7,3.8,3.9,4.1,4.1,4.6,5.3,2.8,3.8,4.3,5.9,5.3,4.6,3.3,2.3,1.9,2.1,2,2.3
2019/9/15,3:05:00,G1101,2.1,2.2,1.2,1.3,1.7,1.4,2.1,2.8,4.2,3.9,4.4,2.3,2.8,0,0.4,0,0,0,0
2019/9/15,3:05:00,G1102,2.5,1.7,0.7,0,1.6,2.1,2.6,3.6,3.9,5.1,4.8,3.2,2.9,0,0.9,0.6,0,0.2,0
2019/9/15,3:05:00,G1103,2.7,1.6,0.2,0.8,1.3,1.5,2.9,3.5,5,5.6,4.6,2.7,3.6,1.6,1.9,0.9,1,0,0
2019/9/15,3:05:00,G1104,2.2,1.5,0.4,0,1.7,1.4,2,1.7,4.6,5.2,4.1,2.6,3.6,1.8,2,1.4,0.4,1,1.2
2019/9/15,3:05:00,G1105,1.8,0.3,0.7,1.3,1.1,0.9,1.8,0.6,4.2,3.6,2.3,1.8,1.7,1.1,0.4,1.1,1.3,1,1.2
2019/9/15,3:05:00,G1106,1.5,0.6,0.8,0.2,0.9,0.6,0.8,0.9,3.5,3.1,1.7,1.3,1.5,0.7,0.5,0.9,1.4,1.3,1.1
2019/9/15,3:05:00,G1107,0.6,0.8,2.3,2.3,1.4,0.6,2.4,2.9,2.1,0.7,0,1.3,0,0.9,1.8,1.8,1.5,3.9,3.1
2019/9/15,3:05:00,G1108,0,0.8,3.3,2.8,2.4,0.7,4.2,2.5,1.8,0.8,0,1.4,0,1.3,2.3,1.7,1.3,4.3,4.2
2019/9/15,3:05:00,G1109,0.2,0.7,2.9,0.8,1.6,3,2.5,2.4,2.2,0.2,0.9,1.4,2.1,3.1,2.7,2.3,2.7,3.3,3.8
2019/9/15,3:05:00,G1110,2.2,1.4,1.4,0.8,2,3.1,0,1.5,1.7,1.1,0,0.9,2.1,3.4,2.8,3.4,3.3,3.4,3.9
2019/9/15,3:05:00,G1111,2.1,1.8,2.5,1.5,3.8,3.6,1.7,1.3,2.4,1.4,0.6,2.3,1.2,3.4,3.2,3.5,3.3,3.7,4.3
2019/9/15,3:05:00,G1112,2.9,2.2,2.8,1.8,4.3,3.4,1.8,1.3,2.4,1.4,1,2.6,1.1,3.1,3.5,3.2,3.6,3.9,4.5
2019/9/15,3:05:00,G1113,3.3,3.1,1.9,3.4,4,3.6,2,0.9,2.8,0.8,0.8,2.3,1.4,3.6,3.6,3.8,4.1,4.1,4.8
2019/9/16,17:10:00,G1101,1.6,0.8,2,3.1,2.9,2.7,5.4,6.8,6.5,8.4,7.3,3.3,2.2,2.8,1.8,0.5,1.7,0,1.3
2019/9/16,17:10:00,G1102,1.7,1.2,2.3,4.3,3.2,3.9,5.2,5.9,11.3,10.6,7.2,5.8,3,3,2.1,1.3,1.9,0.9,1.5
2019/9/16,17:10:00,G1103,3.1,1.6,3.2,4.2,3,2.1,6.1,10.3,12.1,12.5,7.1,3.8,2.8,4.1,2.2,1.8,2.6,1.4,2
2019/9/16,17:10:00,G1104,3.9,2.2,3.7,4.4,4.2,2.9,6.1,10.4,11.4,12.4,6.7,4.1,4.8,3.8,2.1,1.7,3.4,1.8,2.2
2019/9/16,17:10:00,G1105,3,2.1,3.8,4.2,4.6,6,5.9,11.2,9.8,11.4,6.1,4.4,3.8,3.6,2.7,2.2,3.3,2.3,1.8
2019/9/16,17:10:00,G1106,3.4,2.3,4,5,4.6,5.8,6.2,9.9,9.4,10.8,7.6,6,4.3,2.6,2.8,1.8,3.3,2.3,2
2019/9/16,17:10:00,G1107,4.3,3.5,4,4.8,4.6,5.8,5.3,11.6,10.6,6.7,7.6,4.5,3.1,3.1,1.6,1.8,2.3,1.1,2.7
2019/9/16,17:10:00,G1108,4.7,3.4,4.1,4.5,4.5,5.4,5.4,11.9,10.8,7.5,7.3,4.9,2.6,2.5,1.5,2.2,2.3,1.1,2.8
2019/9/16,17:10:00,G1109,4.4,3.5,4,5.1,5.3,5.3,5.6,12.1,10.7,7.6,8.4,4.3,1.4,2.9,2.2,2.8,2.1,2.3,2.8
2019/9/16,17:10:00,G1110,4.5,4.3,3.6,4.5,5,5,4.7,11.7,10.6,8.6,8.3,3.9,1.2,4.6,3.6,3.4,3.8,3.4,3.7
2019/9/16,17:10:00,G1111,4.6,4.8,3.4,5.6,6.1,4.7,4.8,11.2,12.1,8.7,8.3,5.9,1.6,5.9,3.9,5.2,3.8,4.2,4.1
2019/9/16,17:10:00,G1112,4.4,4.1,3.6,4.8,5.9,5.2,4.7,10.9,12.3,8.6,8.7,5.3,2.1,5.1,4.4,5.7,4.1,4.3,4.1
2019/9/16,17:10:00,G1113,4.5,4.5,4.3,4.9,6.3,5.3,4.3,10.3,12.6,13.7,8.8,6.4,3.8,4.6,3.8,4.9,4.2,4.8,4.4
2019/9/17,15:40:00,G1101,1.1,1.7,3.4,1.5,0.5,0.5,0,1.1,1.7,4.9,4.8,4.5,3.2,3.2,4.3,3.7,3,3.3,3.5
2019/9/17,15:40:00,G1102,NaN,NaN,NaN,NaN,NaN,NaN,NaN,NaN,NaN,NaN,NaN,NaN,NaN,NaN,NaN,NaN,3.2,4.2,4
2019/9/17,15:40:00,G1103,1.9,0.8,3.2,1.4,1.1,0,0,1,1.7,5.1,5.8,4.7,4.9,4.3,4.8,5,3.7,5.1,5.1
2019/9/17,15:40:00,G1104,2.7,0.8,3.1,1.3,0.8,0,0.4,1.1,1.9,5.3,5.7,4.8,5.3,4.7,4.7,5.3,3.6,5.2,5.1
2019/9/17,15:40:00,G1105,2.8,0,2.8,0,0.7,0.2,0.9,0.9,2,5.6,5.1,5.3,5.6,5,5.1,5.5,6.1,5.7,5.8
2019/9/17,15:40:00,G1106,2.3,1.6,3,1.3,0.6,0.8,1.3,0.9,1.9,6.7,5.8,5.9,5.8,4.1,5.6,5.6,4.8,6.2,4.9
2019/9/17,15:40:00,G1107,1.9,1.3,1.7,1.8,0.4,0.8,1.6,0.9,1.4,5.1,5.1,5.8,5.6,5.7,4.9,5,4.4,5.1,5.4
2019/9/17,15:40:00,G1108,1.9,1.6,1.4,1.7,0.9,1.1,1.1,1.1,1.8,5.4,5.2,5.9,5.2,5.7,5.3,5.2,4.2,5.4,5.7
2019/9/17,15:40:00,G1109,2.7,3.4,0.9,1.2,0.6,1,2.1,1.3,1.8,5.9,5.4,5.4,4.3,5.2,5.3,5.4,4.1,4.8,5
2019/9/17,15:40:00,G1110,2.6,1.6,2.5,1.6,1.4,1.4,2.2,0.8,1.2,5.4,4.8,4.6,4.7,4.3,5.3,5.1,5.1,3.8,4.6
2019/9/17,15:40:00,G1111,2.1,2,0.9,0.6,0.2,0.3,1.8,0,1.4,3.9,4.3,4.3,3,4.4,3.7,4.1,4.8,5.1,4.9
2019/9/17,15:40:00,G1112,1.7,1.6,1.6,1.2,0.7,1.1,1.7,0.9,0.7,4.1,4,4.1,2.9,4.2,3.8,3.7,4.8,4.8,4.8
2019/9/17,15:40:00,G1113,0,1.8,1.9,1.2,0,0.5,1.2,0.7,1.2,3,4.1,4.1,3.2,4.1,3.9,3.9,4.6,4.3,5.1
2019/9/17,17:15:00,G1101,4.4,3.3,3.5,3.5,3.6,4.1,4,8.7,7.9,6.8,3.1,1.4,3.6,4.6,5.6,1.3,1.8,2.7,3.4
2019/9/17,17:15:00,G1102,4.6,5.7,4.3,4.6,4.3,4.6,5.6,9,9.6,7.3,0.8,3.3,4.7,4.7,5.6,2.3,1.8,3.7,3.3
2019/9/17,17:15:00,G1103,4.9,6.4,6.2,5,5.7,5.6,6.3,9.8,9.4,6.8,1.8,4.1,4.2,5.7,6.4,2.6,3.7,3.1,4.6
2019/9/17,17:15:00,G1104,6.3,6.5,4.9,5.6,5.9,5.8,6.4,9,9.7,7.2,2.4,3.3,3.8,5.6,6.3,2.7,2.2,2.9,3.9
2019/9/17,17:15:00,G1105,6.5,6.4,6.8,6,5.9,7,6.4,9.5,10.4,6.3,2.5,2.5,3.7,5.7,5.8,3.4,2.9,3.7,3.3
2019/9/17,17:15:00,G1106,6.1,6.8,4.8,4.8,5.3,6.5,7.4,9.3,11,6.6,2.2,1.4,4.3,5.3,4.8,4.1,3,3.5,4.1
2019/9/17,17:15:00,G1107,4.4,4.7,4.8,5.3,5.3,7.3,7,8.6,10.5,7.5,2.8,1.8,4.4,3.8,3.6,4.1,3.2,3.3,4.4
2019/9/17,17:15:00,G1108,4.8,4.9,5.1,5.6,5.7,5.4,7.6,7.9,10.8,6.1,2.3,1.9,3.9,4.2,3.1,3.8,3.3,3.2,4.3
2019/9/17,17:15:00,G1109,4.9,4.9,4.6,5.4,5.4,5.3,7.7,7.3,10.5,6.1,3.2,2.7,3.2,3.8,3.1,2.6,2.3,3.2,3.7
2019/9/17,17:15:00,G1110,4.8,4.9,4.6,4.8,5.6,5.2,6.8,8,10.2,7,1.1,4.8,2.3,3.3,4,2.9,3.3,4.4,3.1
2019/9/17,17:15:00,G1111,5,4.9,4.6,4.8,5.3,6.2,6.5,9.3,9.1,5.9,2.3,5.1,4.8,5.1,4.3,2.7,4.3,4.5,3.2
2019/9/17,17:15:00,G1112,4.6,4.8,5.1,4.4,5.4,6.7,6.3,9.8,11.2,7.8,2.9,4.7,5.3,6.4,5.5,3.1,4.4,4.3,4.7
2019/9/17,17:15:00,G1113,4.8,4.6,5.1,4.6,5.6,6.3,5.8,9.1,11.4,6.6,4.1,4.1,6.1,6.8,7.6,3.4,4.3,3.7,4.1
2019/9/26,17:45:00,G1101,0.5,0.6,0,1.2,0.6,0.2,1.8,3.1,2.3,3.9,3.1,2.7,2.4,2.6,2.2,2.8,2.9,3.1,2.5
2019/9/26,17:45:00,G1102,0.2,0,0.7,0.4,0.6,0,2.2,3.6,3.6,4.4,3.6,3.4,2.9,3.7,3.1,3.5,4.1,3.7,3.8
2019/9/26,17:45:00,G1103,0,0,0.2,0,0,0,2.3,3.7,4.3,4.1,4.4,4.2,4.8,4.5,4,3.9,3.9,4.6,4.7
2019/9/26,17:45:00,G1104,0,0.6,0.8,0.2,0.8,0.7,1.9,3.3,4.9,3.9,4.5,4.8,4,4.8,4.3,3.5,4.2,4.7,4.8
2019/9/26,17:45:00,G1105,0.7,0.3,0.6,0.8,0.6,1,2.7,3.6,4.9,3.1,5.3,4.6,4.9,4.3,3.9,4.1,4.5,4.7,4.7
2019/9/26,17:45:00,G1106,0.3,0.5,1.1,0.8,0.6,1,2.3,3.6,5.4,2.8,5.1,4.9,4.1,3.3,4.3,4.2,3.9,4.2,4.3
2019/9/26,17:45:00,G1107,0.9,0.7,0.6,1.2,1.3,3.7,2.8,3.8,4.5,4.4,5,5.4,4.2,3.3,4.7,3.9,3.2,3,4
2019/9/26,17:45:00,G1108,1.1,0.8,0.8,1.6,1.2,3.4,3.3,3.7,4,4.7,4.4,4.7,3.8,3.4,4.3,3.1,3.5,3.8,3.7
2019/9/26,17:45:00,G1109,0,2.6,0.9,1.7,2.6,4.3,3.4,3.8,4.6,4.4,4.1,5.6,4.1,3.7,3.9,3.3,3.7,3.7,3.7
2019/9/26,17:45:00,G1110,0.7,1.7,0.6,2.9,3.8,2.8,3.2,3.1,3.8,4.3,4.5,3.9,3.4,3.8,3.5,3.8,3.6,3.3,3.5
2019/9/26,17:45:00,G1111,0.8,2.8,2.1,3.8,2.3,4.3,2.3,3.3,2.4,3.6,4.8,4,2.7,3.4,4.1,4.1,3.7,3.4,3.6
2019/9/26,17:45:00,G1112,1.9,1.8,3.3,3.3,3.9,2.8,2.5,2.9,3.2,4.6,3.6,3.1,2.8,4.2,3.2,3.8,3.3,3.4,3.2
2019/9/26,17:45:00,G1113,NaN,3,2,3.3,4.1,3.4,2.6,3.4,3.6,5.1,3.9,3.1,2.2,3.3,3.6,3,3.6,3,3.4
2019/10/6,14:55:00,G1101,3.7,2.4,2.4,3.6,2.3,5.7,5.4,7.5,6,5.5,4.5,3.8,6,3.1,4.1,4.2,3.2,3.8,4.3
2019/10/6,14:55:00,G1102,3.2,3.2,3.1,4.3,2.5,5.7,6.9,10.4,8.2,6.4,5.3,4.6,6.3,4.9,4.3,3.2,3.7,4.1,5.8
2019/10/6,14:55:00,G1103,3.1,3.3,5.3,5.2,3.6,7,8.5,12.4,10.6,7.6,5.1,4.4,6.5,6,5.1,5.8,5.3,4.3,6.3
2019/10/6,14:55:00,G1104,3.1,3.6,4.9,4.8,3.9,6.4,9,11.5,9.3,7.9,5.3,3.9,7.3,5.8,4.6,5.5,5.4,3.8,6.5
2019/10/6,14:55:00,G1105,2.8,4,6.2,5.2,5.6,6.7,9.6,13.4,9.4,6.7,5.2,5.8,7.1,7.9,6.2,6,5.4,4.6,7.5
2019/10/6,14:55:00,G1106,3.7,3.9,6.4,5.6,6.7,7.6,10,13.5,9.1,7.8,5.9,6.4,7.6,8.2,6.4,6.7,5.7,3.5,7.8
2019/10/6,14:55:00,G1107,3.8,4.4,6.6,4.7,7.9,6.5,8.3,12.7,9.4,9.5,6.1,6.9,8.4,7.9,7.5,7.3,5.3,4.3,7.4
2019/10/6,14:55:00,G1108,4.3,4.5,7.1,5.5,7.9,6.9,8.3,13.7,10.2,9.5,7.6,7.4,8.5,7.5,8,7.5,6,4.7,8.7
2019/10/6,14:55:00,G1109,3.9,4.3,6.3,6.5,8,7.8,9.4,12.8,11.4,9.3,8.1,7.3,8.5,8.6,8.1,7.4,5.8,5.1,9.1
2019/10/6,14:55:00,G1110,4.1,4.9,6.9,7.3,7.6,8.2,9.8,11.8,11.4,9.8,8.1,6.3,7.5,8.7,8.1,7.6,5.2,6.5,10.2
2019/10/6,14:55:00,G1111,3.8,4.8,6.4,7.3,7.9,7.6,10.6,11.5,10.9,9.8,7.6,4.6,6.7,8.1,7.9,7.9,5.6,5.8,8.9
2019/10/6,14:55:00,G1112,3.7,5.4,6.3,7.3,7.7,7.3,10.5,11.1,11.1,9.6,6.4,4.8,6.4,7.4,7.7,7.9,6.2,6.9,9.1
2019/10/6,14:55:00,G1113,3.2,4.8,5.8,7.6,7.8,6,10,10.9,11.2,8.6,5.3,5.1,5.4,5.7,6.8,7.5,6.9,7,8.3
2019/10/13,2:55:00,G1101,4.9,5.1,3.2,1.6,1.5,1.8,3.6,5.1,4.3,6,1.8,1.9,2.7,6.2,5.6,2.7,5.9,3,3.6
2019/10/13,2:55:00,G1102,5,5.4,4.3,1.8,2.8,2.3,2.6,5.3,4,6.4,0.9,0.7,4.1,6.6,6.9,1.5,7.6,4.6,4.9
2019/10/13,2:55:00,G1103,4.8,4.9,4.1,2.1,3.5,2.2,3.4,5.8,5.3,6.9,1,2.7,4.4,6,6.9,0.8,8.6,5,1.6
2019/10/13,2:55:00,G1104,4.7,5.4,4.3,3.1,2.7,3.8,3.8,6.3,5.3,6.9,1,1.6,4.3,4.4,7.3,1.7,8.4,4.8,1.6
2019/10/13,2:55:00,G1105,5.3,5.6,6.4,4.8,3.3,4.6,3.3,5.3,2.6,5.8,1.3,1.7,8.4,6.3,7.7,7.3,7.1,8.6,5.3
2019/10/13,2:55:00,G1106,5.3,6.5,6.8,5.4,3.3,5,4.5,4.5,4.2,4.9,1.8,1.9,8.5,9,7.9,9.4,5.3,9.3,4.9
2019/10/13,2:55:00,G1107,7.5,6.7,6.2,6.5,5,4.6,4.8,6.4,5,2.9,3.1,2.6,11.4,8.6,9.1,9.3,1.8,9.7,6.2
2019/10/13,2:55:00,G1108,7.8,7.2,6.5,7.1,6.1,4,4.4,6.8,5.6,2.7,2.6,4.8,11.7,9.2,9.1,8.9,2.8,9.9,6.6
2019/10/13,2:55:00,G1109,7.3,7.5,4.8,6.7,6,6.1,6.2,6.6,5.7,2.8,3.6,8.3,11.2,11.3,9.8,10.3,1.9,10.3,8.1
2019/10/13,2:55:00,G1110,6.2,5.9,3.7,5.1,5.4,7.9,5.3,7.3,7.1,4.3,2.7,10.4,10,9.6,8.1,11.8,4.1,10.9,8.8
2019/10/13,2:55:00,G1111,5.5,6.3,3.8,3.8,3.5,7.6,6.3,7.9,6.5,2.3,5.1,8.1,10.2,7.3,8.1,12.6,6.3,11.4,10.4
2019/10/13,2:55:00,G1112,4.8,6.4,3.5,4.3,3.3,7.3,6,7.6,6.9,2.6,5.4,9.1,7.3,8.6,9.9,11.6,9.7,11.2,11.9
2019/10/13,2:55:00,G1113,3.5,5.3,3.8,3.4,3.1,6.8,6.5,7.4,6.7,3.7,6.4,8.9,10.1,8.6,10.9,12.6,11.1,9.2,11.1
2019/10/14,4:10:00,G1101,0.2,0.2,1.4,2.4,3,2.1,1.4,1.2,0.8,0.6,1.3,0.2,0.7,0.8,0.5,0.9,1,1.1,0.2
2019/10/14,4:10:00,G1102,0.6,0.3,3.3,3.1,3.3,4.3,0.9,2.3,1.4,0.6,3.6,1,0.2,0.2,0.4,0,0.9,1.1,0.4
2019/10/14,4:10:00,G1103,1.8,0.9,0.7,3.5,3.6,6.6,2.3,1.9,0.7,0.2,1.5,0.8,0,0.6,1.9,0.2,0.2,1.1,0
2019/10/14,4:10:00,G1104,1.2,2.3,0.8,2.4,5.9,6.8,1.9,2.4,0.8,0.9,1.2,1.1,0.3,2.6,1.6,0.7,0.4,0.7,0.4
2019/10/14,4:10:00,G1105,2.3,2.1,3.7,4,7.5,6.3,1,4.5,1.6,1.6,3.2,1.9,0,1.9,3.9,2.9,0.2,0,0.2
2019/10/14,4:10:00,G1106,4,3.1,3.5,3.9,7.3,7.8,3.1,8.6,5.5,1.9,3.4,2.7,0.7,2.6,2.8,4.6,1.8,1.1,2.4
2019/10/14,4:10:00,G1107,4.9,3.9,4.8,5.2,8.6,7.5,7.6,8.4,6.8,7.1,4.9,6.8,3.8,6.6,4.1,7,2.7,1.2,4.6
2019/10/14,4:10:00,G1108,4.7,4.3,4.3,4.4,8.4,7.6,7.4,7.8,7.1,7.4,2.4,7.2,4.6,5.9,6.4,7.2,2.9,2.5,4.8
2019/10/14,4:10:00,G1109,5.4,4.3,4.6,6.1,8.9,7.1,8.4,8.6,7.4,7.3,4.4,8,1.6,8.1,8.2,8.6,7.6,6.7,7
2019/10/14,4:10:00,G1110,6.5,3.6,4.8,8.3,9.3,8.4,8.9,9.3,8,7.3,7.3,8.2,5.1,8.5,9.2,9.1,8.7,8.1,8.1
2019/10/14,4:10:00,G1111,6.3,2.7,7.3,8.6,8.8,8.3,9.5,10,8.3,7.9,9.8,9.8,9.7,8.3,8.9,9.1,8.8,9.2,8.9
2019/10/14,4:10:00,G1112,6.2,3.7,7.3,9.1,8.5,9.3,9.6,10.7,10.1,8.6,10.3,9.9,9.8,8.1,8.6,8.7,9.1,9.6,9.7
2019/10/14,4:10:00,G1113,6,4.1,6.9,8.6,8.3,9.9,9,10.5,10.6,9.3,9.9,9.2,9.5,8.7,8.6,8.4,8.8,9.7,10
2020/2/15,23:10:00,G1101,3.7,2.5,1.8,1.8,1.3,1.3,0.8,2.5,3,2.3,2.7,3.1,1.5,2.2,5.4,3.2,1.9,2.4,5.1
2020/2/15,23:10:00,G1102,4.1,2.5,2,1.2,0,1.6,1.3,1,3.1,2.9,2.3,2.9,1.3,1.6,5.2,3.8,2.3,2.8,5.3
2020/2/15,23:10:00,G1103,1.8,3.3,2.8,1.2,1.8,1.2,0.8,1.5,2.5,7.3,6.4,3.3,3,4.8,4.3,4.4,1.6,2.5,5.2
2020/2/15,23:10:00,G1104,3.1,3.8,3.2,1.7,1.6,1.7,0.5,1.4,3.2,6.4,4,3.1,2.6,4.9,3.4,2.8,1.1,2.3,4.7
2020/2/15,23:10:00,G1105,2.5,2.6,1.8,2.5,1.9,1.8,1.4,1.9,4.2,3.6,3.4,2.3,3.4,3.5,2.9,2.3,1.8,1.5,5.5
2020/2/15,23:10:00,G1106,3.5,3.2,3.1,1.3,2,1.5,1.9,4.5,4.8,5.2,4.9,3.6,3.3,3.4,4.1,3.8,2.1,2.7,3.8
2020/2/15,23:10:00,G1107,2.7,2.3,2.5,1.6,2,2,1.8,4.6,5.4,3.6,5.3,3.8,3.7,2.3,2.8,2.7,1.8,1.9,5.6
2020/2/15,23:10:00,G1108,2.2,2,2.3,1.9,2,2.1,2.3,3.2,3.6,2.3,5.3,2.8,2.7,3,2.5,3.6,2.5,2,6.1
2020/2/15,23:10:00,G1109,1.7,2.3,2.1,2,2.4,1.9,1.9,1.7,3.1,2.2,2.7,2.6,2.7,2.8,2.8,2.7,2.6,2.4,4.7
2020/2/15,23:10:00,G1110,1.5,1.8,1.9,1.8,1.5,1.4,2,1.2,1.6,1.8,1.5,2.2,2.2,2.5,2.5,2.3,1.9,1.9,4.7
2020/2/15,23:10:00,G1111,1.7,2,2,1.3,1.1,2.4,1.2,1.2,1.9,0.9,1.3,1.3,1.8,1.5,2.1,1.3,1.3,1.1,2.1
2020/2/15,23:10:00,G1112,1.4,1.6,1.9,1.6,1.4,1.4,1.2,1.5,2.7,0.6,1,0.9,1.9,0.8,1.8,0.9,1.7,2.2,1.8
2020/2/15,23:10:00,G1113,2.7,2.7,3.8,3.5,3.3,3.3,2.8,2.2,5.9,3.1,3.4,2,2.9,3.8,3.7,3.3,3.7,2.6,1.2
2020/5/10,15:40:00,G1101,2.1,2,2.8,2.9,NaN,1.7,1.5,4,5.6,13.7,10.2,14.2,9,1.8,NaN,0,1,1.6,0
2020/5/10,15:40:00,G1102,2.1,1.8,2.9,2.9,2.3,1.6,1.9,4.4,5.6,15.8,10.6,14.8,8.6,2.4,NaN,0,0.7,1.4,0
2020/5/10,15:40:00,G1103,1.9,1.9,2.1,2.2,2.2,1.8,3.7,3.9,6.5,15.2,13.3,16.6,12.3,1.2,8.1,3.4,0,1.2,0
2020/5/10,15:40:00,G1104,1.7,NaN,2.4,NaN,2.4,NaN,NaN,4.1,NaN,NaN,NaN,NaN,NaN,NaN,NaN,2.6,NaN,1.4,NaN
2020/5/10,15:40:00,G1105,1.7,2.6,1.8,3.2,2.8,2.5,3.2,4.6,7.2,16,18.700001,20,7.6,2.4,7.6,4,2.9,2,1.1
2020/5/10,15:40:00,G1106,2.1,2.8,2.2,3.1,2.7,3,3.2,4.8,7.3,15.6,19.6,19.700001,9.7,2.2,8.2,4.9,4.3,2.9,0.3
2020/5/10,15:40:00,G1107,3,1.7,1.6,2.6,2.8,3.1,3.2,4.6,7,19.799999,19.4,19,12.3,4.4,7.4,3.3,3.7,3.2,0.4
2020/5/10,15:40:00,G1108,2.7,1.9,1.6,3,3.1,3.1,3.4,4.4,7.2,19.4,19,19.9,12.3,5.4,7.8,2.3,4.4,1.4,1.1
2020/5/10,15:40:00,G1109,2.8,2.1,2,2.6,1.9,2.7,2.3,4.4,6.5,17.6,18.6,20.700001,12.8,6.3,3.2,2.4,1,1,1.1
2020/5/10,15:40:00,G1110,2.9,2.6,1.8,2.2,2.8,2.3,3.3,4.1,7,16.799999,18.700001,18.700001,17.6,6.9,2.9,3.4,1.3,0.6,3.9
2020/5/10,15:40:00,G1111,1.8,2.2,2.5,2.7,2.5,2.4,2.5,4,6.4,16.5,18.799999,17.299999,16.6,9.9,1.8,3.3,1.6,0.7,3.7
2020/5/10,15:40:00,G1112,2,2.3,2.7,2.2,2.4,2.5,2.8,3.4,6.1,17,16.6,19.6,15.8,9.1,1.5,3.2,2.1,1,4.1
2020/5/10,15:40:00,G1113,2.2,2.4,1.9,2.3,2.4,2.5,2.6,3.3,5.9,17.1,19.299999,18.9,17.9,8.6,2,4.8,2,4.7,4.5
2020/5/11,20:55:00,G1101,2.3,NaN,2.4,2,2.7,1.5,7,11,10.9,3,3.9,6.6,3.5,5.6,5,4,NaN,6.1,4.4
2020/5/11,20:55:00,G1102,3,NaN,3,2,3.4,2.2,8.1,11.9,11.5,4.1,4.2,7,4.1,5.6,5.8,5.8,NaN,7.1,5.5
2020/5/11,20:55:00,G1103,3.3,3.1,3.4,3.3,3.7,2,7.4,14.5,15.1,8.6,6.4,8.7,5,7.7,6.4,6.8,5.3,7.7,6.7
2020/5/11,20:55:00,G1104,3.4,NaN,3.6,NaN,NaN,NaN,NaN,NaN,NaN,NaN,6.8,NaN,4.4,NaN,7.1,NaN,6.6,NaN,6.9
2020/5/11,20:55:00,G1105,3.6,4.3,3.3,3.5,3.7,2.5,7.1,15.3,15.8,9.3,7.8,10.5,8.5,7.8,7.9,8.9,7.7,8.7,6.7
2020/5/11,20:55:00,G1106,4.1,4.4,3.3,4,3.9,2.8,6.8,16.4,15.8,10,7.7,11.8,7.3,9,7.8,10.3,8.8,9.4,8.4
2020/5/11,20:55:00,G1107,4.5,4.3,3.6,4,4.5,3.1,7.1,17.700001,15.4,11.5,10,14.4,9.2,11.8,13.7,10.3,9,11.2,9.2
2020/5/11,20:55:00,G1108,4.6,4.3,3.9,3.9,4.4,3.1,7.3,17,14.7,12.9,11.5,14.2,9.8,10.9,14.6,10.4,9.1,11.7,9.1
2020/5/11,20:55:00,G1109,4.9,4.1,4.5,3.5,4.5,4.3,7,17.9,17.5,13.1,15.7,16.4,12.2,11.7,14.4,10.9,10.4,13.1,8.9
2020/5/11,20:55:00,G1110,4.7,4.5,4.6,4.1,4.5,3.9,6.9,18.299999,15.7,12.1,16.6,18,13.5,13,15.5,11.5,12.5,15.3,9.6
2020/5/11,20:55:00,G1111,4.6,4.8,5,4.4,4.7,4.3,6.5,20.799999,16.799999,12.9,18.5,20.1,15.2,14.6,18,16.200001,15.3,15.8,13.7
2020/5/11,20:55:00,G1112,4.2,4.9,5.2,4.1,4.3,4.2,6.5,20.799999,18.799999,12.1,18.799999,19.200001,15.5,15.4,16.9,15.2,15.5,15.8,14.1
2020/5/11,20:55:00,G1113,4.3,4.8,5.4,4.8,4.6,4.8,6.7,20.799999,20.6,14.2,19.6,18.9,15.5,17,16.700001,16.799999,16.4,15.5,13.9
2020/5/18,2:10:00,G1101,0,0,1.1,NaN,0,NaN,0,4.3,4.1,2.1,1.5,1.2,0.6,0.1,1.3,0,1.7,NaN,NaN
2020/5/18,2:10:00,G1102,0,0.7,1,1.1,0,0,0.3,4.4,3.6,2.3,1.6,1.3,0,0,1.1,0,1.5,NaN,1.1
2020/5/18,2:10:00,G1103,0,0,0,0,0,0,0,4.4,4.5,2.6,1.7,2,1.4,0.9,0,0.4,2,1.1,1.2
2020/5/18,2:10:00,G1104,NaN,0,NaN,NaN,0.7,NaN,1.1,NaN,5,NaN,1.6,NaN,1.2,NaN,0.5,NaN,NaN,NaN,0.8
2020/5/18,2:10:00,G1105,0,0,1.5,1.4,1.1,1.2,1.2,4.5,5.3,2.7,2,NaN,1,0.7,0,0,1.6,0,0
2020/5/18,2:10:00,G1106,0,0,1,1.1,1,0,0,4.9,5.2,2.9,2.1,2.8,1,1,0,0,0,0,0
2020/5/18,2:10:00,G1107,1,1.3,0.7,0.7,0.5,0,0.6,5.2,5.6,2.7,2.7,2.8,1.9,1.7,0.5,1,0,0.9,0.5
2020/5/18,2:10:00,G1108,1.1,0.9,0.7,0,0,0,0,5.1,5.3,2.7,2.9,2.8,2.3,1.9,0,1,0,1.3,0.8
2020/5/18,2:10:00,G1109,1.6,1,0,0,0,0.7,0,4.6,4.8,2.9,2.7,3.3,2.3,2,1.3,1.6,1.1,1.7,1.4
2020/5/18,2:10:00,G1110,1.4,1.1,1.5,0.6,0.9,0,0.5,4.3,4.1,3,3,3.2,2.2,2.4,2.5,2.2,1.5,2.2,2.1
2020/5/18,2:10:00,G1111,1.6,2.5,2.9,1.5,1,0.7,0,3.5,3.3,3.3,3.1,3.9,2.3,3.4,2.3,2.7,2.9,2.7,3.2
2020/5/18,2:10:00,G1112,2.2,3.1,2.8,1.2,1.2,0.7,0,3,2.8,3.4,3.2,4,2.5,3.7,2.6,2.8,3.2,2.9,3.1
2020/5/18,2:10:00,G1113,2.3,3.4,2.9,1.8,1.7,1.3,0.1,3,2.4,3.9,3.3,4.3,3.1,4,2.8,2.6,4.1,3.1,3.9
2020/5/20,13:10:00,G1101,3.9,3.9,3.4,5.9,5.1,3.4,3.9,4.9,0.9,4,1.6,2.5,3.3,2.9,NaN,3.3,3.7,1.9,1.5
2020/5/20,13:10:00,G1102,4.2,4.9,4.3,6.4,4.8,3.3,5,4.9,1.3,3.6,0.8,2.9,3.8,2.8,NaN,3.9,3.8,2.4,2.8
2020/5/20,13:10:00,G1103,7.1,4,4.6,4.8,4.3,3.9,4.5,4.5,2.3,2.4,0,2.7,3.6,4.1,4.9,3.6,3.2,2.4,2.4
2020/5/20,13:10:00,G1104,7.1,NaN,3.8,NaN,4.1,NaN,5.5,NaN,2.5,NaN,0.6,2.9,3.2,NaN,5,3.5,3.3,NaN,2.4
2020/5/20,13:10:00,G1105,7.3,5.2,6.1,5.1,4.4,4.6,4.9,4.9,2.4,0.3,0.8,2.5,3.6,3.5,4.8,3.6,3.7,4.3,3.9
2020/5/20,13:10:00,G1106,5.9,5.4,5.4,4.8,4.8,4.9,5.5,4.2,2.7,0.9,1.1,2.7,3.3,3.3,4.4,3.8,3.9,4.4,4.7
2020/5/20,13:10:00,G1107,6.9,6.1,6.1,5,4.7,4.6,5.2,4.3,3.2,0.7,2.1,3.1,3.7,4,3.7,5,5.8,5.2,5.8
2020/5/20,13:10:00,G1108,6.9,6.7,6.6,5.8,5.5,4.7,6,4.8,3.6,1,2.3,3.5,3.8,4.3,3.5,5.2,6,5.6,6
2020/5/20,13:10:00,G1109,5.2,7.5,7.4,6.6,6.1,5.1,5.4,4.6,2.2,0.6,2.5,3.6,4.8,4.4,4.6,6.8,7,5.6,6.7
2020/5/20,13:10:00,G1110,5.9,7.3,6.6,6.1,5.9,5.1,5.5,5.5,1.7,0.1,2.1,4.7,4.8,5.6,6.2,6.3,8,6.5,6.9
2020/5/20,13:10:00,G1111,6.5,8.3,7.8,6.8,5.9,7.1,5.1,5.2,2.6,1.2,2,4.7,4.2,6.2,7,6.3,6.3,6.4,5.3
2020/5/20,13:10:00,G1112,5.9,8.5,7,6.1,6.5,7,5.2,5.7,2.6,1.2,1.8,4.7,4.5,5.9,6.6,6.1,7,6.1,6.2
2020/5/20,13:10:00,G1113,6.2,8.8,6.6,6.5,7,6.9,4.8,5.6,2.6,1.9,2.9,5.3,4.4,5.1,5.4,4.8,5.9,5.3,5.3
2020/5/21,15:25:00,G1101,2.3,NaN,3.4,2.6,2.5,3,3.6,NaN,4.1,NaN,2.5,NaN,2.3,2,2,2.6,2.3,1.2,1.6
2020/5/21,15:25:00,G1102,3.5,NaN,3.2,3.4,3,3,3.1,NaN,4.6,NaN,3.3,NaN,2.7,2.3,2.8,2.2,3.2,1.4,1.9
2020/5/21,15:25:00,G1103,3.3,2.9,4.5,3.2,2.6,2.9,3.3,NaN,5.5,NaN,3.9,2.2,2.6,3.9,3.2,2,2.2,2.2,2.3
2020/5/21,15:25:00,G1104,3.5,NaN,NaN,NaN,3.3,NaN,NaN,NaN,NaN,NaN,NaN,NaN,NaN,NaN,3.8,NaN,4,NaN,2.9
2020/5/21,15:25:00,G1105,3.2,3.7,4.8,2.9,3.5,3.1,3.6,NaN,6.3,5.7,4.1,2.1,2.8,4.7,5.6,3.9,5.7,4.2,4
2020/5/21,15:25:00,G1106,4,4.1,3.9,3,4.3,3.1,4,6.1,6.7,7.2,3.6,1.4,3.4,5.6,4.7,5.8,6.7,5.4,4.3
2020/5/21,15:25:00,G1107,3.9,4.7,5.1,4.4,4.1,3.7,4.1,5.2,6.9,6.3,4.2,1.3,4.9,7.4,6.4,7.7,8.1,5.9,6.5
2020/5/21,15:25:00,G1108,3.7,4.6,4.8,4.3,4.2,3.8,3.6,5.7,7.1,6.4,3.9,1.5,4.7,8.4,6.1,8.9,8.9,6.7,6.9
2020/5/21,15:25:00,G1109,3.9,4.9,4.2,4.8,3.7,4.4,2.7,6.1,7.6,6.8,3,2,4.7,9.5,6.3,9.3,9.9,7.6,6.3
2020/5/21,15:25:00,G1110,4.5,6,4.5,5.6,4.4,4.1,3.9,5.4,8.1,7.1,3.8,3,7.6,8.8,7.7,8.2,10.8,8,7.4
2020/5/21,15:25:00,G1111,5,NaN,4.6,5.9,6.1,4.4,4,7.7,8.4,7.7,4.4,3.7,8,10.1,7.4,9.3,10.8,8.4,7.5
2020/5/21,15:25:00,G1112,5,5.8,4.8,5.7,5.7,4.4,4.2,8.5,8.7,7.8,4.5,4.4,7.5,10.2,6.7,10,10.4,8.2,8.1
2020/5/21,15:25:00,G1113,5.1,6.3,4.8,5.5,6.1,5,4.9,7.8,9.2,NaN,4.8,5.2,7.6,10,7.1,11.9,11.4,9,8.9
2020/5/22,20:15:00,G1101,0.9,1.1,1.2,1.4,1.2,0.8,1.7,1.7,1.3,2,1.1,NaN,0,0.7,0.7,NaN,2.2,2,2.9
2020/5/22,20:15:00,G1102,0,0.8,1.2,1.5,1.5,1.5,0.7,0.9,0.8,1.4,0.3,0,1,1.6,1.1,1,2.5,3,3.4
2020/5/22,20:15:00,G1103,0,0,0,0,0,1.8,1.3,1.6,0.4,1.9,0,0,2.2,1.7,1.4,2.1,3.4,2.7,3.3
2020/5/22,20:15:00,G1104,NaN,1.4,NaN,1.9,NaN,NaN,NaN,1.2,NaN,1.8,NaN,0.6,NaN,2,NaN,2.9,NaN,2.8,NaN
2020/5/22,20:15:00,G1105,1.1,1.7,1.9,2.1,2,1.7,1,2,0.4,2.2,1.5,0,4.1,2,3.4,2.4,4.5,3.3,4.8
2020/5/22,20:15:00,G1106,1.2,1.5,2,2.1,2.1,1.7,0.3,0.4,0.7,0.6,1.1,2.6,4.5,3.8,4.5,4.2,5,2.7,5
2020/5/22,20:15:00,G1107,1.6,1.1,2,2.4,2.3,1.7,0.3,2.2,0.9,0.5,0.9,2.4,5.1,4.7,4.8,4.7,6.2,2.9,5
2020/5/22,20:15:00,G1108,1.8,1.5,2.3,2.6,2.6,2,0.7,1.8,1.5,1.5,1.4,2.7,5.2,5.5,4.9,4.9,6.2,3,4.6
2020/5/22,20:15:00,G1109,1.4,1.6,2.1,1.9,2.5,2.4,0.7,1.7,1.4,0.9,1,2.1,2.9,5.6,5,5.1,6,4,6.1
2020/5/22,20:15:00,G1110,1.1,1.1,1.6,1.7,1.9,2.6,1,1.7,0.6,1.1,1.7,1.5,1.6,2.2,5.4,5.4,5.7,4.4,4.9
2020/5/22,20:15:00,G1111,0,0.5,1.1,1.4,1.7,2.2,2.5,2.6,2.2,3,2.7,2.2,1.3,2.4,5.9,5.8,5.7,4.5,5.5
2020/5/22,20:15:00,G1112,0,0,0,0.8,1.1,2.2,1,1.5,0.7,3,2.4,1.3,0.1,3.2,5.9,5.9,5.6,4.3,6
2020/5/22,20:15:00,G1113,0,0,0,1.3,0.4,1.9,1.6,3.1,0.8,5.7,5.3,3.4,0.7,1.7,6.1,6,5.6,3.9,5.7
2020/6/2,13:20:00,G1101,6.7,2.3,4.1,7.1,5.4,3.7,5.1,5.5,2.1,6.2,7,3.2,0.3,0,1.4,3.2,2,1.7,2
2020/6/2,13:20:00,G1102,7.2,3.9,4.6,7.7,6,3.4,3.8,5.1,2.5,5.6,7.3,4,0.7,0,1.8,3,1.8,2.5,2.3
2020/6/2,13:20:00,G1103,8.1,6,6.2,7.4,7.1,3,4.9,4.4,2.9,7.8,10.5,4.4,0,1.7,1.6,3.6,1.9,2.7,2.5
2020/6/2,13:20:00,G1104,8.1,5.7,6.7,8.2,6.9,3.5,5.5,3.5,2.9,9.3,10.8,5.3,0.5,2.2,1.9,3.7,2.3,3.1,2.2
2020/6/2,13:20:00,G1105,8.4,6.1,8.1,8.1,8,4.7,5.7,4.1,3.8,8.6,11.4,6.3,1.7,3.6,3.4,4.7,3.6,3.2,2.8
2020/6/2,13:20:00,G1106,8.9,6.3,7.6,8.4,7.5,6.4,5.9,5.3,4,7.8,10.8,6.7,2,4.4,3.7,5,4.3,4.1,3.1
2020/6/2,13:20:00,G1107,8.5,6.6,6.8,8.7,8,7,6.6,5.4,5.7,8.7,9.9,7,3.7,5.8,5.7,5.5,5.3,4.5,4
2020/6/2,13:20:00,G1108,8.6,6.7,7.7,8.6,8.5,7.2,6.7,5,5.4,8.8,9.9,7.4,4.2,5.9,6,5.7,5.3,4.5,4
2020/6/2,13:20:00,G1109,8.9,7.4,7.7,8.2,8.3,7.1,7.7,6.5,7.2,9.9,10.1,7.9,5.3,7.1,8.1,7.2,6,4.6,4.6
2020/6/2,13:20:00,G1110,8.5,7,7.6,8.3,8.3,6.6,9.6,6.4,8.4,11.2,9.8,7.3,6.7,7,8.5,7.5,6.4,5.3,5.3
2020/6/2,13:20:00,G1111,10.1,7.1,8,9.1,8.8,6.5,7.2,4.2,7,11.5,11.1,6.9,7.9,6.7,9.5,7.2,7.1,5.6,5.2
2020/6/2,13:20:00,G1112,10.3,7.1,9.5,8.4,8.6,6.2,7.1,3.8,9.2,10.9,10.4,6.3,7.9,7,9.4,6.9,7,5.4,5
2020/6/2,13:20:00,G1113,9.6,6.6,8.9,10,9.4,6.3,8,3.1,9.5,11.9,10.9,6.7,8.2,7.9,10.2,7.8,7.5,6.1,5.4
2020/6/5,17:55:00,G1101,4.4,7.1,8.6,3.3,6.8,6,7,4.5,6.1,4.7,2.9,3.9,4.5,1.7,1.7,2.1,3,4.2,1.2
2020/6/5,17:55:00,G1102,4.5,6.4,8.5,4.1,5.7,7.3,7.9,5.7,7,5.5,3.9,5.6,3.8,1.8,2.3,2.3,4.4,4.6,3.3
2020/6/5,17:55:00,G1103,5.1,7.2,8.6,5.3,7.1,9,8.6,5.9,6.1,4.3,3,6.2,4.3,2.9,2.7,3.4,4.9,5.4,3.7
2020/6/5,17:55:00,G1104,5.3,7.3,8.5,6.4,6.2,8.3,7.1,6.2,6.1,5.3,6.1,6.4,4.9,3.4,3.1,3,5.2,5.4,4.2
2020/6/5,17:55:00,G1105,7.1,7.3,8.9,6.8,8.8,8.9,7.3,6.9,10.1,7,7.8,6.2,6.5,3.8,3.4,2.8,3.5,3.7,5.2
2020/6/5,17:55:00,G1106,5.1,7.9,9.4,7.4,9.7,8.7,8.1,6.6,8.6,8.9,9.7,7.4,7,5.1,5,4.2,4.1,3.6,4.5
2020/6/5,17:55:00,G1107,7,8.4,9.7,8.1,9.7,10,9.5,8.1,9.2,9.7,8.9,7.4,6.8,5,6,5.8,4,3.5,2.7
2020/6/5,17:55:00,G1108,7.3,9,10,7.8,9.8,10.6,9.8,8.2,8.7,9.9,9,7.6,6.9,5,6.2,6.2,3.7,4,2.6
2020/6/5,17:55:00,G1109,7.5,8.9,10,7.1,10.6,10.7,9.8,9.6,9.5,9.6,7.7,7.1,6.3,6.9,6.8,6.9,2.8,3,3
2020/6/5,17:55:00,G1110,7.3,9.5,9.5,8.9,9.4,10,10.3,10.2,10,9,7.2,6.9,7.2,7.9,8.3,7.4,5.4,4.1,3.7
2020/6/5,17:55:00,G1111,8.4,9.4,10,10.6,11.4,10.4,9.7,9.4,10.6,8.4,7.3,8.1,7.4,8.1,8.8,9,7.4,7.8,6.7
2020/6/5,17:55:00,G1112,8.5,8.4,10.4,10.6,11.1,10.2,10,9.7,10.8,8.7,7.1,8.2,7.5,8.6,8.9,9.5,7.6,8.3,7.3
2020/6/5,17:55:00,G1113,8.9,10.9,10.3,11,11.7,11.6,11.1,10.2,11.4,9,7.4,8.6,8.4,9.6,9.4,10.4,9.1,9.7,8.7
2020/6/6,0:10:00,G1101,3.4,4,3,3.8,3.5,4.6,5.7,5.9,4.2,3.7,1.9,1.7,3.2,1.7,1.9,0,0.7,1.3,1.6
2020/6/6,0:10:00,G1102,4.8,3.5,3.4,3.7,4.3,5.2,6.2,5.7,4.8,3.6,3.6,1.8,3.3,2.1,2.1,0,0.6,1.6,2.3
2020/6/6,0:10:00,G1103,6,3.4,3.7,5.5,4.1,4.6,5.7,7.5,5,6.4,3.5,2,3.6,2.7,2.5,0,0,2.2,3.6
2020/6/6,0:10:00,G1104,5.7,3.9,4.4,5.7,4.1,5.3,6.2,7.5,7,7.5,3.8,2.7,4.4,2.9,2.2,0,0.9,1.8,3.3
2020/6/6,0:10:00,G1105,5.6,5.7,6.5,5.4,4.6,5.8,5.6,8.2,6,7.1,3.7,3.2,4.4,2.8,2.9,0.9,2.2,2.5,4.2
2020/6/6,0:10:00,G1106,5.9,5.8,6.1,5.7,5.7,7.1,6.3,10.6,8.4,6.8,5.6,4,4.4,3.2,2.9,2,2.9,2.6,4.3
2020/6/6,0:10:00,G1107,7.2,5.8,6.6,5.8,6.8,5.9,6.8,10.3,10.5,7.7,6,5.8,4.8,4,2.9,4.3,4.5,4.7,6.2
2020/6/6,0:10:00,G1108,8.1,5.5,6.8,5.7,7,6.2,7.3,10.8,10.6,8.2,6.5,5.6,4.8,4.2,3.4,5,4.3,5.6,6.3
2020/6/6,0:10:00,G1109,8.3,5.9,7.3,6.5,7.9,5.8,7.4,10.5,11.3,10.1,6,6.5,5.3,5.3,5,6,4.8,5.3,6.4
2020/6/6,0:10:00,G1110,8.6,7,7.6,6.7,8.5,6,7.7,10.5,11.7,10.2,7.5,7.5,6,6.1,6.8,6.8,7.3,7.6,7.3
2020/6/6,0:10:00,G1111,7.6,6.2,8.7,8.4,9.1,6.9,9.9,11.6,13.4,10.4,7.2,7.6,6.2,7.8,8.2,8.2,9.3,8.7,7.9
2020/6/6,0:10:00,G1112,7.8,5.9,8.9,8.4,8.9,6.6,10.2,12.1,12.7,10.1,7.2,7.4,6.4,7.4,8.8,8.4,9,8.5,8.6
2020/6/6,0:10:00,G1113,9,7.9,9,9.1,9.9,7.3,11.2,14.6,13.3,10.7,7.9,7.6,6.7,7.9,9.9,9.4,9.4,8.5,8.9
2020/6/8,4:45:00,G1101,4.2,3.4,3.3,3.9,2.9,3.1,5.8,8.7,5.8,7.7,4.9,7.6,3.4,2.4,3.7,2.1,2.1,1.9,2.1
2020/6/8,4:45:00,G1102,5.2,4.5,4.1,4.4,3,4,5.9,8.2,5.6,6.5,5.5,8.7,3.8,3.4,3.9,2.9,2.5,3.7,2.1
2020/6/8,4:45:00,G1103,5.8,5.4,4.4,4.4,5.5,5.6,6.1,8.4,6.9,7.8,7.3,9.8,4.6,6.3,4.6,3.8,4.2,4.3,3
2020/6/8,4:45:00,G1104,7.2,4.7,4.6,6.1,5.4,6,6,11.6,8,8.6,8,10.1,5.2,7.1,4.6,5.7,5.4,5,3.5
2020/6/8,4:45:00,G1105,6.9,4.8,6.1,7.6,6.5,5.8,6.6,10.6,12,7.8,7.6,10.9,5.9,7.5,4.6,6.5,7.1,6.9,5
2020/6/8,4:45:00,G1106,7.2,5.4,7.7,7.3,6.1,5.6,6.7,11.4,12.9,9.1,8.7,11.9,6,7.3,5.6,8.3,8.6,7.1,5.4
2020/6/8,4:45:00,G1107,5.9,6.9,8.9,8.4,7.5,4.9,7.5,11.2,11.7,12.4,13.7,12.9,7.1,8.2,8.7,10,8.6,8.2,6.5
2020/6/8,4:45:00,G1108,7.5,7.3,10.1,8.5,7.9,6.6,8.6,11.8,11.9,13.7,13.8,13.5,7.3,8.6,8.7,10.2,8.8,8.7,6.8
2020/6/8,4:45:00,G1109,7.8,8.7,10.4,8.3,7.6,7.2,9.9,13.7,12.7,12.7,15.1,12.2,8.3,9.5,9.9,11.7,10.1,8.9,5.8
2020/6/8,4:45:00,G1110,8.2,9.5,10.4,8.3,8.2,8.7,10.3,15.4,13.7,14.2,14.8,13.3,8.8,8.9,11.3,12.1,10.6,9.6,5
2020/6/8,4:45:00,G1111,9.7,10.4,9.7,9.7,8.3,10,10.9,14.1,14,14.1,16.200001,15.5,10.2,9,11.8,13,12.6,10.1,6.2
2020/6/8,4:45:00,G1112,10.3,10.7,10.2,10.1,8.8,11.4,10.7,15,12.8,14,16.200001,14.9,10.5,8.4,11.9,13.1,12.6,9.9,7
2020/6/8,4:45:00,G1113,10.9,11.1,10.1,10,9.6,12,11.2,16.1,13.1,15.1,18.1,15.2,13.1,10,12.8,13.9,13.8,10.2,7.6
2020/6/8,11:45:00,G1101,1.2,1.8,2.7,4.4,4.7,3.7,4.1,5.3,1.7,1.9,3.7,3.8,2.3,1.6,3.7,3.6,4.6,3.4,3.2
2020/6/8,11:45:00,G1102,1.4,1.6,3,4.1,4.8,5.2,4.6,8.7,2.8,1.7,5,4.2,2.7,1.8,3.2,6,4.3,4.5,4.4
2020/6/8,11:45:00,G1103,1.8,3,4.7,6.1,6.3,7.8,7.4,10,2.9,4.1,6.6,5.3,3.8,3.2,5.4,6.4,5.5,4.6,4.4
2020/6/8,11:45:00,G1104,2.1,3.2,4.1,7.2,6.9,8.2,6.4,9.3,3.1,4.3,6.2,5.5,4.2,3.6,5.4,6.9,6.3,5.2,5.1
2020/6/8,11:45:00,G1105,3.3,4.8,4,4.8,7.6,9.6,8.3,10.9,5.2,5.2,6.1,6.1,4.6,4.1,5.3,6.5,6.6,6.5,5.6
2020/6/8,11:45:00,G1106,4.4,6.2,5.1,8.1,8.8,10.7,9.5,11,5.6,6.6,6.1,6.7,5.5,4.7,5.4,8.3,6.7,6.4,5.9
2020/6/8,11:45:00,G1107,4.7,6.5,6.2,8.5,8.8,10.6,12.3,12,6.1,5,6.6,5.7,7.3,6.7,5.2,8.8,7.3,7.5,7
2020/6/8,11:45:00,G1108,5.1,7.5,6.4,8.8,9.1,10.6,12.6,12,6.2,6.7,7.2,6.1,7.3,6.7,5.5,8.7,7.8,8.2,7.1
2020/6/8,11:45:00,G1109,8.3,6.5,6.8,9.9,9.4,11.8,11.9,12.8,6.9,6.8,7.5,8.4,7.9,6.4,6.9,8.3,8.1,8.9,7.7
2020/6/8,11:45:00,G1110,9.2,8.9,8.5,9.9,9.5,12.7,13.6,13.6,8,7.5,7,10.4,8.5,7.2,9.5,8.5,8.7,9,9.7
2020/6/8,11:45:00,G1111,8.9,8.3,10,9.9,12.7,14.2,14.8,13.1,10.2,8.8,9.8,11,9.2,10.2,9.9,9.1,12.1,10.3,10.1
2020/6/8,11:45:00,G1112,9.2,9.1,9.5,10.8,12.8,14.2,14.8,12.5,10.3,8.8,9.7,10.9,9.5,11.5,10.7,10.8,12.2,11.3,9.8
2020/6/8,11:45:00,G1113,10,9.8,9.9,11.3,13.6,15,15.9,14.1,10.8,8.4,9.2,11.6,11.3,12.2,11.5,12,12.8,11.5,10.8
2020/6/9,20:45:00,G1101,1.3,2.2,2.9,3.3,2.4,1.4,1.1,2.1,3.1,1.3,4.8,4,2.8,2.5,1.7,0,1,0.7,0.3
2020/6/9,20:45:00,G1102,1.3,3,3,3.4,3.1,0.6,0.9,2,4.2,1.3,4.8,6.1,3.8,2.7,1.7,0.3,0,0,0.7
2020/6/9,20:45:00,G1103,2,2.8,4.2,3.8,3.5,2,0,7.3,4.2,1.2,4.1,3.5,1.8,4.9,2.1,1.8,0,0,0
2020/6/9,20:45:00,G1104,2.9,2.9,4.5,3.7,3.7,2.1,0,8.2,3.3,1.1,3.9,2.9,1,5.3,2.4,3.3,0,0.6,0.5
2020/6/9,20:45:00,G1105,2.9,3.3,4.1,4.4,3.4,2.7,0.7,8.5,4.3,1.2,3.9,3.7,1,4.1,2.7,2.9,0.1,0.1,1.6
2020/6/9,20:45:00,G1106,4.1,3,4.1,4.5,3.2,3.5,1.1,7.7,6.5,2.5,5.3,5.1,0.6,4.2,2.6,3.2,0.7,0,3
2020/6/9,20:45:00,G1107,4.6,4.6,4.1,4.1,3.5,3.9,1.2,9,7.1,1.7,5.1,0.9,1.2,1.6,0,0,1.7,0,0.8
2020/6/9,20:45:00,G1108,4.7,4.6,4.2,4.3,3.8,4.4,1.4,9.1,7.5,2.6,5.2,0.8,1.6,1.2,1.1,0.4,2,0.3,1
2020/6/9,20:45:00,G1109,5.5,4.3,4.9,4.9,4.3,5,0.4,9,5.5,2.6,4.8,1,3.7,0,1.2,1.6,1.6,0.4,0.6
2020/6/9,20:45:00,G1110,5.2,5.4,4.6,4.5,3.9,4.2,2.2,8.7,5.2,2.3,4.8,3.2,4.2,2.2,1.9,2.5,2.3,0,0.9
2020/6/9,20:45:00,G1111,5.7,6.1,5.2,5.4,4.5,4.5,3.9,9.2,6.7,4.9,6.1,6.5,4.5,2.7,3.1,3.7,3.3,1.4,1.3
2020/6/9,20:45:00,G1112,6.6,5.8,5.1,5.3,4.8,4,NaN,9.1,6.8,4.9,5.4,7.1,4.3,2.5,3.1,NaN,3.3,1.8,NaN
2020/6/9,20:45:00,G1113,7.2,6.6,5.8,5.8,4.7,4.5,3.1,8.5,6.2,4.7,5.9,6.7,4.8,2.9,3.4,3.1,3.2,2.1,1.5
2020/6/13,10:25:00,G1101,3.9,1.5,2.3,1.4,1.1,1.3,0.5,2.2,4.9,4,5.3,3.6,2.1,0.6,1.7,0.8,0,0,0
2020/6/13,10:25:00,G1102,4.1,3.1,3.1,1.5,1.5,1,1,2.4,7,5.6,4.7,4.4,2.6,0.9,1.4,0.7,0.9,0.5,0
2020/6/13,10:25:00,G1103,5.2,3.9,3.3,2.9,0,0.5,0.9,3.7,9.1,5.2,6.7,5.6,3.2,0.9,1.6,1.1,2.1,0.7,0
2020/6/13,10:25:00,G1104,5.5,3.7,3.4,0.8,2.6,0.5,0.4,4.2,8.6,5.4,7,5.7,3.2,0.9,1.3,1,3.5,1.6,0.7
2020/6/13,10:25:00,G1105,6.1,4.3,2.1,1.3,2.2,0.6,0,2.1,8.3,5.4,6.9,6.2,3,1.5,2.3,1.4,3.4,1.5,0
2020/6/13,10:25:00,G1106,6.2,4.4,3.3,1.8,1.6,0,0.9,2.7,8.1,6.8,6.6,5.9,2.8,1.1,3,1.8,3.4,1.3,0.7
2020/6/13,10:25:00,G1107,6.8,3.1,1.9,3.4,3.3,4,5.5,4.4,6.3,6.9,7,6,2.7,1,2.8,0.6,3.7,2.1,1.2
2020/6/13,10:25:00,G1108,6.8,4.5,2.7,3.4,3.7,4.1,4.5,3.8,6.5,7.1,6.8,5.9,2.6,2.6,3.1,2,3.5,0.9,1.3
2020/6/13,10:25:00,G1109,7.7,4.5,2.2,1.1,4.1,3.5,4.9,3.3,7.2,7.5,6.7,5.5,2.8,2.4,4.2,3.1,3.5,4.2,1.4
2020/6/13,10:25:00,G1110,5.9,4.5,1.2,1.7,2.7,5.3,5.2,2.5,6.7,6.3,6.6,5.9,2.8,5,4.2,5.3,4.3,4.1,0.6
2020/6/13,10:25:00,G1111,6.3,4.7,1.7,4,2.5,3.5,7,1.8,6.8,6.7,6.5,4.9,3.1,5.9,4.9,6.2,5.1,4.8,2.4
2020/6/13,10:25:00,G1112,6.7,4.4,4.2,4.9,3,4.5,5.3,2.1,7,6.3,6.4,5,3.1,5.7,5.3,6.8,5.9,4.8,2.7
2020/6/13,10:25:00,G1113,6.5,5.2,3.3,3.8,4,3.7,5.1,3.1,6.2,6.6,6.2,4.9,3.4,6.2,5.9,7.3,7.1,5.1,4.9
2020/6/14,15:45:00,G1101,3.2,4.8,4.5,4.9,5,6.8,4.5,8.3,2.3,2.2,3.1,2.3,2.9,1.7,1.3,1.2,1.5,1.1,0.4
2020/6/14,15:45:00,G1102,3.3,4.9,4.7,6.3,5,5.7,4.9,8.4,2.3,3.1,3.5,2.5,2.4,1.5,1.6,1.3,1.2,1.9,0
2020/6/14,15:45:00,G1103,3.3,6.3,4.9,5,6.1,7.2,4.9,8.4,3.4,4.1,4.2,3.3,2,2.5,1.6,0,1.5,2.2,1.5
2020/6/14,15:45:00,G1104,4,5.7,6.2,5.2,7.3,8.7,5.4,8.3,5.5,4.1,4.2,3.5,2,2.7,2,1.8,2.5,2.9,1.8
2020/6/14,15:45:00,G1105,4.4,7,5.5,5.8,7.7,8,4.7,8.3,5.6,4.6,4.3,3.3,2.8,2.6,2.5,2.7,3.5,3.3,3.3
2020/6/14,15:45:00,G1106,5.8,5.2,5.6,5.4,7,9.3,5.6,8.6,4.8,4.3,4.4,3.1,3.1,2.8,3,3.6,3.8,4,3.7
2020/6/14,15:45:00,G1107,6.5,5.7,5.4,6.5,7.3,9.9,5.6,8.5,4.3,4.4,3.6,3.6,3.1,3.5,3.8,4,4,5.3,5.1
2020/6/14,15:45:00,G1108,6.5,6.1,5.6,5.5,5.7,7.9,6,9.1,5.1,4.6,3.7,3.7,3.2,3.5,4.3,4.3,4,5.1,5.3
2020/6/14,15:45:00,G1109,7.2,7.2,6.2,6.5,6.4,6.7,5.7,9.1,5.7,5.7,4.4,4.4,5,4.3,4.6,4.5,3.8,4.4,5.3
2020/6/14,15:45:00,G1110,6.4,6,5.2,7.1,6.1,6.9,6.9,9,6.5,6.6,5.5,4.9,4.4,5.5,4.7,4.9,4.3,4.6,5.6
2020/6/14,15:45:00,G1111,6.3,6.6,5.5,6.9,6.6,6,7.7,8.8,7.6,6.7,6,6.5,4.6,5.4,5,5,5,6.1,5
2020/6/14,15:45:00,G1112,6.3,6.5,5.7,7.8,6.2,5.4,7.4,8.4,7.3,6.9,5.9,6.9,5.3,5.1,5.4,4.9,5.2,4.8,3.7
2020/6/14,15:45:00,G1113,6.7,7.7,6.1,7.8,5.6,5.8,8.4,8.8,7.3,6.7,6,7.2,6,6.1,5.7,5,5.2,6.2,4.6
2020/6/14,17:25:00,G1101,0.1,3.1,3.4,5.2,5.8,4,4.6,7.7,6.5,5.9,4.7,4.2,3.8,2.1,2.2,2.5,2.8,4.8,3.8
2020/6/14,17:25:00,G1102,0.2,3.5,3.3,4.8,5.9,3.3,5.3,11,6.8,4.9,5.3,4.1,3.4,2.9,2.2,3.2,3.1,4.6,3.8
2020/6/14,17:25:00,G1103,0,5.3,3.6,7.2,5.7,4.3,6.8,11.6,7.8,5.9,5.8,5.6,4.3,2.7,3.2,2.9,3.8,4.7,4
2020/6/14,17:25:00,G1104,1,5.4,3.5,7.4,6,4.3,6.9,11,7.7,7.8,6,6,4,3.1,2.8,3.7,4.5,4.9,4.6
2020/6/14,17:25:00,G1105,0,4.6,4.3,7.9,7.2,4.7,5.8,11,9.1,6.1,6.5,4.6,4.6,3.3,3.1,4.2,4.2,4.4,4.2
2020/6/14,17:25:00,G1106,3.4,5.2,4.1,6.8,7.7,4.6,5.3,12.5,9.6,5.6,6.3,6.2,5.2,4.3,4.7,4.8,4.6,5.9,4.6
2020/6/14,17:25:00,G1107,6.5,7.8,5.1,7.1,7.5,8.4,6,14,10.5,6.2,5.6,6.5,6.3,5.8,4.9,5.9,5.7,5.6,5.2
2020/6/14,17:25:00,G1108,6.8,6.2,5.2,6.6,8.1,6.5,6.2,12.3,10.2,6.1,6,7.2,6.4,5.9,4.9,6.6,6.5,5.1,5.6
2020/6/14,17:25:00,G1109,6.3,6.1,5,7.2,7.9,7.4,6.6,14.1,12.9,7.1,5.9,7.4,6.9,6.9,5.4,6.7,6.4,5.4,6.8
2020/6/14,17:25:00,G1110,6.7,6.1,6.5,7.1,7.8,7.4,8.3,13.4,10.2,9.8,6.9,7.3,7.1,6.6,5.8,6.8,6.3,7.5,9.2
2020/6/14,17:25:00,G1111,6.5,6.8,6.6,8,8.2,7.4,8.7,13.1,9.5,10.4,7.2,8.2,9,6.9,6.3,8.4,7.2,7.4,8.4
2020/6/14,17:25:00,G1112,8,7.1,6.9,7.5,8.6,7.2,7.8,12.8,10.3,10.4,7.1,9.1,8.3,7.2,6.5,8,6.8,8.6,7.3
2020/6/14,17:25:00,G1113,7.9,7.7,7,7.2,8.9,8.6,8.8,13.4,10.2,10.3,8.1,10.1,9.6,8.8,7.6,7.8,7.4,9.4,7.2
2020/6/16,11:05:00,G1101,6.1,5,7.7,6.7,4,3.1,4.5,5.4,6.6,4.5,3.8,3.7,3.3,3.5,2.5,5,3.5,3.2,4.2
2020/6/16,11:05:00,G1102,5.2,5.1,6.7,6.2,5,3.8,5.3,4.7,7.7,4.4,3.8,4.9,4.4,3.6,4.2,5.3,3.6,3.4,4.6
2020/6/16,11:05:00,G1103,3.9,4.6,6.2,6.8,5.4,6,5.4,7.4,6.9,5.1,5.5,5.1,4.6,3.7,4.8,6,4,3.2,4.6
2020/6/16,11:05:00,G1104,5.4,3.4,6.2,6.8,5.4,5.3,5.7,8.5,7,5.7,5.8,5.8,4.4,6.3,5.2,5.9,3.2,3.3,4.4
2020/6/16,11:05:00,G1105,5.8,3.6,7.3,6.7,5.9,6.7,5.4,8.4,9.4,5.5,6.6,6.3,5.4,4.2,4.9,3.7,3.8,3.8,4.2
2020/6/16,11:05:00,G1106,5,5,6.6,6.6,5.8,7.1,6,9.7,9.6,5.8,7,6.4,6.1,4.5,5.9,3.1,5.1,3,4.2
2020/6/16,11:05:00,G1107,5.1,5.7,5.1,6.6,5.9,6.2,7,8.2,10.1,7.7,6.5,7.3,7.4,4.8,6.6,5.4,5.5,4.4,5.3
2020/6/16,11:05:00,G1108,5.3,5.9,5.5,6.6,6.3,6.1,7.3,9.5,10.2,7.9,6.3,7.4,7.8,6.8,6.7,6.1,5.7,5.2,5.4
2020/6/16,11:05:00,G1109,5.3,7,5.2,6.1,5.8,5.2,8.2,11.4,10.1,7.8,6.2,8.7,7.8,9,5.7,7.3,6.3,5.6,5.9
2020/6/16,11:05:00,G1110,4.1,5.8,5.2,6.2,7,5.3,7.9,10.5,10.4,8.3,6,7.9,7.6,9.2,7.2,7.6,6.1,5.9,5.4
2020/6/16,11:05:00,G1111,4.8,6.9,5,5.9,6.1,5.8,8.5,10.7,10.6,9.5,6.7,7.5,7.3,9.1,7.7,7.5,7.1,6.3,5.3
2020/6/16,11:05:00,G1112,4.8,7,5.1,5.7,6.4,5.8,8.8,11.1,10.5,9.4,6.7,7,7.1,9.2,7.6,7.2,7.3,6,4.9
2020/6/16,11:05:00,G1113,5.1,6.6,5,6.3,6,5.7,8.1,11.7,11.2,8.3,7.2,7.3,7.3,9.1,8.5,7.5,8.5,6.6,5.2
2020/6/17,18:00:00,G1101,6.3,7.4,4.9,5.1,7.9,8.3,5.6,5.8,3.9,2.9,3,2.2,1.6,2.1,2.7,2.6,3.7,3.2,2.1
2020/6/17,18:00:00,G1102,6.2,7,4.8,7.2,7.1,9.1,5.4,7.2,3.8,2.7,3.3,1.9,3.5,2.4,3.7,3.6,4.3,4.4,3.2
2020/6/17,18:00:00,G1103,6.5,9.6,5.4,7.6,7.2,9.9,6.4,7.9,4.3,3.8,3.9,2.9,3.8,3.7,4.6,3.9,5,4.9,3.4
2020/6/17,18:00:00,G1104,6.7,9,7.7,7.4,6.5,9.7,6.5,8.1,5,3.4,3.9,4.5,4,4.5,4.6,4.2,5.2,5.2,3.6
2020/6/17,18:00:00,G1105,7,8.6,6.2,6.5,7.4,9.9,5.6,7.4,6.4,4.8,4.7,4.5,5.4,4.6,5.1,5.7,5.1,5.3,3.7
2020/6/17,18:00:00,G1106,7.5,9.5,7.7,6.8,8.1,10.2,6,7,6.6,4.9,5.6,5.1,6.3,4.9,5.4,5,5.5,6.2,3.2
2020/6/17,18:00:00,G1107,6.7,9.7,6.9,7.9,7.3,10.1,7.6,8.1,7,6,6.1,5.5,6.3,6.2,5.3,6.3,6.7,5.7,3.8
2020/6/17,18:00:00,G1108,7.5,9.9,6.9,8,7.5,10.3,7.1,8.3,6.8,6.8,6.2,6.4,6.6,6.4,5.5,6.5,6.6,5.7,3.5
2020/6/17,18:00:00,G1109,8.9,9,7.8,8.7,7.6,9.7,8.4,7.9,6.9,7.7,6.8,7.9,7,6.3,5.4,7.3,6.8,5.4,4.7
2020/6/17,18:00:00,G1110,8.6,8.2,6.2,9.8,10.9,9.9,8.8,8.1,6.8,8.1,7.8,8.4,8.1,6.6,6.4,7.8,6.8,5.8,6
2020/6/17,18:00:00,G1111,8.4,8.2,7.6,8.1,10.8,10.1,8.7,9.1,7.4,8.5,8.2,8.8,9,6.5,7.4,8.1,7.1,5.3,6.4
2020/6/17,18:00:00,G1112,8.7,8.7,7.5,8.6,11,10,7.2,8.5,8.4,8.7,9.1,9.1,9.6,7.4,8,8.4,7.7,4.9,6.1
2020/6/17,18:00:00,G1113,8.9,9.5,8.5,9.1,10.9,10.5,9.5,8.1,10.7,9,9.5,9.7,9.6,8.5,8.7,8.5,8.7,5.6,6.6
2020/6/28,5:40:00,G1101,0,0,1.9,1.5,2.3,1.3,4.5,3.2,4.5,2.9,2.8,2.2,3.4,2.1,1.7,1.5,2.5,2.6,3.2
2020/6/28,5:40:00,G1102,0.8,1.1,2.6,1.5,1.9,1.8,4.8,4.8,5.4,3.7,3.2,2.7,2.8,2.9,1.8,1.6,2.3,3,3.4
2020/6/28,5:40:00,G1103,1.5,1.4,2.8,2.4,2.1,2.3,2.6,6,5.9,4,3.3,2.7,2.7,3.3,3.2,3.3,4,3.6,3.6
2020/6/28,5:40:00,G1104,2.2,2.2,2.9,2.6,2.1,2.7,4.3,6.5,5.7,4.2,3.4,3.2,3.9,3.7,3.4,3.6,4,3.8,4.1
2020/6/28,5:40:00,G1105,2.6,3.7,3.1,2.7,3,3.2,5.5,6.7,5.6,4.4,4.4,4.1,4.6,3.5,4.1,4,4.3,4.4,4.5
2020/6/28,5:40:00,G1106,2.7,3.8,3,2.5,3.2,3.3,6.4,6.3,5,4.3,4.5,4.5,5.1,3.9,4.5,3.9,6,4.4,4.3
2020/6/28,5:40:00,G1107,2.9,4.5,4.9,3.3,3.3,3.8,6.3,5.8,4.4,5.9,5.5,5.8,5.5,4.6,4.6,4.1,5.9,5.3,6.6
2020/6/28,5:40:00,G1108,3.1,4.7,5,3.5,3.2,3.8,6,6.3,4.6,6.1,5.8,6,5.5,4.6,4.8,4.2,5.7,5.3,6.6
2020/6/28,5:40:00,G1109,3,4.9,4.8,3.7,3,3.9,6,4.6,4.2,6.6,6.6,6.6,5.9,4.8,5.2,4.7,5.4,5.6,6.8
2020/6/28,5:40:00,G1110,3.4,4.6,5.5,4.4,3.2,3.6,6.7,5.9,3.9,6.3,6,6.8,5.3,5.3,6.6,5.2,6.1,6.8,7.1
2020/6/28,5:40:00,G1111,3.6,5.4,5,4.6,3.3,3.2,5.7,3.8,3.3,5.9,7.6,7.4,5.9,5.3,6.3,6.2,8.1,7.7,6.8
2020/6/28,5:40:00,G1112,3.5,4.6,4.8,4.8,3.6,2.8,5.8,3.4,3.4,6,7.3,7.1,5.8,5,6.4,6,7.8,8.6,7.5
2020/6/28,5:40:00,G1113,3.7,5.2,5.5,5.4,4.1,3.6,6.7,3.3,3,6.7,7.3,7.4,5.9,NaN,7.4,6.1,7.9,8.5,8.4
2020/7/1,12:00:00,G1101,1.8,2.9,1.5,0.4,0,0.4,3.6,3.1,3.4,9.3,4.2,3.8,2.3,0.9,0.7,0,0,0,0
2020/7/1,12:00:00,G1102,1.4,3.3,0,1.1,1.1,0,3.5,3.5,4,9.8,5.1,4.2,2,0.9,0,0,0,0,0
2020/7/1,12:00:00,G1103,2,2,1.4,2,0.7,1.9,3.2,4.1,4.6,11.4,6.6,5.2,2.4,1.3,1.2,0,0,0,NaN
2020/7/1,12:00:00,G1104,NaN,NaN,NaN,2.3,1.4,2.2,2.7,4.2,4.8,11,6.8,5.5,2.5,1.2,1.6,1.5,1,0,NaN
2020/7/1,12:00:00,G1105,2.5,1.9,1.5,2.1,1.4,2.1,3.3,4.4,6,10.5,8.7,4.2,2.8,2.3,1.6,2,2.1,1.3,NaN
2020/7/1,12:00:00,G1106,2.8,1.6,0,2.8,1.9,2.3,3.2,4.1,5.5,9.2,8.8,4.5,3.1,3.2,2.1,2.2,1.9,1.3,NaN
2020/7/1,12:00:00,G1107,2.6,2.7,1.3,2.7,1.6,2.7,3,4.6,5.4,9.4,8.2,4.6,3.5,2.9,2.3,2.4,2.1,1.9,NaN
2020/7/1,12:00:00,G1108,2.6,2.3,0.7,2.8,1.7,2,3.3,4.7,5.3,9,8.2,4.5,3.6,2.9,2.5,2.6,2.1,2,NaN
2020/7/1,12:00:00,G1109,1.9,1.6,0,1.7,1.5,1.8,3.8,4.8,5.2,8.2,8.3,4.4,3.8,3.1,2.3,3.1,2.6,2.3,NaN
2020/7/1,12:00:00,G1110,1.4,1.1,0.8,1.9,2.5,2.4,3.7,4.4,5.4,6.2,7.4,4.6,4.6,3.1,3,3.2,3.2,3,NaN
2020/7/1,12:00:00,G1111,0,0,0,0,0,3.3,3.3,5.1,5.9,6.2,6.9,4.4,4.6,3.8,3.6,3.6,3,3,NaN
2020/7/1,12:00:00,G1112,0,0,0,0.5,1.8,2.3,2.6,4.7,5.6,6.3,7.1,4.6,4.5,3.5,3.3,3.1,3,2.9,NaN
2020/7/1,12:00:00,G1113,0,0,0,0.4,1.7,2.9,2.7,4.8,5.8,6.3,6.6,4.8,4.2,4.5,3.4,3.3,NaN,3,NaN
2020/7/2,12:10:00,G1101,4.3,6.4,4.9,5.2,5.8,5.3,5.8,5.1,3.7,3,2,1.5,3,4.5,2.8,4.5,4.5,6.2,3.5
2020/7/2,12:10:00,G1102,4.1,7.6,4.8,4.6,5.6,6.9,5,5,4.7,2.7,2.6,2,3.1,4.4,2.9,5.3,5.3,6.5,4.3
2020/7/2,12:10:00,G1103,3.8,5.4,5.3,4.5,7.7,7.3,6.6,6.1,5.4,4.5,3.9,3,3.8,4.7,5.3,4.6,6.4,7.3,4.9
2020/7/2,12:10:00,G1104,4.2,5.5,5,4.5,8.1,6.4,7,6.8,7.2,4.5,4.4,2.8,4.6,4.6,5.4,4.6,6.2,7.2,5
2020/7/2,12:10:00,G1105,5.1,6.8,5.9,7.8,8.3,9.2,6.8,8.4,7.9,5.5,6.3,5.7,4.5,5.6,6,5.3,6.2,6.2,5.8
2020/7/2,12:10:00,G1106,5,6.9,6.2,6.8,8.3,9.1,7.7,10.1,8.1,6.9,6.6,7.3,4.7,6.4,6.3,5.3,6.2,6.9,5.4
2020/7/2,12:10:00,G1107,5,6,5.4,7.5,8.4,9.2,8.2,11.6,7.7,7.8,7,8.1,7.4,6.1,6.5,4.4,5.8,7,6.6
2020/7/2,12:10:00,G1108,5.4,6.5,5.6,8.2,8,9.3,9,11.8,7.9,8.4,6.8,8.1,7.7,6.1,6.4,4.2,5.8,7.6,6.5
2020/7/2,12:10:00,G1109,5.7,6.6,6.2,8.8,8.1,9.4,8.9,11.9,7.7,8.5,6.9,7.3,7.9,6.2,6.5,3.8,5.6,7.2,6.8
2020/7/2,12:10:00,G1110,6,7,6.2,8.7,7.5,8.1,9.7,11.9,7.8,8.2,8,7.2,8,6.6,5.6,4.7,5.2,6.2,7
2020/7/2,12:10:00,G1111,6.5,7.2,6.4,7.7,8.2,9.4,9.7,11,7.7,8.9,9.4,9.3,8.2,6.7,6.5,4.5,5.8,7,7
2020/7/2,12:10:00,G1112,6.9,6.8,6.3,8.1,8.3,9.7,9.6,11.6,7.9,9,9.5,9.4,8.5,6.4,7.1,4.1,6.2,7.1,7.3
2020/7/2,12:10:00,G1113,7.2,7.1,6.6,8.4,7.9,9.1,9.7,10.8,7.5,10.4,9.6,9.9,8.8,7.5,7.2,4.8,6,7.5,7.5
2020/7/2,14:40:00,G1101,4.9,6.6,4.3,4.3,4.4,2.4,5.7,7.7,7.8,4.7,2.6,2.2,1.4,2.4,2,2,1.9,2,2.3
2020/7/2,14:40:00,G1102,4.2,6.4,5.1,3.7,3.1,2.4,6.4,9.9,9.7,6.7,3.5,2.7,1.8,2.4,2.7,2.1,2.6,2.1,2.3
2020/7/2,14:40:00,G1103,4.4,5.8,4.2,6.9,3.1,4.4,7.3,11.7,8.3,7,3.5,2.4,2.2,2.2,3.4,2.3,3.4,2.7,2.8
2020/7/2,14:40:00,G1104,4.9,6.2,4.8,7.2,5.1,4.8,6.8,11.4,6.9,7.7,3.2,2.9,2.9,2.4,2.6,2.7,3.4,3.4,3.6
2020/7/2,14:40:00,G1105,4.3,6.9,6.3,6.5,6,NaN,3.9,12.6,7.4,8,4.6,3.9,2.2,2.7,3.4,4.1,4.4,4.1,4.5
2020/7/2,14:40:00,G1106,5.7,7,6.9,6.8,7.5,NaN,4.9,11.7,9.9,7.1,5.6,5,3.9,3.2,5.4,4.8,4.7,4.4,5.6
2020/7/2,14:40:00,G1107,4.9,7,7.5,7.1,6.8,7.3,8.8,12.1,10.3,9,7.2,6.1,4.2,5.3,6.4,6.3,6.3,5.8,6.3
2020/7/2,14:40:00,G1108,4.8,7,7.7,6.5,7,7.6,8.6,12.3,10.6,9.6,7.5,6.2,4.6,5.7,6.3,6.7,6.5,6.4,6.5
2020/7/2,14:40:00,G1109,4.4,6.9,7.5,6.2,7.1,7.3,8.9,10.6,10.3,10,7.3,6.8,6.3,7.1,7.4,6.6,6.8,6.8,6.7
2020/7/2,14:40:00,G1110,5.8,6.3,5.9,6.3,5.5,6.2,8.3,10,11,10.2,7.3,8.1,7.1,7.7,7.6,7.2,7.6,7.5,7.8
2020/7/2,14:40:00,G1111,6.3,6.2,6,6.9,6.2,NaN,8,10.3,10.2,10.9,8.4,8.8,8.4,7.9,7.8,8.4,8.7,8.1,8
2020/7/2,14:40:00,G1112,6.2,6.1,5.7,6.9,6.3,6.9,7.4,10.6,9.7,10.7,8.6,8.8,8.6,8.3,7.8,8.8,8.7,8.2,8.4
2020/7/2,14:40:00,G1113,5.6,6.7,6.1,7.1,7.2,7.1,7.9,10.9,10.4,11.1,9.3,9.4,9.1,9.3,8.7,9.4,9.6,9.1,9.6
2020/7/4,13:40:00,G1101,4.1,5.8,3.3,2.7,2.4,3.9,3.9,2.6,6.1,3.5,5,7.2,6,6.9,3.7,5.4,3,3.5,2.5
2020/7/4,13:40:00,G1102,5.1,3.3,2.9,3.3,3.3,3.4,2.7,5.2,5.9,4.5,5.4,8.7,6.4,6.9,3.6,6.1,3.6,5,1.9
2020/7/4,13:40:00,G1103,4.8,2.8,3.6,2.8,4.2,4.2,4.3,4.3,5.6,5.5,5.8,9.2,8,6.7,4.3,6.1,4.2,2.5,2.2
2020/7/4,13:40:00,G1104,4.3,2.8,4,3,3.7,3.3,4.4,3.7,6.9,5.1,5.6,9.6,8,6.7,5.7,5.7,5.1,3,2
2020/7/4,13:40:00,G1105,4,5.2,5.9,1.5,3.4,3.9,4.8,6,6.9,6.1,5.6,9.7,8.4,6.8,6.9,5.5,5,4,2.8
2020/7/4,13:40:00,G1106,4.7,5.7,4.9,4.3,3.9,3.8,5,7.2,6.5,6.3,5.4,9.9,8.9,7.7,6.8,6,5.4,4.3,3.9
2020/7/4,13:40:00,G1107,6.2,5.9,6.1,4.3,4.8,5.3,6.8,6.9,5,6.1,6.9,10.4,9.2,8.9,6.7,5.9,6.2,6.3,4.4
2020/7/4,13:40:00,G1108,6.6,6.1,6.3,5,5,5.6,6.8,7.5,5.5,6.8,7.1,11.2,9.5,9.6,7.3,5.9,6.2,6.6,5
2020/7/4,13:40:00,G1109,5.7,4.9,6.2,4.8,4.9,5.1,6.4,7.1,5.9,6.7,6.5,10.6,9,9.3,8.1,6.6,7.1,6.6,5.6
2020/7/4,13:40:00,G1110,5.2,4.9,5.2,5.5,5.1,5.5,6.5,7.1,7.5,6.7,7.6,10,11,8.5,8.1,6.6,6.8,8.4,5.1
2020/7/4,13:40:00,G1111,5,5.1,5.2,6.4,5,5.8,5.7,7,7.3,6.6,8.1,8.6,14.1,9.9,8.3,6.6,7.1,7.7,6
2020/7/4,13:40:00,G1112,5.3,5.4,5.7,7.1,4.3,5.5,5.2,6,6.7,7.5,7.4,9.1,9.4,10,9.2,7.5,7.2,7.8,6.4
2020/7/4,13:40:00,G1113,5.4,5.6,5.8,7.2,4.6,6.3,6,5.8,7.3,7.7,7.5,9.8,10.8,10.7,11,9.1,8.4,8.6,6.4
2020/7/7,9:20:00,G1101,3.2,2.9,4.1,3,4,4.1,2.3,3.2,4.7,2.3,0.7,1.7,1.9,1.9,1.4,1,1.7,2.3,3.6
2020/7/7,9:20:00,G1102,2.2,3,4.9,4,5.9,4.8,3.3,4,4.9,2.7,2.8,1.9,2.2,1.6,1.2,1.2,1.3,2.8,3.6
2020/7/7,9:20:00,G1103,3.7,4.1,5.4,5.4,7,5.2,4.4,6,4.7,4.2,4.6,1.5,1.2,1,0.9,1.5,1.8,3.1,3.8
2020/7/7,9:20:00,G1104,3.4,3.2,5.8,5.5,7.1,5.2,4.9,5.7,4.8,4,4.7,2.5,1.5,2.2,2,1.2,2.3,2.9,4.2
2020/7/7,9:20:00,G1105,3.6,3.6,5.5,6.5,8,5.5,8,6.9,5.2,5,4.5,2.9,2.1,1.6,2.1,3.1,3.2,3.2,4
2020/7/7,9:20:00,G1106,3.8,3.7,4.7,6.1,6.6,6.1,7.4,7.2,5.4,5.4,5,3.1,1.9,1.6,3.1,3.5,3.1,3.1,6.1
2020/7/7,9:20:00,G1107,4.4,4.1,5.9,6.8,4.7,5.8,6.9,8.2,6.2,6.9,5.6,3.8,2.3,3.3,3,3.9,4.4,4.1,4.8
2020/7/7,9:20:00,G1108,4.8,4.6,NaN,6.9,5,5.9,5.9,8.6,6.6,7.2,5.9,4.4,2.5,4,3.9,4.5,4.8,4.1,5
2020/7/7,9:20:00,G1109,4.7,3.9,5.6,6.5,5.3,6,3.2,9,7.6,7.3,5.8,6,4.2,4.2,3.3,5,4.8,4.5,5.2
2020/7/7,9:20:00,G1110,4.2,4.2,5,5.7,5.6,6,4.5,8.3,7.7,7.1,5.9,6.9,5,4.6,4.9,4.9,5.3,5,4.8
2020/7/7,9:20:00,G1111,4.2,4.7,5.7,5.4,5.6,6.3,7.1,8.2,7.7,7.6,6,7.3,4.9,6.2,4.9,6.7,7,5.7,4.4
2020/7/7,9:20:00,G1112,4.2,4.9,5.6,4.8,5.3,5.9,7.4,8,7.6,7.5,6.2,7.3,5.9,7.2,5.2,7.1,7.1,5.7,4.5
2020/7/7,9:20:00,G1113,4,4.9,5.7,4.7,5.1,5.8,7.5,8.3,7.4,8,7.1,7.7,6.8,7.9,5.4,7.8,7.3,6.5,4.8
2020/7/20,7:10:00,G1101,1.8,1.2,1.2,1.5,1.2,2,3.2,2.8,2.1,1.5,1.8,1.7,2,2.3,1.5,2.4,1.1,1.1,0.8
2020/7/20,7:10:00,G1102,1.9,1.7,1.5,1.3,0.7,1.5,3.4,4.9,2.3,1.5,1.8,3.3,2.4,2.3,2.5,2.7,1.7,1.9,0.6
2020/7/20,7:10:00,G1103,2.1,1.8,2.1,1.8,1.3,2,2.8,5.5,1.6,2.5,4,3.5,3.4,3.2,3.1,3.5,2.4,2,2.5
2020/7/20,7:10:00,G1104,2.2,2,2.2,2,1.6,2.1,3.6,5.3,3,2.9,3.5,3.9,4.5,3.7,3.4,3.8,2.5,2.1,3
2020/7/20,7:10:00,G1105,2.6,2.5,2.2,2.5,2.3,4.4,4.3,5.9,2,3.8,4.5,5.1,5,4.5,3.8,4.1,3,3.7,2.5
2020/7/20,7:10:00,G1106,2.9,2.7,3,3.6,2.9,4.9,6,6,3.5,4.6,4.8,5.4,5.2,4.7,4.5,4.4,3.2,4.1,3.4
2020/7/20,7:10:00,G1107,4,2.8,3.1,3.4,3.9,4.8,7.3,7,5.4,5.2,5.8,6.1,5.9,5.7,4.6,4.5,5.3,4.1,5.2
2020/7/20,7:10:00,G1108,4,2.9,3,3.2,3.7,4.9,7.1,7.1,5.4,5.7,6,6.4,6.3,5.7,4.7,4.8,5.9,4.4,5
2020/7/20,7:10:00,G1109,4.1,3.8,3.2,3.3,4.9,5,8.3,7.2,5.9,7.1,6.7,7.1,5.5,6.7,4.8,6.2,6.6,6.2,6.2
2020/7/20,7:10:00,G1110,4.6,4.1,3.2,3,4.8,4.8,6.7,7,5.8,8.3,7.3,7.4,7,7,5.9,7.5,7.9,7.9,7.2
2020/7/20,7:10:00,G1111,5.1,4.4,3.9,3.2,5.2,4.8,8.1,7.8,7,8.5,7.6,7.4,7.8,7.5,6.2,8.2,8.2,8.1,7.4
2020/7/20,7:10:00,G1112,5.6,4.6,4.8,3.1,5.5,4.9,8,7.8,7,8.3,7.7,7.5,8.2,7.6,7.7,8.2,8.3,8,7.5
2020/7/20,7:10:00,G1113,5.7,4.7,5.7,3.8,5.6,5.4,7.1,8.1,7.9,8.5,7.2,7.7,8.7,8,8.3,8.3,8.5,8.2,7.8
2020/7/21,13:25:00,G1101,4.1,3.6,3,3.8,3.7,2.2,2.3,3,5.4,3.8,3.8,3.6,2.4,2.3,2.5,1.8,1.3,0,0.3
2020/7/21,13:25:00,G1102,4,4.5,4,3.9,3,1.7,1.7,3.3,4.8,3.5,4.6,3.8,2.8,2.8,3.9,1.8,1.4,0.4,0.1
2020/7/21,13:25:00,G1103,4,4.5,5.9,4.6,2.7,2.5,2.2,4.2,5.7,5.4,4.9,6.8,3.4,2.8,4.4,2.3,1,0,0
2020/7/21,13:25:00,G1104,4.2,5.8,6.1,4.1,3,2.9,2.7,4.9,6.3,5.4,5.5,7.9,4.5,3,4.6,2.8,1.3,0.4,0.5
2020/7/21,13:25:00,G1105,4.1,4.8,4.4,3.5,4.3,4.5,3.4,4.7,4.8,5.5,6.8,5.7,4.5,4.6,4.5,2.3,1.3,0,0.7
2020/7/21,13:25:00,G1106,4.2,4.5,4.6,3.5,4.9,3.9,4.7,4.7,7.3,6.7,6,4.3,4,4.5,4.3,2.3,1.2,1.2,1.9
2020/7/21,13:25:00,G1107,4.1,4.8,4.4,4.9,5.5,4.7,4.2,5.5,4.9,4.9,8.6,5,4.3,4.1,3.2,1.7,0.9,2.1,2.2
2020/7/21,13:25:00,G1108,4.1,4.5,5.6,5.2,5.5,4.3,4.2,5.1,5.2,5.1,8.7,5.4,4.2,4,3,1.7,1.2,2.2,2.1
2020/7/21,13:25:00,G1109,4.9,4.9,5.3,4.8,5.5,4.7,4.8,4.4,5.9,4.3,7.9,3.6,4.4,3.7,3,1.7,1.2,2.2,3.3
2020/7/21,13:25:00,G1110,4.3,4.8,6.4,5.3,5.5,4.6,3.6,4.7,6.5,3.7,7,3.8,4.9,3.3,3.5,1.1,1.6,2.5,3.3
2020/7/21,13:25:00,G1111,4.4,5,4.8,4.6,4.9,4.1,3.9,5.3,4.5,4.2,5.4,4.6,4.8,1.9,3.8,1.3,1.9,2.9,3.4
2020/7/21,13:25:00,G1112,3.8,4.7,3.3,5.1,4.7,4.2,3.8,5.8,4.6,4.6,4.6,4,4.8,1.4,3.8,0,1.6,3,3.4
2020/7/21,13:25:00,G1113,3.1,4.7,3.3,3.9,5,5,3.6,5.5,5,4.1,2.5,4.1,3.9,0.5,3.8,0.3,1,2.7,3.7
2020/7/29,13:15:00,G1101,1.2,3.3,2.6,2.6,2.6,1.5,2.3,3.2,3.8,2.7,3.1,3,4,3.5,1.9,0,2.7,3.4,4.7
2020/7/29,13:15:00,G1102,1.1,3.9,2.6,3.6,3,3.2,2.6,3.2,4.1,2.9,3.6,3.1,4.7,3.5,3.2,0.7,3,3.3,5.7
2020/7/29,13:15:00,G1103,1.8,3.4,2.4,3.7,1.7,3.9,2.7,3.2,4.1,2.6,4.2,3.9,4.9,3.4,3.7,2.5,0.2,3.8,5.2
2020/7/29,13:15:00,G1104,2.1,3.4,2.1,4.2,2.9,4.6,3.4,3.2,3.9,3,4.1,4.7,4.9,4.1,3.7,1.8,0.3,3.8,5.7
2020/7/29,13:15:00,G1105,1.1,0.9,2.9,4.1,3.3,4.4,2.8,3.7,4,3.4,4.1,4.8,5.2,4.3,4.1,3.4,1.6,3,5.7
2020/7/29,13:15:00,G1106,2.3,2,3,4.5,3.3,4.6,3.1,3.9,4,3,3.5,4.6,5.5,4.2,4.4,4,2.6,3.2,5.8
2020/7/29,13:15:00,G1107,1.7,2.1,3.3,5,3.5,4.2,3.7,4,3.9,2.3,4,5.1,5.3,4.2,4.2,3.8,2.1,3.9,5.9
2020/7/29,13:15:00,G1108,2.1,2.3,3.3,5.5,3.6,4.9,3.4,4.2,3.6,3.1,3.5,4.1,5.4,4.2,4.4,4.3,1.5,3.8,6.1
2020/7/29,13:15:00,G1109,2.4,2.3,3.2,4.2,3.5,3.5,3.8,3.8,3.4,4.1,3.6,4.5,5.4,3.8,4.8,4.2,1.3,4.4,6.2
2020/7/29,13:15:00,G1110,2.2,2.5,3.9,3.7,2.9,2.3,1.1,3.5,3,4.1,3.8,3.9,6.1,4,5,4.4,1.4,4.5,6.3
2020/7/29,13:15:00,G1111,1.5,3.1,3.2,4.1,3.9,1.7,4.1,3.1,3.9,4.2,3.3,2.8,4.4,4.7,NaN,4.2,3.2,4.7,6.4
2020/7/29,13:15:00,G1112,1.5,3.1,2.2,3.1,3.1,1.8,4.1,3.4,3.5,3.9,3.5,3.1,3.9,4.3,5.1,4.5,1.9,4.8,6
2020/7/29,13:15:00,G1113,1.9,2.5,1.5,1.6,2.7,2,4.2,4.1,3.7,3.9,4,1.8,3.9,3.8,NaN,4.2,3.9,5.1,6.6
2020/7/30,13:15:00,G1101,NaN,5.1,4.4,3.9,4.1,3.6,3.1,5.6,4.2,4.5,5.8,4.3,5.1,3.6,2.8,2.1,1.6,1.5,1.1
2020/7/30,13:15:00,G1102,4.4,6.5,5.3,4.3,4.4,4.9,3.1,5.6,7.3,5.2,6.9,6.2,5.8,4.9,3.3,2.8,1.9,1.8,1.2
2020/7/30,13:15:00,G1103,5.6,6.8,7.5,5,4.8,6,4.9,7.5,7.6,5.6,7.3,6.3,6.5,5.4,4.3,2.9,2,2,1.4
2020/7/30,13:15:00,G1104,6,6.7,7.3,4.5,5.4,6.5,6.2,7,7.6,6.2,7.6,7.2,5.8,5.7,4.4,3.2,2.8,1.8,1.8
2020/7/30,13:15:00,G1105,6.4,6.4,5.7,4.6,6.6,6.5,7.2,6.9,7.6,5.7,7.8,8.7,6,6,4.1,3,2.9,2.5,2.8
2020/7/30,13:15:00,G1106,5.9,6.6,6.6,4.6,7.1,7,7.3,7.2,7.8,5.6,8.9,7.8,5.8,4.9,3.5,3.3,3.2,2.4,3.1
2020/7/30,13:15:00,G1107,5.3,4.8,6.4,5.5,8.5,5.4,7.1,7.9,6.9,6.7,8.6,7.1,6.1,5.2,4.1,4.3,3.8,3.4,3.5
2020/7/30,13:15:00,G1108,4.9,5.5,7.2,5.5,7.9,6.5,7.6,9.1,7.7,7.4,7.4,7.3,5.8,5.9,4.5,4.6,4,3.8,3.7
2020/7/30,13:15:00,G1109,4.8,4.1,6.2,5.8,7.5,6.2,6.3,9,7,7.9,7.5,7.3,6.7,6,4.4,4.4,4.5,4,4.2
2020/7/30,13:15:00,G1110,5.1,4.8,6.2,4.8,8,6.7,6.4,7.4,6.1,9.8,7.4,9.3,7.5,6.8,5.3,4.7,4.4,4.4,4.8
2020/7/30,13:15:00,G1111,5.4,6.5,3.9,7.4,7.2,7.1,6.7,7.7,6,7.8,7.4,7,6.7,7,5,5.5,4.2,4.9,5.6
2020/7/30,13:15:00,G1112,4.6,6.1,4.4,7.3,8.1,7,8,6.9,6.1,7.8,7,6.8,6.9,7,4.9,5.6,4.3,5.2,5.7
2020/7/30,13:15:00,G1113,4.5,6.1,4.6,6.2,6.1,5.8,7.8,7.3,6.3,9.3,6.6,7.8,6.8,6.7,5.3,5.3,5,5.3,5.9
2020/8/1,13:05:00,G1101,5,3.5,4.8,3.9,4.4,6.4,5.6,5.3,6,3.1,4.5,3.4,2.6,4.1,4.3,4.7,4.4,5.2,3.2
2020/8/1,13:05:00,G1102,5.8,4.8,6.2,4.5,5.1,8.1,6.5,6.2,6.8,2.4,6.1,4.5,3.7,4.8,5.2,5.3,5.2,9.2,3.7
2020/8/1,13:05:00,G1103,5.6,4.7,6.7,5.7,6.7,9.3,7.9,7.6,6.4,4.1,6.3,5.3,3.9,7.3,7.8,3.8,6.3,9,5.6
2020/8/1,13:05:00,G1104,5.7,4.7,6.8,5.3,8.5,9.8,8.1,7.3,7.2,4.7,6.5,6,3,7.1,7.3,4.7,7.3,9.2,5.1
2020/8/1,13:05:00,G1105,8.4,4.5,6.3,3.4,10.1,10,7.9,8.5,8.1,6.7,7.7,6.1,5,6.1,7.5,5.1,7.6,8.2,6.3
2020/8/1,13:05:00,G1106,8.1,3.8,7,4.7,9.5,9.8,8.7,9.6,8.6,6.6,6.4,7.4,5.7,6.7,7.7,5.7,7.9,8.4,6.9
2020/8/1,13:05:00,G1107,6.8,4.3,7.4,6.5,9.3,9.5,8.3,10.1,7.6,5.9,6.7,9.5,8.2,9.2,6.8,5.3,7.2,9.1,6.3
2020/8/1,13:05:00,G1108,7.1,5.9,9.1,6.2,8,8.6,8.9,10,8,6.3,6.3,9.9,8.4,9.5,5.9,5.5,7.2,8.8,6.7
2020/8/1,13:05:00,G1109,8,11.8,7.2,7.7,11,12.3,8.2,10.9,6.3,7.2,9.6,10,11,10,9.1,6.6,6.9,10.4,7.6
2020/8/1,13:05:00,G1110,8.6,10.2,6.3,9.3,10.6,12.9,9.6,10.7,9.2,11.7,10.7,10.2,11.2,10.6,9.4,6,7.1,7.5,10.2
2020/8/1,13:05:00,G1111,9.5,10.1,8.2,14.7,9.6,12.2,10.8,11.5,9.7,8.4,11.7,12.7,11.5,11.4,9.6,8.6,7.2,10.2,11.7
2020/8/1,13:05:00,G1112,13.6,9.5,7.7,14.6,10.3,12.6,13.3,10.1,9.9,9.3,11.8,11.8,11.7,10.9,9.8,8.7,6.7,10.6,11.4
2020/8/1,13:05:00,G1113,11.8,9.8,7.9,13.1,9.9,14.1,11.6,9.6,9.6,13.7,9.7,11.1,11.5,10.9,10.2,8.4,6,10.3,12.7
2020/8/3,13:55:00,G1101,0.9,0.7,0.8,0.9,0.3,1.5,2.4,4.7,5.1,3.3,3,4.3,3.2,4.2,4,3,3.7,2.8,3.1
2020/8/3,13:55:00,G1102,0,0,0.4,0.4,0,1.2,2.3,5.7,6.2,3.2,2.4,4.4,3.8,4.3,3.5,3.7,3.9,2.8,3.2
2020/8/3,13:55:00,G1103,0,0,0.3,0,0,2.3,4,6.1,5.7,4.6,4.5,5.8,4.5,4.3,3.4,4.3,3.2,3.7,2.8
2020/8/3,13:55:00,G1104,0.1,0,0.1,0.1,1.2,2.3,4.1,4.8,4.7,4.2,4.8,5.7,4,4,3.7,4.5,3.5,3.9,2.9
2020/8/3,13:55:00,G1105,0.7,0,0,0,2,1.8,4.2,7.2,7.6,5.7,5.8,5.8,5.1,4.3,4.5,4.2,4.6,4.3,3.7
2020/8/3,13:55:00,G1106,1,0,0.6,1.7,2.8,1.4,4,6.8,7.7,5.5,6.8,6.2,6.7,4.3,4,4,4.9,3.1,3.6
2020/8/3,13:55:00,G1107,2,0.7,1.1,3,1.7,1.2,3.7,6.8,6.8,5.5,6.1,6.4,5.9,5.4,4.8,6.1,5.7,5,4.3
2020/8/3,13:55:00,G1108,1.6,0.9,1.2,2.8,2.8,1.9,3.5,6.9,6.9,5.4,6.1,7,6,5.3,4,6.4,5.9,5.1,4.9
2020/8/3,13:55:00,G1109,1.5,1.2,1.1,0.6,4.3,2.3,3.4,6.5,6.5,4.9,5.7,7.3,6.8,6.8,4.6,6.2,6.2,5,4.8
2020/8/3,13:55:00,G1110,2.1,0.9,0.7,2.3,4.7,2.9,3.7,5.8,5.6,4.6,5.3,7.3,7,6.7,4.9,5.6,5.4,5,4.2
2020/8/3,13:55:00,G1111,2.4,2.8,1.6,0.8,3.6,3.8,3.9,4.7,5.3,5.5,5.9,6.8,7.1,6,5.2,6.2,5.9,5.2,4.5
2020/8/3,13:55:00,G1112,2.9,2.2,2.1,1.5,3.8,4.1,4.6,4,5.2,5.8,5.5,7.1,6.8,5.9,5.6,5.7,5.7,5.1,4.2
2020/8/3,13:55:00,G1113,3,2.5,2.6,0.3,2,4.4,4.2,4.1,4.7,5.8,5.2,7,6,6.3,6.4,5.9,5.8,5.1,4.3
2020/8/4,11:05:00,G1101,1.1,1.4,1.3,1,1.3,2.2,2.1,3.2,2.7,2.7,2,0.7,0,1.7,1.2,1.4,1.1,0.8,0
2020/8/4,11:05:00,G1102,1.1,1.4,1.1,1,0.7,1.4,2.1,3.1,3.5,3.8,2,0,0.1,1.8,2,2.1,1.5,1.3,0.5
2020/8/4,11:05:00,G1103,0,1.4,0.9,1.2,1.4,0.1,1.9,3.3,3.7,3,1.9,0,0.6,1.4,1.8,2.2,2.1,0.7,0
2020/8/4,11:05:00,G1104,0.6,1.5,1.1,0.9,1.5,0.6,2.3,3.3,3.6,2.9,2,0.9,0.7,1.3,1.6,2.4,2.1,1.4,0.8
2020/8/4,11:05:00,G1105,0.9,1.3,1,0,0,0.5,1.7,3.9,3.4,2,1.7,0,0,0,0,1.5,1.7,0.8,0
2020/8/4,11:05:00,G1106,1.3,1.2,1.2,0.5,1.1,1,1.4,3.4,3.4,1.7,1.7,0.5,0.8,0,0,0,1.1,0,0
2020/8/4,11:05:00,G1107,1.8,1.8,1.2,0.9,0,1,1.9,1.8,2.7,1.6,1.9,0.5,1,1,0.9,0.7,0,0,0
2020/8/4,11:05:00,G1108,1.7,1.8,1.3,0.8,0,1.4,2,1.9,2.5,1.7,1.8,0,0.8,1.3,1.1,0.8,0,0,0
2020/8/4,11:05:00,G1109,1.6,1.4,1,1.3,0.6,0.6,1.8,1.4,2,1.8,1.9,1.4,0.8,1.2,1.2,1.2,0,0,0
2020/8/4,11:05:00,G1110,1.4,1.7,1.2,0.8,0,0.5,1.3,1.2,0.6,1.9,1.4,0,0.4,1.3,1.4,1.2,0,0,0
2020/8/4,11:05:00,G1111,1.5,NaN,1,0.9,0,1.1,0,0.7,1.1,1.4,0,0.9,1.5,1.4,1.3,1.3,1,0.8,0.9
2020/8/4,11:05:00,G1112,1.5,1.7,0.9,0.9,0,0.7,0,0.5,0,1.2,0.3,0,1.8,1.2,1.3,1.1,0.7,0.6,1
2020/8/4,11:05:00,G1113,0.7,0,0,0,0,0,0,0,0,0,0,0,0.6,0.9,0,0,0,0,0
2020/8/4,13:35:00,G1101,1.6,1.9,1.3,1.7,0.9,1.8,2.3,3.7,6.4,3.3,4.2,6,5.7,5.1,5,3.8,3,2.3,1.7
2020/8/4,13:35:00,G1102,1.6,1.4,1,1.7,1.8,2.2,2.5,4.8,7.4,4.7,5.7,7.6,5.8,6.2,6.2,6,3.9,2.8,2.3
2020/8/4,13:35:00,G1103,0.9,1.1,1.3,1.4,2.3,2.5,2.2,4.6,8.4,7.4,7.3,10.2,6,8.4,8.1,6.6,5.1,3.5,3.5
2020/8/4,13:35:00,G1104,0.8,1.2,1.4,1.7,2.3,2.4,2.8,4.4,8.4,7.2,7.4,10.2,6.9,8,7.1,7.1,5.2,3.7,3.4
2020/8/4,13:35:00,G1105,0.9,1.4,1.7,1.6,2.2,2,3.4,4.5,7.7,8.3,8.8,7.7,7.9,8.6,8.4,6.9,5.2,4.2,3.6
2020/8/4,13:35:00,G1106,0,0,1.5,1.1,2.1,2.3,3.1,4.5,8.4,7.4,9.6,9,8.2,8.9,7,5.6,5.6,4.6,3.7
2020/8/4,13:35:00,G1107,1.3,1.4,NaN,1.2,1.7,1.6,2.7,4.5,9,7.1,9.1,9.1,8.2,8.9,6.7,4,6.2,5.3,4.8
2020/8/4,13:35:00,G1108,1.2,1.4,NaN,1.3,1.9,1.7,2.8,4.5,7.8,6.7,7.8,7.5,7.3,7.3,6.6,4.3,5.7,5.5,4.9
2020/8/4,13:35:00,G1109,1.2,1.7,NaN,0,1.4,1.4,2.6,4.4,6.7,7.4,7.1,7.6,7.9,7.8,4.5,3.9,5.2,5.7,5.7
2020/8/4,13:35:00,G1110,0.6,1.4,0.9,0,0,1.8,2.7,4.1,7.4,6,7.2,7.9,7.6,6.5,4.4,3.7,3.3,5.3,5.8
2020/8/4,13:35:00,G1111,0.8,1.7,1.4,1.1,1.5,1.4,2.8,4.2,6.8,5.9,6.4,7.3,6.9,5.5,4.3,3,3.4,4.4,5.8
2020/8/4,13:35:00,G1112,0,1.5,1,0,0,1.4,2.7,4.5,6.1,6.5,6.3,7.6,8.5,5.1,3.9,3,3,4.5,5.6
2020/8/4,13:35:00,G1113,0,0.9,0.6,0,0,1,2.2,4,6,6.7,6.5,6.5,8.3,5.9,3.7,3.7,4,3.4,6
2020/8/5,15:55:00,G1101,3.2,2.6,4.6,4.2,3.4,4.5,7.6,5.4,3.1,5.3,4.6,6.1,3.2,2.9,3.3,4.1,5.7,2.7,1.3
2020/8/5,15:55:00,G1102,3.5,3.8,5.1,4.6,4.5,4.7,9.4,6.5,3.3,6.4,5,6,4.3,3.5,2.4,4.2,6.6,3,2.8
2020/8/5,15:55:00,G1103,5.2,3.6,5.7,6.4,NaN,5,7.8,7.7,3.2,9.3,5.2,6.2,5.5,5.6,5.4,4.9,7,3.3,3.2
2020/8/5,15:55:00,G1104,5.1,4.2,5.8,6.5,NaN,4.7,7.8,7.5,4.5,9.7,5.5,6.1,5.5,5.9,5.6,4.5,7.2,4.3,4.1
2020/8/5,15:55:00,G1105,6.6,4.9,5.5,4.9,NaN,6.5,7.8,8,5.9,8.8,6.4,5.2,4.8,7.1,4.6,5.9,6.7,4.3,3.6
2020/8/5,15:55:00,G1106,6.3,4,5.8,5.8,6.3,6.3,7.8,8.5,5.9,10.7,7.6,6.4,6.1,7.8,4.9,6.4,6.5,4.9,2.4
2020/8/5,15:55:00,G1107,6.3,5.1,6.2,7.8,6.2,6.3,10.5,8.1,5.8,12,9.1,8.5,8.7,10.3,6.9,7.3,7.4,6.7,5.4
2020/8/5,15:55:00,G1108,7.1,5.2,7.1,8.1,NaN,6.1,11.9,8.6,4.9,12.1,9.5,9,9.5,10.8,6.4,8.1,8,6,5.8
2020/8/5,15:55:00,G1109,8,5.3,6.6,7.4,6.5,7.2,10.5,9.1,5.7,12.4,11,10.4,10.6,11.1,6.6,8.2,8.2,8.6,6.7
2020/8/5,15:55:00,G1110,8.2,6.5,7.7,9,NaN,6.8,9.8,9.1,7.2,12.8,10.2,11.5,10.9,11.7,7.5,8.3,10,8.2,7.2
2020/8/5,15:55:00,G1111,8.2,7.7,7.9,8.5,8.3,7.2,9.8,10.2,7.9,12.1,13.3,11.2,11.9,12.5,7.8,10.1,10.2,9,8.3
2020/8/5,15:55:00,G1112,8.5,8,8.3,8.3,NaN,6.8,10.4,9.2,8.6,11.3,13.5,11.6,12.7,12.3,7.8,9.6,10.4,9.6,7.9
2020/8/5,15:55:00,G1113,9.1,8.1,8.7,9.4,NaN,8.2,11.2,10.6,10.8,12.6,15.4,12.5,12.5,13.6,7.6,9.8,11.2,10.1,7.7
2020/8/6,13:30:00,G1101,1.2,1.3,1.2,3.2,1.6,3.9,3.1,4.8,3.8,4.8,1.5,3.4,3.4,4.2,2.4,1,2.1,2.7,1.9
2020/8/6,13:30:00,G1102,2.1,1,1.5,3.2,2,3.7,3.9,5,3.4,4.9,2.8,3.1,3.8,4.1,1.8,2,1.7,1.5,2.8
2020/8/6,13:30:00,G1103,1.8,0.5,2.8,3.1,3.8,4,3.3,5.3,4,4.6,2.8,3.6,4.1,4.2,3,1.6,1.8,2.3,3.6
2020/8/6,13:30:00,G1104,2.1,0.7,3.1,3.5,3.5,4.2,3.9,4.9,3.2,4.7,2.6,3.7,3.9,4,2.6,1.6,2.5,3.6,3.2
2020/8/6,13:30:00,G1105,2.8,0.5,2.9,3.8,3.6,4.8,5.7,4.8,4.4,5.4,3.2,4,3.4,3.7,2.1,2.8,2.1,4.4,3.5
2020/8/6,13:30:00,G1106,2.3,0.8,2.8,3.9,3.7,5.3,6.6,5.2,4.4,5.2,5.7,3.9,4.2,3.9,3.5,3,2.8,4.2,3.5
2020/8/6,13:30:00,G1107,2.3,3,2.8,3.9,4.4,5.7,6.6,5.1,4.7,5.8,4.5,3.2,4,3.8,3.7,3.9,3.5,2.8,3.3
2020/8/6,13:30:00,G1108,2.3,3.1,3.4,3.7,4.2,5.8,6.3,5,4.7,5.8,3.7,3.5,4,3.8,3.9,4.3,3.5,3.1,3.2
2020/8/6,13:30:00,G1109,3.1,3.1,3.7,4.1,3.6,5.4,6,5.1,4.7,5.4,3.8,3.3,4.1,3.9,3.8,4.3,3.3,3.2,3.8
2020/8/6,13:30:00,G1110,2.5,3.8,3.5,4.4,3.8,4.8,6.6,5.3,4.1,4.7,3.6,2.7,4.7,3.8,3.5,4.4,3.9,4.5,3.9
2020/8/6,13:30:00,G1111,3,3.7,3.8,4.3,4.2,5.5,6,5.5,4,3.5,3.4,3.1,2.8,3.5,3.2,4.5,3.7,3.6,4
2020/8/6,13:30:00,G1112,3.3,3.2,3.5,4,4.5,6,6.9,5.8,3.7,2.8,3.9,4,3.2,3.8,3.3,4.3,3.6,4.3,3.7
2020/8/6,13:30:00,G1113,3.3,4.4,5.2,4.5,5.2,6.5,6.6,6,4.2,3.8,5.2,4.2,3,3.4,3.7,4.4,3.5,4,3.6
2020/8/8,16:15:00,G1101,3.5,4.1,4.7,2,2.6,3.7,3.6,1.5,1.4,5.8,3.8,0.5,1,2.3,0,0.5,1.2,1.7,0.1
2020/8/8,16:15:00,G1102,4.1,4,4.3,2.8,2.8,3.6,3.3,3.5,2.4,5.4,4.7,0.5,2.1,2.2,0,0,1.7,1.2,0
2020/8/8,16:15:00,G1103,4,4.2,4.1,3.2,3,2.9,3.4,4,6.3,5.4,4.2,0.3,0.6,1.3,1.2,0,0,1.5,0
2020/8/8,16:15:00,G1104,4.2,4.3,4.3,3.7,3.8,3.2,3.7,3.9,4,6.2,3.5,1.2,0.7,1.8,1.3,0,0.8,1.6,0
2020/8/8,16:15:00,G1105,4.6,4.5,4.2,3.6,3.6,2.7,3.2,4.7,5,5.9,1.7,1.3,1.4,0,0,0,0.7,1.3,1.2
2020/8/8,16:15:00,G1106,4.6,4.4,4,2.7,3.7,2.2,2.8,3.3,4.8,5.4,1.8,1.5,1.7,1.3,0,1.6,1.1,1.7,1.6
2020/8/8,16:15:00,G1107,4.3,3.6,3.8,3.3,3.1,3.3,3,2.5,4.8,3.3,2.2,1.9,2.8,2,1.5,2.3,2.5,2.2,2.3
2020/8/8,16:15:00,G1108,4.6,3.9,4,3.1,3.1,3.9,2.6,2.5,5,3.5,2.8,1.7,2.7,1.9,2.1,2.3,2.4,2.4,2.3
2020/8/8,16:15:00,G1109,4.9,3.4,4.2,4,2.9,3.7,3.1,0,2.7,4.1,3.2,2.1,2.9,2.1,2.8,2,2.3,2.7,2.2
2020/8/8,16:15:00,G1110,4.7,3.8,4.1,3.7,2.9,3.6,4.1,2.2,5.1,5.5,2.9,1.8,2.6,2.8,2.5,1.9,2.2,2.1,2.3
2020/8/8,16:15:00,G1111,5,3.6,4,5.2,2.9,3.2,3.2,1.9,5.3,4.5,3.1,1.4,2.7,2.8,2.5,1.7,2,2.6,2.3
2020/8/8,16:15:00,G1112,4.5,3.4,4,4.4,2.7,2.7,2.7,1.3,4.9,3.5,2.1,2.1,2.9,2.5,2.7,1.8,2.1,2.4,2.3
2020/8/8,16:15:00,G1113,4.6,3.6,3.6,3.7,3.2,3,2.9,2.7,3.2,1.5,3.3,1.9,2.6,2.1,2.6,2.1,2.3,2.3,2.3
2020/8/11,8:25:00,G1101,1.9,1.8,2,2.3,2.9,3.5,8.1,7,4.3,1.9,2.8,2.4,1.6,2,1.4,1.4,1.2,1.1,2.1
2020/8/11,8:25:00,G1102,1.6,2.1,1.9,2.9,3.1,2.9,7.1,6.4,4.8,4,2.8,2.3,2,1.7,2.3,1.7,1.1,1.1,2.8
2020/8/11,8:25:00,G1103,1.6,2.4,1.9,3.3,4.1,3,7.9,9.3,5.1,4.1,2.7,3,2.2,2.5,1.7,1.5,1.7,1.9,2.1
2020/8/11,8:25:00,G1104,1.8,2.8,2.4,3,4,3.3,7,7.8,4.9,3.7,1.7,3.2,2.3,2.6,2.3,1.5,2,1.7,2
2020/8/11,8:25:00,G1105,2.1,2.3,2.9,3.1,4.4,5.3,8.5,6.3,6.2,2.4,2.6,2.7,2.8,2.4,2.6,1.9,0.1,1.8,1.3
2020/8/11,8:25:00,G1106,2.7,2.2,3.3,3,4.6,5.2,9.8,8.8,8.1,3.4,3.1,2.9,3.7,4.3,2.8,1.8,1.4,1.7,1.4
2020/8/11,8:25:00,G1107,3.2,2.8,3.7,3.2,4.8,6.1,9.2,9.6,8.9,7,5.9,3.3,4.8,4.2,2.9,2.5,1.9,1.4,1.9
2020/8/11,8:25:00,G1108,3.3,2.9,3.6,3.8,4.8,6.3,11,9.9,8.9,6.5,5.6,3.4,4.9,3.9,2.8,2.6,2,1.8,1.9
2020/8/11,8:25:00,G1109,2.5,3.9,4.1,3.5,5,6.9,10.5,9.6,8,5.2,6.3,4.2,4.7,4.3,3,3.1,2.3,2.7,1.5
2020/8/11,8:25:00,G1110,3.1,3.1,4,3.9,5,7.2,11.5,7.4,8.9,7.7,6.2,4.5,4.6,4,3.7,4.2,3,2.1,1.2
2020/8/11,8:25:00,G1111,3.8,3.5,4.1,3.4,5,8,11.7,8,9.4,6.6,6.3,5.1,5.3,3.9,4.9,6.1,4.8,4.1,3.2
2020/8/11,8:25:00,G1112,4.3,3,4.2,3.1,4.9,7.7,11.3,8.6,9.3,7,6.8,5.5,5.7,3.8,5.5,6.1,4.8,4.5,3.5
2020/8/11,8:25:00,G1113,5,3.4,3.3,3.3,6,8.4,10.2,8.9,9.5,6.6,7.4,6,6.5,5.3,6.9,7.2,6.8,6.6,3.2
2020/8/12,5:50:00,G1101,1.7,1.3,1.9,3.4,2.8,2.1,2.3,7.9,8.6,4.8,3.8,3.3,3.1,0.8,0.7,0,0,1.7,1.8
2020/8/12,5:50:00,G1102,1.9,1.6,1.6,4.5,2.8,1.6,2.4,9.2,9.4,5.4,3.1,3.8,2.8,2.4,0.9,0,0,0.9,2.3
2020/8/12,5:50:00,G1103,1.6,1.7,1.5,2.2,3.1,2.1,2.8,10.6,9.1,6.1,4.5,4.4,4.5,2.8,1.3,0,0,0,0
2020/8/12,5:50:00,G1104,1.9,1.8,1.9,2.5,2.9,2.3,2.8,12.2,9.8,6.5,4.9,4.6,4.6,3.4,2.1,0.5,0,0,1
2020/8/12,5:50:00,G1105,2.7,3.1,1.6,2.8,3.1,2.8,2.9,12.6,13.2,9.5,6.1,5.6,5.5,3.2,1.8,0.5,0,1.6,0
2020/8/12,5:50:00,G1106,3,3,1.4,2.3,2.8,2.2,3.3,10.5,12.9,9.4,6.3,6.3,5.8,3.3,2.2,0.7,1,2.1,0
2020/8/12,5:50:00,G1107,2.9,3.1,2.2,1.7,3.2,2.9,2.3,9.6,10.6,9.7,6.4,7.2,6.1,4.1,3,2.2,1.1,1.2,0
2020/8/12,5:50:00,G1108,2.7,3.3,2.3,2.1,3.5,3.3,2.3,8.9,12.6,10.1,6.3,7.4,6.3,4.4,3.4,1.9,1,1,0
2020/8/12,5:50:00,G1109,2.6,3.4,3.5,2.3,2.4,2.3,4.8,10.2,14.1,10.8,7.1,8.3,6.1,5,4.1,2.8,1.5,1.5,2.1
2020/8/12,5:50:00,G1110,3.2,3.5,2.9,3.3,1.5,2.4,4.9,9.8,13.6,11.4,7.7,8.9,6.4,6.1,5.8,4.2,3.3,2.4,3.2
2020/8/12,5:50:00,G1111,3.4,3.2,3.1,2.8,1.6,3.6,4.9,9.7,13.6,11.2,9,9.5,6.7,6.8,5.8,5.7,3.9,3.5,3.8
2020/8/12,5:50:00,G1112,3.7,3.2,2.5,3,2.4,3.7,6.1,9.2,13.5,10.8,9.1,9.1,7.3,7.3,6.2,5.6,4.1,3.7,3.9
2020/8/12,5:50:00,G1113,4.3,3.2,2.7,3.2,3.3,3.1,6.8,10.9,14.1,11,9.3,9.5,8.6,7.6,6.9,6.4,4.5,3.7,4.8
2020/8/12,12:00:00,G1101,0.4,1.3,1.8,2,1.7,1.1,2.7,5.9,4.8,5.4,3.7,4.7,4.2,4.5,3.9,3.2,2.8,2.9,4.7
2020/8/12,12:00:00,G1102,0,1.5,2.1,2.2,1.9,0.7,3.1,6.2,5.4,5.6,5.3,6.3,6.4,5.5,3.4,2.5,4.6,4.4,6.9
2020/8/12,12:00:00,G1103,0,1.6,2.1,2.1,1.8,1,3.2,8.9,6.9,6.7,6.7,6.5,6,5,3.2,5.4,5.2,5.3,8
2020/8/12,12:00:00,G1104,0,1.9,2.4,1.9,2,1,3.4,8.5,6.9,6,6.2,5.9,5.1,5.8,3.6,5.5,5.5,4.5,7.3
2020/8/12,12:00:00,G1105,0.3,1.2,2.5,1.7,2.2,1.3,3.4,10.3,6.9,6.8,6.2,6.3,6.8,6.1,6,6.8,4.2,5.9,7.7
2020/8/12,12:00:00,G1106,0.7,1.4,2.7,2.3,2,1.6,3.4,8.1,7.8,6.8,5.8,6.3,5.7,7.3,6,7.2,4.5,6.3,7.2
2020/8/12,12:00:00,G1107,0,2.3,2.4,3.3,2,1.5,3.5,9.9,6.8,7.4,6.6,7.6,5.9,4.6,4,4.6,4.3,7.6,8.4
2020/8/12,12:00:00,G1108,0.7,2.1,2.6,2.7,2.3,1.6,3.3,7.5,6.7,7.6,7.3,8.2,5.9,5.2,4.8,5.4,4.7,6.5,9.7
2020/8/12,12:00:00,G1109,0.6,2.4,2.3,2.6,2,1.7,3.5,6.9,6.9,8.2,7.4,5.8,5.4,4.7,4.3,5,4.7,7.2,10.4
2020/8/12,12:00:00,G1110,2.7,2.9,1.8,2.6,1.9,1.8,3.5,6.2,7.3,8.2,6.6,6.6,4.9,5.6,4.3,4.3,5.6,6.7,8.7
2020/8/12,12:00:00,G1111,2.1,2.9,1.9,2,2,2.9,3.2,5.7,5.7,8.7,7.6,6.3,4.8,4.9,4.1,4.9,6,7.1,6.4
2020/8/12,12:00:00,G1112,2.1,2.8,2.2,1.9,1.9,2.9,3.5,4.9,5.6,8.8,7.4,5.5,4.3,4.7,4.2,4.7,6.4,7,6.3
2020/8/12,12:00:00,G1113,4.1,2.7,2.6,1.6,1.9,3.6,3.9,5.7,4.4,10.2,7.6,6.7,5,5,4.6,5.1,6.5,7.3,7.6
2020/8/13,11:20:00,G1101,4.4,1.9,3.1,2.9,3.3,3.5,10.7,4.3,2.3,2,1.8,0,1.5,2.1,1.6,1.1,3.6,2.1,0.4
2020/8/13,11:20:00,G1102,4.9,2.7,3.8,2.5,4.1,3.5,12.2,5.3,2.9,3.3,2.3,0,1.9,1.5,2.2,0.5,3.5,1.5,1.2
2020/8/13,11:20:00,G1103,5.3,3.2,4,4.1,4.2,3.2,12.1,6.7,2.8,2.9,3.3,0.5,1.9,2.3,1.9,1.1,3.9,2.5,1.8
2020/8/13,11:20:00,G1104,4.6,2.8,4.4,3.6,4.3,3.4,12.2,6.8,3.2,5,3.1,0.9,2,2,1.6,1.2,3.9,2,2.2
2020/8/13,11:20:00,G1105,5.1,2.8,4.1,3.7,4.4,3.4,14,7.5,4.5,6.2,3.9,3,1.6,1.2,1.7,1,3.9,3,2.1
2020/8/13,11:20:00,G1106,5.6,3.4,4.8,3.3,5.6,3.9,16.200001,8.3,4.9,6.1,3.6,2.4,1.4,1.9,2.3,1.6,3.6,2.9,2.3
2020/8/13,11:20:00,G1107,5.1,3.6,4.9,3.5,4.9,4.6,15.5,8,6.3,7.3,4.3,3.4,2.2,3.3,2.1,2.6,4.1,3.1,2.6
2020/8/13,11:20:00,G1108,5.2,3.7,4.9,3.1,4.3,4.8,15.7,7.9,6.7,7.6,5,3.8,1.5,4,2.6,2.1,4.6,4.2,1.9
2020/8/13,11:20:00,G1109,5.1,4,5.1,3.4,4.7,4.9,18.200001,8.8,7.7,9.8,6.2,4.6,2.4,4.4,4.3,3.7,4.8,4.2,3.1
2020/8/13,11:20:00,G1110,NaN,NaN,NaN,NaN,NaN,NaN,16.200001,8.6,8.6,9.6,6.7,6.1,3.6,5.1,4.7,6.2,5.3,5.3,3.8
2020/8/13,11:20:00,G1111,5.6,4.2,4.6,3.9,4.2,5.2,15.6,9.4,10.9,10.3,8.4,6.4,5.1,6.1,5.5,7.7,6.4,6.8,6
2020/8/13,11:20:00,G1112,5.7,3.9,4.4,3.7,3.6,5.2,15,9.8,10.5,10.5,8.4,7.1,4.7,6.5,6.8,8.3,6.9,6.4,5.9
2020/8/13,11:20:00,G1113,6.3,4.8,4.4,3.8,5.1,5.3,16,10.4,10.9,11.5,9.5,8,6.7,7.5,7.5,9.1,7.6,5.5,5
2020/8/13,15:25:00,G1101,1.8,1.3,2.9,1.6,1.7,1.9,7,3.9,3.6,2.5,2.1,3,2,1.3,2.3,2.1,4.1,2.7,3.2
2020/8/13,15:25:00,G1102,0.7,2.8,3.3,2.6,2.6,3.1,5.8,5,3.3,2.6,3.3,2.7,2.8,2.9,3.1,3.4,4.4,4.2,3.2
2020/8/13,15:25:00,G1103,0,2.2,3.4,3.5,2.3,3.7,5.1,5.1,3.3,3.2,3.7,4,3.1,1.6,3.4,3.6,4.5,5.7,3.1
2020/8/13,15:25:00,G1104,1.2,2.5,3.5,3.4,2.5,3.8,5.2,5.2,3.5,3.2,3.6,3.7,3.1,1.9,3.4,3.6,4.9,5.6,3.4
2020/8/13,15:25:00,G1105,2.1,2.4,2.5,3.3,2.9,3.5,6.1,5.3,5.2,4.2,3.9,3.7,1,1.8,3.6,4.4,4.9,5.6,3.1
2020/8/13,15:25:00,G1106,2.2,2.3,2.9,3.8,2.9,3.4,8.6,5.6,4.4,4,3.5,4.2,1.7,2,4.2,4.1,5,6.2,4.2
2020/8/13,15:25:00,G1107,1.5,1.9,3.7,3.4,1.9,3.7,6.1,5.7,5.3,4.5,4.3,4.8,2.3,2.2,4.3,4.8,4.9,6.3,4.3
2020/8/13,15:25:00,G1108,1.2,2.7,3.7,3.6,1.6,4.6,7.2,5.1,5.4,4.5,3.8,4.3,2.5,3,3.9,4.6,4.7,6.5,5.1
2020/8/13,15:25:00,G1109,2.3,3.2,4.1,3.8,1.9,5.3,7.8,4.6,5.7,5.2,4.2,4.4,3.8,2.8,4.2,4.6,4.9,5.3,4.4
2020/8/13,15:25:00,G1110,2.3,2.9,4.5,4,3.3,4,7.2,4.5,6.4,6,4.4,4.7,4.9,3.1,3.7,4.8,4.8,6.3,4.7
2020/8/13,15:25:00,G1111,2.9,4,6.2,2.8,5.6,4.5,6.3,5.1,7.4,7.1,6.2,5.1,5.5,3.2,3.5,5.1,6.4,5.6,5.7
2020/8/13,15:25:00,G1112,2.5,3.7,5.4,2.8,5.9,4.6,6.1,5.1,7.7,7.3,5.7,5.1,6.2,4.5,4.1,4.4,6.2,6.3,5.4
2020/8/13,15:25:00,G1113,2.4,5.1,6,3.1,5.2,4.5,5.9,5.3,8.3,7.6,6,6.2,6.9,5.4,4.9,5,7.3,7.5,5
2020/8/16,14:50:00,G1101,1.1,2.7,1.7,3.4,3.5,2.6,2.4,6.5,2.1,5.7,4.8,1.6,4.8,4.7,4.3,1.2,3.9,3.7,1
2020/8/16,14:50:00,G1102,0.5,3,2.4,3.4,3.4,2.3,2.6,6.4,4.6,6.2,4.6,2,2.4,5.2,4.4,2,4.6,4.1,0
2020/8/16,14:50:00,G1103,0.1,3.5,2.2,3.2,3.8,2.7,3.1,6.1,5.5,6.5,4.6,2.7,4.5,5.2,6.3,2.1,6,4.5,1.9
2020/8/16,14:50:00,G1104,1,3.4,1.9,2.8,3.7,2.5,3.5,7.3,5.6,7,4.5,2.2,4.4,5.5,7,1.8,6.6,4.3,3.6
2020/8/16,14:50:00,G1105,1.7,4.6,2.8,3.1,3.1,3.2,5.1,4.7,5.6,5.4,4.7,0,4.3,5.2,6.6,2.1,4.8,3.4,2.7
2020/8/16,14:50:00,G1106,2,2.8,2.9,2.9,2.2,2.8,5.5,5.3,6.3,5.4,4.9,0.9,3.7,4,5.3,2,3.5,2.6,1.8
2020/8/16,14:50:00,G1107,3.1,3.6,2.3,2.8,3.5,2.5,5.8,7,7.8,5.8,5.3,1.7,2.4,2.9,0.9,1,1.2,1.9,0.7
2020/8/16,14:50:00,G1108,3.1,2.9,1.5,3.8,4.2,2.8,6.1,6.9,8,6.8,5,1.6,3.2,2.9,2.6,1.1,1.4,1.4,0.7
2020/8/16,14:50:00,G1109,2.5,2,1.3,3.3,2.6,3.4,6.2,6.2,8.4,6.7,5,2.1,3.5,2.4,4.2,1,1.7,1.6,1.2
2020/8/16,14:50:00,G1110,2.1,1.8,0.3,3.1,2.7,3.5,6.3,5.9,7.8,6.2,5.1,1.8,4.5,2.8,3.4,3.9,3.5,3.3,2.1
2020/8/16,14:50:00,G1111,1.7,2.4,1,3.8,2.6,3.2,4.1,7,8.3,5.9,4.5,2.5,3.8,2.7,5.8,4.4,4.5,4.6,2.8
2020/8/16,14:50:00,G1112,1.8,2.5,1.7,3.4,2.2,2.9,4.7,6.7,9.1,6.3,4.5,3.6,3.4,1.6,5,4.9,4.4,4.4,3.5
2020/8/16,14:50:00,G1113,2,2.3,0.9,2.4,1.9,3.2,4.5,6.2,9.3,6.2,3.9,3.6,3.6,1,4.3,4.8,4.7,4.4,4.4
2020/8/17,14:25:00,G1101,1.6,1,1.7,2.7,2.1,0.7,3.1,2.9,2.7,1.4,1.9,0.8,0,0,0.5,0.4,0,0.6,0
2020/8/17,14:25:00,G1102,1.1,0.9,1.9,2.7,2.3,1.1,3,2.9,2.3,1.6,1.7,0.6,0,0.6,0.9,0,0,0.6,0
2020/8/17,14:25:00,G1103,1.1,0.9,1.9,2.7,2,0,3.3,4.3,2.5,2.5,2.4,1.4,0.7,1.3,0.9,0,0,0.7,1
2020/8/17,14:25:00,G1104,1.8,0.9,2.6,2.6,2.3,1.1,3.3,4.5,3.4,2.6,2.5,2.2,1.4,1.4,1,1.1,1.1,1.1,2.1
2020/8/17,14:25:00,G1105,1.5,1.2,2.1,1.8,2.1,0.1,3.5,5.3,3.4,3.1,2.7,2.9,3.2,1.1,1.7,2.2,2.1,2.3,3
2020/8/17,14:25:00,G1106,1.2,1,2,2.1,1.9,1.3,3.5,5.1,3.2,3.2,3.2,3.1,3.4,2.2,2.3,2.6,2.6,3.6,3.4
2020/8/17,14:25:00,G1107,1.2,1.1,1.1,1.1,1,0.9,3.5,4.1,3.3,3.1,4.5,2.9,3,2.8,3.8,3.4,3.5,3.9,4
2020/8/17,14:25:00,G1108,0.3,0,0,0,0,0,3.4,4.1,3.1,3.1,4.7,3,3,2.8,3.8,3.5,3.8,3.3,4.5
2020/8/17,14:25:00,G1109,1.1,1.8,0,0,0.3,1.2,4.2,3.9,3,2.7,3.5,3.1,3.8,4.7,4.2,3.7,3.3,3.4,3.9
2020/8/17,14:25:00,G1110,3.2,2.2,0.9,1.7,0,1.8,4.5,3.2,2.7,2.3,2.7,3.1,4.8,4.9,3.5,3.8,3.8,5.3,4.7
2020/8/17,14:25:00,G1111,2.7,3.1,2.5,1.6,1.7,2.5,4.4,1.7,0,1,2.2,3.4,5.2,4.5,4.1,3.9,4.1,5.1,5.8
2020/8/17,14:25:00,G1112,3.2,3.1,2.7,1.7,1.9,2.8,4.2,1.5,0,1,2.4,3.3,4.9,4.1,3.9,4.3,4.7,5.4,5.7
2020/8/17,14:25:00,G1113,2.8,2.7,2.7,1.6,2.2,2.7,4,1.1,0,1.6,2.2,3.6,5.1,4.1,4.6,4.6,4.6,4.6,6.2
2020/8/18,15:00:00,G1101,2.2,1.7,2.8,1.3,2.3,2.4,4,9.7,1.9,2.3,2,2.6,2.9,1.4,2.2,3.2,1.3,1.6,0
2020/8/18,15:00:00,G1102,2.5,1.7,2.9,1.6,2.3,2.3,3.9,13.1,5.6,1.5,0.7,2.7,3,2.5,3.4,3.4,1.8,1.9,0
2020/8/18,15:00:00,G1103,2.7,2.5,3.4,1.8,2.2,2.2,3.9,13.8,6.7,1.5,1.1,1.3,1.3,2.7,3.5,3.7,2.6,2.8,1.2
2020/8/18,15:00:00,G1104,2.8,2.7,3.4,2.5,2.1,2.3,4,13.6,8.6,2.1,1.3,1.5,2,1.3,3.5,3.9,2.9,3.3,1.4
2020/8/18,15:00:00,G1105,3,3.4,3.3,2.9,2,2.7,4.1,11.9,10.7,2.7,1,0.6,2.7,3.1,2.9,3.3,2.4,3,1
2020/8/18,15:00:00,G1106,2.9,NaN,3.7,3.4,2.7,2.6,4.3,13.8,10.4,2.6,0.4,0,4.3,2.9,1,3.7,1.8,1.7,0.1
2020/8/18,15:00:00,G1107,2.9,NaN,3.1,3.2,2.9,2.9,4.8,14.2,10.9,2.1,1.1,3.6,7.1,6.1,3.3,0.6,2,0.6,1.3
2020/8/18,15:00:00,G1108,2.9,NaN,3,3.1,2.8,2.8,4.4,14.3,11.1,2,0,4.1,7.7,5.9,4,0,2.3,0,2.5
2020/8/18,15:00:00,G1109,2.8,NaN,2.6,2.3,2.4,2.9,4,16.1,11.7,5,0.9,5.7,9,8.5,5.9,3.7,4.8,4.8,5.7
2020/8/18,15:00:00,G1110,1.9,NaN,2,1.4,1.9,2.2,4.6,17.6,11.5,5.9,1.2,8,10.2,9,7.6,5.9,5.6,6.1,6.2
2020/8/18,15:00:00,G1111,1.2,NaN,1.7,1.1,1.4,1.7,3.8,18.799999,11.1,5.8,5.5,9.7,10.3,8.9,8,7,6.6,6.5,6.8
2020/8/18,15:00:00,G1112,1.8,NaN,1.6,1.1,1.4,1.8,2.7,17.6,12.3,5.9,7.7,9.7,9.1,9.3,7.3,6.7,6.7,6.3,6.7
2020/8/18,15:00:00,G1113,1.8,NaN,1,1.2,1.9,0,2.6,17.4,12.8,5.2,8.7,10.5,10.4,9.4,8.4,7.5,7.1,6.8,8.2
2020/8/22,11:05:00,G1101,1.4,1.4,1.6,0.6,2.5,1.8,0.1,2.3,1.5,2.2,3,3.1,2,1.4,2,2.8,3.3,2.5,3.4
2020/8/22,11:05:00,G1102,2,1.7,2.1,0,1.8,2.2,1.1,2.3,2.6,2.1,3.7,3.1,2.2,2.2,2.9,3.1,3.1,2.3,3.7
2020/8/22,11:05:00,G1103,2.4,1.9,2.2,1,2.3,2.1,0,1.9,3.3,3.2,3.6,3.5,3.1,2.2,2.7,3.2,2.6,2.5,3.7
2020/8/22,11:05:00,G1104,2.8,2,1.4,0.8,2.1,1.4,1.3,2.2,3.2,3.1,3.6,3.5,3.6,3.5,1.9,2.4,2.8,2.5,3.7
2020/8/22,11:05:00,G1105,2.9,1.6,0.7,0.6,2.1,2.3,1.2,1.7,3.3,3.2,4,3.1,3.5,2.8,2.9,2.6,2.1,2.6,4.3
2020/8/22,11:05:00,G1106,3.4,0,0,0,1.4,2,1.3,1.6,2.4,3.2,3.9,2.9,3.6,3,2.8,3.7,2.1,2.7,4.6
2020/8/22,11:05:00,G1107,0.8,1.5,0.9,1.6,1,2.4,2.6,2.3,3.1,2.9,3.3,2.5,3,3.1,2.7,3.2,2.9,2.7,4
2020/8/22,11:05:00,G1108,1.1,1.5,1,1.5,0.7,2.2,2.9,1.4,2.4,3.6,3.2,2.7,3,3.2,2.7,3.2,2.6,2.9,4
2020/8/22,11:05:00,G1109,0.8,1.3,1.4,1.3,1.7,0.5,3.1,1.4,3,3.3,3.1,3.2,3.1,2.6,2.6,3.2,2.2,2.6,3.4
2020/8/22,11:05:00,G1110,0,0,1.8,1.1,1.1,0.7,2.1,1.4,3.1,3.3,2.9,3,3,2.4,2.7,3.2,1.2,1.5,2.2
2020/8/22,11:05:00,G1111,0.2,1.2,2.4,2.2,0,0.5,1.5,1.9,2.6,3.4,3.3,1.7,2.9,0.7,1.8,2.2,1.2,0.8,2.3
2020/8/22,11:05:00,G1112,0.4,0.1,1.5,1.6,2,0,1.9,1.9,2.7,3.3,3.2,1.3,2.7,0,1.3,2,0.9,1.4,0
2020/8/22,11:05:00,G1113,0,0,1.6,0.8,2.2,0,0.5,1.3,2.1,3,3.7,1.9,1.7,0,0,1.5,0,0,0.3
2020/8/22,12:30:00,G1101,2.5,3.4,2,3.1,2.8,2.7,3.7,4.8,4.2,1.5,0.5,4.6,3.9,4.8,6.5,2,1.6,2.1,1.2
2020/8/22,12:30:00,G1102,2.3,3.7,2.3,3.1,3,1.9,4.1,5.2,5.3,1.1,0.1,3.3,3.4,5.4,7.4,2.2,1.8,2.4,1.4
2020/8/22,12:30:00,G1103,2.5,3.7,3.4,3.2,3.6,2.2,3.8,6.1,6,1.2,0.3,5.9,5,5.6,5.5,2.3,2.2,1.5,1.1
2020/8/22,12:30:00,G1104,2.5,3.7,3.2,3.5,3.3,2.1,3.3,6,6,0.9,1.6,4.8,4.5,5.6,4.8,2.5,2.3,1.3,1.5
2020/8/22,12:30:00,G1105,2.6,4.3,2.9,3.4,3.3,2.9,4.2,5.3,5.5,1.2,4,0.1,2.8,4.6,7.2,2.4,2.7,1.9,1.5
2020/8/22,12:30:00,G1106,2.7,4.6,2.7,3.4,3.3,2.7,4,5.1,5.8,1,3.8,0.1,0,4,6.9,2.7,2.6,2.2,1.4
2020/8/22,12:30:00,G1107,2.7,4,2.6,3.5,2.9,2,4.2,5.4,4.8,2.7,3.7,2.2,0.5,3,6.1,2.6,2.3,2,1.4
2020/8/22,12:30:00,G1108,2.9,4,2.3,3,3.1,2,4.6,5.9,4.5,3.2,3.7,3.2,1,2.8,5.9,2.5,2.4,1.8,1.2
2020/8/22,12:30:00,G1109,2.6,3.4,2.5,2.8,3.5,2.9,3.4,5.7,3.9,3.3,3.1,2.1,0.4,2.5,4.6,3.3,2.6,1.8,1.8
2020/8/22,12:30:00,G1110,1.5,2.2,1.9,2.6,3.7,1.8,3.4,5.1,4,4.3,3.2,2.2,0.1,1.9,2.1,2.9,1.8,1.6,1.6
2020/8/22,12:30:00,G1111,0.8,2.3,1.6,1.8,2.8,1.7,3.6,5.2,4.2,4,3,2.2,1.8,0.4,0.7,3,1.6,1.4,1.9
2020/8/22,12:30:00,G1112,1.4,0,1.4,1,2.4,1.8,4.1,5.2,4.4,4,2.9,1.8,0,0,0.4,3.1,1.7,0.9,1.6
2020/8/22,12:30:00,G1113,0,0.3,0,0,1.2,1.3,3.4,5.1,4.4,3.9,3,2,0,0,0.4,3.3,1.3,0,1.8
2020/8/26,20:15:00,G1101,2,1.1,3.6,2.8,2.8,1,4.4,8.4,7,5.3,5,2.5,0.8,1.3,0.5,1.2,2.8,3.6,2.2
2020/8/26,20:15:00,G1102,2,2,3.6,2.5,2.7,1.7,5.6,9.2,9.1,6.5,5.8,2.1,3.2,0.9,1.1,1.6,3.7,2.9,1.8
2020/8/26,20:15:00,G1103,4,3.2,3.7,3,3.2,2.4,5.4,8.6,8.2,8.6,7.8,1.8,4.8,0.6,0.1,1.3,2.6,1.4,3.3
2020/8/26,20:15:00,G1104,4.2,3.5,3.9,3,3.3,2.4,5.1,9.3,9.3,7.5,7.8,3.4,6.1,1.3,0.9,1.5,2.6,2.9,2.3
2020/8/26,20:15:00,G1105,4.9,5.6,1.9,3.9,4.7,3.6,4.7,10.3,8.9,8.2,8.4,4.1,6.8,1.6,1.1,1.3,2.7,1,2.4
2020/8/26,20:15:00,G1106,6.1,5.9,2.6,4.3,5.7,3.5,5,10.5,9,9,9.1,4.9,7,1.1,0.9,1.2,2.5,3.8,1.8
2020/8/26,20:15:00,G1107,5.7,5.4,3.5,5.6,5.6,3.8,5.4,10.9,10.6,12,10.4,8.8,9.7,2.4,2.2,2.8,2.3,4.2,2.5
2020/8/26,20:15:00,G1108,5.6,5.6,4.1,5.8,5.8,4.4,5.6,11.6,11,12.1,10.8,9.3,8.6,2.3,3.2,2.6,2.2,4.4,3.4
2020/8/26,20:15:00,G1109,6.8,5.4,4.2,6.7,6.1,5.2,7.9,14.3,11.4,11.7,10.9,11.2,8.6,3.7,2.5,2.1,2.9,4.7,2.4
2020/8/26,20:15:00,G1110,6.3,6.3,6.2,6.4,5.3,5.6,6.8,14.4,11.5,13.1,13.4,12.2,5.3,8.2,5.2,4.1,6.2,6.8,5
2020/8/26,20:15:00,G1111,7.3,6.6,5.9,6.5,5.6,6.9,6.5,16,11.1,13.6,14.2,12.5,9.5,9.7,4.8,6,8.1,9.2,7.6
2020/8/26,20:15:00,G1112,7.5,6.4,5.5,6.4,5.4,6.5,5.9,16,10.6,10.2,13.7,12.3,11.9,10,7,6.5,9.2,10,9.5
2020/8/26,20:15:00,G1113,8,8.4,5.7,6,5.9,6.8,5.4,15.3,10.2,10.5,13.3,12.7,13.2,12.1,7.5,6.5,9.9,9.8,8.8
2020/8/28,17:10:00,G1101,0.5,1.3,1.9,2.4,0.9,0.8,0.8,1.3,2.4,3.8,3.4,2.8,3.1,2.8,6,3.5,3.1,3.8,2.8
2020/8/28,17:10:00,G1102,0.1,2.8,2,3,1.1,0,0,2,2.6,4.7,3.6,3.9,3.4,3.3,6.2,4.1,3.7,4.8,3.1
2020/8/28,17:10:00,G1103,1.7,3.2,3.3,3.3,1.1,0,0,1.7,4,4.1,4.3,4.9,3.6,3.1,5.6,5.4,5.1,5.4,3.6
2020/8/28,17:10:00,G1104,NaN,NaN,NaN,NaN,NaN,NaN,NaN,NaN,NaN,NaN,NaN,NaN,NaN,NaN,NaN,NaN,NaN,NaN,NaN
2020/8/28,17:10:00,G1105,2.8,2.8,3.6,2.9,1.3,1,0.8,2.1,4.7,3.6,5.6,4.5,3.8,4.7,6.4,5.2,4.5,5.6,4.8
2020/8/28,17:10:00,G1106,3.1,2.1,3.2,3,1.5,1.4,1.7,2.1,4.5,5,5.2,4.9,4,5.1,6.3,5.6,5.2,5.8,5.1
2020/8/28,17:10:00,G1107,3.3,2.2,2.8,2.5,1.8,1.8,1.8,2.7,4.1,5.8,5.4,5.3,4.1,5.3,6.4,5.5,5.9,6,5.9
2020/8/28,17:10:00,G1108,3.3,2.4,2.3,2.3,1.8,1.4,1.9,2.1,4.1,5.8,5.4,5.4,4.2,5.4,6.6,5.4,6.2,5.8,6
2020/8/28,17:10:00,G1109,3.6,2.5,3,2.1,2.2,1.2,2.5,2.8,4.4,5.6,5.2,5.1,4.4,5.4,6.4,5.4,6.4,5.9,5.5
2020/8/28,17:10:00,G1110,3.4,2.9,3.1,2.9,2.5,2.1,2.3,2,4.4,4.8,5.2,4.7,5.1,5,5.6,5.3,5.8,4.7,5.3
2020/8/28,17:10:00,G1111,3.5,4.2,4,2.6,2.6,2.6,1.9,2.9,4.9,4.8,4.6,5,4.6,5.1,5.5,5.1,6.2,4.9,4.5
2020/8/28,17:10:00,G1112,3.6,4.1,3.4,2.8,2.5,2.9,1.9,2.9,4.7,4.8,4.8,4.4,4.7,5.1,5.1,4.8,6.5,5,4.6
2020/8/28,17:10:00,G1113,3.7,3.3,3.4,2.6,2.1,2.8,1.4,3,5.3,4.5,3.9,4.9,5.3,5.1,5.3,5.1,6.1,5.6,4.1
2020/8/30,11:30:00,G1101,0.6,3.3,0.1,1.3,0,0.4,1.2,3.6,3,4.2,3,4.2,1.9,2.7,4.6,3.1,1.8,1.3,0.7
2020/8/30,11:30:00,G1102,0.9,2.4,0,1.5,0,0.1,1,5,4.3,NaN,3.2,4.1,3.3,3.7,5.1,3.9,2.1,2.1,0.5
2020/8/30,11:30:00,G1103,0,0.3,0,1.5,0,0,1.7,3.8,2,NaN,3.7,4.4,4.3,3.6,5,3.9,3.6,2,1
2020/8/30,11:30:00,G1104,0.1,0.3,0.1,2.6,0,0.8,2.5,5.4,3.2,NaN,4,4.5,4.5,3.7,4,3.4,4.1,3,1.3
2020/8/30,11:30:00,G1105,2.3,0.2,0,2.4,0.5,0,1.5,7.4,4.5,3.7,4.9,6.7,5,5.3,4.9,4.1,5,4.2,2
2020/8/30,11:30:00,G1106,3.3,0,0,2.2,0.6,0,1.4,7.2,5.3,3.4,5.3,7.1,5.2,6.2,4.9,4.4,4.9,4,2.8
2020/8/30,11:30:00,G1107,4.1,2.1,0.8,2.4,0.9,1.6,0.9,5.2,5.2,3.6,5.8,6.4,7.1,6.8,6,3.8,3.7,2.8,4
2020/8/30,11:30:00,G1108,4.1,2.3,0,2,0.7,1.7,0.3,5.8,4.8,3.6,5.6,6.8,7.3,7.2,5.8,3.9,3.9,2.8,4
2020/8/30,11:30:00,G1109,4.4,1.7,0.6,2.4,1.4,1.1,1,5,5.4,3.8,5.6,6.8,7.7,6.1,5.1,3.9,3.1,3.2,3
2020/8/30,11:30:00,G1110,4.2,1.9,0.5,0.8,2.6,0.8,1.1,5.3,7.9,4.3,5.1,6.2,6,5.9,5,3.4,2.9,2.7,2.8
2020/8/30,11:30:00,G1111,4.4,3.1,1,0.8,2.1,0.1,2,4.8,8.5,4.8,5,5.8,6.2,4.5,3.9,3.3,2.8,2.9,2.2
2020/8/30,11:30:00,G1112,4.7,2.1,1.6,NaN,1.5,0,2.7,5,6.9,4.9,4.7,6.2,6.1,3.9,4.1,3.2,2.9,2.2,2.2
2020/8/30,11:30:00,G1113,5.1,1.8,0,NaN,1.6,0,1.6,6.5,7.6,5.9,4.4,5.7,6.3,4.1,3.6,2,2.5,1.8,2
2020/9/1,0:05:00,G1101,3.7,0.7,0,1.2,4.3,4.2,0.6,1.7,3,3.8,3.3,2.4,0,1,1,0,0.4,0,0.8
2020/9/1,0:05:00,G1102,3.6,1.2,0,1.3,4.2,4.2,1.6,2.5,5,4.9,3.8,3.7,1.1,0.5,0.9,0,0.1,0,1.1
2020/9/1,0:05:00,G1103,4.1,1.9,0,1.8,4.9,5.9,1.1,2.8,5.4,6.4,4.3,4.8,2.7,0,0,0,0,0,0
2020/9/1,0:05:00,G1104,4.5,2.2,0.8,2.2,4.7,5,1.1,2.8,5.3,6.7,4.5,4.1,3,1.1,1.1,0,1.1,1.1,1.3
2020/9/1,0:05:00,G1105,4.5,2.3,1.3,2,2.9,4.2,1.1,2.9,4.5,5.8,4.8,4.1,2.8,1.3,0,1,1.4,1.2,0.9
2020/9/1,0:05:00,G1106,4.8,2.6,1.5,2.3,2.7,4.4,1,5.3,4.5,5.3,4.1,3.9,3,1.6,0,0.9,1.3,1,0
2020/9/1,0:05:00,G1107,5.5,2.8,1.8,2.8,0,2.3,1.1,4.1,4.7,4.5,3.2,0.7,0.8,0.6,0.5,0.6,1.7,1.4,1.5
2020/9/1,0:05:00,G1108,5.5,2.8,2,3.1,0,3,1.5,4.7,5,4.4,2.9,0.6,0,0,0,0,2.3,1.2,2.1
2020/9/1,0:05:00,G1109,5.4,2.8,2,2.9,0.1,7.7,1.2,3.7,4.5,3.3,2.1,0.8,1,0.9,1.3,0.5,3.3,2.3,3.7
2020/9/1,0:05:00,G1110,5,2.9,1.9,3,0.3,4.1,1.5,1.7,4,3.3,1.4,2.2,1.3,1.3,2.4,3.3,4.7,3.9,4.3
2020/9/1,0:05:00,G1111,4.9,3.2,2.1,3.1,0,3.8,1.5,2.9,3.9,3.5,1.4,1,0,1.7,4.1,3.4,5.4,4.7,5
2020/9/1,0:05:00,G1112,3.8,3,2.1,3.1,0,3.2,1.3,3.3,3.8,3.4,1.2,1.4,0,1.8,4.1,3.8,5.8,4.9,4.8
2020/9/1,0:05:00,G1113,3.3,3.2,2.2,3.5,0.5,5.1,1.3,3.5,4.1,3,1.3,0,1.5,2.1,4.4,4.3,5.4,5,4.7
2020/9/1,16:45:00,G1101,2.5,2.7,2.4,2.2,1.7,4,3.9,5.1,1,3.3,1.2,0.9,3.5,2.5,1.7,1.8,0,2.7,3.1
2020/9/1,16:45:00,G1102,2.6,3.2,3,3.6,2,5.1,5.2,7,0.2,3.7,1.4,1.7,3.3,2.1,1.8,2,0.9,3,3.1
2020/9/1,16:45:00,G1103,2.5,3.3,3.1,3.4,2.2,5.9,5.5,7.4,1,4.6,1.2,1.4,3.3,2.5,1.8,1.5,2,3.4,2.8
2020/9/1,16:45:00,G1104,3,3.4,3.1,4,2.8,6.1,6.4,8.2,1,4.6,1.1,1.9,3.4,2.7,1.9,1.8,2.6,3.5,2.3
2020/9/1,16:45:00,G1105,3.6,3.8,4.2,3.9,3,6.4,7.5,8.5,2,3.8,3.5,1.7,3.8,3.3,1.9,1.9,4.1,4.2,2.8
2020/9/1,16:45:00,G1106,3.3,3.9,4.6,4,3.4,6.7,7.3,7.8,4.3,4.4,2.3,2.1,3.2,3.8,2.1,2.2,4.1,4,2.3
2020/9/1,16:45:00,G1107,3.2,3.8,4.6,4.3,3.9,6.8,6.1,6.9,6.1,7.3,2.6,2.3,2.2,3.4,2.7,2.2,3.8,4.1,2.6
2020/9/1,16:45:00,G1108,3.1,4,4.5,4,3.9,7.1,6.2,6.9,6.5,7.2,2.3,2,2.5,3.4,2.4,2.2,3.7,4.7,2.8
2020/9/1,16:45:00,G1109,3.8,3.4,4.1,4.1,4.1,6.9,5.9,6.5,5.1,6.6,1.8,2.5,2.6,2.9,2.7,2.6,3.8,4.5,3.2
2020/9/1,16:45:00,G1110,3.4,3.7,4,4.1,4.2,6.5,5.5,6.3,5.2,8.7,1.5,1.9,2.2,3.2,3,2.9,3.5,4.3,3.4
2020/9/1,16:45:00,G1111,4,2.9,3.1,3.7,4.3,6.1,5.6,6.8,4.7,7.7,3.3,3.6,2.3,2.9,3.6,2.4,3.1,4.4,3.4
2020/9/1,16:45:00,G1112,3.7,2.4,3.1,4.1,4.4,5.6,5,6.6,4.2,5.1,3.4,3.3,2.2,3,3.6,2.3,3,4.6,3.5
2020/9/1,16:45:00,G1113,3.8,1.8,3.1,4.1,4.1,4.8,5.3,6.8,3.6,5.4,3.7,3.6,2.7,3.2,3.7,2.2,3.1,4.4,3.5
2020/9/2,15:50:00,G1101,1.8,2.3,0.9,0,0,0,0.9,1.4,2,3.1,3.1,3.9,3.1,4.4,3.4,2.6,2,1.8,2.1
2020/9/2,15:50:00,G1102,1.8,2.7,0.9,0.1,0,0,0.3,1.5,2.2,3.1,3.1,3.9,3.5,4.3,2.9,2.2,2.7,3.1,3.2
2020/9/2,15:50:00,G1103,1.7,3,1.2,0.3,0.1,0,1.4,1.3,3.3,3.7,3.5,4.2,3.5,4.4,4,3.1,3,3.7,3.3
2020/9/2,15:50:00,G1104,2.1,3.3,0.5,0.1,0,0,1.5,1.9,3.3,3.4,3.7,4.3,4.2,4.9,4.2,3.2,3.2,4.3,3.6
2020/9/2,15:50:00,G1105,1.8,3,0.9,0,0.5,0,1.4,1.7,4,4.3,3.9,4.3,4.5,6.3,4.5,3.5,3.5,4.4,4
2020/9/2,15:50:00,G1106,2.9,3.2,1.5,1.3,0.1,0.3,1.1,2.3,4,4.4,4.6,4.7,4.6,6.2,4.4,3.6,3.6,4.4,4.2
2020/9/2,15:50:00,G1107,3.1,2.4,1.3,1.5,0,0.7,0.8,2.7,3.5,4.4,4.5,5,5,5.2,4.7,3.8,3.9,4.5,4.4
2020/9/2,15:50:00,G1108,3.1,2.7,1.6,0,0,1.6,0,2.4,3.6,4.2,4.5,4.8,5.1,5.2,4.8,4,3.9,4.5,4.5
2020/9/2,15:50:00,G1109,3.3,3.2,1.4,0,0.5,1.4,0,2.4,2.2,4.1,4.2,4.6,4.9,5.5,4.8,4.3,3.8,4.5,4.5
2020/9/2,15:50:00,G1110,2.2,3.6,1.4,0.7,1.6,1,0.3,2,2.1,3.8,3.8,4.1,4.3,4.4,4.2,4.3,3.5,3.8,3.7
2020/9/2,15:50:00,G1111,3.1,3.5,1.7,2,0.9,1.4,0.8,2,2.6,4,3.9,3.5,4,4.3,4.1,4.8,4.3,4,3.3
2020/9/2,15:50:00,G1112,2.9,3.3,1.6,1.6,0.6,1.4,0.1,1.8,2.2,3.4,3.7,3.2,4,3.6,3.7,4.8,4.8,4.2,3.4
2020/9/2,15:50:00,G1113,3.1,3.1,1.5,0.8,0.1,0,0,0,1.6,2.9,3.4,3.1,2.9,3.6,3,5,4.8,4.1,3.5
2020/9/3,14:40:00,G1101,0.6,0.9,1.5,NaN,1,1.3,1.3,3,1.6,2.8,3.4,3.4,1.8,2,1,3,3.4,4.7,4.8
2020/9/3,14:40:00,G1102,0.1,0,0.6,0.1,0.8,1,1.5,3.3,1.9,3,3.6,4,2.5,2,3,4.1,4.6,4.5,5.7
2020/9/3,14:40:00,G1103,0.4,0.5,1.2,NaN,0.9,1.2,0,3.5,2.2,3.1,4.5,4.1,3,2.2,2.8,4.3,4.1,5.6,5.7
2020/9/3,14:40:00,G1104,0,0,1.2,NaN,0.6,1.3,1.3,3.4,3.3,4,4.7,4.1,3.4,3,2.8,4.5,4.2,4,5.2
2020/9/3,14:40:00,G1105,1,0,0,NaN,1,1.5,0,3.9,3.5,4.4,4.6,3.8,3,3.5,2.9,2.5,4.2,5,5.6
2020/9/3,14:40:00,G1106,0.3,1,0.6,NaN,0.8,1.4,1.8,4.6,3.7,4.6,4.5,3.5,3.1,3.8,3.3,2.7,4.5,4.2,6.2
2020/9/3,14:40:00,G1107,2.6,1.3,0.6,NaN,1.1,1.2,1.8,5.3,3.4,5,4.4,4.7,3.2,3.5,2.9,3.6,3.1,4.4,7.1
2020/9/3,14:40:00,G1108,2,1.2,0,NaN,1.8,1.1,1.7,5.3,3.6,4.8,4.4,4.6,3.3,3.4,3,3.5,3.2,4.9,6.4
2020/9/3,14:40:00,G1109,1.2,1.5,1,0.6,1.8,1.5,1.8,5.2,3.8,4.9,4.3,4.1,3.6,3.7,3.4,3.6,4.3,5.1,5.4
2020/9/3,14:40:00,G1110,1.4,1.3,1,1.1,0.8,2.4,1.6,3.6,3.9,3.7,4.7,4,4.3,3,4.1,3.8,4.3,5,5.4
2020/9/3,14:40:00,G1111,1.9,1.9,0.9,1.3,0.7,0,1.8,3.7,3.7,3.4,4.1,4.5,4,3,3.9,4.1,4.7,4.7,4.7
2020/9/3,14:40:00,G1112,1.5,0.8,1.2,1.3,0.9,1.8,1.7,3.3,3.7,3.1,4.3,4.6,3.7,2.9,4.2,3.7,4.4,4.7,4.6
2020/9/3,14:40:00,G1113,2.2,1.4,0,0.6,0.5,1.3,0.7,3.6,2.9,3.1,4.2,4.3,3.5,2.8,4,4.1,4.3,4.4,4.4
2020/9/4,13:00:00,G1101,1.4,1.8,2.1,3.1,3.2,3.4,3,6.1,3.9,4.4,5.9,3.7,3.3,3.3,3.8,2.4,2.9,NaN,2.8
2020/9/4,13:00:00,G1102,2.3,1.9,2.7,3,3.2,5.3,5.8,5.9,4.8,4.8,5.5,4,4.9,3.4,4.4,2.8,NaN,2.8,2.3
2020/9/4,13:00:00,G1103,2.6,1.4,1.5,3,3.8,5.7,5.7,5.9,4.5,6.7,5.2,5,4.8,4.4,4.7,3.9,NaN,NaN,3.6
2020/9/4,13:00:00,G1104,2.8,1.8,2,3.1,4.1,5.7,6,5.8,5.4,6,5.5,5.1,5.2,4.6,5.4,4.3,NaN,4.5,3.4
2020/9/4,13:00:00,G1105,2.6,2.4,2,3,4.9,6.3,6,5.8,5.8,4.9,7.9,5.7,4.9,5,5,4.5,NaN,NaN,4.3
2020/9/4,13:00:00,G1106,2.6,2.4,2,2.9,4.7,6,5.4,6.3,5.4,6.2,6.9,5.7,5.5,5.5,5.7,5,4.9,5.7,5
2020/9/4,13:00:00,G1107,2.9,2.3,2.9,2.2,5.6,5.4,7.1,7.1,7.8,6.2,7.7,6.3,7.7,5.3,6.8,5.7,5.3,5.6,4.8
2020/9/4,13:00:00,G1108,2.8,1.9,2.8,2.1,5.8,4.7,7,6.2,7,6.3,6.9,5.7,7.5,5.4,6.5,5.4,5.2,6.1,4.9
2020/9/4,13:00:00,G1109,2.8,2.7,2.8,2.4,5.9,4.5,7.2,6.8,7.6,6.3,7.4,6.4,7.3,6,7.5,4.8,5.6,5.5,4.9
2020/9/4,13:00:00,G1110,3.1,3,2.4,2.8,3.8,4.5,6.3,7.6,6.5,6.6,7,6.2,6.7,7,7.3,5.2,4.7,4.9,5.3
2020/9/4,13:00:00,G1111,2.9,2.9,2.7,2.8,2.9,3.9,6.5,6.2,7,6.2,6.8,6.2,7.2,7.3,6.2,5.5,5.6,5.3,5.5
2020/9/4,13:00:00,G1112,2.8,2.6,2.5,2.6,3.3,3.7,5.9,6.9,6.7,6.3,7.2,7.6,8,8.5,6.5,5.2,5.5,5.3,5.9
2020/9/4,13:00:00,G1113,2.6,2.2,2.7,2.8,2.9,4.4,6.4,5.8,6.9,6.5,6.9,6.1,7.8,9.2,5.2,5,5.7,5.6,5.6
2020/9/5,10:25:00,G1101,1.7,3.7,NaN,1.8,NaN,1.2,1.8,4.2,4.9,2.9,3.5,4.1,5.4,3.3,4.7,3.8,NaN,1,1
2020/9/5,10:25:00,G1102,1.8,3.5,NaN,2.2,2.2,1,2,6.3,5,3,3.7,4.2,6.3,4.7,6.3,4.1,2.4,0.8,1.4
2020/9/5,10:25:00,G1103,2.8,3.3,4,2.2,NaN,0.2,2.2,5.2,5.3,4.5,4,4.7,5.6,5.9,7.2,4.3,NaN,0,1
2020/9/5,10:25:00,G1104,2.6,3.6,3.6,2.7,1.9,0,2.7,4.9,5.4,5.3,4.4,5.1,5.8,6.7,7.1,4.6,1.7,1.1,1.3
2020/9/5,10:25:00,G1105,2.6,3.3,3.8,2.9,2.3,0,3.3,4.3,6.1,5.3,2.9,5.4,5.9,8.9,9.8,5,NaN,2.6,1.8
2020/9/5,10:25:00,G1106,2.2,2.9,3.8,3.5,2.7,0.4,3.1,5,6,5.2,4.2,9.2,5.7,9.5,11.5,4.8,4.1,2.8,2.4
2020/9/5,10:25:00,G1107,2.6,2.8,3.4,2.5,2.6,2,3,5.3,5,6.3,6.6,7.2,4.9,9.6,10.4,6.7,5.3,4.3,2.6
2020/9/5,10:25:00,G1108,2.7,3,3.2,2.1,2.4,2.2,3.1,5.5,5.4,6.1,6.1,7,6,9.4,10.2,7,5.5,4.8,2.7
2020/9/5,10:25:00,G1109,1.6,3.7,3.6,2.2,2.2,3.1,3.5,6.1,5.7,5.9,6.8,7.8,6.5,8.4,10.6,7.7,7.2,5.5,3.1
2020/9/5,10:25:00,G1110,2.6,4,3.7,2.4,2,2.8,2.7,4.7,5.9,6,6.4,8.8,7.1,7.7,9.6,7.7,6.9,5.1,2.7
2020/9/5,10:25:00,G1111,3.1,3.1,3.4,2.9,1.9,2.8,2.3,5,5.3,5.7,8.3,10.2,8.1,9.2,10.3,9.1,7.3,5,3.1
2020/9/5,10:25:00,G1112,3.3,2.8,3.2,2.8,2.1,3.3,2.4,5,5.5,6,7.4,10.5,8.4,10.6,10.5,9.5,7.5,5.2,2.9
2020/9/5,10:25:00,G1113,3.1,3.1,3.2,2.9,NaN,2.2,2.3,4.6,6.3,5.7,7.6,11.2,7.7,10.8,10.9,10.1,7.7,5.9,3.8
2020/9/8,9:00:00,G1101,1.1,1,0,0.5,0.8,0,2,6.7,3.7,2.4,2.3,4,2.8,2.9,1.6,1.1,0,0,NaN
2020/9/8,9:00:00,G1102,1.2,0.8,0,0,0.9,0,1.5,5.5,4.5,3.1,2.7,4.2,3.1,2.8,1.8,1.9,0,0,NaN
2020/9/8,9:00:00,G1103,1.2,1.2,0,0,0.9,1,1.7,8.6,4,3.4,2.4,4.6,3.7,2.9,3.1,2,0,0,NaN
2020/9/8,9:00:00,G1104,1.5,1.7,1.2,1,1.1,0.9,1.9,8.1,3.8,4.9,2.9,4.7,3.8,2.6,3,2.4,0.9,0.3,0.7
2020/9/8,9:00:00,G1105,1.9,1.9,2.2,1,1.2,1.6,1.4,8.7,3.4,5,3.1,5.5,4.1,3.6,2.7,2.4,1.2,1,1.3
2020/9/8,9:00:00,G1106,1.8,2.2,2.1,1.3,1.6,1.3,1.3,8.9,5.5,4.6,4.8,5.1,4.1,4,3.2,2.8,1.9,0.6,1.1
2020/9/8,9:00:00,G1107,2.5,2.4,3.2,1.7,1.6,1.7,1.6,9.5,7.4,4.8,5.5,6,4.8,4.1,3.5,3,2.1,2.1,1.6
2020/9/8,9:00:00,G1108,2.8,2.3,3.1,2.1,1.8,1.5,1.9,9.2,7.1,4.5,5.4,5.9,4.8,4.7,3.4,3.7,2.2,2.6,1.7
2020/9/8,9:00:00,G1109,2.5,3.2,2.6,2.4,2,2,2.3,9.4,6.5,5,6.5,7,6.7,5.1,4.6,4.8,2.9,2.8,2.8
2020/9/8,9:00:00,G1110,3.5,2.9,3.4,3.6,2.7,2.2,2.2,9.5,7.3,5.4,6.6,7.6,6.5,4.5,5.8,5,3.8,3,3.3
2020/9/8,9:00:00,G1111,4.5,4.3,4.5,3.9,3.8,3.4,3.8,9.1,7.3,5.3,7.1,7.7,5.2,6,6.2,5.8,3.8,3.3,3.3
2020/9/8,9:00:00,G1112,4.9,4.5,4.6,4.4,4.1,4.1,4.1,8.8,7.8,5.2,6.8,7.2,6.5,6.2,6.4,5.8,4.2,3.4,3.6
2020/9/8,9:00:00,G1113,5.5,4.7,4.9,4.8,5.1,4.5,4.7,9.3,8,5.4,7.7,7.4,6.5,6.8,7.1,6.4,4.8,3.5,3.1
2020/9/9,12:15:00,G1101,1.8,2.3,2,1.3,1.3,3.1,3,3.9,1.3,0.8,0,3.2,1.6,1,1.6,0.9,2.4,1.8,0
2020/9/9,12:15:00,G1102,1.7,1.5,2.2,1.7,1.5,3.4,4,6.7,1.4,1.5,0.1,2.9,2.3,0.9,2.2,0.3,1.5,1.3,0
2020/9/9,12:15:00,G1103,1.7,2.8,2.3,2.1,1.6,3.2,3.8,7.8,4.6,0,1.1,3.2,1.9,0.5,4.5,0,2.9,1.7,0
2020/9/9,12:15:00,G1104,1.7,2.8,2.7,2.6,2.7,3.3,2.2,6.6,4.6,0.9,2.9,2.9,2,1.3,4.4,1.4,4.2,3,1.2
2020/9/9,12:15:00,G1105,1.7,2.8,2.3,2.6,2.9,4,1.3,5.7,3.1,3.2,2.6,1.1,2.1,2,3.5,2.2,4.6,3.1,1.5
2020/9/9,12:15:00,G1106,1.8,2.5,2.2,2.9,3.8,3.9,1.6,4.3,1.7,2.5,2,1.9,1.7,2.1,4.9,2.5,5,3.5,2.2
2020/9/9,12:15:00,G1107,1.9,2.1,2,2.9,4.2,4.1,2.8,2.6,2.5,2.3,2.2,0.6,1.3,2.2,8.6,0.8,4.1,2.6,3.3
2020/9/9,12:15:00,G1108,2,2.2,1.8,NaN,3.8,4,2.9,1.2,2.8,2,2.3,0,1.3,2.9,8.7,0.3,4.1,2.2,3.1
2020/9/9,12:15:00,G1109,1.8,2.3,2,3,4,4.6,2.8,3.1,3.2,2.2,2,1.8,1.6,3.7,5.2,0.9,3.7,0.4,1.4
2020/9/9,12:15:00,G1110,1.4,1.9,1.7,3,4.2,4.3,3,1,3.9,3.1,1.8,2.8,1.7,2,2.7,2.9,0.7,1.2,0.5
2020/9/9,12:15:00,G1111,1.4,2,1.7,2.8,3.2,3.8,3.6,2.3,3.9,3.1,2.2,1.3,4,0.7,1.2,1,0.7,1.3,1.2
2020/9/9,12:15:00,G1112,1.7,2.3,1.9,2.7,3.3,3.3,3.6,2.1,3.9,3.2,2.4,1.8,3.7,1.1,1.3,1,1.6,0.7,1.4
2020/9/9,12:15:00,G1113,1.4,1.2,2,2.9,4.2,3.3,3.7,3.1,4,3.9,4.2,1.6,3.2,1.6,2.3,2.5,1.5,1.8,2.2
2020/9/10,17:05:00,G1101,3.4,3.3,2.8,2.8,3.3,3.1,3.2,4.1,5.3,4,NaN,1.8,2.6,3,2,2.7,1.9,0.9,NaN
2020/9/10,17:05:00,G1102,4,4,2.2,3.1,4.1,3.5,3.7,2.8,NaN,3.6,1.7,2.1,3.7,2.9,3,3,1.7,1,0.8
2020/9/10,17:05:00,G1103,3.7,5.1,4.1,5.7,4.3,4,4.2,3.3,8.4,4.9,NaN,2.8,3.5,2.8,3.5,3.6,3.4,2.7,1.7
2020/9/10,17:05:00,G1104,4.1,5,4,6,4.3,4.3,3.9,5.1,9.3,5,2,2.8,3,3,3.8,3.5,4.4,3.4,2.5
2020/9/10,17:05:00,G1105,4.1,5.3,4.4,6.4,4.4,4.4,4.8,6.7,9.5,5.9,1.7,3.5,2,2.4,3.9,3.8,4.5,2.2,2
2020/9/10,17:05:00,G1106,4.8,5.4,5.6,6.6,5.1,4.6,5.2,6.5,9.8,6,2.1,3.2,2.1,1.9,2.7,4.8,4.3,2.4,1.1
2020/9/10,17:05:00,G1107,5.1,5,5.2,6,6.1,4.5,5.3,8.9,10.9,6.4,2,2.2,2.3,1.7,2.2,4.2,3.3,1.7,2.4
2020/9/10,17:05:00,G1108,5,5,5.4,6.3,6.4,4.5,5,8.4,11.5,6.7,2,2,2.5,2.1,1.9,3.6,2.9,1.6,2.3
2020/9/10,17:05:00,G1109,5.3,5.4,6.8,6.3,6.6,5.2,5.2,9.1,11.3,7.3,2.6,2.3,3.1,3,1.4,2.4,2.4,1.1,2.3
2020/9/10,17:05:00,G1110,5.6,5.8,6.4,6.3,6.6,5.6,5.7,8.9,8,8,3.5,3.6,3.7,4.4,3.1,1.5,0.8,2.2,2.7
2020/9/10,17:05:00,G1111,5.8,5.5,6.5,6.6,6.9,5.1,5.4,9.6,7.7,7.4,3.3,4.2,4.6,5.1,4,2.1,1.9,2.7,4.9
2020/9/10,17:05:00,G1112,5.9,6,6.4,6.5,6.8,5.4,5.2,9.2,6.5,7.5,3.8,4.7,4.6,5,4.1,2.5,2.7,2.9,5.6
2020/9/10,17:05:00,G1113,6,6.1,6.7,7,6.7,5.9,5.7,10.3,6.8,8.5,5.7,5.2,5.4,5.2,4.8,3.3,3.4,4.8,6.3
2020/9/11,12:55:00,G1101,3,3,3.6,4.1,3.8,4.2,4.4,8.5,5,4.3,2.7,3.2,4,3.6,NaN,3.8,NaN,3.6,2.3
2020/9/11,12:55:00,G1102,3.2,2.3,4.5,4.2,4,4.1,6.3,9.7,6.6,4.4,3.9,3.6,4.1,3.6,2.2,3.8,3.8,4.3,2.2
2020/9/11,12:55:00,G1103,3.7,2.5,4.9,4.6,4.5,5.3,4.2,10.1,7,6.6,5.6,2.7,3.8,4.6,NaN,3.8,4.1,4.1,3.9
2020/9/11,12:55:00,G1104,3.9,3.2,5.1,4.8,4.4,5.1,4.5,9.8,7.2,6.6,5.9,2.9,3.5,4.9,NaN,4.3,3.4,4,3.2
2020/9/11,12:55:00,G1105,3.6,3.3,4.6,4.5,4.5,5,6.5,10.1,6.9,7.1,5.5,4,4.1,5.1,5,4.5,3.1,2.9,3.9
2020/9/11,12:55:00,G1106,3.2,3.5,5.2,4.4,4.4,5.4,6.8,10,7.5,7.2,6,4.9,5.4,5.4,NaN,4.8,3.6,3.7,3.5
2020/9/11,12:55:00,G1107,3.6,3.6,4.9,4.2,3.5,5.4,7.3,10.6,8.4,7,6.1,4.1,5.6,6,5.6,4.9,5.3,4.3,3.1
2020/9/11,12:55:00,G1108,3.4,3.7,4.4,4.3,3.6,5.4,7.7,10.3,8.6,7.7,6.1,4.1,5.7,6,5.6,5.2,5.2,4.9,3.8
2020/9/11,12:55:00,G1109,4,3.8,4.3,4.1,3.6,5.1,8,11,8.5,8.6,6.2,4.6,6.1,6,5.6,4.2,4.9,5,4.1
2020/9/11,12:55:00,G1110,3.2,3.5,3.9,3.2,NaN,5.2,8.1,10.1,8.6,6.1,6.3,4.6,5.6,6,4.8,4.1,4.7,4.6,4.4
2020/9/11,12:55:00,G1111,3.5,3.1,4.5,3.8,4.1,4.9,7,9.9,9.1,6.2,6.8,6,5.7,6.1,4.3,4.2,4.5,4.1,4.3
2020/9/11,12:55:00,G1112,4,3.9,3.9,4,3,5.2,7,9.9,7.4,6.2,6.6,5.5,5.3,5.9,4.1,4.4,4.6,4,4.4
2020/9/11,12:55:00,G1113,4.2,4,4,4,3.7,5.2,7.6,7.9,6.5,6.6,6.7,5.6,5.3,5.7,4.2,4.7,NaN,4.1,4.6
2020/9/12,14:20:00,G1101,1.1,1.6,1.7,1.4,2.1,3,3.6,7.5,7.9,4.8,7.7,NaN,3.6,NaN,3.7,4.3,3.4,2.9,0.8
2020/9/12,14:20:00,G1102,1.8,1.4,1.6,1.8,2.1,3.2,4.5,7.1,9.6,6.2,8.8,5.8,NaN,5.6,4.8,5.6,4.4,3.5,1.6
2020/9/12,14:20:00,G1103,1.7,2,1.9,1.9,1.8,3.2,6.1,7.6,9.1,8.6,8.5,7.6,6.7,6.6,5.8,5.5,5.5,3.6,3.1
2020/9/12,14:20:00,G1104,2.1,2.2,1.9,1.8,1.9,3.6,6.5,7.5,9.6,9.1,8.7,7.2,7.7,6.4,5.8,5.4,5.5,3.9,3.1
2020/9/12,14:20:00,G1105,3.1,2,1.8,1.6,2,3.4,6,7.4,13.2,9.3,7.4,6.5,7.6,6.1,5.5,5.5,4.3,2.8,4
2020/9/12,14:20:00,G1106,3,1.9,1.8,1.3,1.7,3.2,5.2,8,13.1,8.2,6.1,4.7,7.1,5.7,5.2,5.6,5.6,4.8,4
2020/9/12,14:20:00,G1107,2.8,1.6,1.7,1.5,1.8,3.6,4.8,9.9,11.4,5.3,5.8,3.8,6.1,4.1,4,5.4,5.6,4.2,3.4
2020/9/12,14:20:00,G1108,2.6,1.7,1.5,1.4,1.9,3.6,4.7,8.9,11.2,5.9,5.8,3.6,6.2,3.8,3.2,5.2,4.9,4.2,3.4
2020/9/12,14:20:00,G1109,2.7,1.6,1.2,1.6,2.1,3.8,4.8,7,7.7,4.6,5.1,3,4.2,2.4,1.6,2.2,3.8,3.7,3
2020/9/12,14:20:00,G1110,1.9,1.6,1.5,1.4,1.8,3.8,4.6,4.2,7.4,2.2,4.4,3.2,4.1,1.9,1.5,1.3,2.9,3.2,3.2
2020/9/12,14:20:00,G1111,1.3,1.5,1.5,1.4,2.2,3.5,3.5,3.2,6.8,1.5,2.2,2.1,3.2,2,1.3,0,2.3,3.2,3.2
2020/9/12,14:20:00,G1112,1.3,1.4,2.2,1.4,2,3.5,2.5,3.3,6.3,1.2,2.1,2.1,2.2,1.6,0.8,0,2.1,3.3,2.4
2020/9/12,14:20:00,G1113,0,0,0,0,0,2.7,3,1.8,6,0.1,1.6,0.3,1.6,2.4,1.4,1.3,2.3,2.2,2.4
2020/9/13,15:55:00,G1101,1.2,4.2,2.3,1.7,4.1,3.2,2.8,3.8,4.2,6.2,1.3,4.7,2.4,NaN,2.7,3.3,0.7,0.8,0.7
2020/9/13,15:55:00,G1102,2.6,1.7,2.6,2,2.8,3.1,3.4,4.6,3.5,8.6,1.6,4.5,1.8,3.4,2.7,4.2,1.7,0.5,0
2020/9/13,15:55:00,G1103,1.7,2.8,2.5,2.6,2.9,3.5,3.6,4,3.5,8.4,0.9,4.1,2.3,4.1,2.7,4.3,2.1,0,1.1
2020/9/13,15:55:00,G1104,0.8,3,3,2.6,3.3,3.6,3.1,4.1,3.8,8.5,1.6,4.2,1.6,3.6,2.7,3.9,2.2,0.7,1.3
2020/9/13,15:55:00,G1105,1.8,2.6,3,2.5,2.8,3.3,3.9,4.6,6.4,7.9,0.7,3.8,1.4,3.6,1.9,3.8,2.4,1,1.6
2020/9/13,15:55:00,G1106,1.9,2.4,2.9,3.2,3.2,3.9,4.3,5.9,5.5,6.9,0.3,3.4,1.6,2.9,2.3,2.7,2.3,1.9,0
2020/9/13,15:55:00,G1107,0.7,3.6,3.3,3.4,3.8,5.1,4.4,5.4,4.4,4.8,1.4,2.3,0.9,3,2.3,1.9,2.8,1.3,1.2
2020/9/13,15:55:00,G1108,0.8,3.6,2.9,3.3,3,5.1,4.6,5.8,4.7,4.8,0.5,2.6,0.9,2.8,2.4,2,2.9,1.4,1.2
2020/9/13,15:55:00,G1109,1.2,2.9,2.3,3,2.8,5,4.5,5.3,6,5.9,1.6,1.4,1.3,3,2.5,2.1,3,1.6,1.6
2020/9/13,15:55:00,G1110,1.7,2,2,2.7,2.8,4.7,4.6,5.3,4.3,3.9,2,2.7,0,1.5,2.4,3.2,3,1.4,1.5
2020/9/13,15:55:00,G1111,2.1,1.9,2.8,2.5,2.8,4.6,4.6,2.9,5.2,4.1,0.5,3.4,1,1.3,2.7,2.8,1.7,1.5,2
2020/9/13,15:55:00,G1112,2.2,2.3,2.7,2.7,2.7,4.7,4.7,5.1,4.9,3.3,1.3,3.1,1.3,1.2,1.9,3,1.9,1.6,2.3
2020/9/13,15:55:00,G1113,1.9,2.7,2,1.9,2.9,3.8,4.8,4.6,4.1,3.5,1.1,1.9,0.9,0.3,1.4,3.1,2,1.5,1.5
2020/9/17,15:55:00,G1101,5.5,6.1,4.6,5.1,5.2,5.2,4.9,9.8,6.6,3.5,4.6,1.4,NaN,2.5,2.5,4.4,4.5,NaN,2.6
2020/9/17,15:55:00,G1102,6.5,7.3,5.2,5.1,6.3,8.5,6.6,12.3,7.3,5.9,4.4,3.1,NaN,3.3,3.9,5.4,4.4,NaN,3.7
2020/9/17,15:55:00,G1103,8.2,6.5,6.7,5.1,6.8,7.2,7.5,11.3,8,6.2,6,5.1,4.7,4.7,4.8,7.1,6.3,NaN,5.8
2020/9/17,15:55:00,G1104,8.7,7.2,7.2,4.8,6.7,6.3,7.7,12.1,8.1,6.5,6.4,5.1,4.9,5.3,4.8,6.9,6.6,NaN,3.2
2020/9/17,15:55:00,G1105,7.1,8.6,6.5,6.1,7.8,6.2,8.1,9.7,9.1,7.6,7.9,5.7,NaN,4.9,5.5,8.8,6.6,NaN,6.2
2020/9/17,15:55:00,G1106,7.3,9,5.9,5.9,8.2,6.5,8.7,11.2,9.2,7.4,7.7,7.2,2.8,4.6,4.9,8.3,6.2,NaN,6.1
2020/9/17,15:55:00,G1107,7.1,10.3,9,5,6.7,7.2,9.5,9.8,12.1,8,8.9,6.6,NaN,6.8,6.4,9,6.7,NaN,5.9
2020/9/17,15:55:00,G1108,7.5,8.9,10.6,5.8,6.6,8.1,10.2,10.9,12.5,9,9.6,7.4,7.7,5.8,5.8,9.3,6.5,6.8,5.8
2020/9/17,15:55:00,G1109,6.6,9,9.9,5.6,8.2,7.4,10.4,11.4,12.8,11.6,12,9.1,7.8,7.1,7,9.4,6.7,7.2,6.2
2020/9/17,15:55:00,G1110,7.4,8.5,10,7.8,8.4,6.2,11.2,9.6,9.9,13.2,13.1,10.7,8.2,7.2,9.2,10.8,8.3,7.6,6.8
2020/9/17,15:55:00,G1111,6.4,7.9,NaN,7.9,7.1,7,10.3,10.5,10.8,13.3,13.8,11,8.2,6.7,8.5,10.4,7.4,7.4,5.9
2020/9/17,15:55:00,G1112,7.8,8.7,9.3,7.4,6.5,NaN,9.2,11,9.2,14.7,14,10.7,10.2,9.4,8.8,10.9,7.9,9.4,6.1
2020/9/17,15:55:00,G1113,6.6,8.9,8.4,6.7,4.7,NaN,8.6,10.3,9.3,14.1,14.4,11.4,8.9,9.4,9.6,9.1,8.2,6.4,6.4
2020/9/18,14:00:00,G1101,5.3,7.3,3.2,4.9,3.1,NaN,5.4,6.4,2.7,2,2.7,1,NaN,0.5,1.1,0,1.4,0.8,1.9
2020/9/18,14:00:00,G1102,6.2,9.2,3.9,5.2,2.4,7.8,6.7,7.4,3,2.8,2.7,2.2,NaN,0.1,0,0.5,1.4,0.8,2.4
2020/9/18,14:00:00,G1103,5.5,9.2,4.5,6.3,5.6,7.5,9.6,7.4,3.5,3.3,2.6,2,2,0,0,0.9,2.1,1.5,2.9
2020/9/18,14:00:00,G1104,6.4,8.7,5.4,7.4,5.5,7.8,8.8,7.1,3.1,3.7,2.8,2.6,2.3,1.2,1.4,1.8,2.3,2.1,2.5
2020/9/18,14:00:00,G1105,8.1,9.1,5.2,6.4,7.8,8.1,8.1,9.6,4.5,3.8,4.5,3.6,2.9,2,3.7,3.2,1.9,3.8,4.5
2020/9/18,14:00:00,G1106,7.9,9.4,5.9,4.3,7.1,8.7,8.7,8.6,5.6,4.9,5.2,3.9,3.1,2.5,3.9,3,2.5,4.1,5.4
2020/9/18,14:00:00,G1107,8.4,9,6.6,5.7,7,10.7,8.7,11.2,7.1,5.9,4.5,4,3.7,3.9,4.8,5,4.9,4.4,6.4
2020/9/18,14:00:00,G1108,8.6,9.2,7,4.8,6.5,10.3,8.5,10.4,8.1,6.7,4.9,5.2,4.4,4.1,5.2,4.6,4.8,4.9,6
2020/9/18,14:00:00,G1109,9.8,10.6,7.1,5.7,8.7,11.4,8.5,11.1,7.4,7.4,6,5.7,4.3,4.4,6.1,5.3,6,4.8,5.3
2020/9/18,14:00:00,G1110,13.7,9.9,7.4,8.2,9.4,10.2,10.6,13.3,7.4,7.8,5.9,6.9,5,4.7,6.5,8.5,7.3,6.9,5.1
2020/9/18,14:00:00,G1111,10.2,10.4,10.3,9.2,10.1,9.5,10.7,10.9,7.4,9,8.9,8.1,5.8,6.6,4.9,7.1,7.4,7.4,7.2
2020/9/18,14:00:00,G1112,11.3,11.1,12.9,10.2,10.3,9.7,11.7,10.6,7.2,11,8.7,8.8,6.6,6.7,5.2,7.1,7.4,7,7.3
2020/9/18,14:00:00,G1113,9.6,10.7,10,9.4,10.6,9.2,12.8,12.3,7.6,12.1,9.1,9.4,8.1,6.7,7.2,6.8,8.3,9.8,8.4
2020/9/20,12:10:00,G1101,0.3,2.7,3.2,2.2,1.7,1.3,2.2,2,3.4,5,3.7,3.5,3.5,3.2,4.7,1.8,1.1,2,1.2
2020/9/20,12:10:00,G1102,0,2.5,3.1,2.2,1.5,1.7,2.8,2.6,3.9,5.5,4.9,4.1,3.8,4.1,5,1.8,0.9,1.6,0.7
2020/9/20,12:10:00,G1103,0.4,2.1,3.2,2.1,2,1.9,2.4,2.8,4.2,5.6,5.2,4.1,3.4,3.8,4.2,1.9,0,0,0
2020/9/20,12:10:00,G1104,0.7,2.1,3.2,1.9,2,1.9,2.8,3,4.3,5.5,5.2,4.1,3.4,3.7,3.2,1.7,0.9,0.6,0
2020/9/20,12:10:00,G1105,1.3,2.4,2.9,1.8,1.8,2.3,2.9,3,4.1,5.4,4.1,3.7,3.3,3.6,2.2,2.4,1.4,1.2,0.6
2020/9/20,12:10:00,G1106,0,2.1,2.7,1.8,2.1,2.1,2.9,3.1,4.4,6.1,4.3,3.7,3.7,3.2,2.5,2.3,0.9,1.6,0.9
2020/9/20,12:10:00,G1107,0.6,1.5,2.4,1.6,1.9,2.1,3.2,2.8,4.6,5.6,3.8,3,4,3.2,2.2,2.6,1.3,2.2,1.6
2020/9/20,12:10:00,G1108,0.5,1.5,2.7,1.7,2,2.3,3.4,2.5,4.4,5.4,3.9,3,3.9,2.8,2.2,2.7,1.5,2.3,1.6
2020/9/20,12:10:00,G1109,1.5,1,2.8,1.6,1.9,2.6,3.4,2.9,4.6,4.9,3.7,2.5,3.3,2.7,1.9,2.7,2.7,2.7,2.1
2020/9/20,12:10:00,G1110,0.7,1.1,2.6,1.4,1.4,2.5,3.3,2.5,4.4,4.4,3.1,2.4,3.3,2.2,2.7,2.8,2.7,2.7,2.5
2020/9/20,12:10:00,G1111,2,0.9,2.2,1.4,1.4,2.4,3.2,2.9,4.9,3.8,2.7,1.7,3.3,2.7,2,3.3,3.1,2.7,2.8
2020/9/20,12:10:00,G1112,0.9,1.2,1.8,1.4,1.1,2.6,3.5,2.5,4.9,4.2,2.2,1.9,3.4,2.8,2.1,2.9,2.9,2.6,2.8
2020/9/20,12:10:00,G1113,0.3,0.6,1.6,1.5,0,2.7,3.4,2.6,4.6,4.1,2.2,1.8,3.7,2.5,2,3.1,3,3.2,2.9
2020/9/21,12:55:00,G1101,3,3.5,3.6,4.2,2.9,2.1,2.1,1.2,2.5,1.2,2.2,2.3,NaN,2.4,1.8,3,2.3,3.3,1.7
2020/9/21,12:55:00,G1102,3.2,3.3,3,3.5,3.2,2.9,2.6,2.8,3.4,1.6,2.4,3.2,NaN,3.2,2.1,3.4,3.5,3.6,2.4
2020/9/21,12:55:00,G1103,3.1,3.4,3.7,3.8,4,3.2,3.1,3.3,4.2,2.6,2.2,1.8,2.8,3,3.1,3.7,3.8,3.4,2.6
2020/9/21,12:55:00,G1104,4,3.7,3.5,3.6,3.5,3.5,3.2,3,4.5,3.3,2.4,1.2,NaN,2.8,3,3.8,4,2.8,2.8
2020/9/21,12:55:00,G1105,4.5,3.6,4.6,5.9,3.9,3.6,3.4,4.9,3.7,3.7,2.6,0,NaN,2.5,3.3,4.1,3.5,2.1,2.4
2020/9/21,12:55:00,G1106,5,3.3,4.4,6.1,3.5,3.7,3.5,5,3.5,3.7,2.1,0.5,NaN,2.4,3.2,4.4,3.9,1.9,2.2
2020/9/21,12:55:00,G1107,4.5,3.3,4.9,5.9,4.4,4.6,4,4.3,4.1,4.4,1.9,1.1,3.2,2.7,2.7,3.9,3.3,2.3,3
2020/9/21,12:55:00,G1108,4.6,3.5,4.9,6,4.8,4.8,4.4,4.2,4.1,4,1.8,1.9,3.6,2.9,3.2,4.1,3.3,2.3,2.5
2020/9/21,12:55:00,G1109,4.1,3.6,4.7,3.9,4.8,4.8,5.1,4.3,4.3,3.9,3.1,3.3,4.1,2.7,3.1,4,3.9,1.3,3.6
2020/9/21,12:55:00,G1110,4.1,4.2,4.5,4.7,4,4.9,4.3,4,4.3,3.4,4.2,4.5,4.3,3.3,2.9,3.2,3.2,3.3,2.2
2020/9/21,12:55:00,G1111,4,3.4,3.3,4.5,4.7,4.9,NaN,3.9,4.3,3,3.6,4,4.4,4.1,3.2,3.1,3.2,2.7,3.2
2020/9/21,12:55:00,G1112,4.1,3.7,4.2,4.8,5.6,4.5,5.8,3.6,4.8,3.1,3.7,4.1,4.4,3.8,3.2,2.4,3.1,2,2.8
2020/9/21,12:55:00,G1113,3.9,4.5,4.6,5.4,5.2,4.2,5.3,3.7,4.5,3.5,4.3,3.5,NaN,3.8,3.5,1.8,3.3,2.1,3.1
2020/9/30,16:15:00,G1101,2.2,4.8,5,4,6.5,4.3,2.4,5.5,4.5,4.1,4.9,5.6,3.5,3.3,2,0.9,NaN,0.3,3.1
2020/9/30,16:15:00,G1102,3.6,6.4,5.7,5.2,7,4.3,1.5,8.2,4.4,6.2,3.9,6.8,2.8,1.6,2.2,4.5,NaN,0.3,2
2020/9/30,16:15:00,G1103,4.3,6.8,5.6,5.4,6.6,4.8,2.2,9.6,8.7,9.9,7.3,9.1,2.9,2.6,2.1,4.5,NaN,0,1.9
2020/9/30,16:15:00,G1104,4.9,7.4,6.3,6.1,7,5.2,NaN,10.7,10.1,10.9,7.5,9.8,2.2,3.1,NaN,1.3,NaN,0.6,1.4
2020/9/30,16:15:00,G1105,4.4,7.5,8.6,6.6,6.8,5.5,2.3,8.1,9.3,12,6.7,9.3,5,3.1,1.9,0.9,NaN,1,0.5
2020/9/30,16:15:00,G1106,3.9,8.1,7,6.5,7,5.6,1,10.7,10.6,12.2,9.6,9.2,8.1,4.9,2.5,3.5,NaN,1.4,0.6
2020/9/30,16:15:00,G1107,6.1,8.2,6.8,6.4,6.7,5.2,0.3,7.5,10.8,13.4,11.6,8.9,6.1,11.2,9.3,5.3,NaN,3.4,2.4
2020/9/30,16:15:00,G1108,6,7.8,6,6.1,7.4,5.3,0.5,7.8,11.9,13.2,11.4,9.6,5.9,10.7,9,6.3,6,3.5,1.4
2020/9/30,16:15:00,G1109,5.4,7.2,6.2,5.9,7.3,5.8,1.9,8.2,10,12.2,11.8,5.1,5.8,12.4,8.3,7.7,7.6,2.5,1
2020/9/30,16:15:00,G1110,5.4,4.8,6.5,5.3,7.1,6.1,2.3,6.1,10.6,8.6,11.6,5.6,8,12.2,8.9,5.2,7.6,3.1,0.5
2020/9/30,16:15:00,G1111,5.1,4.4,5.5,6.2,NaN,6.4,3.5,9.5,8.8,8.8,11.9,6,5.6,11.8,8.6,7.9,8,4.4,1.5
2020/9/30,16:15:00,G1112,4.2,3.3,5.6,6.3,6.7,6.1,4.4,8.6,6.4,7.8,12,5.6,6.8,7.4,8.4,8.1,8.1,3.9,1.8
2020/9/30,16:15:00,G1113,4,3.5,4.8,5.3,6.7,5.4,4.3,6.9,9.3,6.7,11.8,7.1,4.9,11.4,8,7.5,7.4,5.1,2.4
